,Model_Alone_Step 1,Model_Alone_Step 2,Model_Alone_Step 3,Model_Studies_Step 1,Model_Studies_Step 2,Model_Studies_Step 3,Model_Workflow_Step 1,Model_Workflow_Step 2,Model_Workflow_Step 3,Model_Workflow_Studies_Step 1,Model_Workflow_Studies_Step 2,Model_Workflow_Studies_Step 3,Expert_Step 1,Expert_Step 2,Expert_Step 3
1,"Step 1 - Resectability assessment  
Resectable upfront: The two hepatic lesions are small (2.2 cm in segment II and 3 cm in segment V), located in peripheral segments, and there is no radiological evidence of major vascular or biliary invasion. The anticipated future liver remnant would exceed the safe threshold (>30 % in a normal liver). No extra‑hepatic disease is identified. Therefore both the colonic primary (requiring resection for obstruction) and the liver metastases are technically resectable without the need for down‑staging therapy.

","Step 2 - Oncological strategy  
• Urgent oncologic left‑sided colectomy (segmental resection or left hemicolectomy) to relieve the sub‑occlusive syndrome and obtain pathological staging.  
• Post‑operative recovery (7‑10 days) and reassessment of liver status (CT volumetry, liver function tests).  
• If the patient’s performance status and operative risk are acceptable, proceed with a simultaneous liver resection (wedge resection of segment II and anatomical segment V resection) during the same operation; this is feasible given the limited extent of disease and expected adequate FLR.  
  – If simultaneous resection is deemed unsafe (e.g., prolonged operative time, borderline FLR), schedule a staged liver surgery 2–4 weeks after the colectomy.  
• Peri‑operative systemic therapy: administer 3–4 cycles of FOLFOX (or CAPOX) either before the liver resection (if staged) or after the combined procedure, aiming for a total of 6 months of adjuvant chemotherapy.  
• Because the tumor is RAS‑wild‑type, consider adding an anti‑EGFR monoclonal antibody (cetuximab or panitumumab) to the regimen if high‑risk features are present (e.g., N2 disease, high CEA).  
• Post‑operative surveillance: CEA every 3 months, contrast‑enhanced CT of chest/abdomen every 6 months for the first 2 years, then annually.  

","Step 3 - Missing data  
No critical information is lacking to make a reliable resectability or management recommendation. Essential data (performance status, liver function, FLR volumetry, detailed nodal status of the primary) have been assumed adequate based on the provided case.","Step 1 - Resectability assessment  
Resectable upfront – The two liver metastases are limited in number (2), size (<3 cm), and location (segments II and V) such that a segmental (non‑major) hepatectomy would leave at least two contiguous hepatic segments with adequate inflow, outflow and biliary drainage. The anticipated future liver remnant exceeds the 20‑30 % functional threshold. No extra‑hepatic disease is present. The primary colon lesion is symptomatic and can be addressed surgically at the same time, making an immediate combined resection technically feasible.

","Step 2 - Oncological strategy  
1. Pre‑operative work‑up  
   • Contrast‑enhanced liver MRI (or CT with volumetry) to confirm lesion size, relationship to vascular structures and calculate FLR.  
   • Baseline labs: liver function tests, bilirubin, INR, albumin, ICG clearance if available, CEA trend.  
   • Assessment of performance status (ECOG 0‑1) and cardiopulmonary fitness for combined surgery.  

2. Surgical plan (simultaneous resection)  
   • Left‑sided colon cancer: standard oncologic left hemicolectomy with adequate lymphadenectomy and primary anastomosis (or diverting stoma if intra‑operative concern).  
   • Liver: anatomical segmental resections of segment II and segment V using intra‑operative ultrasound to confirm margins; aim for R0 (≥1 mm) resection.  
   • No need for portal vein embolization or two‑stage approach given limited hepatic resection.  

3. Post‑operative systemic therapy  
   • Start adjuvant chemotherapy within 6‑8 weeks after recovery (preferably 6 months).  
   • Preferred regimen: FOLFOX (or CAPOX) ± anti‑EGFR monoclonal antibody (cetuximab) because the tumor is RAS‑wild‑type and left‑sided, provided no contraindication.  
   • Monitor CEA and imaging (CT or MRI) every 3‑4 months for the first 2 years, then every 6 months up to 5 years.  

4. Consideration of targeted therapy/clinical trial  
   • If high‑risk features (elevated CEA, T4 primary, node‑positive) are confirmed on pathology, discuss addition of adjuvant oxaliplatin‑based regimen with or without biologic per multidisciplinary consensus.  

","Step 3 - Missing data  
• Detailed liver function assessment (bilirubin, albumin, INR, ICG clearance) and volumetric calculation of future liver remnant.  
• Performance status (ECOG) and cardiopulmonary evaluation to confirm fitness for combined surgery.  
• Pathologic staging of the primary tumor (T‑stage, nodal status) after resection, which will influence adjuvant therapy intensity.  
• Baseline renal function and neuropathy status to guide chemotherapy choice.","Step 1 – Resectability assessment  
Resectable upfront  
- The primary left‑colon tumor is symptomatic (obstruction) and therefore requires immediate resection.  
- Liver disease consists of two small (2.2 cm and 3 cm) metastases located in segments II and V, which are anatomically separable and can be removed with parenchymal‑sparing resections while preserving an adequate future liver remnant.  
- No extra‑hepatic disease is identified on the performed thoraco‑abdominal CT.  
- Although several imaging details are missing (vascular contact, arterial anatomy, FLR calculation, liver MRI), the size, number, and segmental distribution of the lesions make it highly likely that a curative resection can be achieved without pre‑operative down‑staging. Hence the case meets criteria for upfront resectability.

","Step 2 – Oncological strategy  
1. Urgent colon surgery – Perform a left‑sided colectomy (segmental resection or left hemicolectomy) to relieve the obstructive symptoms and obtain pathological staging.  
2. Intra‑operative liver assessment – After colon resection, explore the liver; obtain intra‑operative ultrasound to confirm the two lesions, their relationship to major vessels, and to reassess FLR.  
3. Parenchymal‑sparing liver resections – Conduct a limited segmentectomy or wedge resection of segment II and a segmentectomy of segment V, aiming to preserve ≥30 % FLR in a non‑cirrhotic liver.  
4. Post‑operative systemic therapy – Assuming R0 resection of both primary and liver disease, initiate adjuvant chemotherapy (e.g., FOLFOX ± anti‑EGFR monoclonal antibody given RAS‑wild‑type) within 6–8 weeks.  
5. Surveillance – Serial CEA measurements and imaging (CT or MRI) every 3–6 months for the first 2 years, then annually, to detect recurrence early.  

","Step 3 – Missing data  
- Vascular contact / invasion of the liver lesions – critical to confirm that a safe margin can be achieved without compromising major hepatic vessels.  
- Arterial anatomy and detailed hepatic vascular map – needed for planning parenchymal‑sparing resections.  
- FLR ratio assessment – ensures that the remaining liver volume will be sufficient post‑resection.  
- Liver MRI – would provide superior lesion characterization and vascular relationship, reducing intra‑operative uncertainty.  
- Status of systemic therapy to date – confirms that the patient has not already received neoadjuvant chemotherapy that might alter timing.  

These items should be clarified (ideally with a liver MRI and volumetric analysis) before the operation, but they do not preclude proceeding with an upfront resection plan as outlined.","Step 1 – Resectability assessment  
- Classification: Resectable upfront  
- Reasoning:  
  • Liver disease consists of two synchronous metastases, 2.2 cm (segment II) and 3 cm (segment V), both ≤3 cm and limited to two segments – criteria compatible with technical resectability (preservation of ≥2 contiguous segments, adequate inflow/outflow, and likely FLR > 30%).  
  • No extra‑hepatic disease is identified on thoraco‑abdominal CT.  
  • Molecular profile (RAS‑wild type, MSS) does not preclude surgery.  
  • The primary tumor is symptomatic (obstruction) and therefore requires resection; the hepatic lesions are small enough to allow a limited (segmental) hepatectomy that can be combined with the colon operation without needing portal vein embolisation or major hepatectomy.  
  • Although some imaging details (vascular contact, FLR ratio, liver MRI) are missing, the available data do not suggest any contraindication; the missing items are not decisive for declaring the disease unresectable.  

","Step 2 – Oncological strategy  
1. Urgent colon surgery – perform a left‑sided colectomy (segmental resection or left hemicolectomy) to relieve the obstructive sub‑occlusive syndrome.  
2. Simultaneous limited liver resection – in the same operative session, conduct non‑anatomical or segmental resections of segment II and segment V lesions (or a left lateral and a limited right anterior segmentectomy). This approach avoids a second laparotomy, shortens overall treatment time and is supported when liver disease is minor and the colorectal resection is not extensive.  
3. Intra‑operative assessment – use intra‑operative ultrasound to confirm lesion location, exclude additional occult metastases, and verify vascular/biliary anatomy; obtain frozen sections if needed to ensure R0 margins.  
4. Post‑operative systemic therapy – after recovery, give adjuvant chemotherapy (e.g., 6 months of FOLFOX or CAPOX) because the primary is at least stage III (obstructive lesion) and there is synchronous metastatic disease, aiming to eradicate micrometastatic disease and reduce recurrence risk.  
5. Surveillance – monitor CEA levels and perform contrast‑enhanced liver MRI or CT at 3‑month intervals for the first year, then every 6 months, to detect early recurrence.  

","Step 3 – Missing data (most crucial for final operative planning)  
- Future Liver Remnant (FLR) ratio – quantitative assessment (CT volumetry or MRI) to confirm that ≥20‑30 % functional liver will remain after resection of segments II and V.  
- Vascular and biliary involvement – precise description of any portal/hepatic vein or biliary duct contact/invasion that could affect the safety of segmental resection.  
- Liver MRI with hepatocyte‑specific contrast – to delineate lesion borders, detect additional sub‑centimetric metastases, and clarify arterial anatomy.  
- Grade of differentiation of the primary tumor – important for prognostication and may influence the intensity of adjuvant therapy.  
- Confirmation of no prior systemic therapy – to ensure that the patient has not already received neoadjuvant chemotherapy that could have altered tumor biology or liver parenchyma.  

Obtaining these pieces of information before definitive surgery will solidify the operative plan and minimise intra‑operative surprises.","Step 1 – Resectability assessment
The patient presents with two liver metastases (segments II and V, 2.2 cm and 3 cm), bilobar but peripheral, without radiologic evidence of extrahepatic disease. Both lesions appear technically amenable to limited parenchymal-sparing resections (wedge/segmentectomy) with preservation of adequate future liver remnant. According to current hepatobiliary oncologic criteria for limited number, small size, and favorable location of metastases, this pattern is considered potentially resectable.

","Step 2 – Recommended oncologic sequence
A. Priority: management of the symptomatic primary tumor
• The subocclusive presentation makes the left colonic lesion the immediate priority.
• Perform an oncologic left colectomy first (or ileostomy) with lymphadenectomy (at least 12 harvested lymph nodes) to treat the obstruction risk and allow safe continuation of the oncologic strategy.
• Alternative : consider a temporary diversion before colectomy according to exact degree of subocclusion.

B. Early systemic therapy after recovery from colectomy
• After the emergent procedure, perform high-resolution liver MRI to confirm absence of vascular/biliary involvement, evaluate arterial anatomy. Precise anatomic mapping is required to avoid intra operative surprise 
• Given the high CEA level (120 ng/mL), perform high-resolution 18FDG PET-CT
• Initiate peri-operative doublet chemotherapy (FOLFOX or FOLFIRI).
• Given the high CEA level (120 ng/mL), the situation suggests biologically active disease; short-course neoadjuvant therapy allows treatment of micrometastases and assessment of tumor biology.
• RAS wild-type status allows consideration of anti-EGFR therapy depending on MDT decision and tolerance.

C. Liver surgery after restaging (liver-first not indicated here due to symptoms)
• After 2–3 months of chemotherapy, perform high-resolution liver MRI and CT restaging.
• If stability or response is observed, proceed to parenchymal-sparing liver resections: segment II wedge/segmentectomy and segment V wedge/segmentectomy guided by intra-operative ultrasound.
• Aim for R0 margins (>1mm) while preserving maximal liver parenchyma.
• Ideally, consider minimally invasive approach (laparoscopic or robotic) for liver resection.

D. Post-hepatectomy therapy
• Pathology report : confirmation of tumor type and origin, immunohistochemistry with tumor markers, histological growth pattern, margin status (R0, R1, R2), tumor grade, differentiation, pathologic response score (TRG), necrosis/fibrosis
• Complete a total of 6 months of systemic chemotherapy (including pre-operative cycles).
• Close postoperative surveillance with CEA and imaging every 3 months given the initially high tumor marker level.

","Step 3 – Critical missing information
A. Exact degree of subocclusion and whether an temporary diversion is required before colectomy.
B. Detailed liver MRI describing vascular and biliary relationships of both metastases to confirm feasibility of parenchymal-sparing resections.
C. Grade of differentiation and MSS/ MSI mutation of the primary tumor : influences prognosis and need for intensified adjuvant therapy.
D. Exact location of the left colon tumor (descending vs sigmoid) influencing surgical planning.
E. Radiologic tumor response after systemic chemotherapy (decrease, stability or progression) and evolution of CEA
F. Patient’s nutritional status and postoperative recovery capacity, relevant for timing of chemotherapy.
G. Perform liquid biopsies to search circulating tumor DNA (ctDNA) and circulating tumor cells (CTCs) in the bloodstream"
2,"Step 1 – Resectability assessment  
Resectable upfront  
- The colon primary is localized to the ileocecal region and appears amenable to standard oncologic resection (right hemicolectomy or ileocecal resection) with clear margins.  
- The liver lesion is a solitary 2.5 cm metastasis in segment VI, a peripheral location that can be removed by a wedge resection or limited segmentectomy while preserving an adequate future liver remnant.  
- No extra‑hepatic disease is identified on FDG‑PET, and the patient’s performance status is not reported as limiting.  
- Therefore, both the primary and the hepatic metastasis can be surgically removed in a single operative session without the need for pre‑operative down‑staging.

","Step 2 – Oncological strategy  
- Pre‑operative work‑up:  
  • Verify liver function (bilirubin, INR, albumin) and calculate future liver remnant volume; ensure >30 % functional liver reserve.  
  • Complete colon cancer staging (CT chest/abdomen/pelvis, colonoscopy, pathology) to determine T‑stage and nodal status.  
  • Assess patient’s cardiopulmonary fitness (ASA, ECOG) for combined surgery.  

- Surgical plan (single‑stage approach):  
  • Perform a right hemicolectomy (or ileocecal resection) with adequate lymphadenectomy (D3) to achieve R0 resection of the primary.  
  • Concurrently perform a liver metastasectomy: anatomical segment VI resection or non‑anatomical wedge excision with negative margins (≥1 cm).  
  • Use intra‑operative ultrasound to confirm lesion location and exclude occult hepatic disease.  

- Post‑operative oncologic management:  
  • Initiate adjuvant systemic chemotherapy within 6–8 weeks (e.g., 6 months of FOLFOX ± bevacizumab; anti‑EGFR agents are contraindicated because of KRAS mutation).  
  • Monitor CEA levels and obtain surveillance imaging (CT or MRI) every 3–6 months for the first 2 years, then annually.  

- Consideration of peri‑operative chemotherapy:  
  • If high‑risk features are identified (e.g., T4 primary, N2 nodal disease, poor prognostic biomarkers), a short course of neoadjuvant FOLFOX (2–3 cycles) could be discussed, but is not mandatory given the resectable status.

","Step 3 – Missing data  
- Performance status / ASA classification.  
- Detailed liver function tests and volumetric assessment of future liver remnant.  
- Exact T and N stage of the colon primary (pathology from colonoscopy).  
- Presence of comorbidities that could affect combined operative risk.  

These data would refine peri‑operative risk assessment but are not essential to conclude that the disease is resectable upfront.","Step 1 - Resectability assessment  
Resectable upfront  
- Single 2.5 cm peripheral metastasis in segment VI can be removed with a wedge or segmental resection while preserving >2 contiguous liver segments and an adequate future liver remnant.  
- No extra‑hepatic disease identified on FDG‑PET; imaging suggests isolated liver involvement.  
- The primary tumor is located in the right colon and can be addressed with a standard right hemicolectomy.  
- No reported comorbidities or hepatic dysfunction that would preclude major abdominal surgery.  

","Step 2 - Oncological strategy  
- Simultaneous (combined) resection: perform right hemicolectomy together with a limited hepatic resection (segment VI wedge/segmentectomy) in the same operative session. This approach is supported when the liver lesion is small, peripheral, and does not require a major hepatectomy.  
- Pre‑operative work‑up: obtain high‑resolution liver MRI (or contrast‑enhanced CT) to confirm absence of additional occult lesions and to plan the hepatic transection margin (aim ≥1 mm, preferably ≥5 mm). Verify liver function tests, indocyanine‑green clearance or volumetry if any concern about FLR.  
- Post‑operative systemic therapy: start adjuvant chemotherapy within 6‑8 weeks after surgery. Recommended regimen: 6 months of FOLFOX (or CAPEOX) ± bevacizumab, given KRAS‑mutated status (anti‑EGFR agents not indicated).  
- Surveillance: CEA measurement every 3 months for the first 2 years, then every 6 months; contrast‑enhanced CT of chest/abdomen (or MRI liver) every 6 months for the first 2 years, then annually.  
- Multidisciplinary follow‑up: review pathology (T‑stage, N‑status, margin status) to decide on need for further adjuvant therapy (e.g., oxaliplatin‑based regimen if high‑risk features).  

","Step 3 - Missing data  
- Patient’s performance status (ECOG/ASA) and detailed comorbidity profile.  
- Baseline liver function tests and quantitative future liver remnant volume (if any concern).  
- Pathologic staging of the primary tumor (T and N status) and exact margin status after resection.  
- Details on any pre‑existing hepatic steatosis or fibrosis that could affect postoperative liver regeneration.  
- Information on patient’s preferences regarding simultaneous versus staged surgery.","Step 1 - Resectability assessment  
Category: Potentially resectable  

Reasoning:  
- The liver lesion is solitary (1) and small (2.5 cm) in a peripheral segment (VI), suggesting technical feasibility, but the analysis lacks data on PresenceOfVascularContactOrInvasion and ArterialAnatomy (both Missing). Confirmation of absence of major vascular involvement requires a dedicated liver MRI.  
- The status of the colorectal primary is unknown (Has the colorectal primary tumor been already resected? Missing) and there is no information on obstruction, perforation, or bleeding. These factors determine whether a simultaneous colon‑liver operation is possible or whether staged resection is needed.  
- Because these missing items are decisive for planning the operative approach, the case cannot be classified as “Resectable upfront” and does not meet criteria for “Not resectable.” Hence it is “Potentially resectable” pending the specified prerequisites.

","Step 2 - Oncological strategy  
1. Obtain the missing pre‑operative data:  
   - Perform a contrast‑enhanced liver MRI (including vascular phase) to assess vascular anatomy and confirm that the segment VI metastasis can be resected with negative margins and without compromising major inflow/outflow.  
   - Clarify the status of the primary tumor (resected vs. pending) and evaluate for obstructive or bleeding symptoms; if not yet resected, schedule a right hemicolectomy.  

2. Initiate peri‑operative systemic therapy because the disease is synchronous and KRAS‑mutated (anti‑EGFR agents not indicated):  
   - Start 6 cycles of FOLFOX (± bevacizumab) as neoadjuvant chemotherapy to assess tumor biology and potentially down‑size the liver lesion.  

3. Restage after chemotherapy with repeat CT and the MRI obtained in step 1:  
   - If the liver lesion remains resectable (no new vascular involvement, adequate FLR – which is expected for a single segment VI resection), proceed to combined surgery.  

4. Surgical plan (assuming primary tumor remains resectable and patient is fit):  
   - Simultaneous right hemicolectomy with oncologic lymphadenectomy and a wedge resection or segmentectomy of segment VI achieving R0 margins.  
   - If intra‑operative findings preclude safe liver resection (e.g., unexpected vascular involvement), convert to staged approach: colon resection first, followed by liver resection after additional systemic therapy.  

5. Post‑operative management:  
   - Complete adjuvant chemotherapy to a total of 12 cycles (including pre‑operative cycles) per standard guidelines for synchronous metastases.  
   - Serial CEA monitoring and imaging (CT or MRI) every 3–6 months for surveillance.

","Step 3 - Missing data  
- Primary tumor resection status and symptomatology (obstruction, perforation, bleeding) – essential to decide simultaneous vs. staged resection.  
- Vascular involvement of the liver lesion (PresenceOfVascularContactOrInvasion, ArterialAnatomy) – required to confirm technical resectability.  
- Liver MRI – the imaging modality needed to evaluate the above vascular details and to calculate FLR adequacy.  
- FLRRatioCompatibilitySurgery – while likely adequate for a single peripheral lesion, formal assessment is needed before surgery.  
- Grade of differentiation of the primary tumor – influences overall oncologic risk and may affect the aggressiveness of systemic therapy.  
- Prior systemic treatment – to know whether the patient has already received chemotherapy, which would alter the sequencing.","Step 1 - Resectability assessment  
Classification: Resectable upfront  

Reasoning:  
- Liver metastasis: single peripheral lesion, 2.5 cm, located in segment VI (LiverMetastasesCharacterization – NumberOfMetastases = 1; MaximumLesionDiameter = 2.5 cm; HepaticSegmentsInvolved = segment VI). No reported vascular or biliary invasion (PresenceOfVascularContactOrInvasion = Missing, but absence of any mention makes a vascular encasement unlikely). A segmental or wedge resection will leave an ample future liver remnant, so FLR adequacy is not a limiting factor.  
- No extra‑hepatic disease (All ExtrahepaticInvolvement = False).  
- Primary tumor is in the right colon, discovered incidentally and appears asymptomatic (no obstruction, perforation or bleeding reported). Such primaries are routinely resectable with a right hemicolectomy.  
- The MDT already described the case as “suitable for combined surgical treatment,” supporting the view that both lesions can be removed in a single operative session.  

Because the available data already satisfy the technical criteria for curative resection and no decisive missing information (e.g., FLR < 30 % or unresectable vascular involvement) is identified, the disease is classified as Resectable upfront.

","Step 2 - Oncological strategy  
1. Pre‑operative work‑up  
   - Obtain a liver‑specific MRI (gadoxetate‑enhanced) to confirm the solitary nature of the segment VI lesion and to assess arterial/portal anatomy (addresses Missing – ArterialAnatomy, PresenceOfVascularContactOrInvasion).  
   - Review colonoscopy and pathology to determine tumor grade and confirm resectability of the primary (addresses Missing – GradeOfDifferentiation, PrimaryTumorPostResectionCharacterization).  

2. Surgical plan (simultaneous resection)  
   - Perform a right hemicolectomy (or ileocecal resection) with adequate lymphadenectomy for the primary tumor.  
   - Perform a non‑anatomical wedge resection or segment VI segmentectomy achieving R0 margins (≥1 mm). Intra‑operative ultrasound should be used to verify lesion location and exclude occult metastases.  

3. Peri‑operative systemic therapy  
   - Given the KRAS‑mutated status, anti‑EGFR agents are contraindicated. Plan adjuvant chemotherapy with an oxaliplatin‑based doublet (FOLFOX) ± bevacizumab for 6 months after recovery from surgery, as recommended for stage III/IV disease with resected metastasis.  
   - If postoperative pathology shows high‑risk features (poor differentiation, N‑positive nodes, lymphovascular invasion), consider adding a biologic (bevacizumab) to the adjuvant regimen.  

4. Post‑operative surveillance  
   - Serial CEA measurements (baseline 35 ng/mL) every 3 months for the first 2 years, then every 6 months.  
   - Contrast‑enhanced CT of chest/abdomen at 6 months, then annually, or MRI of the liver if CEA rises.  

5. Multidisciplinary follow‑up  
   - Review pathology and postoperative recovery at a MDT meeting to confirm that no additional liver lesions were missed and to finalize adjuvant therapy decisions.

","Step 3 - Missing data  
- Grade of differentiation of the primary tumor (affects need for adjuvant chemotherapy intensity).  
- Confirmation that the primary tumor has not already been resected (determines whether a simultaneous or staged approach is required).  
- Detailed vascular involvement and arterial anatomy of the liver lesion (critical for planning safe hepatic resection).  
- Future liver remnant (FLR) ratio or volumetry (ensures hepatic safety, although unlikely to be limiting for a segment VI resection).  
- Presence of a pre‑operative systemic chemotherapy regimen (could influence timing of surgery).  
- Liver MRI results (to rule out additional occult metastases).  

These items should be obtained before finalizing the operative schedule.","Step 1 – Resectability assessment
The patient has a single 2.5 cm peripheral metastasis in segment VI, no radiologically evident extra hepatic disease, and the lesion is amenable to a non anatomic wedge resection with an expected R0 margin. According to current hepatobiliary oncologic criteria, this pattern is considered to be potentially resectable.

","Step 2 – Recommended oncologic sequence
A. Preoperative staging
• Obtain high resolution liver MRI and contrast enhanced CT to confirm absence of vascular/biliary involvement, evaluate arterial anatomy. Precise anatomic mapping is required to avoid intra operative surprise.

B. Systemic therapy
• Give 2–3 months of peri operative doublet chemotherapy (FOLFOX ± bevacizumab) because the tumor is KRAS mutated (no anti EGFR benefit).
• Re stage after chemotherapy with high resolution liver MRI (and contrast-enhanced CT).

C. Surgical management
• If restaging confirms continued resectability, perform a simultaneous right hemicolectomy (standard oncologic resection of the right colon primary) with D2 lymphadectomy (at least 12 harvested lymph nodes) + a segment VI wedge/segmentectomy aiming for ≥1 mm R0 margin.
• Use intra operative ultrasound to verify lesion location and margins. (Simultaneous resection for solitary peripheral metastases is safe and oncologically equivalent to staged procedures 
• Ideally, consider minimally invasive approach (laparoscopic or robotic) for liver resection.
• Alternative : consider two-stage surgical resection of primary and liver tumors / consider right hemicolectomy (standard oncologic resection of the right colon primary) with D2 lymphadectomy (at least 12 harvested lymph nodes) + an image-guided ablation using high-energy radio waves to generate heat via a probe (if no biliary or large vessels proximity)

D. Postoperative therapy
• Pathology report : confirmation of tumor type and origin, immunohistochemistry with tumor markers, histological growth pattern, margin status (R0, R1, R2), tumor grade, differentiation, pathologic response score (TRG), necrosis/fibrosis
• Complete a total of 6 months of systemic chemotherapy (including the pre operative cycles). 
• Monitor CEA and imaging at 3 month intervals. A level of 35 ng/mL is acceptable but warrants close surveillance

","Step 3 – Critical missing information
A. Grade of differentiation and MSS/ MSI mutation of the primary tumor : influences prognosis and need for intensified adjuvant therapy. 
B. Potential extension of primary tumor to adjacent organ (abdominal wall, ureter, small bowel)
C. Detailed vascular/biliary relationship of the liver lesion – essential to confirm that a non anatomic resection will achieve clear margins without compromising hepatic inflow/outflow.
G. Patient’s nutritional status and postoperative recovery capacity, relevant for timing of chemotherapy.
H. Liquid biopsies to search circulating tumor DNA (ctDNA) and circulating tumor cells (CTCs) in the bloodstream
These items should be obtained before finalizing the operative plan."
3,"Step 1 - Potentially resectable  
Reasoning: The solitary 1.8 cm metastasis in segment III is technically resectable, and the primary rectal tumor is amenable to curative resection. However, curative intent for the rectal cancer requires neoadjuvant radiotherapy (short‑course 5 × 5 Gy) before definitive surgery. The need for this preparatory oncologic step makes immediate surgery impossible, therefore the case fits the “Potentially resectable” category.

","Step 2 - Oncological strategy  
- Initiate short‑course radiotherapy (5 × 5 Gy) to the rectum.  
- Restage 4–6 weeks after radiotherapy with pelvic MRI and repeat CEA; confirm absence of new metastatic lesions.  
- Proceed to combined surgery within 2–3 weeks after radiotherapy:  
   • Low anterior resection with total mesorectal excision (TME) for the upper rectal tumor.  
   • Anatomical segment III wedge resection or non‑anatomical metastasectomy ensuring negative margins (R0) and preservation of adequate future liver remnant.  
- Post‑operative recovery and pathology review.  
- Adjuvant systemic chemotherapy (6 months) – preferred regimen FOLFOX or CAPOX; given RAS‑wild‑type status, consider adding anti‑EGFR (cetuximab) if high‑risk features are present (e.g., N2, lymphovascular invasion).  
- Surveillance: CEA every 3 months for 2 years, cross‑sectional imaging (CT chest/abdomen/pelvis) every 6 months, colonoscopy at 1 year.

","Step 3 - Missing data  
- Baseline liver function tests and indocyanine‑green clearance or volumetric CT to confirm sufficient future liver remnant.  
- Patient’s performance status (ECOG/Karnofsky) and cardiopulmonary reserve to tolerate combined abdominal surgery.  
- Detailed comorbidity profile (cardiac, pulmonary, renal) and anesthesia risk assessment.  
- Presence or absence of additional extra‑hepatic disease (e.g., lung nodules) on full staging CT/PET‑CT.  
- Exact distance of the rectal tumor from the mesorectal fascia on MRI (to confirm that short‑course RT will achieve clear margins).","Step 1 – Resectability assessment  
Potentially resectable – the solitary 1.8 cm metastasis in segment III is technically resectable with a limited segmentectomy and would leave an adequate future liver remnant. However, curative treatment of the upper rectal primary requires pre‑operative short‑course radiotherapy (and, per standard practice, a restaging scan to confirm that the liver lesion remains resectable after radiotherapy). Until that radiotherapy and confirmatory imaging are completed, definitive surgery cannot be performed.  

","Step 2 – Oncological strategy  
1. Short‑course pre‑operative radiotherapy for the rectal primary (5 × 5 Gy over 1 week).  
2. Restaging 4–6 weeks after RT with pelvic MRI and liver MRI (or contrast‑enhanced CT) to verify:  
   - No progression of the liver metastasis,  
   - No new extra‑hepatic disease (especially lung or peritoneal).  
3. Multidisciplinary decision on peri‑operative systemic therapy:  
   - Because the primary is T3N1 and the patient is RAS‑wild‑type, a short course (2–3 cycles) of oxaliplatin‑based doublet (FOLFOX) after radiotherapy can be offered to assess tumor biology and treat micrometastatic disease.  
   - If imaging after chemotherapy still shows a solitary, stable lesion, proceed to surgery.  
4. Surgical phase – simultaneous resection (performed 2–3 weeks after the last chemotherapy cycle, provided the patient’s performance status remains adequate):  
   - Laparoscopic low anterior resection (LAR) of the upper rectal tumor with total mesorectal excision; creation of a defunctioning loop ileostomy is optional based on intra‑operative assessment.  
   - Laparoscopic or open segment III segmentectomy (or wedge resection) achieving R0 margins; intra‑operative ultrasound to confirm no additional occult lesions.  
   - Preserve at least two contiguous liver segments and ensure FLR > 30 % (automatically satisfied after removal of segment III).  
5. Post‑operative management:  
   - Pathology‑driven adjuvant chemotherapy to complete a total of 6 months systemic therapy (including any pre‑operative cycles).  
   - If the primary pathology shows high‑risk features (e.g., positive margins, extramural vascular invasion), consider intensifying adjuvant therapy (e.g., addition of biologic agent).  
   - Ileostomy reversal after 8–10 weeks, provided anastomotic healing is confirmed.  

","Step 3 – Missing data  
The case lacks several pieces of information that are essential for a definitive plan:  
- Comprehensive staging of the chest (CT) to exclude pulmonary metastases.  
- Quantitative liver volumetry (FLR calculation) to confirm that removal of segment III leaves an adequate remnant.  
- Baseline performance status (ECOG/ASA) and cardiopulmonary reserve to gauge tolerance of combined surgery.  
- Details of any comorbidities (e.g., cardiovascular disease, diabetes) that could influence timing or choice of simultaneous versus staged resection.  
- Results of baseline pelvic MRI regarding circumferential resection margin (CRM) and distance from mesorectal fascia, which may affect the need for a more extensive rectal resection or influence the decision to place a protective stoma.  

These data should be obtained before finalizing the treatment schedule.","Step 1 – Resectability assessment  
Potentially resectable – The MDT notes a single 1.8 cm metastasis in segment III that is technically resectable, but critical pre‑operative information is missing: thoraco‑abdominal CT (or PET‑CT) to exclude occult extra‑hepatic disease, liver MRI to define vascular and biliary anatomy, and an assessment of future liver remnant (FLR) ratio. Until these studies are obtained and reviewed, definitive upfront surgery cannot be safely planned.

","Step 2 – Oncological strategy  
- Obtain complete staging: contrast‑enhanced CT of chest, abdomen and pelvis plus liver MRI with hepatobiliary contrast; if any extra‑hepatic lesions are identified, manage accordingly.  
- Proceed with short‑course radiotherapy for the upper rectal tumor (5 × 5 Gy).  
- Initiate neoadjuvant systemic chemotherapy (e.g., 3 months FOLFOX or CAPOX) given synchronous disease and to treat micrometastatic burden while awaiting radiotherapy response.  
- Restage after chemotherapy with repeat CT/MRI; calculate FLR ratio and confirm absence of new lesions or vascular invasion of the segment III metastasis.  
- If restaging confirms resectability and adequate FLR, plan a combined curative approach:  
   • Option A – Simultaneous resection: low anterior resection (or appropriate sphincter‑preserving procedure) plus a non‑anatomical wedge resection or segmentectomy of segment III, performed either laparoscopically or via open approach depending on intra‑operative findings.  
   • Option B – Staged resection (if FLR borderline or patient factors dictate): first liver metastasectomy (segment III resection) followed by delayed rectal surgery after recovery, or vice‑versa based on multidisciplinary consensus.  
- Post‑operative adjuvant chemotherapy to complete a total of 6 months systemic therapy, given T3N1 disease and RAS‑wild type status.  
- Follow‑up with serial CEA and imaging per standard surveillance protocols.

","Step 3 – Missing data  
- Thoraco‑CT (or PET‑CT) to rule out pulmonary or other extra‑hepatic metastases.  
- Abdomen CT and liver MRI to define hepatic vascular/biliary anatomy and confirm lack of vascular contact or invasion.  
- FLR ratio assessment to ensure safe hepatic resection.  
- Information on whether the primary rectal tumor has already been resected.  
- Histologic grade of differentiation of the primary tumor.  
These items are essential to move from “potentially resectable” to a definitive surgical plan.","Step 1 – Resectability assessment  
Potentially resectable – the liver lesion appears technically resectable (single 1.8 cm metastasis in segment III), but definitive surgical planning requires (a) complete thoraco‑abdominal cross‑sectional imaging to exclude occult extra‑hepatic disease and to define the exact relationship of the metastasis to hepatic vessels/biliary structures, and (b) calculation of the future liver remnant (FLR) volume. Both items are listed as “Missing” in the structured analysis and are decisive for confirming that a curative‑intent hepatectomy can be performed safely.

","Step 2 – Oncological strategy  
1. Initiate short‑course radiotherapy (5 × 5 Gy) for the upper‑rectal T3N1 primary, as already discussed in the MDT.  
2. During the 2‑3 week interval after radiotherapy, obtain the missing staging studies:  
   – Contrast‑enhanced thoraco‑abdominal CT (or PET‑CT) to rule out pulmonary, peritoneal, nodal or bony metastases.  
   – Multiphasic liver MRI with liver‑specific contrast to (i) confirm solitary segment III lesion, (ii) assess vascular or biliary involvement, and (iii) calculate FLR volume.  
3. Re‑review the imaging at a multidisciplinary meeting. If no extra‑hepatic disease is identified, the lesion is away from major vessels, and FLR ≥ 30 % (or ≥ 40 % in a steatotic liver), proceed to curative surgery.  
4. Surgical plan – simultaneous (combined) resection because the liver operation is limited (segment III wedge or anatomical segmentectomy) and the colorectal resection is a low‑anterior resection (TME) with a protective diverting ileostomy:  
   – Laparoscopic or open low‑anterior resection with total mesorectal excision, respecting the 8‑12 week interval after radiotherapy.  
   – Laparoscopic segment III resection (anatomical or non‑anatomical) with intra‑operative ultrasound to confirm margins and preserve at least two contiguous liver segments.  
5. Post‑operative care – pathology review of the primary (grade, margin, CRM) and liver metastasis. If R0 resection is achieved, give adjuvant systemic chemotherapy (e.g., 6 months of FOLFOX). RAS wild‑type status permits addition of anti‑EGFR therapy in the adjuvant setting if high‑risk features are present.  
6. Surveillance – CEA every 3 months for the first 2 years, then every 6 months; contrast‑enhanced CT of chest/abdomen (or MRI liver) at 6‑month intervals, and rectal MRI if indicated.

","Step 3 – Missing data  
The most critical missing information for finalizing the plan are:  
- Thoraco‑abdominal CT (or PET‑CT) to exclude extra‑hepatic metastases.  
- Liver MRI with contrast to define vascular/biliary anatomy and to calculate the FLR ratio.  
- Confirmation that the primary tumor has not already been resected (currently “Missing”).  
- Histologic grade of differentiation of the rectal primary (relevant for postoperative risk stratification).  
These items must be obtained before a definitive surgical decision can be made.","Step 1 – Resectability assessment
The patient presents with a single 1.8 cm liver metastasis located in segment III. The lesion seems technically amenable to a parenchymal-sparing resection with preservation of an adequate future liver remnant. According to current hepatobiliary oncologic criteria for solitary, small metastases, this pattern is considered potentially resectable.

","Step 2 – Recommended oncologic sequence
A. Preoperative staging
• Obtain high resolution liver MRI and contrast enhanced CT to confirm absence of vascular/biliary involvement, evaluate arterial liver anatomy. 

B. Systemic therapy
• Give 2–3 months of peri operative doublet chemotherapy (FOLFOX ± bevacizumab or cetuximab)
• RAS wild-type status allows consideration of anti-EGFR therapy depending on MDT strategy.
• Re stage after chemotherapy with high resolution liver and rectum MRI (and contrast-enhanced CT) to assess tumor biology and optimize oncologic control for both

C. Management of the rectal primary (oncologic priority)
• Given the T3N1 upper rectal tumor with limited parietal invasion, long-course radiotherapy is appropriate to optimize local control and allow coordinated surgical planning.

D. Coordinated surgical strategy
• Initiate doublet chemotherapy (FOLFOX or CAPOX) during the waiting period following radiotherapy. This period treats potential micrometastatic disease and tests tumor biology.
• Consider image-guided ablation of the single segment III lesion using high-energy radio waves to generate heat via a probe (if no biliary or large vessels proximity)
• After restaging with high-resolution liver MRI and pelvic imaging,
-	If complete morphological rectal tumor response : resection / ablation of the segment III metastasis with follow up of primary tumor
-	If near complete morphological rectal tumor response : resection / ablation of the segment III metastasis followed with strict follow up of primary tumor
-	If incomplete morphological rectal tumor response : liver-first resection or ablation of the single segment III metastasis, then rectal resection after appropriate recovery, using a staged or synchronous strategy : oncologic resection of the upper rectum (low anterior resection with TME principles).
– Parenchymal-sparing segment III wedge/segmentectomy aiming for ≥1 mm R0 margin.
• Use intra operative ultrasound to verify lesion location and margins.
Simultaneous resection for solitary peripheral metastases is safe and oncologically equivalent to staged procedures
• Ideally, consider minimally invasive approach (laparoscopic or robotic) for liver resection.

D. Postoperative therapy
• Pathology report : confirmation of tumor type and origin, immunohistochemistry with tumor markers, histological growth pattern, margin status (R0, R1, R2), tumor grade, differentiation, pathologic response score (TRG), necrosis/fibrosis
• Complete a total of 6 months of systemic chemotherapy including pre-operative cycles.
• Close surveillance with CEA and imaging at 3-month intervals.

","Step 3 – Critical missing information
A. Exact distance of the rectal tumor from the anal verge, influencing the type of rectal resection and anastomotic risk.
B. Presence of potential extra-hepatic involvement on 18FDG PET-CT . Chest CT.
C. Grade of differentiation and MSS/ MSI mutation of the primary tumor : influences prognosis and need for intensified adjuvant therapy
D. Detailed relationship of the liver lesion to segment III vascular structures on liver MRI.
H. Liquid biopsies to search circulating tumor DNA (ctDNA) and circulating tumor cells (CTCs) in the bloodstream"
4,"Step 1 - Resectability assessment  
Resectable upfront  
- The primary transverse colon tumor is amenable to standard oncologic colectomy.  
- Three liver metastases are ≤3 cm, located in segments IV, V and VI, with only partial contact (no invasion) of the right portal branch, allowing an anatomic or non‑anatomic resection with negative margins.  
- No extra‑hepatic disease is reported; liver volume and functional reserve are not described as limiting.  
- Therefore, from a purely technical standpoint, both the primary and hepatic disease can be removed immediately without prerequisite interventions.

","Step 2 - Oncological strategy  
- Neoadjuvant systemic therapy (3 months): FOLFOX (or CAPOX) combined with bevacizumab, given KRAS‑mutated status (anti‑EGFR agents ineffective) and markedly elevated CEA, to treat micrometastatic disease and assess tumor biology.  
- Restaging after chemotherapy: repeat contrast‑enhanced CT/MRI of chest, abdomen, pelvis and measurement of CEA. If disease remains stable or regresses and no new lesions appear, proceed to surgery.  
- Surgical plan:  
  • Simultaneous resection if the patient’s performance status (e.g., ECOG 0‑1) and cardiopulmonary reserve permit; otherwise staged approach (colon first, then liver 4–6 weeks later).  
  • Colon: oncologic transverse colectomy with adequate lymphadenectomy.  
  • Liver: limited anatomical segmentectomy or wedge resections of segments IV, V, VI, preserving the right portal branch; aim for ≥1 cm margin.  
  • Intra‑operative ultrasound to confirm lesion location and assess margins.  
- Post‑operative adjuvant therapy: complete a total of 6 months of peri‑operative chemotherapy (i.e., additional 3 months post‑op if neoadjuvant given). Continue bevacizumab only if wound healing is satisfactory (delay ≥6 weeks after surgery).  
- Surveillance: CEA every 3 months for the first 2 years, imaging (CT chest/abdomen) every 6 months, then annually.

","Step 3 - Missing data  
- Current performance status / ECOG score and comorbidities (cardiovascular, pulmonary, renal).  
- Baseline liver function tests and calculation of future liver remnant volume.  
- Detailed imaging of the thorax to exclude pulmonary metastases.  
- Exact distance of the liver lesions from major vascular structures (right hepatic artery, middle hepatic vein).  
- Nutritional status and frailty assessment given age 72.  
- Patient’s preferences regarding simultaneous versus staged surgery.","Step 1 - Resectability assessment  
Resectable upfront  
- Three hepatic metastases (2‑3 cm) in segments IV, V and VI with only partial contact to the right portal branch and no vascular invasion → technically amenable to non‑anatomic or limited anatomical resection while preserving ≥30 % future liver remnant.  
- No extra‑hepatic disease reported; KRAS mutation and high CEA are adverse prognostic markers but do not preclude curative surgery.  
- MDT already judged the lesions “primarily resectable” and a “simple liver surgery possible,” supporting immediate surgical feasibility provided the patient’s physiological reserve is adequate.  

","Step 2 - Oncological strategy  
1. Pre‑operative work‑up  
   - Full performance status (ECOG/ASA), cardiopulmonary assessment, liver function tests, and volumetric CT/MRI to confirm FLR ≥ 30 % (or ≥ 40 % if prior chemotherapy).  
   - Staging of the primary tumour (T‑stage, nodal status) and chest imaging (CT or PET‑CT) to exclude occult pulmonary metastases.  
2. Surgical plan (if fitness confirmed)  
   - Simultaneous resection is preferred in fit patients:  
     • Segmental colectomy for the transverse colon cancer with oncologic margins (≥ 1 mm circumferential).  
     • Liver‑first approach: non‑anatomic wedge resections or limited segmentectomy of segments IV, V and VI achieving R0 margins; intra‑operative ultrasound to verify margins and exclude additional lesions.  
   - Preserve at least two contiguous liver segments with intact inflow/outflow and biliary drainage.  
   - If intra‑operative assessment reveals inadequate FLR, consider portal vein embolisation (PVE) or a staged two‑step hepatectomy.  
3. Adjuvant systemic therapy  
   - Post‑operative 6 months of oxaliplatin‑based doublet (FOLFOX) ± anti‑VEGF (bevacizumab) given KRAS‑mutated, synchronous disease and high pre‑operative CEA.  
   - Monitor CEA every 3 months; imaging (contrast‑enhanced CT or MRI) at 6‑month intervals for the first 2 years, then annually.  
4. Alternative sequencing (if patient not fit for combined operation)  
   - Stage the procedures: either (a) liver resection first (to secure curative intent for metastases) followed by delayed colectomy, or (b) primary tumour resection first if obstruction/bleeding risk, with neoadjuvant chemotherapy bridging to liver surgery.  

","Step 3 - Missing data  
- Patient’s ECOG/ASA performance status and detailed comorbidity profile (cardiac, pulmonary, renal).  
- Baseline liver function (bilirubin, INR, albumin) and quantitative FLR calculation.  
- Exact T‑stage and N‑stage of the transverse colon tumour.  
- Results of chest CT or PET‑CT to definitively rule out pulmonary metastases.  
- MSI/MMR status (relevant for immunotherapy considerations).  
- Planned peri‑operative chemotherapy regimen and timing (if any) before surgery.","Step 1 – Resectability assessment  
Potentially resectable  
Reasoning: The liver lesions are limited (3 lesions, 2–3 cm, no definite vascular invasion) and the MDT already judged them “primarily resectable.” However, decisive information is missing that directly impacts surgical feasibility: (a) a thoraco‑abdominal CT to exclude pulmonary or other extra‑hepatic disease, (b) quantitative future liver remnant (FLR) assessment to confirm that a safe hepatic resection can be performed, and (c) confirmation that the primary transverse colon tumor has either been resected or can be safely addressed surgically. Until these data are obtained, definitive upfront resection cannot be planned, making the case “potentially resectable.”

","Step 2 – Oncological strategy  
- Complete staging: obtain a contrast‑enhanced thoraco‑abdominal CT (or PET‑CT) to rule out pulmonary, bone, or other distant metastases; perform liver volumetry (CT or MRI) to calculate FLR ratio; review arterial and biliary anatomy on imaging.  
- If staging confirms absence of extra‑hepatic disease and an adequate FLR (≥20 % in a normal liver, ≥30 % if steatosis/fibrosis suspected), proceed with systemic therapy first because the disease is synchronous, CEA is markedly elevated, and KRAS mutation precludes anti‑EGFR agents. Recommended regimen: 6 cycles of FOLFOX (or CAPOX) combined with bevacizumab, monitoring tumor markers and imaging response.  
- Re‑evaluate after chemotherapy: repeat liver MRI and FLR calculation. If lesions remain resectable and FLR is sufficient, plan definitive surgery. Options:  
   • Simultaneous resection – colectomy (segmental transverse colon resection with adequate lymphadenectomy) combined with a limited anatomical liver resection (segment IVb/V or non‑anatomic wedge resections of segments V and VI) if operative time and patient fitness allow.  
   • Staged approach – first resect the primary colon tumor (laparoscopic or open) followed by hepatic resection 4–6 weeks later, especially if the colon lesion is symptomatic or if simultaneous surgery would be prolonged.  
- Post‑operative management: resume/adapt systemic chemotherapy for a total of 6 months (including pre‑operative cycles) and consider adjuvant bevacizumab continuation per current guidelines. Continue regular CEA monitoring and imaging surveillance.  

","Step 3 – Missing data  
- Thoraco‑CT (or PET‑CT) results to exclude pulmonary or other extra‑hepatic metastases.  
- Quantitative FLR ratio/volumetry to confirm that the planned hepatic resection will leave sufficient functional liver.  
- Status of the primary transverse colon tumor (resected vs. pending) and any obstructive/bleeding symptoms that would dictate priority of colon surgery.  
- Detailed arterial and biliary anatomy of the right portal branch region to ensure safe liver transection.  

These missing items are the most critical to move from “potentially resectable” to a definitive surgical plan.","Step 1 - Potentially resectable  
- The three liver lesions (2‑3 cm) are limited to segments IV, V and VI with only partial contact to the right portal branch and no radiologic invasion → technically amenable to non‑anatomic or segmental resection.  
- MDT already judged the metastases “primarily resectable” and a simple liver operation is described as feasible.  
- However, two decisive pieces of information are missing:  
   • Future liver remnant (FLR) volume/ratio to confirm that ≥30 % (or ≥40 % after chemotherapy) of functional liver will remain.  
   • Thoracic imaging (CT or PET‑CT) to exclude pulmonary metastases, which would alter the curative intent.  
- Because these missing data directly impact the safety and oncologic validity of an upfront hepatectomy, the case must be classified as Potentially resectable pending completion of the above assessments (or any other prerequisite such as pre‑operative chemotherapy that may be required to test tumor biology).

","Step 2 - Oncological strategy  
1. Complete staging  
   - Obtain a contrast‑enhanced thoracic CT (or PET‑CT) to rule out lung disease.  
   - Perform volumetric CT or MRI to calculate FLR and assess arterial/portal anatomy.  
   - Confirm absence of biliary involvement, portal thrombosis, or other hepatic adverse features (currently listed as Missing).  

2. Systemic therapy (neoadjuvant)  
   - Given synchronous disease, high CEA (410 ng/mL) and KRAS mutation, start a standard oxaliplatin‑based doublet (FOLFOX) combined with bevacizumab for 3–4 cycles.  
   - Goal: (a) assess tumor biology (“proof of time”), (b) potentially downsize lesions, and (c) allow early detection of rapid progression that would preclude surgery.  

3. Re‑assessment after chemotherapy  
   - Repeat liver MRI with hepatocyte‑specific contrast and repeat FLR calculation.  
   - Verify that all three lesions remain resectable with negative margins and that FLR meets safety thresholds.  
   - Confirm no new extra‑hepatic disease on thoracic imaging.  

4. Surgical sequence  
   - If the primary colon tumor is asymptomatic (no obstruction, perforation, or bleeding reported), adopt a liver‑first approach:  
        a. Perform segmental/partial hepatectomy of segments IV, V, VI (non‑anatomic or limited anatomical resection) preserving ≥30 % FLR.  
        b. Ensure R0 margins; intra‑operative ultrasound to verify no additional lesions.  
   - After hepatic recovery (≈2–3 weeks) or in the same operative setting if the patient’s physiologic reserve permits and FLR is adequate, proceed to definitive resection of the transverse colon primary (right hemicolectomy or extended transverse colectomy) with standard oncologic lymphadenectomy.  

5. Post‑operative management  
   - Resume/adapt systemic therapy (e.g., total of 6 months peri‑operative chemotherapy) based on pathological response and postoperative recovery.  
   - Monitor CEA serially; aim for normalization as a surrogate of disease control.  
   - Schedule surveillance imaging (CT chest/abdomen) every 6 months for the first 2 years, then annually.  

","Step 3 - Missing data most crucial for the recommendation  
- Future liver remnant (FLR) ratio – required to confirm that a safe hepatic resection is possible.  
- Thoracic CT (or PET‑CT) results – needed to exclude pulmonary metastases that would change the intent from curative to palliative.  
- Primary tumor status and symptomatology – determines whether a simultaneous or staged (liver‑first) approach is appropriate.  
- Arterial and portal venous anatomy of the liver – essential for planning the extent of resection and preventing vascular complications.  
- Presence of biliary involvement or portal thrombosis – would modify the technical feasibility of resection.  ","Step 1 – Resectability assessment
The patient presents with three liver metastases located in segments IV, V, and VI (2–3 cm), confined to the right liver and central segments. MRI shows only partial contact with the right portal branch and no evidence of vascular invasion. These lesions appear technically amenable to parenchymal-sparing resections or anatomicalm resection while preserving adequate future liver remnant. According to current hepatobiliary oncologic criteria for limited number and size of metastases with preserved vascular structures, this pattern is considered potentially resectable.

","Step 2 – Recommended oncologic sequence
A. Preoperative systemic therapy (strongly recommended)
• The very high CEA level (410 ng/mL) and KRAS mutation suggest biologically aggressive disease.
• Given the high CEA level (410 ng/mL), perform chest CT scan and high-resolution 18FDG PET-CT to assess extra-hepatic disease
• Administer 2–3 months of peri-operative doublet or triplet chemotherapy (FOLFOX or FOLFIRI ± bevacizumab) to assess tumor biology and optimize oncologic control according to patient tolerance.
• This allows treatment of potential micrometastatic disease and assessment of tumor biology before surgery.

B. Restaging before surgery
• Perform high-resolution liver MRI and contrast-enhanced CT after chemotherapy to reassess the relationship of the lesions to the right portal branch and confirm maintained resectability.
• Evaluate future liver remnant (FLR) if right hepatectomy of considered.

C. Surgical management (parenchymal-sparing strategy)
• If stability or response is observed, perform combined parenchymal-sparing resections guided by intra-operative ultrasound:
– Segment IV wedge/segmentectomy.
– Segment V and VI wedge resections.
• The goal is R0 resection while preserving maximal functional liver parenchyma and avoiding major hepatectomy.
• Use intra operative ultrasound to verify lesion location and margins. 
• Ideally, consider minimally invasive approach (laparoscopic or robotic) for liver resection.

D. Management of the primary tumor
• Transverse colectomy of extended right colectomy with adequate oncologic margins and oncological lymphadenectomy with primary anastomosis.
• Ideally, consider minimally invasive approach (laparoscopic or robotic) for primary cancer resection.
• Otherwise, a staged approach with colectomy first is acceptable.

E. Postoperative therapy
• Pathology report : confirmation of tumor type and origin, immunohistochemistry with tumor markers, histological growth pattern, margin status (R0, R1, R2), tumor grade, differentiation, pathologic response score (TRG), necrosis/fibrosis
• Complete a total of 6 months of systemic chemotherapy including pre-operative cycles.
• Close surveillance with CEA and imaging every 3 months given the high CEA level (410 ng/mL).

","Step 3 – Critical missing information
A. Presence of potential extra-hepatic involvement on 18FDG PET-CT and chest CT scan.
B. Detailed vascular mapping on MRI to confirm absence of true portal invasion.
C. Future liver remnant (FLR) calculation in case of right hepatectomy.F. Circumferential resection margin (CRM) status on pelvic MRI, essential for rectal surgical planning. 
D. Grade of differentiation and MSS/ MSI mutation of the primary tumor : influences prognosis and need for intensified adjuvant therapy
H. Liquid biopsies to search circulating tumor DNA (ctDNA) and circulating tumor cells (CTCs) in the bloodstream"
5,"Step 1 - Resectable upfront  
- The patient has a solitary primary (T3N1) and four peripheral liver metastases, each ≤3 cm, located in segments II, III, V and VIII.  
- No major vascular invasion, no extra‑hepatic disease, and the number and size of lesions fall within criteria for curative liver resection (≤5 lesions, each ≤5 cm).  
- Assuming adequate hepatic functional reserve and acceptable performance status, both the colorectal primary and the hepatic lesions can be removed in a single operative session.  
- Therefore the disease is classified as Resectable upfront.

","Step 2 - Oncological strategy  
- Pre‑operative evaluation:  
  • Obtain liver volumetry (CT‑based) to confirm that the future liver remnant will be ≥30 % of total liver volume (or ≥40 % if underlying liver disease).  
  • Assess cardiopulmonary fitness (e.g., ECOG ≤1, ASA I‑II).  
  • Baseline labs: liver function tests, bilirubin, albumin, coagulation profile.  

- Surgical plan:  
  • Perform a simultaneous oncologic sigmoid colectomy (segmental resection with adequate lymphadenectomy) and parenchymal‑sparing liver resection (anatomic segmentectomy or wedge resection) of the four lesions, aiming for R0 margins (>1 cm when feasible).  
  • Use intra‑operative ultrasound to confirm lesion location and guide resection.  
  • Preserve as much functional parenchyma as possible; consider portal vein embolization only if future liver remnant is insufficient.  

- Post‑operative systemic therapy:  
  • Initiate adjuvant FOLFOX (or CAPOX) for 6 months, given the high-risk features (node‑positive primary, CEA 200 ng/mL).  
  • Because the tumor is RAS wild‑type, add anti‑EGFR monoclonal antibody (cetuximab or panitumumab) to the adjuvant regimen if tolerated, per multidisciplinary consensus.  

- Surveillance:  
  • CEA every 3 months for the first 2 years, then every 6 months up to 5 years.  
  • Contrast‑enhanced CT or MRI of chest, abdomen and pelvis at 6‑month intervals for the first 2 years, then annually.  

","Step 3 - Missing data  
- Quantitative assessment of future liver remnant volume and functional reserve (ICG clearance or liver stiffness).  
- Patient’s performance status, comorbidities, and cardiopulmonary risk assessment.  
- Detailed liver function tests (bilirubin, albumin, INR) to confirm suitability for major hepatic resection.  
- Preference regarding peri‑operative versus postoperative chemotherapy (patient’s willingness, prior exposure).","Step 1 – Resectability assessment  
Resectable upfront  
The four liver metastases are peripheral (segments II, III, V, VIII), each ≤ 3 cm, with no vascular invasion or extra‑hepatic disease. Technical criteria for colorectal liver metastasis resection (preservation of ≥ 2 contiguous segments, adequate inflow/outflow/biliary drainage and an FLR ≥ 30 % in a normal liver) can be satisfied with either multiple non‑anatomic wedge resections or limited segmentectomies. Current literature confirms that ≤ 4 peripheral lesions are routinely resectable without pre‑operative down‑staging, so surgery can be offered immediately.

","Step 2 – Oncological strategy  
1. Pre‑operative confirmation  
   • Contrast‑enhanced liver MRI with hepatobiliary contrast (or CT‑MRI fusion) to verify that no additional lesions are present and to perform volumetric analysis of the future liver remnant.  
   • Standard pre‑operative work‑up: cardiopulmonary assessment, liver function tests, ECOG status, nutritional assessment.  

2. Surgical plan (simultaneous resection)  
   • Primary tumor – Laparoscopic or open sigmoid colectomy with oncologic lymphadenectomy (aim for R0, T3N1).  
   • Liver metastases – Perform parenchymal‑sparing resections:  
     – Segment II/III wedge or segmentectomy (left lateral) for the two left‑lobe lesions.  
     – Segment V and VIII wedge resections (or limited segmentectomies) for the right‑lobe lesions.  
   • Aim for negative microscopic margins (≥ 1 mm) while preserving at least two contiguous segments and an FLR ≥ 30 % (expected > 55 % given the peripheral nature of the lesions).  
   • Intra‑operative ultrasound to confirm lesion count and location; use Pringle maneuver only if needed, with limited ischemia time.  

3. Post‑operative systemic therapy  
   • Given RAS‑wild‑type disease, N1 nodal status and four metastases, administer adjuvant FOLFOX (6 cycles) combined with cetuximab (or panitumumab) to target micrometastatic disease.  
   • If postoperative pathology shows favorable response and no high‑risk features, consider completing 12 cycles total (pre‑operative 0, post‑operative 6–12).  

4. Surveillance  
   • CEA every 3 months for the first 2 years, then every 6 months.  
   • Contrast‑enhanced CT or MRI of chest/abdomen every 6 months for 3 years, then annually.  

5. Alternative pathway (if intra‑operative FLR < 30 % or unexpected vascular involvement)  
   • Consider portal vein embolization (PVE) followed by staged hepatectomy, or a two‑stage liver resection with interval systemic therapy.  

","Step 3 – Missing data  
The case lacks several pieces of information that are essential for a fully individualized plan:  
- Baseline liver function (bilirubin, INR, albumin, indocyanine‑green clearance).  
- Volumetric measurement of the future liver remnant.  
- Performance status / ASA classification and comorbidities (cardiovascular, pulmonary, diabetes).  
- Details on whether the primary tumor is symptomatic (obstruction, bleeding) that might influence timing of colectomy.  
- Results of pre‑operative chest imaging to definitively exclude pulmonary metastases.  

These data should be obtained before finalizing the operative schedule.","Step 1 – Resectability assessment  
Category: Potentially resectable  

Reasoning: The liver lesions are peripheral, small (max 2.9 cm), and have no vascular contact, which makes a parenchymal‑sparing hepatic resection technically feasible. However, the structured analysis lacks two decisive pieces of information that are required before a definitive “Resectable upfront” decision can be made:  

- FLRRatioCompatibilitySurgery is missing; volumetric assessment is needed to confirm that the future liver remnant will be ≥30 % (or ≥40 % in a steatotic liver).  
- The status of the primary sigmoid tumor (whether it has already been resected, and whether there are obstructive, perforation or bleeding symptoms) is missing; this determines whether a simultaneous colon‑liver operation is appropriate or whether staged surgery is required.  

Because these missing items directly impact surgical feasibility, the case is classified as “Potentially resectable” pending completion of the prerequisite assessments.  

","Step 2 – Oncological strategy  

1. Complete staging  
   - Perform a thoraco‑abdominal CT (or PET‑CT) to definitively exclude pulmonary metastases (ThoracoCTScanPerformed is missing).  
   - Obtain a liver MRI with hepatobiliary contrast to better delineate lesion anatomy, biliary involvement, and arterial anatomy (ArterialAnatomy, PresenceOfBiliaryStructuresInvolved are missing).  
   - Consider brain MRI if clinically indicated (ExtrahepaticBrainInvolvement is missing).  

2. Functional liver assessment  
   - Conduct CT‑based volumetry (or MRI volumetry) to calculate the future liver remnant (FLR) ratio; ensure FLR ≥30 % (≥40 % if steatosis).  

3. Systemic therapy  
   - Initiate neoadjuvant chemotherapy (e.g., 3 months of FOLFOX ± bevacizumab) because the primary tumor has not yet been resected and to assess tumor biology. RAS wild‑type status permits addition of anti‑EGFR therapy if needed.  

4. Restaging after chemotherapy  
   - Repeat liver MRI and thoraco‑abdominal CT to evaluate response of hepatic lesions and to confirm absence of new extra‑hepatic disease.  

5. Surgical planning  
   - If the primary tumor is asymptomatic and FLR is adequate, plan a simultaneous sigmoid colectomy (segmental resection with adequate lymphadenectomy) and parenchymal‑sparing liver resections (segmental or wedge resections of segments II, III, V, VIII).  
   - If the primary tumor is symptomatic (obstruction, bleeding, perforation) or if FLR is borderline, consider a staged approach: first address the colon (or perform a diverting colostomy), then proceed to liver resection after recovery and confirmation of sufficient FLR.  

6. Post‑operative management  
   - Continue adjuvant systemic therapy to complete a total of 6 months (or longer per multidisciplinary decision).  
   - Monitor CEA levels and imaging surveillance every 3–6 months.  

","Step 3 – Missing data most crucial for the recommendation  

- FLRRatioCompatibilitySurgery (future liver remnant volumetry).  
- Has the colorectal primary tumor been already resected? and related symptomatology (obstruction, perforation, bleeding).  
- ThoracoCTScanPerformed (to rule out pulmonary metastases).  
- Liver MRI (detailed lesion characterization, arterial and biliary anatomy).  
- Systemic treatment history (whether any chemotherapy has already been given).  
- Brain imaging (to exclude occult cerebral metastases).  

These items must be obtained before finalizing the operative plan.","Step 1 - Potentially resectable  
- The structured analysis shows 4 peripheral liver metastases (segments II, III, V, VIII) with no vascular invasion (PresenceOfVascularContactOrInvasion: False) and no extra‑hepatic disease on chest imaging (ExtrahepaticPulmonaryInvolvement: False, Peritoneal/LymphNode/Bone: False).  
- MDT comment states “primarily resectable lesions, no vascular or extra‑hepatic involvement,” supporting technical resectability.  
- However, key information required to confirm surgical feasibility is missing:  
  • Future liver remnant volume (FLRRatioCompatibilitySurgery: Missing) – essential to ensure ≥20‑30 % functional liver after resection.  
  • Thoraco‑CT (ThoracoCTScanPerformed: Missing) – needed to definitively exclude pulmonary metastases.  
  • Liver MRI (Has liver MRI been performed?: Missing) – provides accurate lesion mapping and vascular anatomy.  
- Because the FLR assessment (and thoracic imaging) is a decisive prerequisite, the case cannot be classified as “Resectable upfront.” Therefore it is Potentially resectable pending completion of these evaluations (or corrective actions such as portal vein embolisation if FLR proves insufficient).

","Step 2 - Oncological strategy  
1. Complete staging  
   - Obtain thoracic CT (or PET‑CT) to rule out occult lung metastases.  
   - Perform liver MRI with hepatobiliary contrast to delineate all lesions, confirm absence of biliary or vascular involvement, and allow precise volumetric FLR calculation.  
2. Assess resectability after imaging  
   - If calculated FLR ≥ 30 % (or ≥ 20 % in a non‑chemo‑injured liver), proceed to surgery.  
   - If FLR < 30 %, plan portal vein embolisation (PVE) or a two‑stage hepatectomy to hypertrophy the future remnant.  
3. Neoadjuvant systemic therapy (given high CEA = 200 ng/mL and synchronous disease)  
   - Initiate 2–3 months of oxaliplatin‑based doublet (FOLFOX) ± anti‑EGFR antibody (cetuximab) because tumor is RAS‑wild‑type.  
   - Re‑image after chemotherapy to evaluate response and disease biology; lack of progression confirms suitability for curative intent.  
4. Surgical sequencing (once FLR is adequate and disease is controlled)  
   - Simultaneous resection is preferred because the primary is in the sigmoid (left‑sided) and there are no obstructive symptoms reported. Perform sigmoid colectomy (primary‑first) followed by parenchymal‑sparing liver resections (segmental/wedge resections of segments II, III, V, VIII) aiming for R0 margins.  
   - If intra‑operative assessment reveals inadequate FLR despite pre‑op planning, convert to a liver‑first approach: resect liver lesions first, then address the primary after recovery.  
5. Post‑operative management  
   - Pathology review of margins and nodal status.  
   - Adjuvant chemotherapy (completion of 6 months total systemic therapy, including pre‑operative cycles) to address micrometastatic disease.  
   - Serial CEA monitoring and imaging surveillance every 3–6 months for the first 2 years.  

","Step 3 - Missing data  
- Future liver remnant (FLR) volume – decisive for determining whether the planned parenchymal‑sparing resection leaves sufficient functional liver.  
- Thoraco‑CT (or PET‑CT) results – required to confirm the absence of pulmonary metastases, which would alter the curative intent.  
- Liver MRI with vascular mapping – essential for precise surgical planning, especially to verify the “Missing” arterial anatomy and to detect any subtle biliary involvement.  
- Status of primary tumor resection – needed to decide between simultaneous versus staged (primary‑first or liver‑first) approach.  
- Systemic therapy already administered – influences timing of surgery and assessment of tumor biology.  
These missing items are the most critical to finalize the resectability assessment and to safely implement the proposed treatment plan.","Step 1 – Resectability assessment
The patient presents with four peripheral liver metastases (segments II, III, V, and VIII), all smaller than 3 cm, without vascular involvement or extrahepatic disease. The distribution is bilobar but the lesions are technically amenable to multiple parenchymal-sparing resections while preserving an adequate future liver remnant. According to current hepatobiliary oncologic criteria for limited number, small size, and peripheral location of metastases, this pattern is considered potentially resectable.

","Step 2 – Recommended oncologic sequence
A. Preoperative systemic therapy (recommended)
• The elevated CEA level (200 ng/mL) and multiplicity of lesions suggest biologically active disease.
• Given the high CEA level (200 ng/mL), perform chest CT scan and high-resolution 18FDG PET-CT to assess extra-hepatic disease
• Administer 2–3 months of peri-operative doublet or triplet chemotherapy (FOLFOX or FOLFIRI).
• RAS wild-type status allows consideration of anti-EGFR therapy according to MDT decision.
• This period treats micrometastatic disease and evaluates tumor biology.

B. Restaging before surgery
• Perform high-resolution liver MRI and contrast-enhanced CT after chemotherapy to confirm maintained resectability and reassess lesion relationships.

C. Surgical management (parenchymal-sparing strategy)
• If stability or response is observed, perform multiple wedge/segmental resections guided by intra-operative ultrasound:
– Segments II–III resections (left lateral section wedges).
– Segment V wedge resection.
– Segment VIII wedge resection.
• The goal is R0 resection while preserving maximal functional liver parenchyma and avoiding major hepatectomy.
• Use intra operative ultrasound to verify lesion location and margins. 
• Ideally, consider minimally invasive approach (laparoscopic or robotic) for liver resection.

D. Management of the primary tumor
• If the sigmoid tumor has not yet been resected, a simultaneous sigmoid colectomy with adequate oncologic margins and oncological lymphadenectomy with primary anastomosis can be considered, provided the patient’s condition allows combined surgery.
• Otherwise, a staged approach with colectomy first is acceptable.
• Ideally, consider minimally invasive approach (laparoscopic or robotic) for primary cancer resection.

E. Postoperative therapy
• Pathology report : confirmation of tumor type and origin, immunohistochemistry with tumor markers, histological growth pattern, margin status (R0, R1, R2), tumor grade, differentiation, pathologic response score (TRG), necrosis/fibrosis
• Complete a total of 6 months of systemic chemotherapy including pre-operative cycles.
• Close surveillance with CEA and imaging at 3-month intervals.

","Step 3 – Critical missing information
A. Presence of potential extra-hepatic involvement on 18FDG PET-CT and chest CT scan.
B. Detailed liver MRI describing vascular and biliary relationships of each lesion.
C. Grade of differentiation and MSS/ MSI mutation of the primary tumor : influences prognosis and need for intensified adjuvant therapy.
F. Liquid biopsies to search circulating tumor DNA (ctDNA) and circulating tumor cells (CTCs) in the bloodstream"
6,"Step 1 - Resectable upfront  
- Both the right‑sided T4N2 primary tumor and the two liver metastases (segments II and IVa, 3 cm and 4 cm) are technically resectable.  
- Imaging shows the middle hepatic vein is preserved, indicating that a left‑sided liver resection can be performed with an adequate future liver remnant (right liver).  
- No extra‑hepatic disease beyond the primary colon lesion is reported.  
- Therefore the patient meets criteria for immediate surgical intervention without a mandatory pre‑operative systemic therapy requirement, classifying her as “Resectable upfront”.

","Step 2 - Oncological strategy  
- Stage 1: Control of the primary tumor  
  • Perform an oncologic right hemicolectomy (en‑bloc resection of the T4 lesion with adequate lymphadenectomy).  
  • Aim for R0 resection; intra‑operative assessment for adjacent organ involvement should be done, with resection of any invaded structures if feasible.  

- Stage 2: Systemic therapy  
  • Initiate peri‑operative chemotherapy after recovery from colon surgery (e.g., 3–4 cycles of FOLFOX ± bevacizumab, given KRAS mutation precludes anti‑EGFR agents).  
  • Re‑stage with repeat liver MRI/CT after chemotherapy to confirm stability or response of hepatic lesions and to reassess FLR.  

- Stage 3: Hepatic resection  
  • If FLR is ≥30 % of total liver volume in a non‑cirrhotic liver, proceed with left hepatectomy (segments II, III, IV) preserving the middle hepatic vein.  
  • If FLR is borderline, consider portal vein embolization of the right portal branches before hepatic surgery to hypertrophy the left lobe.  
  • Aim for R0 resection with ≥1 cm margin when possible; intra‑operative ultrasound to guide lesion localization and margin assessment.  

- Stage 4: Adjuvant/continuation therapy  
  • Complete a total of 6 months of systemic chemotherapy (including the pre‑operative cycles).  
  • Consider postoperative bevacizumab continuation if tolerated.  

- Follow‑up  
  • Serial CEA monitoring and imaging (CT or MRI) every 3–6 months for the first 2 years, then annually.  

","Step 3 - Missing data  
- Patient’s performance status (ECOG/ASA) and comorbidities that could affect surgical risk.  
- Baseline liver function tests and presence/absence of underlying liver disease (steatosis, fibrosis).  
- Quantitative future liver remnant volume calculation.  
- Detailed description of any adjacent organ involvement by the T4 primary (e.g., duodenum, pancreas, retroperitoneum).  
- Presence or absence of symptomatic obstruction, bleeding, or perforation from the primary tumor.  
- Exact number of positive lymph nodes and total nodes examined.  
- Patient’s preferences regarding timing and sequencing of treatments.","Step 1 – Resectability assessment  
Resectable upfront  

The two hepatic lesions (3 cm in segment II and 4 cm in segment IVa) can be removed with negative margins while preserving the middle hepatic vein and leaving more than the required 30 % future liver remnant. No extra‑hepatic disease has been reported. From a technical standpoint the case meets all current criteria for an R0 liver resection (adequate inflow/outflow, biliary drainage and FLR). Therefore the metastases are resectable without the need for pre‑operative down‑staging.  

","Step 2 – Oncological strategy  

1. Baseline assessment – Obtain full pre‑operative work‑up:  
   • ECOG/ASA performance status, cardiopulmonary evaluation, liver function tests, and volumetric CT‑based FLR calculation.  
   • Chest CT or PET‑CT to confirm absence of pulmonary or other extra‑hepatic disease.  

2. Systemic therapy (peri‑operative) – Because the primary tumour is T4 N2 (high‑risk) and KRAS‑mutated, give 6 cycles of a fluoropyrimidine‑oxaliplatin doublet (FOLFOX) combined with bevacizumab (anti‑VEGF).  
   • Goal: treat micrometastatic disease, assess tumour biology, and potentially improve disease‑free survival (EORTC 40983 data).  
   • Re‑image the liver (contrast‑enhanced MRI) after chemotherapy to confirm that the lesions have not progressed and that the FLR remains adequate.  

3. Surgical sequencing – Two acceptable approaches, choose based on patient fitness and primary‑tumour symptoms:  

   a. Simultaneous resection (if fit and no obstruction)  
   • Right hemicolectomy with en‑bloc mesocolic excision (aim for R0).  
   • Left lateral segmentectomy (segments II‑III) plus non‑anatomic wedge of segment IVa, preserving the middle hepatic vein.  
   • Benefits: single operative episode, earlier control of both sites, reduced total hospital stay.  

   b. Staged (liver‑first) strategy – preferred when the primary tumour is asymptomatic but the liver disease is considered the limiting factor.  
   • First operation: liver resection as described above (segment II‑III + segment IVa wedge).  
   • Recovery (≈4–6 weeks), then right hemicolectomy.  
   • Rationale: avoids potential delay of liver resection while the patient recovers from bowel surgery; aligns with literature that liver‑first can prevent loss of resectability during postoperative recovery.  

4. Post‑operative adjuvant therapy – Complete a total of 12 cycles of systemic chemotherapy (including the pre‑operative 6 cycles). If the patient received bevacizumab pre‑operatively, resume it post‑operatively after wound healing (≥6 weeks).  

5. Surveillance – CEA every 3 months, contrast‑enhanced CT or MRI of the liver and chest CT every 6 months for the first 2 years, then annually.  

","Step 3 – Missing data  

A reliable final plan requires the following essential information that has not been provided:  

- Patient’s performance status (ECOG/ASA) and comorbidities (cardiovascular, pulmonary, renal).  
- Baseline liver function (bilirubin, INR, albumin) and quantitative FLR volume.  
- Chest imaging to exclude pulmonary or other extra‑hepatic metastases.  
- Symptoms or obstruction related to the right‑sided primary tumour (e.g., bleeding, perforation).  
- Details of any prior neoadjuvant therapy already given to the primary tumour.  

These data are needed to confirm fitness for major combined surgery and to finalize the sequencing (simultaneous vs staged).","Step 1 - Resectability assessment  
Classification: Potentially resectable  

Reasoning: The MDT reports that the liver metastases are technically resectable and the primary tumor is the priority, but decisive information for definitive surgical planning is missing. Specifically, the Future Liver Remnant (FLR) ratio compatibility with surgery is not provided, and there is no data on vascular or biliary involvement of the hepatic lesions. Without an adequate FLR assessment, a safe hepatic resection cannot be confirmed. Therefore, resection is possible only after these missing pieces are clarified or after prerequisite interventions (e.g., portal vein embolization) are performed.

","Step 2 - Oncological strategy  
- Initial evaluation of the primary colon tumor  
  • Confirm absence of obstruction, perforation, or active bleeding (items “PresenceOfSymptomsForObstruction/Perforation/Bleeding” are missing).  
  • If the primary is asymptomatic and resectable, schedule an upfront right hemicolectomy (T4N2 disease) with adequate oncologic margins.  

- Post‑colonic surgery recovery and systemic therapy  
  • Begin peri‑operative systemic chemotherapy (e.g., FOLFOX ± bevacizumab, noting KRAS mutation excludes anti‑EGFR agents).  
  • Administer 3–4 cycles pre‑liver resection (neoadjuvant) to treat micrometastatic disease and allow radiologic response assessment.  

- Liver assessment and preparation  
  • Perform volumetric CT or MRI to calculate FLR ratio; if FLR < 30 % (or < 40 % in a cirrhotic liver), plan portal vein embolization (PVE) to induce hypertrophy.  
  • Re‑evaluate hepatic vascular anatomy (arterial and portal branches) and any biliary involvement; these were marked “Missing” and are required to define the extent of resection (segmental vs left hepatectomy).  

- Liver resection  
  • If FLR is adequate after PVE (or already sufficient) and no vascular/biliary invasion is identified, proceed with curative‑intent liver resection: anatomic resection of segment II and IVa (potentially left lateral sectionectomy extended to segment IVa) preserving the middle hepatic vein as noted.  
  • Consider simultaneous colon and liver resection only if intra‑operative assessment confirms sufficient FLR and the patient’s physiological reserve permits a combined procedure.  

- Adjuvant therapy  
  • After liver surgery, complete the planned chemotherapy course (total 6–8 cycles) and consider postoperative surveillance with CEA and imaging.  

","Step 3 - Missing data  
- FLRRatioCompatibilitySurgery (future liver remnant volume) – essential to confirm hepatic safety.  
- PresenceOfVascularContactOrInvasion and ArterialAnatomy – needed to define resection margins and plan vascular control.  
- PresenceOfBiliaryStructuresInvolved – influences extent of liver resection and need for biliary reconstruction.  
- Timing of liver metastases (synchronous vs metachronous) – impacts sequencing of systemic therapy and surgery.  
- GradeOfDifferentiation of the primary tumor – informs prognosis and aggressiveness of systemic treatment.  
- PresenceOfSymptomsForObstruction/Perforation/Bleeding – determines urgency of primary tumor resection.  
- Prior systemic treatment status – clarifies whether neoadjuvant chemotherapy has already been given.  

These items must be obtained before finalizing the operative plan.","Step 1 – Resectability assessment  
Potentially resectable  
Reasoning: The MDT reports the liver lesions as “technically resectable,” but critical information required to confirm surgical feasibility is missing. Specifically, the future liver remnant (FLR) volume/ratio has not been reported, and there is no data on vascular contact/invasion that could affect the extent of hepatic resection. Moreover, it is unclear whether the primary colon tumour has already been resected or is causing obstruction, perforation or bleeding. Because these missing items are decisive for planning a safe curative operation, the case must be classified as potentially resectable pending completion of the missing assessments.

","Step 2 – Oncological strategy (step‑by‑step)  
• Initial work‑up  
   – Obtain volumetric CT or MRI to calculate FLR; aim for FLR ≥ 20 % (≥30 % if chemotherapy‑associated liver injury is suspected).  
   – Review the CT/MRI for any hepatic‑vascular contact (middle hepatic vein, portal branches) and confirm that a margin‑negative (R0) resection is achievable.  
   – Clarify primary‑tumour status: perform colonoscopy if not already done, document any obstructive, perforative or bleeding symptoms, and stage the tumour (CT chest/abdomen/pelvis already done).  

• Systemic therapy (first line)  
   – Because the tumour is KRAS‑mutated, anti‑EGFR agents are ineffective; initiate a doublet (FOLFOX or FOLFIRI) plus bevacizumab (anti‑VEGF) for 4–6 cycles.  
   – Use this interval to assess tumour biology (response of liver lesions, CEA trend) and to allow recovery of the primary colon segment if symptomatic.  

• Restaging after chemotherapy  
   – Repeat liver MRI with hepatocyte‑specific contrast and repeat CT of chest/abdomen.  
   – Re‑measure lesion size, verify that no new hepatic or extra‑hepatic disease has appeared, and re‑calculate FLR.  

• Surgical sequencing (based on restaging)  
   – If the primary tumour is asymptomatic and FLR is adequate, proceed with a simultaneous right hemicolectomy + parenchymal‑sparing liver resection (left lateral sectionectomy ±  wedge of segment IVa) in a single operation.  
   – If the primary tumour is symptomatic (obstruction, bleeding) or FLR is borderline, adopt a staged “primary‑first” approach:  
        1. Right hemicolectomy (open or laparoscopic) with primary anastomosis.  
        2. 4–6 weeks recovery, then repeat imaging; if FLR remains adequate, perform liver resection (segment II/III resection plus segment IVa wedge) possibly after a short interval of additional chemotherapy.  
   – If FLR is insufficient, consider portal vein embolisation (PVE) to induce hypertrophy, followed by delayed liver resection.  

• Post‑operative adjuvant therapy  
   – After completion of both resections, resume systemic chemotherapy (same regimen) for a total of 6 months of peri‑operative therapy, aiming for disease‑free survival.  

","Step 3 – Missing data most crucial for the recommendation  
- Future liver remnant (FLR) volume/ratio – needed to confirm that a curative hepatic resection can be performed safely.  
- Presence/extent of vascular contact or invasion (especially of the middle hepatic vein and portal branches) – determines whether a parenchymal‑sparing resection is feasible.  
- Primary tumour symptomatology (obstruction, perforation, bleeding) and whether it has already been resected – dictates whether a primary‑first or simultaneous approach is appropriate.  
- Grade of differentiation of the primary tumour – influences aggressiveness and may affect the decision to give more intensive neoadjuvant chemotherapy.  
- Timing of liver metastases (synchronous vs. metachronous) – helps refine biological risk assessment and the urgency of liver‑first versus primary‑first sequencing.","Step 1 – Resectability assessment
The patient presents with two liver metastases located in segments II and IVa (3 and 4 cm), without evidence of extrahepatic disease. MRI confirms preservation of the middle hepatic vein and no major vascular invasion. Both lesions are technically amenable to parenchymal-sparing resections (in case of effective tumor shrinkage with neoadjuvant therapy) or left hepatectomy with preservation of the middle hepatic vein. According to current hepatobiliary oncologic criteria for limited number and favorable anatomical location of metastases, this pattern is considered potentially resectable.

","Step 2 – Recommended oncologic sequence
A. Priority: control of the primary tumor
• The elevated CEA level (95 ng/mL) and right-sided T4N2 colon cancer represents locally advanced disease and is the immediate oncologic priority.
• Given the high CEA level (95 ng/mL), perform high-resolution 18FDG PET-CT to assess extra-hepatic disease
• Assess potential extension of primary tumor to adjacent organ (abdominal wall, ureter, small bowel, duodenum)
• 3 options
-	Perform an oncologic right hemicolectomy with adequate oncologic margins and oncological lymphadenectomy with primary anastomosis, first to control the primary tumor and prevent local complications.
-	Perform an derivation ileostomy first to control the primary tumor and prevent local complications during chemotherapy.
-	Initiate peri-operative doublet chemotherapy (FOLFOX or FOLFIRI ± bevacizumab).

B. Early systemic therapy after recovery
• Initiate peri-operative doublet chemotherapy (FOLFOX or FOLFIRI ± bevacizumab).
• KRAS mutation excludes anti-EGFR therapy.
• This period allows treatment of micrometastatic disease and assessment of tumor biology.

C. Liver surgery after restaging
• After 2–3 months of chemotherapy, perform high-resolution liver MRI and enhanced CT-scan restaging.
• If tumor response is observed on primary cancer : proceed to oncologic right hemicolectomy with adequate oncologic margins and oncological lymphadenectomy with primary anastomosis
• If tumor response is observed on liver metastases, proceed to parenchymal-sparing resections guided by intra-operative ultrasound:
– Segment II wedge/segmentectomy.
– Segment IVa wedge/segmentectomy.
• If stability or progression is observed, proceed to anatomic left hepatectomy preserving the middle hepatic vein guided by intra-operative ultrasound:
• The goal is R0 resection while preserving maximal functional liver parenchyma and avoiding major hepatectomy.
• Use intra operative ultrasound to verify lesion location and margins. 
• Ideally, consider minimally invasive approach (laparoscopic or robotic) for liver resection.

D. Postoperative therapy
• Pathology report : confirmation of tumor type and origin, immunohistochemistry with tumor markers, histological growth pattern, margin status (R0, R1, R2), tumor grade, differentiation, pathologic response score (TRG), necrosis/fibrosis
• Complete a total of 6 months of systemic chemotherapy including pre-operative cycles.
• Close surveillance with CEA and imaging at 3-month intervals.

","Step 3 – Critical missing information
A. Confirmation whether the primary tumor extends to adjacent organ (abdominal wall, ureter, small bowel, duodenum)
B. Future liver remnant (FLR) calculation in case of left hepatectomy.
D. Grade of differentiation and MSS/ MSI mutation of the primary tumor : influences prognosis and need for intensified adjuvant therapy.
F. Liquid biopsies to search circulating tumor DNA (ctDNA) and circulating tumor cells (CTCs) in the bloodstream"
7,"Step 1 - Resectable upfront  
The three liver metastases are small (1‑2 cm), limited in number, and confined to segments VI‑VIII, allowing an anatomic or non‑anatomic resection with an adequate future liver remnant (>30 %). No extra‑hepatic disease is identified on PET, and the primary rectal tumor is T3N0 without evidence of distant spread. Therefore, from a hepatobiliary standpoint the hepatic disease meets criteria for immediate surgical removal; no prerequisite down‑staging therapy or missing anatomic information precludes resection.

","Step 2 - Oncological strategy  
- Initiate short‑course pelvic radiotherapy (5 × 5 Gy) for the upper rectal cancer as planned by the MDT.  
- Begin peri‑operative systemic chemotherapy (e.g., 6 cycles of FOLFOX or CAPOX). RAS‑wild type status permits the addition of anti‑EGFR therapy (cetuximab) if a more intensive regimen is desired, but standard peri‑operative doublet chemotherapy is sufficient given the limited hepatic burden.  
- Restage with contrast‑enhanced liver MRI (or CT) after completion of radiotherapy and chemotherapy to confirm that the lesions remain resectable and to assess future liver remnant volume.  
- Proceed to surgery:  
   • Option A – Simultaneous resection: total mesorectal excision (low anterior resection) combined with right posterior sectionectomy or limited segmentectomy of VI‑VIII, performed by a multidisciplinary liver‑colorectal team. This approach is feasible in a young, fit patient with limited hepatic disease.  
   • Option B – Staged approach (if intra‑operative assessment suggests high risk): first perform liver resection, allow recovery, then address the rectal primary after 4–6 weeks.  
- Complete adjuvant chemotherapy to a total of 12 cycles (or 6 months) post‑operatively, adjusting based on pathology and postoperative recovery.  
- Follow‑up schedule: CEA every 3 months for the first 2 years, cross‑sectional imaging (CT or MRI) at 6‑month intervals, and colonoscopic surveillance per standard guidelines.

","Step 3 - Missing data  
- Baseline liver function tests (bilirubin, AST/ALT, INR, albumin) and quantitative future liver remnant assessment.  
- Performance status (ECOG/Karnofsky) and comorbidities that could affect surgical risk.  
- Detailed pelvic MRI findings: distance of tumor from anal verge, mesorectal fascia involvement, and circumferential resection margin risk.  
- Exact number of lymph nodes examined and any microscopic nodal involvement from prior staging biopsies.  
- Patient’s preference regarding simultaneous versus staged surgery.  
- Any prior chemotherapy exposure or contraindications to planned systemic agents.","Step 1 – Resectability assessment  
Potentially resectable – the hepatic disease meets technical criteria for R0 resection (three lesions ≤2 cm, confined to the right liver, allowing segmental or wedge resections with an adequate future liver remnant). However, definitive curative surgery cannot be performed immediately because the rectal primary requires short‑course pelvic radiotherapy (and possibly a brief interval) before a safe oncologic resection. Completion of the radiotherapy (and its associated waiting period) is a prerequisite to proceeding with either a simultaneous or staged liver‑plus‑rectal operation.

","Step 2 – Oncological strategy  
• Short‑course pelvic radiotherapy (5 × 5 Gy) for the upper‑rectal T3N0 tumor.  
• During the 1‑2 week interval after radiotherapy, obtain high‑resolution liver MRI with volumetry to confirm FLR (>30 % of total liver volume) and to rule out occult lesions.  
• Systemic chemotherapy (FOLFOX ± anti‑EGFR antibody, given RAS‑wild type) can be administered either:  
   – Neoadjuvantly (2–3 cycles) during the radiotherapy‑to‑surgery interval to assess tumor biology and further downsize any microscopic disease, or  
   – Postoperatively as adjuvant therapy after both resections, depending on patient tolerance and multidisciplinary consensus.  
• Surgical sequence (chosen after radiotherapy and imaging review):  
   1. Liver‑first option – perform a limited right‑posterior hepatectomy (segmental/wedge resections of segments VI‑VIII) preserving a robust left‑lobe FLR; intra‑operative ultrasound to confirm complete clearance.  
   2. Four to six weeks later, undertake low‑anterior resection (or anterior resection) of the rectal primary with a protective loop ileostomy, given the recent radiotherapy.  
   – If the operative risk is deemed low and the patient is fit, a simultaneous approach (combined liver resection and low‑anterior resection) can be considered after radiotherapy, provided the anticipated liver remnant remains ≥30 % and operative time is acceptable.  
• Pathology review for margin status (aim R0) and postoperative liver function monitoring.  
• Adjuvant systemic chemotherapy (total 6 months of peri‑operative FOLFOX ± cetuximab) to address micrometastatic disease.  
• Surveillance: CEA every 3 months, contrast‑enhanced CT or MRI of the liver and pelvis every 6 months for the first 2 years, then annually.

","Step 3 – Missing data  
• Detailed liver volumetry (future liver remnant percentage).  
• High‑resolution liver MRI to exclude sub‑centimeter lesions not seen on CT.  
• Performance status (ECOG/ASA) and comorbidities affecting surgical risk.  
• Baseline liver function tests (bilirubin, INR, albumin, platelets).  
• Exact distance of the rectal tumor from the anal verge and sphincter involvement to confirm feasibility of low‑anterior resection versus more extensive pelvic surgery.  
• Patient’s preference regarding timing of surgeries and willingness to receive peri‑operative chemotherapy.","Step 1 – Resectability assessment  
Potentially resectable: the liver lesions are small (1‑2 cm) and appear anatomically resectable, but definitive surgical planning requires (a) confirmation that the future liver remnant will be sufficient (FLR ratio missing) and (b) verification that there is no vascular or biliary invasion (vascular contact missing). In addition, the primary rectal tumor has not yet been resected and short‑course pelvic radiotherapy is planned first. These missing pieces constitute specific prerequisites before a definitive resection can be performed.

","Step 2 – Oncological strategy  
- 1. Deliver short‑course pelvic radiotherapy (5 × 5 Gy) to the upper rectal T3N0 primary.  
- 2. Initiate peri‑operative systemic chemotherapy (e.g., 6 cycles of FOLFOX ± anti‑EGFR antibody given RAS‑wild type) to treat micrometastatic disease and provide a safety window for restaging.  
- 3. Perform restaging imaging after chemotherapy:  
   • Multiphasic liver MRI with hepatobiliary contrast to delineate lesion borders, vascular/biliary relationships, and to calculate FLR volume.  
   • Thoraco‑CT (or chest CT) to confirm absence of pulmonary disease (currently missing).  
   • Brain imaging if clinically indicated (brain metastasis status missing).  
- 4. If FLR ≥ 20 % (or ≥ 30 % in steatotic liver) and no major vascular invasion is identified, plan a curative‑intent resection:  
   • Option A – Simultaneous resection: low anterior resection of the rectal primary together with right posterior sectionectomy (or individual segmental resections of VI, VII, VIII) in a single operation, provided operative time and patient fitness allow.  
   • Option B – Staged approach: first liver metastasectomy (right posterior sectionectomy) followed by rectal resection after recovery, or vice‑versa, depending on intra‑operative findings and multidisciplinary consensus.  
- 5. Post‑operative adjuvant chemotherapy (completion of 12 total cycles) to reduce recurrence risk, with surveillance CEA and imaging per guidelines.

","Step 3 – Missing data  
- Future liver remnant (FLR) ratio and volumetric assessment.  
- Detailed vascular and biliary anatomy of the right liver lesions (presence of vascular contact/invasion).  
- Confirmation of whether the primary rectal tumor has already been resected.  
- Grade of differentiation of the primary tumor.  
- Status of systemic chemotherapy already administered (if any).  
- Results of thoraco‑CT and brain imaging to definitively exclude extra‑hepatic disease.  
These items are essential to move from “potentially resectable” to a definitive surgical plan.","Step 1 – Resectability assessment  
Potentially resectable  
Reasoning: The three liver metastases are small (1‑2 cm) and confined to segments VI‑VIII, which can be removed with a right‑posterior anatomical resection while preserving a left‑liver remnant that is usually >30 % of total liver volume. However, the structured analysis lacks a quantified future liver remnant (FLR) ratio and detailed hepatic vascular anatomy (arterial/portal/venous relationships). These pieces of information are decisive for confirming that an R0 resection can be performed safely. Therefore the case is classified as “Potentially resectable” pending FLR assessment (or portal vein embolisation if needed) and confirmation of vascular anatomy.

","Step 2 – Oncological strategy  
• Short‑course pelvic radiotherapy (5 × 5 Gy) for the upper‑rectal T3 N0 primary (as already planned by MDT).  
• Within 1–2 weeks after radiotherapy, obtain restaging imaging:  
   – Multiphasic liver MRI (or contrast‑enhanced CT with volumetry) to define lesion borders, vascular/biliary relationships, and to calculate FLR.  
   – Thoraco‑CT (or chest MRI) to reconfirm absence of pulmonary disease (missing in the analysis).  
   – Pelvic MRI to reassess rectal tumour response and mesorectal fascia status.  
• If FLR ≥ 30 % (or ≥ 0.25 in a healthy liver) and vascular anatomy is favorable, proceed with a liver‑first approach:  
   – Right‑posterior sectionectomy (segments VI‑VIII) with intra‑operative ultrasound to ensure negative margins (R0) and preservation of inflow/outflow for the remaining liver.  
   – No need for portal vein embolisation given the limited resection volume, but embolisation remains an option if FLR is borderline.  
• Allow 4–6 weeks for hepatic recovery; then perform total mesorectal excision (low anterior resection) with TME, using the interval to complete any remaining radiotherapy (if consolidation TNT is chosen) or to start peri‑operative chemotherapy.  
• Post‑operative (adjuvant) systemic therapy: 6 months of FOLFOX (or CAPOX) plus anti‑EGFR monoclonal antibody (cetuximab) given RAS‑wild‑type status, to treat micrometastatic disease and reduce recurrence risk.  
• Follow‑up: CEA monitoring, 3‑month imaging (CT or MRI) for the first year, then 6‑monthly surveillance.

","Step 3 – Missing data (most crucial for the recommendation)  
• Future liver remnant (FLR) ratio or volumetric measurement – essential to confirm that the planned right‑posterior resection leaves sufficient functional liver.  
• Detailed hepatic arterial, portal and hepatic vein anatomy (presence of vascular contact or invasion) – required to plan safe transection and to anticipate need for vascular reconstruction or PVE.  
• Liver MRI (or high‑quality contrast‑enhanced CT) – to characterize lesions, detect occult disease, and provide accurate volumetry.  
• Thoraco‑CT (or chest MRI) – to definitively exclude pulmonary metastases that were only “Missing” in the analysis.  
• Status of primary tumour resection (has it already been removed?) and tumour grade – relevant for timing of colorectal surgery and for prognostic assessment, though less directly decisive for hepatic resectability.","Step 1 – Resectability assessment
The patient presents with three small liver metastases (1–2 cm) located in segments VI, VII, and VIII, without evidence of extrahepatic disease. Although confined to the right liver, the lesions seem technically amenable to parenchymal-sparing resections with preservation of an adequate future liver remnant. According to current hepatobiliary oncologic criteria for limited number, small size, and favorable location of metastases, this pattern is considered potentially resectable.

","Step 2 – Recommended oncologic sequence
A. Preoperative staging
• Obtain high resolution pelvic MRI and contrast enhanced CT to confirm primary tumor location, circumferential and distal margins, lymph nodes involvement, invasion of fascia recti. A chest CT scan for extrahepatic disease.

B. Systemic therapy
• Give 2–3 months of peri operative doublet chemotherapy (FOLFOX ± bevacizumab or cetuximab)
• RAS wild-type status allows consideration of anti-EGFR therapy depending on MDT strategy.
• Re stage after chemotherapy with high resolution liver and pelvic MRI (and contrast-enhanced CT) to assess tumor biology and optimize oncologic control for both primary tumor and liver metastases

C. Management of the rectal primary (oncologic priority)
• Given the T3N0 upper rectal cancer, long-course radiotherapy is appropriate to optimize local control and allow coordinated surgical planning.

D. Coordinated surgical strategy
• Initiate doublet chemotherapy (FOLFOX or CAPOX) during the waiting period following radiotherapy. This period treats potential micrometastatic disease and tests tumor biology.
• Consider image-guided ablation of the three lesions using high-energy radio waves to generate heat via a probe (if no biliary or large vessels proximity)
• After restaging with high-resolution liver MRI and pelvic imaging,
-	If complete morphological rectal tumor response : resection / ablation of the segments VI, VII and VIII metastases with follow up of primary tumor
-	If near complete morphological rectal tumor response : resection / ablation of the segments VI, VII and VIII metastases followed with strict follow up of primary tumor
-	If incomplete morphological rectal tumor response : liver-first resection or ablation of the segments VI, VII and VIII metastases, then rectal resection after appropriate recovery, using a staged or synchronous strategy : oncologic resection of the upper rectum (low anterior resection with TME principles).
– Parenchymal-sparing segment III wedge/segmentectomy aiming for ≥1 mm R0 margin.
• Use intra operative ultrasound to verify lesion location and margins.
• Ideally, consider minimally invasive approach (laparoscopic or robotic) for liver resection.

D. Postoperative therapy
• Pathology report : confirmation of tumor type and origin, immunohistochemistry with tumor markers, histological growth pattern, margin status (R0, R1, R2), tumor grade, differentiation, pathologic response score (TRG), necrosis/fibrosis
• Complete a total of 6 months of systemic chemotherapy including pre-operative cycles.
• Close surveillance with CEA and imaging at 3-month intervals.

","Step 3 – Critical missing information
A.	Exact distance of the rectal tumor from the anal verge, and circumferential resection margin (CRM) status on pelvic MRI influencing surgical approach and anastomotic risk
B.	A chest CT scan for extrahepatic disease
B. Detailed vascular and biliary relationships of the three liver lesions on MRI.
C. Grade of differentiation and MSS/ MSI mutation of the primary tumor : influences prognosis and need for intensified adjuvant therapy
F. Liquid biopsies to search circulating tumor DNA (ctDNA) and circulating tumor cells (CTCs) in the bloodstream"
8,"Step 1 - Resectability assessment  
Resectable upfront  
- Single 2.7 cm metastasis in segment IVb is anatomically amenable to a limited hepatic resection (segmentectomy or wedge).  
- No evidence of additional intra‑ or extra‑hepatic disease on the provided CT.  
- Patient’s only comorbidity is controlled hypertension; no reported liver dysfunction or insufficient future liver remnant.  
- Therefore a curative‑intent operation can be performed without prerequisite down‑staging therapy.

","Step 2 - Oncological strategy  
- Pre‑operative work‑up  
  • Complete colonoscopic assessment of the primary lesion; obtain biopsy for histology and KRAS/NRAS status.  
  • Full liver function panel (bilirubin, INR, albumin, platelets) and volumetric CT or MRI to confirm that the future liver remnant will remain ≥30 % after segment IVb resection.  
  • Cardiopulmonary evaluation (ASA, ECOG) to confirm fitness for combined abdominal surgery.  
  • Chest imaging (CT) to rule out occult pulmonary metastases.  

- Surgical plan (simultaneous approach, if intra‑operative assessment confirms adequate liver remnant)  
  1. Left hemicolectomy with oncologic lymphadenectomy for the primary left‑sided colon cancer.  
  2. Anatomical segment IVb resection (segmentectomy) or non‑anatomic wedge excision with negative margins (R0).  
  3. Intra‑operative ultrasound to verify absence of additional hepatic lesions.  

- Post‑operative oncologic management  
  • Pathology review for margin status, T‑stage, N‑stage, and tumor differentiation.  
  • If R0 resection achieved, initiate adjuvant systemic chemotherapy (6 months of FOLFOX or CAPOX) given the high‑risk feature of synchronous metastasis and elevated pre‑operative CEA.  
  • Consider adding targeted therapy (e.g., anti‑EGFR) only if KRAS/NRAS wild‑type and patient tolerates; otherwise continue standard chemotherapy.  

- Surveillance  
  • CEA measurement every 3 months for the first 2 years, then every 6 months.  
  • Contrast‑enhanced CT of chest, abdomen, and pelvis at 6‑month intervals for the first 2 years, then annually up to 5 years.  

","Step 3 - Missing data  
- No critical data are lacking to make a definitive resectability and management recommendation.  
- The only non‑essential information not provided includes: exact T‑stage of the colon primary, KRAS/NRAS mutation status, detailed liver function tests, and quantitative future liver remnant volume. These would refine peri‑operative planning but do not change the overall recommendation.","Step 1 – Resectability assessment  
Resectable upfront – The patient has a solitary 2.7 cm metastasis in segment IVb, an anatomically favorable location that can be removed with a wedge resection or segmentectomy while preserving a ≥30 % future liver remnant. No extra‑hepatic disease is reported, and the primary tumour is left‑sided. Assuming adequate performance status and liver function (which are typical in a hypertensive 70‑year‑old without known hepatic disease), the lesion meets both technical and oncological criteria for immediate curative surgery without the need for down‑staging therapy.

","Step 2 – Oncological strategy  
• Complete pre‑operative staging  
  – Contrast‑enhanced liver MRI with hepatobiliary agent to confirm size, margins and FLR volume.  
  – Chest CT (or PET‑CT) to exclude pulmonary or other extra‑hepatic disease.  
  – Full colonoscopic assessment and pathology of the primary (T/N stage).  
  – Baseline labs: liver function tests, bilirubin, INR, albumin, CA‑19‑9, full blood count, renal function.  

• Multidisciplinary fitness assessment  
  – ECOG/ASA classification, cardiopulmonary evaluation, assessment of hypertension control.  

• Surgical plan (simultaneous resection)  
  – Left‑sided colectomy (segmental or left hemicolectomy) with primary anastomosis, performed either open or laparoscopically according to surgeon expertise.  
  – Segment IVb resection (segmentectomy or non‑anatomic wedge) aiming for R0 margin (≥1 cm when feasible, ≤5 mm acceptable if negative intra‑operative frozen section).  
  – Intra‑operative ultrasound to verify lesion location and exclude additional occult metastases.  
  – Ensure FLR ≥30 % (or liver‑to‑body‑weight ratio >0.5 %).  

• Post‑operative management  
  – Standard enhanced recovery pathway, monitor liver function, early mobilization, and CEA trend.  
  – Pathology review for margin status, lymph‑node involvement, vascular/lymphatic invasion.  

• Adjuvant systemic therapy (recommended)  
  – Because the disease is biologically favorable (left‑sided, BRAF‑wt, MSS, solitary lesion) and the patient is fit, start adjuvant FOLFOX (or CAPOX) for 6 months; add anti‑EGFR (cetuximab or panitumumab) if RAS is wild‑type.  
  – If postoperative pathology shows high‑risk features (e.g., N‑positive nodes, lymph‑vascular invasion), consider extending to 12 months or adding a biologic per current ESMO guidelines.  

• Surveillance  
  – CEA every 3 months for the first 2 years, then every 6 months.  
  – Contrast‑enhanced CT or MRI of the liver and chest CT at 6‑month intervals for the first 2 years, then annually up to 5 years.  

","Step 3 – Missing data  
A definitive recommendation would be strengthened by the following essential information that is not provided:  
- Performance status (ECOG) and ASA classification.  
- Detailed liver function tests (bilirubin, INR, albumin) and calculation of future liver remnant volume.  
- Primary tumour staging (T stage, N stage, presence of lymph‑node metastasis).  
- RAS mutation status (KRAS/NRAS) to guide anti‑EGFR use.  
- Cardiopulmonary assessment results (e.g., echocardiogram, pulmonary function) to confirm operative fitness.  
- Patient’s preference regarding simultaneous versus staged surgery.  

If any of these parameters reveal significant impairment (e.g., poor liver reserve, high operative risk, or unfavorable primary‑tumour stage), the plan may need to be modified accordingly.","Step 1 - Resectability assessment  
Potentially resectable: the solitary 2.7 cm metastasis in segment IVb is anatomically amenable to curative resection, but decisive information is missing. Specifically, the FLR ratio (Future Liver Remnant) is not reported, and liver MRI (to confirm vascular/biliary involvement) has not been performed. Both are required to confirm that a safe hepatic resection can be achieved. Until these data are obtained, the case remains potentially resectable rather than resectable upfront.

","Step 2 - Oncological strategy  
- Obtain a contrast‑enhanced liver MRI with dedicated hepatic protocol to delineate tumor relationship to hepatic vessels and biliary structures (addresses “PresenceOfVascularContactOrInvasion” and “PresenceOfBiliaryStructuresInvolved”).  
- Perform volumetric CT or MRI analysis to calculate the FLR ratio (addresses “FLRRatioCompatibilitySurgery”). If FLR ≥ 30 % (normal liver) or ≥ 40 % (steatotic/chemotherapy‑injured liver), proceed to surgery; if FLR is insufficient, plan portal vein embolization or neoadjuvant chemotherapy to induce hypertrophy.  
- Clarify whether the primary left‑colon tumor has already been resected. If not, schedule colon resection. In a fit 70‑year‑old, a simultaneous colon and liver resection (segment IVb resection or limited left hepatectomy) can be performed once imaging and volumetry confirm feasibility.  
- If FLR is borderline or vascular involvement is present, give 2–3 months of peri‑operative systemic therapy (e.g., FOLFOX ± anti‑EGFR based on RAS status) before attempting liver resection; reassess imaging and FLR after chemotherapy.  
- After curative resection of both colon primary and liver metastasis, administer adjuvant chemotherapy per standard guidelines (typically 3–6 months of FOLFOX or CAPOX) given the synchronous presentation and elevated CEA (40 ng/mL).  
- Monitor CEA and imaging every 3–6 months post‑operatively for early detection of recurrence.

","Step 3 - Missing data  
- FLRRatioCompatibilitySurgery (future liver remnant assessment) – essential to determine safety of hepatic resection.  
- Liver MRI findings (vascular and biliary involvement) – required to confirm that the lesion can be removed with clear margins without compromising major structures.  
- Status of primary tumor resection (has the left‑colon cancer already been removed?) – dictates whether a staged or simultaneous approach is needed.  
- Grade of differentiation of the primary tumor – influences prognosis and may affect the aggressiveness of systemic therapy.  
- Presence of obstructive, perforation, or bleeding symptoms from the primary – impacts urgency of colon surgery.  
- Any prior systemic chemotherapy – informs potential liver parenchymal quality and need for hypertrophy strategies.","Step 1 – Resectability assessment  
Potentially resectable – The liver lesion is solitary (1 metastasis, 2.7 cm) in segment IVb, which is anatomically favorable for curative resection. However, decisive information required to confirm technical feasibility is missing: (a) a liver‑specific MRI to define vascular/biliary anatomy and confirm absence of vascular contact or invasion, and (b) an assessment of the future liver remnant (FLR) ratio. In addition, the status of the primary colorectal tumor (resected or not, presence of obstructive/bleeding symptoms) is not reported. Because these items directly impact whether an immediate operation can be performed safely, the case is classified as “Potentially resectable.”

","Step 2 – Oncological strategy  
• Complete staging work‑up  
 – Perform a contrast‑enhanced liver MRI (including liver‑specific contrast) to delineate the relationship of the metastasis to hepatic vessels, bile ducts and to verify that no additional occult lesions are present.  
 – Calculate the FLR volume (CT‑based volumetry or MRI) and ensure an FLR ≥ 30 % (or FLR/BW ≥ 0.5 %) for a safe resection of segment IVb.  
 – Confirm the primary tumour status: colonoscopy with biopsy, assess for obstruction, bleeding or perforation, and stage the primary (CT‑chest/abdomen/pelvis).  

• Decision on sequencing (based on the above results)  
 – If the primary tumour is asymptomatic, resectable, and the FLR is adequate, proceed with a simultaneous resection (left‑sided colectomy + segment IVb hepatectomy) – this avoids two separate operations and is supported by the literature that simultaneous resection is safe when the liver resection involves < 3 segments and the patient has acceptable comorbidity.  
 – If the primary tumour is symptomatic (obstruction/bleeding) or the FLR is borderline, adopt a staged approach:  
  1. Resection of the primary colon cancer first (or diverting stoma if needed).  
  2. Re‑assess liver after recovery; if FLR remains insufficient, consider portal vein embolisation (PVE) to hypertrophy the remnant, then perform the hepatic resection.  

• Systemic therapy  
 – Given synchronous disease, a peri‑operative chemotherapy regimen (e.g., 3 months neoadjuvant FOLFOX ± biologic, followed by surgery, then 3 months adjuvant FOLFOX) is reasonable, especially if the primary is resected first.  
 – If upfront surgery is performed (simultaneous resection) and the pathology shows low‑risk features (well‑to‑moderate differentiation, negative margins), adjuvant chemotherapy alone (6 months FOLFOX) may be sufficient.  

• Post‑operative follow‑up  
 – Serial CEA measurements and imaging (CT or MRI) every 3–6 months for the first 2 years, then annually, to detect recurrence early.

","Step 3 – Missing data (most crucial for the recommendation)  
• Liver MRI (vascular and biliary anatomy, detection of additional lesions).  
• Quantitative FLR ratio or volumetric assessment.  
• Status of the primary colorectal tumour (already resected or still in situ, presence of obstructive/bleeding symptoms).  
• Histologic grade of differentiation of the primary tumour (to refine risk stratification).  
• Any vascular or biliary involvement of the liver metastasis (to confirm that a margin‑negative resection is feasible).","Step 1 – Resectability assessment
The patient presents with a single 2.7 cm liver metastasis located in segment IVb, without evidence of extrahepatic disease. The lesion is anatomically favorable for a a non anatomic wedge resection with an expected R0 margin. According to current hepatobiliary oncologic criteria for solitary metastasis with favorable anatomy, this pattern is considered potentially resectable.

","Step 2 – Recommended oncologic sequence
A. Preoperative staging
• Perform high-resolution liver MRI to confirm the relationship of the lesion to segment IVb vascular and biliary structures. Precise anatomical mapping is required to plan a safe parenchymal-sparing resection.

B. Systemic therapy
• Give 2–3 months of peri operative doublet chemotherapy (FOLFOX ± bevacizumab) to treat potential micrometastatic disease and assess tumor biology, however the KRAS status is unknown.
• BRAF wild-type and MSS status do not modify the surgical indication.
• Re stage after chemotherapy with high resolution liver MRI and contrast-enhanced CT. 

C. Surgical management
• If restaging confirms continued resectability, perform a simultaneous left hemicolectomy (standard oncologic resection of the left colon cancer) with lymphadectomy (at least 12 harvested lymph nodes) + a segment IVb wedge/segmentectomy aiming for ≥1 mm R0 margin.
• Use intra operative ultrasound to verify lesion location and margins. 
• Ideally, consider minimally invasive approach (laparoscopic or robotic) for liver resection.
• Alternative : simultaneous left hemicolectomy (standard oncologic resection of the left colon cancer) with lymphadectomy (at least 12 harvested lymph nodes) + an image-guided ablation using high-energy radio waves to generate heat via a probe (if no biliary or large vessels proximity)
• Simultaneous resection for solitary peripheral metastases is safe and oncologically equivalent to staged procedures (Wisneski et al.; Kim et al.) However, a staged approach with colectomy first is acceptable.

D. Postoperative therapy
• Pathology report : confirmation of tumor type and origin, immunohistochemistry with tumor markers, histological growth pattern, margin status (R0, R1, R2), tumor grade, differentiation, pathologic response score (TRG), necrosis/fibrosis
• Complete a total of 6 months of systemic chemotherapy (including the pre operative cycles). 
• Monitor CEA and imaging at 3 month intervals.

","Step 3 – Critical missing information
A. K-Ras status, grade of differentiation and MSS/ MSI mutation of the primary tumor : influences prognosis and need for intensified adjuvant therapy. 
B. Potential extension of primary tumor to adjacent organ (abdominal wall, ureter, small bowel)
C. Detailed vascular/biliary relationship of the liver lesion – essential to confirm that a non anatomic resection will achieve clear margins without compromising hepatic inflow/outflow.  
F. Liquid biopsies to search circulating tumor DNA (ctDNA) and circulating tumor cells (CTCs) in the bloodstream"
9,"Step 1 – Resectability assessment  
Resectable upfront  
- The primary tumor is a T3N1 sigmoid lesion amenable to standard oncologic colectomy.  
- Liver disease consists of two small (2.1 cm and 2.4 cm) contiguous metastases confined to segment VI, a location that allows wedge resection or limited segmentectomy with preservation of a sufficient future liver remnant.  
- No extra‑hepatic disease is reported on the available imaging.  
- The MDT explicitly states “limited and accessible liver involvement, no indication for upfront chemotherapy,” supporting immediate surgical feasibility.  

","Step 2 – Oncological strategy  
- Pre‑operative work‑up  
  • Complete liver function panel (bilirubin, AST/ALT, INR, albumin).  
  • Volumetric CT or MRI to confirm that the future liver remnant will be ≥30 % of total liver volume (≥40 % if any prior chemotherapy is later given).  
  • Chest CT to exclude pulmonary metastases.  
  • Cardiopulmonary assessment and performance‑status evaluation (ASA, ECOG).  

- Surgical plan  
  • Perform a simultaneous resection: laparoscopic or open sigmoid colectomy with oncologic lymphadenectomy, combined with a parenchymal‑sparing resection of segment VI (wedge resection or segmentectomy) to remove both metastases.  
  • If intra‑operative assessment reveals inadequate FLR or unexpected disease, convert to staged approach (colon first, then liver after recovery).  

- Post‑operative systemic therapy  
  • Given stage III colon cancer (T3N1) and high‑risk metastatic burden (elevated CEA, KRAS‑mutated disease), initiate adjuvant FOLFOX (or CAPOX) for 6 months, beginning 4–8 weeks after surgery, provided adequate recovery.  
  • Consider adding bevacizumab in the adjuvant setting only if future disease progression occurs; anti‑EGFR agents are contraindicated due to KRAS mutation.  

- Surveillance  
  • CEA every 3 months for the first 2 years, then every 6 months up to 5 years.  
  • Contrast‑enhanced CT of chest, abdomen, pelvis at 6‑month intervals for the first 2 years, then annually.  

","Step 3 – Missing data  
- Quantitative liver volumetry to confirm adequate future liver remnant.  
- Detailed hepatic functional reserve (e.g., indocyanine‑green clearance or liver stiffness measurement) if underlying liver disease is suspected.  
- Confirmation of absence of extra‑hepatic disease (full chest CT, possibly PET‑CT).  
- Patient’s performance status, comorbidities, and cardiopulmonary risk assessment to ensure suitability for simultaneous major abdominal surgery.","Step 1 – Resectability assessment  
Resectable upfront  
- Two liver metastases are small (2.1 cm and 2.4 cm), located in the same segment (VI) and can be removed with a non‑anatomic wedge or segmentectomy, preserving at least two contiguous liver segments and leaving a future liver remnant well above the 30 % threshold.  
- No extra‑hepatic disease is identified on the staging CT.  
- The primary sigmoid lesion is T3N1 and amenable to standard oncologic resection with primary anastomosis.  
- The MDT already concluded that there is “limited and accessible liver involvement, no indication for upfront chemotherapy,” supporting immediate surgical cure.  

","Step 2 – Oncological strategy  
- Stage 1 (Surgery – simultaneous approach)  
  • Perform a laparoscopic or open sigmoid colectomy with oncologic lymphadenectomy and primary anastomosis.  
  • Perform a limited hepatic resection (segment VI wedge/segmentectomy) aiming for R0 margins (≥1 mm acceptable).  
  • Sequence can be liver resection first followed by colon resection to minimize tumor spillage; both procedures can be completed in the same operative session because the liver resection is minor.  

- Stage 2 (Pathology and risk assessment)  
  • Confirm R0 resection of both sites, assess number of positive nodes, margin status, and tumor grade.  
  • Record KRAS‑mutated status (already known) and postoperative CEA level.  

- Stage 3 (Adjuvant systemic therapy)  
  • Initiate adjuvant chemotherapy within 6–8 weeks after recovery, preferably a 6‑month course of FOLFOX or CAPOX (oxaliplatin‑based) – anti‑EGFR agents are not indicated because of KRAS mutation.  
  • Consider adding bevacizumab only in the context of a clinical trial, as routine addition has not shown survival benefit in the adjuvant setting.  

- Stage 4 (Surveillance)  
  • CEA measurement every 3 months for the first 2 years, then every 6 months up to 5 years.  
  • Contrast‑enhanced CT or MRI of the chest, abdomen and pelvis every 6 months for the first 2 years, then annually.  

","Step 3 – Missing data  
- Baseline liver function tests (bilirubin, INR, albumin) and volumetric assessment of the future liver remnant to confirm adequacy.  
- Patient’s performance status (ECOG/ASA) and cardiopulmonary reserve to ensure tolerance of combined surgery.  
- Detailed imaging of the colon primary (extent of mesorectal involvement, if any) to confirm that a low‑risk colorectal resection is feasible.  
- Post‑operative pathology details (margin width, lymph‑node count) that will refine adjuvant therapy decisions.","Step 1 - Resectability assessment  
Potentially resectable: the two liver lesions are small (2.1 cm and 2.4 cm) and confined to segment VI, which can be removed with a limited segmentectomy while preserving adequate liver parenchyma. The sigmoid primary is anatomically resectable. However, definitive surgical planning requires (a) confirmation that there is no extra‑hepatic disease on a thoraco‑abdominal CT (or PET‑CT) – currently “Missing” under ExtrahepaticPulmonaryInvolvement, and (b) an assessment of future liver remnant volume (FLRRatioCompatibilitySurgery – “Missing”). Until these decisive pieces of information are obtained, the case remains potentially resectable.

","Step 2 - Oncological strategy  
- Complete staging: obtain a thoraco‑CT (or PET‑CT) to exclude pulmonary metastases and a liver MRI with contrast to define vascular anatomy and any subtle lesions; perform volumetric CT or MRI to calculate FLR ratio.  
- If staging confirms isolated liver disease and adequate FLR (>20 % in a normal liver, >30 % if chemotherapy‑associated liver injury is suspected), proceed to surgery.  
- Surgical plan: simultaneous resection is preferred – laparoscopic or open sigmoid colectomy with primary anastomosis combined with a limited anatomic segment VI resection (segmentectomy) or non‑anatomic wedge excision, depending on intra‑operative findings.  
- Post‑operative oncologic therapy: given KRAS‑mutated disease, high pre‑operative CEA (180 ng/mL) and node‑positive primary (T3N1), administer adjuvant systemic chemotherapy (e.g., FOLFOX ± bevacizumab) after recovery.  
- Surveillance: serial CEA measurements and imaging (CT chest/abdomen) every 3–6 months for the first 2 years, then annually.

","Step 3 - Missing data  
- Thoraco‑CT (or PET‑CT) to rule out pulmonary metastases (ExtrahepaticPulmonaryInvolvement).  
- FLR volumetric assessment (FutureLiverRemnantFLRRatio).  
- Status of the primary tumor resection (ColorectalPrimaryTumorPostResectionCharacterization).  
- Detailed vascular anatomy of the liver lesions (ArterialAnatomy, PresenceOfVascularContactOrInvasion).  
These items are essential to confirm that curative surgery can be safely performed.","Step 1 – Resectability assessment  
Potentially resectable  
• The two liver lesions (2.1 cm and 2.4 cm in segment VI) are small, contiguous and technically amenable to a parenchyma‑sparing segmentectomy, satisfying the technical criteria for resection (ability to preserve ≥2 contiguous segments, vascular inflow/outflow, biliary drainage).  
• However, decisive information is missing: (a) thoraco‑CT (or other chest imaging) to rule out pulmonary metastases, (b) liver MRI (or detailed arterial/portal anatomy) to confirm absence of vascular involvement, and (c) a calculated future liver remnant (FLR) ratio. Without these data the safety of hepatic resection cannot be confirmed, therefore the case is classified as “Potentially resectable” pending completion of the missing assessments.  

","Step 2 – Oncological strategy  
1. Complete staging work‑up  
   – Obtain a thoraco‑CT (or PET‑CT) to exclude extra‑hepatic pulmonary disease.  
   – Perform a contrast‑enhanced liver MRI (or at least a triphasic CT with arterial phase) to delineate vascular anatomy, confirm lack of portal/hepatic vein involvement and calculate the FLR volume.  
2. Evaluate the primary sigmoid lesion  
   – Confirm that the primary tumor has not yet been resected and assess for obstruction, perforation or bleeding. If asymptomatic, proceed to combined (simultaneous) resection; if symptomatic, prioritize colon resection first.  
3. Surgical plan (once staging is complete and FLR is adequate)  
   – Simultaneous resection: laparoscopic sigmoid colectomy (standard oncologic resection with adequate lymphadenectomy) together with a laparoscopic or open segment VI metastasectomy (non‑anatomic wedge or segmentectomy) aiming for R0 margins. This approach is supported by the literature that simultaneous resection is safe when the liver resection is limited and the patient is fit.  
   – If the FLR is borderline (<30 % in a non‑chemotherapy‑treated liver) or vascular anatomy is unfavorable, consider a staged approach: (a) colon resection first, followed by a short interval (2–3 weeks) and then liver segmentectomy; or (b) portal vein embolization to augment FLR before hepatic surgery if a larger resection becomes necessary.  
4. Peri‑operative systemic therapy  
   – No neoadjuvant chemotherapy is indicated per MDT discussion because disease is limited and biologically favorable (KRAS‑mutated but no high‑risk features).  
   – Offer standard adjuvant chemotherapy (e.g., FOLFOX ± bevacizumab) after recovery from surgery, guided by oncologic protocols and patient performance status.  

","Step 3 – Missing data (most crucial for the recommendation)  
• Thoraco‑CT (or equivalent chest imaging) to exclude pulmonary metastases.  
• Liver MRI (or detailed arterial/portal phase imaging) to assess vascular contact/invasion and to calculate the FLR ratio.  
• FLR ratio or volumetric assessment to ensure postoperative liver function.  
• Confirmation of whether the primary sigmoid tumor has already been resected and its symptom status (obstruction, perforation, bleeding).  
These items must be obtained before a definitive surgical plan can be finalized.","Step 1 – Resectability assessment
The patient presents with two contiguous liver metastases in segment VI (2.1 and 2.4 cm), without evidence of extrahepatic disease. The lesions are peripheral, confined to a single segment, and technically amenable to a limited parenchymal-sparing resection with preservation of an adequate future liver remnant. According to current hepatobiliary oncologic criteria for limited number, small size, and favorable location of metastases, this pattern is considered potentially resectable.

","Step 2 – Recommended oncologic sequence
A. Preoperative staging
• Perform high-resolution liver MRI and contrast-enhanced CT to confirm the relationship of the lesion to segment IVb vascular and biliary structures. Precise anatomical mapping is required to plan a safe parenchymal-sparing resection.
• Given the high CEA level (180 ng/mL), perform high-resolution 18FDG PET-CT and a chest CT scan.

B. Systemic therapy
• Give 2–3 months of peri operative doublet chemotherapy (FOLFOX ± bevacizumab) to treat potential micrometastatic disease and assess tumor biology.
• KRAS mutation excludes anti-EGFR therapy.
• Re stage after chemotherapy with high resolution liver MRI and contrast-enhanced CT. 

C. Surgical management
• If restaging confirms continued resectability, perform a simultaneous left hemicolectomy (standard oncologic resection of the left colon cancer) with lymphadectomy (at least 12 harvested lymph nodes) + a segmentectomy VI removing both contiguous metastases en bloc aiming for ≥1 mm R0 margin.
• Use intra operative ultrasound to verify lesion location and margins. 
• Ideally, consider minimally invasive approach (laparoscopic or robotic) for liver resection.
• Alternative : staged approach with colectomy first segmentectomy VI aiming for ≥1 mm R0 margin then left hemicolectomy (standard oncologic resection of the left colon cancer) with lymphadectomy (at least 12 harvested lymph nodes).

D. Postoperative therapy
• Pathology report : confirmation of tumor type and origin, immunohistochemistry with tumor markers, histological growth pattern, margin status (R0, R1, R2), tumor grade, differentiation, pathologic response score (TRG), necrosis/fibrosis
• Complete a total of 6 months of systemic chemotherapy (including the pre operative cycles). 
• Monitor CEA and imaging at 3 month intervals given the elevated initial tumor marker (CEA 180 ng/mL).

","Step 3 – Critical missing information
A. Grade of differentiation and MSS/ MSI mutation of the primary tumor : influences prognosis and need for intensified adjuvant therapy. 
B. Detailed vascular/biliary relationship of the liver lesion – essential to confirm that a non anatomic resection will achieve clear margins without compromising hepatic inflow/outflow.  
E. Liquid biopsies to search circulating tumor DNA (ctDNA) and circulating tumor cells (CTCs) in the bloodstream"
10,"Step 1 - Resectability assessment  
Resectable upfront: The patient has a solitary 3 cm liver metastasis confined to segment VII, no radiologic evidence of additional intra‑ or extra‑hepatic disease, and the lesion is described as “deep but resectable.” Assuming adequate future liver remnant (≥30 % in a normal liver) and acceptable performance status, both the primary right‑colon cancer and the hepatic lesion can be removed in a single operative session. No oncologic or anatomical barriers preclude immediate surgery.

","Step 2 - Oncological strategy  
1. Pre‑operative work‑up  
   • Complete blood count, liver function tests, coagulation profile, and indocyanine‑green clearance (or similar) to confirm hepatic reserve.  
   • Contrast‑enhanced MRI of the liver (or liver‑specific CT) for precise volumetry and to rule out additional occult lesions.  
   • Chest CT to exclude pulmonary metastases.  
   • Staging colonoscopy and endoscopic assessment of the primary tumor.  
   • Assessment of performance status (ECOG 0‑1) and comorbidities.  

2. Multidisciplinary decision  
   • If the patient meets the above functional criteria, proceed with simultaneous resection; this avoids a second laparotomy, shortens overall treatment time, and is oncologically equivalent to staged approaches for solitary lesions ≤5 cm.  

3. Surgical plan (simultaneous)  
   • Right hemicolectomy with adequate lymphadenectomy (D3) for the colon primary.  
   • Anatomical segment VII resection (non‑anatomical wedge or formal segmentectomy) with negative margins (R0) and intra‑operative ultrasound to confirm lesion location and assess margins.  
   • Preserve ≥30 % functional liver parenchyma; consider Pringle maneuver time and use of low‑central‑venous pressure anesthesia to minimize blood loss.  

4. Post‑operative oncologic therapy  
   • Adjuvant systemic chemotherapy for 6 months (FOLFOX or CAPOX).  
   • Because the tumor is RAS wild‑type, add anti‑EGFR monoclonal antibody (cetuximab or panitumumab) if the primary is left‑sided or if high‑risk features are present; otherwise, standard chemotherapy alone is acceptable.  
   • Serial CEA monitoring and imaging (CT or MRI) every 3‑6 months for the first 2 years, then annually.  

5. Follow‑up  
   • Colonoscopic surveillance at 1 year post‑resection, then per guideline intervals.  
   • Consider enrollment in a clinical trial if available (e.g., peri‑operative immunotherapy).  

","Step 3 - Missing data  
No critical data are lacking that would preclude a reliable resectability assessment or formulation of a surgical plan. All essential information (solitary resectable liver lesion, RAS status, primary tumor location) is available.","Step 1 - Resectability assessment  
Resectable upfront  
Reasoning: • Single liver lesion, 3 cm, located in segment VII – amenable to a non‑anatomic wedge or formal segmentectomy with preservation of >30 % functional liver remnant. • No reported extra‑hepatic disease, vascular invasion, or major biliary involvement. • Primary tumour is in the right colon; a standard right hemicolectomy is a low‑complexity bowel operation. • Patient age (65) and RAS wild‑type status do not preclude surgery. In the absence of contraindicating comorbidities or insufficient future liver remnant, the disease meets current criteria for immediate curative resection.

","Step 2 - Oncological strategy  
• Baseline work‑up: complete contrast‑enhanced chest CT (or PET‑CT) to exclude occult extra‑hepatic metastases; liver MRI with hepatocyte‑specific contrast for precise volumetry; laboratory panel (bilirubin, INR, albumin, liver enzymes, CA 19‑9); assessment of performance status and comorbidities (ASA, cardiac/pulmonary reserve).  
• Multidisciplinary decision: proceed with a simultaneous resection because (a) the liver operation is limited (segment VII) and (b) the primary tumour is right‑sided and asymptomatic. This approach shortens overall treatment time, avoids two separate major operations, and is supported by multiple series (Thelen 2007; Weber 2003; Reddy 2007) showing comparable morbidity and survival to staged procedures when the hepatic resection is minor.  
• Peri‑operative systemic therapy: administer 2–3 cycles of a fluoropyrimidine‑oxaliplatin doublet (FOLFOX or CAPOX) ± bevacizumab as a “test‑of‑time” to confirm disease biology and to treat micrometastatic disease. Imaging after chemotherapy should confirm that the liver lesion remains resectable and that no new lesions have appeared.  
• Operative plan (within 4–6 weeks of completing chemotherapy):  
   – Right hemicolectomy with primary anastomosis (or ileocolic anastomosis) performed first to secure low central venous pressure and minimise intra‑hepatic bleeding.  
   – Segment VII non‑anatomic wedge or formal segmentectomy with negative (≥1 mm) margin; intra‑operative ultrasound to verify margins and assess for additional occult lesions.  
   – No need for portal vein embolisation given the small volume of liver to be removed.  
• Post‑operative care: early mobilization, resume oral intake, monitor liver function.  
• Adjuvant systemic therapy: complete a total of 6 months of peri‑operative chemotherapy (add additional cycles post‑op to reach 6 months) as per EORTC 40983 protocol, given the elevated pre‑operative CEA (70 ng/mL) and synchronous presentation.  
• Surveillance: CEA every 3 months for the first 2 years, contrast‑enhanced CT chest/abdomen every 6 months for 3 years, then annually.

","Step 3 - Missing data  
• Detailed liver function tests (bilirubin, INR, albumin, platelet count) and calculation of future liver remnant volume.  
• Comprehensive comorbidity assessment (ASA class, cardiac/pulmonary reserve, performance status).  
• Full staging of the primary tumour (T‑stage, N‑stage, lymphovascular/perineural invasion).  
• Confirmation of absence of extra‑hepatic disease (chest imaging, possible PET‑CT).  
• Assessment of vascular anatomy around segment VII (proximity to hepatic veins or portal branches) to plan resection margin.  
If any of these items are unavailable, a definitive recommendation cannot be fully validated.","Step 1 - Resectability assessment  
Potentially resectable  
- The liver lesion is solitary (1 metastasis, 3 cm, segment VII) and described by the MDT as “deep but resectable,” indicating technical feasibility of hepatic resection.  
- However, decisive information required for definitive surgical planning is missing:  
   • Future liver remnant (FLR) ratio compatibility with surgery (FLRRatioCompatibilitySurgery – Missing).  
   • Detailed vascular anatomy and any vascular contact/invasion (PresenceOfVascularContactOrInvasion – Missing).  
   • Complete extra‑hepatic staging, especially thoraco‑CT to exclude pulmonary metastases (ThoracoCTScanPerformed – Missing).  
- Because these missing data directly determine whether a safe, curative hepatectomy can be performed now, the case must be considered potentially resectable pending completion of the prerequisite assessments.

","Step 2 - Oncological strategy  
1. Complete staging before any operative intervention:  
   – Obtain a thoraco‑CT scan (or PET‑CT) to rule out pulmonary metastases.  
   – Perform a liver MRI with hepatobiliary contrast to define tumor–vessel relationships and confirm absence of additional hepatic lesions.  
   – Assess FLR using volumetric CT or MRI; if FLR is <30 % (or <40 % after chemotherapy), plan portal vein embolization (PVE) to augment FLR.  
2. Initiate systemic therapy:  
   – Start neoadjuvant chemotherapy (e.g., FOLFOX ± bevacizumab or FOLFOX + anti‑EGFR antibody given RAS wild‑type) for 2–3 months to treat occult micrometastatic disease and to observe tumor biology.  
   – Re‑measure CEA after chemotherapy; a falling trend supports proceeding to surgery.  
3. Re‑evaluate resectability after systemic therapy and completed staging:  
   – If FLR is adequate and no extra‑hepatic disease is identified, proceed to curative surgery.  
   – Preferred operative plan: simultaneous right hemicolectomy (or extended right colectomy) with anatomical or non‑anatomical resection of the segment VII metastasis, provided operative risk is acceptable and the colon primary is resectable without obstruction, perforation, or bleeding.  
   – If simultaneous surgery is deemed high risk (e.g., extensive colon resection required, borderline FLR), adopt a staged approach: first resect the colon primary, then, after recovery and confirmation of hepatic feasibility, perform liver resection.  
4. Post‑operative management:  
   – Adjuvant chemotherapy to complete a total of 6 months of systemic therapy (or longer if indicated by pathology).  
   – Serial CEA monitoring and imaging surveillance per standard guidelines.

","Step 3 - Missing data  
- FLRRatioCompatibilitySurgery (future liver remnant assessment).  
- PresenceOfVascularContactOrInvasion (vascular involvement of the segment VII lesion).  
- ThoracoCTScanPerformed (chest imaging to exclude pulmonary metastases).  
- Liver MRI (detailed hepatic anatomy and lesion characterization).  
- Status of primary tumor resection (whether the colon cancer has already been removed).  
- Systemic treatment already administered (if any) and response assessment.  
These items are most critical to confirm that a curative, safe surgical strategy can be undertaken.","Step 1 – Resectability assessment  
Potentially resectable – the solitary 3 cm lesion in segment VII is anatomically amenable to a segmentectomy, but definitive surgical planning requires (a) thoracic CT (or PET‑CT) to exclude pulmonary metastases, (b) liver MRI (or contrast‑enhanced CT with 3‑D reconstruction) to define vascular and biliary relationships, and (c) calculation of the future liver remnant (FLR) ratio to confirm that resection will leave an adequate functional liver volume. Until these decisive pieces of information are obtained, an upfront curative resection cannot be safely scheduled.

","Step 2 – Oncological strategy  
- Complete staging: obtain thoracic CT (or PET‑CT) and a liver MRI with liver‑specific contrast; calculate FLR (CT volumetry or MRI).  
- If imaging confirms no extra‑hepatic disease and FLR ≥ 30 % (≥ 40 % in steatotic liver), proceed to the operative phase.  
- Because the primary is a right‑sided colon cancer without reported obstruction, bleeding or perforation, and the hepatic resection is limited to a single segment, a simultaneous approach is oncologically appropriate and technically feasible (right hemicolectomy + segment VII resection, preferably laparoscopic or minimally invasive open).  
- Offer peri‑operative systemic chemotherapy (e.g., 3 cycles of FOLFOX ± bevacizumab) before surgery to (i) treat micrometastatic disease, (ii) provide a “test‑of‑time” for tumor biology, and (iii) align with contemporary peri‑operative protocols for synchronous CRLM.  
- Re‑stage after chemotherapy with repeat imaging; if the liver lesion remains resectable and no new extra‑hepatic sites appear, perform the simultaneous resection.  
- Post‑operative adjuvant chemotherapy to complete a total of 6 months of systemic therapy (or longer if high‑risk features emerge).  
- Follow‑up: CEA every 3 months, CT chest/abdomen/pelvis every 6 months for the first 2 years, then annually.

","Step 3 – Missing data  
- Thoracic imaging (CT or PET‑CT) to rule out pulmonary metastases.  
- Liver MRI (or high‑quality multiphase CT) to assess vascular/biliary involvement and precise lesion anatomy.  
- Quantified future liver remnant (FLR) ratio.  
- Confirmation of whether the colorectal primary has already been resected and its symptom status (obstruction, perforation, bleeding).  
- Record of any pre‑operative systemic therapy already administered.  

These items are essential to move from “potentially resectable” to a definitive surgical plan.","Step 1 – Resectability assessment
The patient presents with a single 3 cm liver metastasis located in segment VII, without evidence of extrahepatic disease. Despite the lesion is deep, it remains technically amenable to a parenchymal-sparing resection with preservation of an adequate future liver remnant. According to current hepatobiliary oncologic criteria for solitary metastasis with preserved vascular structures, this pattern is considered potentially resectable.

","Step 2 – Recommended oncologic sequence
A. Preoperative staging
• Perform high-resolution liver MRI and contrast-enhanced CT to confirm the relationship of the lesion to segment VII vascular and biliary structures. Precise anatomical mapping (related to the right hepatic vein) is required to plan a safe parenchymal-sparing resection. Assess extension of primary right-sided cancer to adjacent organs (ureter, duodenum, small intestine, abdominal wall). A chest CT scan for extrahepatic disease.

B. Systemic therapy
• Give 2–3 months of peri operative doublet chemotherapy (FOLFOX ± bevacizumab or cetuximab) to treat potential micrometastatic disease and assess tumor biology
• RAS wild-type does not modify the surgical indication.
• Re stage after chemotherapy with high resolution liver MRI and contrast-enhanced CT. 

B. Surgical strategy: preference for sequential approach
• Given the depth of the segment VII lesion and the technical complexity of the liver resection, a sequential strategy is preferable to reduce operative risk.
• If restaging confirms continued resectability, perform a first deep wedge / segmentectomy VII aiming while preserving maximal liver parenchyma, for ≥1 mm R0 margin.
• Use intra operative ultrasound to verify lesion location and margins. 
• Ideally, consider minimally invasive approach (laparoscopic or robotic) for liver resection.
• After recovery, perform right hemicolectomy (standard oncologic resection of the right colon cancer) with D2-D3 lymphadectomy (at least 12 harvested lymph nodes)
• Alternative : simultaneous oncologic right hemicolectomy + deep wedge / segmentectomy VII aiming for ≥1 mm R0 margin

C. Postoperative therapy
• Pathology report : confirmation of tumor type and origin, immunohistochemistry with tumor markers, histological growth pattern, margin status (R0, R1, R2), tumor grade, differentiation, pathologic response score (TRG), necrosis/fibrosis
• Complete a total of 6 months of systemic chemotherapy (including the pre operative cycles). 
• Monitor CEA and imaging at 3 month intervals.

","Step 3 – Critical missing information
A. Grade of differentiation and MSS/ MSI mutation of the primary tumor : influences prognosis and need for intensified adjuvant therapy. 
B. Potential extension of primary tumor to adjacent organ (abdominal wall, ureter, small bowel)
C. Detailed vascular/biliary relationship of the segment VII liver lesion – essential to confirm that a non anatomic resection will achieve clear margins without compromising hepatic inflow/outflow (right hepatic vein). 
D. Chest CTC scan
F. Liquid biopsies to search circulating tumor DNA (ctDNA) and circulating tumor cells (CTCs) in the bloodstream"
11,"Step 1 - Resectability assessment  
Resectable upfront: The three hepatic lesions are small (1‑2.5 cm), confined to the left hepatic lobe, and there is no reported involvement of major vascular or biliary structures. A left hepatectomy would leave an adequate future liver remnant (the right lobe). The primary sigmoid tumor is T3N0 and appears resectable. No extra‑hepatic disease is described. Therefore, both the colorectal primary and the liver metastases can be removed in a single operative setting without the need for down‑staging therapy.

","Step 2 - Oncological strategy  
1. Complete pre‑operative work‑up:  
   • High‑resolution liver MRI with hepatobiliary contrast to confirm lesion number, size, and relationship to portal/hepatic veins.  
   • Colonoscopy with biopsy confirmation (already known KRAS‑mutated).  
   • Baseline labs: liver function tests, bilirubin, INR, albumin, and performance status (ECOG).  

2. Surgical plan (simultaneous resection):  
   • Laparoscopic or open sigmoid colectomy with oncologic margins and regional lymphadenectomy.  
   • Left hepatectomy (anatomic or non‑anatomic) to remove all three metastases, ensuring negative margins (R0).  
   • Intra‑operative ultrasound to verify lesion clearance and assess for occult disease.  

3. Post‑operative systemic therapy:  
   • Start adjuvant chemotherapy within 6‑8 weeks after surgery. Preferred regimen: FOLFOX (or CAPOX) combined with bevacizumab, given KRAS mutation precludes anti‑EGFR agents.  
   • Total duration 6 months (approximately 12 cycles).  

4. Surveillance:  
   • CEA measurement every 3 months for the first 2 years, then every 6 months up to 5 years.  
   • Contrast‑enhanced CT of chest/abdomen or MRI liver every 6 months for the first 2 years, then annually.  

5. Contingency:  
   • If postoperative pathology reveals positive margins or unexpected additional hepatic lesions, consider re‑resection or radiofrequency ablation plus continuation of systemic therapy.

","Step 3 - Missing data  
No critical information is lacking to make a definitive resectability judgment or to outline the surgical and oncologic plan. Essential data already available include: age, primary tumor stage (T3N0), KRAS status, number/size/location of liver metastases, and CEA level. Additional details such as liver volumetry, performance status, and baseline liver function would refine peri‑operative risk assessment but are not mandatory for the current recommendation.","Step 1 - Resectability assessment  
Resectable upfront  
- Three liver metastases (1–2.5 cm) are confined to the left hepatic lobe; a left lateral sectionectomy (segments II‑III) or left hepatectomy can remove all lesions while preserving the right liver (>50 % of total volume).  
- No radiologically evident extra‑hepatic disease; the primary sigmoid tumour is T3N0 and amenable to standard oncologic resection.  
- KRAS mutation and elevated CEA do not affect the technical feasibility of liver resection.  
- Assuming adequate liver function and acceptable performance status, the disease meets the technical criteria of (a) complete R0 removal, (b) preservation of ≥2 contiguous liver segments with adequate inflow/outflow, and (c) an FLR >30 % – therefore surgery can be offered immediately without mandatory pre‑operative down‑staging.  

","Step 2 - Oncological strategy  
1. Pre‑operative work‑up  
   - Full liver function panel, indocyanine‑green clearance or 99mTc‑mebrofenin scan to confirm functional reserve.  
   - Volumetric CT or MRI to quantify future liver remnant (target ≥30 % for normal liver).  
   - Baseline performance status (ECOG 0‑1) and cardiopulmonary assessment.  
2. Surgical plan  
   - Simultaneous resection (preferred) because the hepatic resection is limited and the colorectal primary is in the sigmoid colon:  
     • Laparoscopic or open sigmoid colectomy with oncologic lymphadenectomy (D3).  
     • Left lateral sectionectomy (or left hepatectomy if required) with intra‑operative ultrasound to confirm lesion count and margins; aim for R0 (≥1 mm) resection.  
   - If intra‑operative findings reveal additional occult liver lesions, consider intra‑operative ablation (RFA/SBRT) to achieve complete disease clearance.  
3. Post‑operative systemic therapy  
   - Start adjuvant chemotherapy within 6–8 weeks after surgery: FOLFOX (or CAPOX) combined with bevacizumab (anti‑VEGF) given KRAS mutation precludes anti‑EGFR agents.  
   - Planned duration: 6 months (12 cycles).  
   - Monitor CEA and imaging (CT or MRI) every 3 months for the first 2 years, then every 6 months up to 5 years.  
4. Multidisciplinary follow‑up  
   - Review pathology (margin status, number of nodes, molecular profile).  
   - If margins are R1 or high‑risk features (e.g., poor response to adjuvant therapy), discuss enrollment in clinical trials or consider postoperative radiotherapy to the liver bed (rare).  

","Step 3 - Missing data  
- Current liver function tests (bilirubin, AST/ALT, INR, albumin) and quantitative FLR measurement.  
- Patient’s performance status (ECOG/Karnofsky) and comorbidity profile (cardiovascular, pulmonary, diabetes).  
- Detailed imaging (contrast‑enhanced MRI or high‑resolution CT) to rule out sub‑centimeter lesions not seen on the initial CT.  
- Molecular profile beyond KRAS (BRAF, MSI/dMMR) which may influence adjuvant therapy choices.  
- Baseline cardiopulmonary assessment (e.g., VO₂ max or stress test) to confirm fitness for combined abdominal surgery.","Step 1 – Resectability assessment  
Category: Potentially resectable  

Reasoning: The MDT notes that the left‑lobe liver metastases are “primarily resectable,” but several decisive data points are missing. The structured analysis lacks (a) a liver MRI with hepatobiliary contrast to define vascular and biliary relationships of the three lesions, (b) a quantitative future liver remnant (FLR) ratio or volumetric study to confirm that the right lobe will provide sufficient functional reserve after left‑lobe resection, and (c) confirmation that the primary sigmoid tumor has already been resected or that there are obstructive symptoms requiring urgent colon surgery. Because these missing items directly determine whether a safe hepatic resection can be performed, the case must be classified as “Potentially resectable” pending completion of the required imaging and functional assessment.

","Step 2 – Oncological strategy  
1. Complete staging work‑up  
   • Obtain a contrast‑enhanced liver MRI (including diffusion‑weighted and hepatobiliary phases) to assess lesion proximity to hepatic veins, portal branches, and biliary ducts.  
   • Perform volumetric CT or MRI to calculate the FLR ratio; aim for ≥30 % in a normal liver or ≥40 % if any chemotherapy‑associated liver injury is suspected.  
   • Confirm that the primary sigmoid lesion has been resected; if not, schedule colonoscopy and assess for obstruction, perforation, or bleeding.  

2. Neoadjuvant systemic therapy  
   • Initiate a KRAS‑mutated‑appropriate regimen (e.g., FOLFOX or FOLFOXIRI + bevacizumab) for 2–3 months. This addresses micrometastatic disease, allows assessment of tumor biology, and may further downsize the liver lesions.  

3. Re‑assessment after chemotherapy  
   • Repeat liver MRI and volumetry. If the lesions remain ≤2.5 cm, no vascular invasion is identified, and FLR is adequate, proceed to surgery.  

4. Surgical plan  
   • If the primary colon tumor is still in situ and not obstructed: perform a simultaneous sigmoid colectomy (oncologic resection with adequate lymphadenectomy) and left‑lobe hepatectomy (anatomic left hepatectomy or limited segmental resections of segments II‑IV) in the same operation, provided the patient’s physiologic reserve is acceptable.  
   • If the primary tumor has already been resected or if a staged approach is preferred (e.g., due to comorbidities), schedule liver resection 4–6 weeks after the last chemotherapy dose, allowing for recovery from systemic therapy.  

5. Post‑operative management  
   • Continue adjuvant chemotherapy to complete a standard 6‑month systemic regimen, adjusting based on pathological response and postoperative recovery.  
   • Monitor CEA serially; a marked decline post‑resection supports favorable biology, while persistent elevation may prompt closer surveillance or additional systemic therapy.

","Step 3 – Missing data most crucial for the recommendation  
- FLR ratio / volumetric assessment (FutureLiverRemnantFLRRatio)  
- Detailed vascular and biliary involvement (PresenceOfVascularContactOrInvasion, PresenceOfBiliaryStructuresInvolved, ArterialAnatomy)  
- Liver MRI results (Has liver MRI been performed?)  
- Status of the primary tumor resection (Has the colorectal primary tumor been already resected?)  
- Grade of differentiation of the primary tumor (GradeOfDifferentation)  
- Presence of obstructive, perforative, or bleeding symptoms from the primary lesion (PresenceOfSymptomsForObstruction/Perforation/Bleeding)  

These items must be obtained before a definitive surgical plan can be finalized.","Step 1 – Resectability assessment  
Potentially resectable  
Reasoning: The three left‑lobe metastases (1–2.5 cm) are small and limited to a single hepatic sector, which makes a left hepatectomy technically feasible in most patients. However, the structured analysis lacks a quantified future liver remnant (FLR) ratio and detailed vascular/biliary anatomy (no liver MRI, no data on vascular contact). An adequate FLR (≥20‑30 % of total liver volume) and clear vascular inflow/outflow are decisive technical criteria; without this information the surgery cannot be declared safely “upfront”. Therefore the case is classified as potentially resectable pending confirmation of FLR and anatomic details.

","Step 2 – Oncological strategy  
• Confirm primary tumor status: determine whether the sigmoid primary has been resected or is symptomatic (obstruction, bleeding, perforation).  
• Obtain a liver‑specific MRI with contrast (gadoxetate‑enhanced) to delineate vascular and biliary relationships and to perform volumetric analysis for FLR calculation.  
• If the primary tumor is still in situ and the patient is asymptomatic, plan a staged approach:  
  – Neoadjuvant systemic therapy first (FOLFOX ± bevacizumab, given KRAS mutation precludes anti‑EGFR agents). Aim for 2–3 months (≈ 4‑6 cycles) to assess tumor biology and achieve any down‑staging.  
  – Re‑image (CT + MRI) after chemotherapy to re‑assess resectability and calculate FLR.  
  – If FLR ≥ 30 % and no vascular invasion, proceed to surgery.  
  – Surgical sequence:  
   1. Resection of the primary sigmoid colon (laparoscopic or open, depending on tumor size and patient factors).  
   2. After a short recovery (≈ 2‑3 weeks) or in the same operative session if the operative risk is low and the liver resection is limited (left lateral sectionectomy), perform left hepatectomy with negative margins (R0).  
  – If bevacizumab was used, observe a 6‑8 week interval before hepatic resection to reduce wound‑healing complications.  
• Post‑operative management:  
  – Pathology review of margins and nodal status.  
  – Adjuvant systemic chemotherapy (continuation of the same regimen or switch to FOLFIRI if progression) for a total of 6 months of peri‑operative therapy.  
  – Serial CEA monitoring (baseline 150 ng/mL) and imaging surveillance (CT or MRI every 3‑6 months).  

","Step 3 – Missing data (most crucial for the recommendation)  
- Future liver remnant (FLR) ratio / volumetric assessment.  
- Liver MRI with arterial anatomy to rule out vascular or biliary involvement.  
- Status of the primary colorectal tumor (resected or pending, presence of obstructive/bleeding symptoms).  
- Whether any systemic chemotherapy has already been administered.  
- Details on vascular contact/invasion of the metastases.  

These items must be obtained before a definitive surgical plan can be finalized.","Step 1 – Resectability assessment
The patient presents with three liver metastases confined to the left lobe (segments II/III/IV), measuring 1–2.5 cm, without evidence of extrahepatic disease. The lesions are limited to a single hemi-liver and technically amenable to a left-sided liver resection or multiple parenchymal-sparing resections while preserving an adequate future liver remnant. According to current hepatobiliary oncologic criteria for unilobar, limited number, and small-size metastases, this pattern is considered potentially resectable.

","Step 2 – Recommended oncologic sequence
A. Preoperative staging
• Perform high-resolution liver MRI and contrast-enhanced CT to confirm the relationship of the 3 lesions to segment II et III vascular and biliary structures. Precise anatomical mapping is required to plan a safe parenchymal-sparing resection.
• Given the high CEA level (150 ng/mL), perform high-resolution 18FDG PET-CT

B. Preoperative systemic therapy
• The elevated CEA level (150 ng/mL) and multiplicity of lesions suggest biologically active disease.
• Give 2–3 months of peri operative doublet chemotherapy (FOLFOX ± bevacizumab) to treat potential micrometastatic disease and assess tumor biology.
• KRAS mutation excludes anti-EGFR therapy.
• This period treats micrometastatic disease and evaluates tumor biology.

C. Restaging before surgery
• Perform high-resolution liver MRI and contrast-enhanced CT after chemotherapy to confirm maintained resectability and evaluate vascular/biliary relationships.

D. Surgical management
• If restaging confirms continued resectability, perform a simultaneous left hemicolectomy (standard oncologic resection of the left colon cancer) with lymphadectomy (at least 12 harvested lymph nodes) + a left lateral sectionectomy (segments II–III) removing the 3 metastases en bloc with wedge resection of the remaining lesion, or a formal left hepatectomy if anatomically more appropriate, aiming for ≥1 mm R0 margin .
• Use intra operative ultrasound to verify lesion location and margins. 
• Ideally, consider minimally invasive approach (laparoscopic or robotic) for both liver resection and colectomy.
• Alternative : staged approach with first left lateral sectionectomy (segments II–III) with wedge resection of the remaining lesion, or a formal left hepatectomy if anatomically more appropriate, removing the 3 metastases en bloc aiming for ≥1 mm R0 margin followed with left hemicolectomy (standard oncologic resection of the left colon cancer) with lymphadectomy (at least 12 harvested lymph nodes).

E. Postoperative therapy
• Pathology report : confirmation of tumor type and origin, immunohistochemistry with tumor markers, histological growth pattern, margin status (R0, R1, R2), tumor grade, differentiation, pathologic response score (TRG), necrosis/fibrosis
• Complete a total of 6 months of systemic chemotherapy (including the pre operative cycles). 
• Monitor CEA and imaging at 3 month intervals given the elevated initial tumor marker (CEA 150 ng/mL).

","Step 3 – Critical missing information
A. Grade of differentiation and MSS/ MSI mutation of the primary tumor : influences prognosis and need for intensified adjuvant therapy. 
B. Precise segmental distribution of the three lesions within the left liver and detailed vascular/biliary relationship of the liver lesion – essential to confirm that a non anatomic resection will achieve clear margins without compromising hepatic inflow/outflow.  
E. Liquid biopsies to search circulating tumor DNA (ctDNA) and circulating tumor cells (CTCs) in the bloodstream"
12,"Step 1 – Resectability assessment  
Potentially resectable – the liver lesion is technically resectable, but definitive surgery cannot be performed upfront because the rectal T3N1 primary requires neoadjuvant chemoradiotherapy (and typically systemic chemotherapy) before any operative intervention. Completion of these pre‑operative oncologic treatments is a prerequisite for safe and oncologically sound resection of both sites.

","Step 2 – Oncological strategy  
- Initiate long‑course neoadjuvant chemoradiotherapy for the high rectal tumor (45‑50 Gy with concurrent capecitabine or 5‑FU).  
- Restage 6‑8 weeks after radiotherapy with high‑resolution pelvic MRI and liver MRI/contrast‑enhanced CT to assess tumor response and confirm persistence of the segment II metastasis.  
- Administer consolidation systemic chemotherapy (e.g., 3‑4 cycles of FOLFOX; because RAS is wild‑type, consider adding an anti‑EGFR agent such as cetuximab if clinically appropriate).  
- Re‑evaluate disease status after systemic therapy:  
   • If the rectal primary shows good response (down‑staging, clear mesorectal fascia) and the liver lesion remains resectable, proceed to surgery.  
   • Surgical plan can be either:  
        • Simultaneous low anterior resection (or appropriate sphincter‑preserving procedure) plus anatomical segment II resection (segmentectomy or wedge) in one operation, provided operative risk is acceptable and future liver remnant is adequate; or  
        • Staged approach – first complete the rectal resection, allow recovery (≈4‑6 weeks), then perform liver segment II resection. Choice depends on patient fitness, intra‑operative considerations, and multidisciplinary consensus.  
- Post‑operative adjuvant chemotherapy (completion of a total of 6‑8 months of systemic therapy) and consideration of adjuvant radiotherapy if margins are close.  
- Ongoing surveillance with serial CEA, imaging (CT or MRI) every 3‑6 months for the first 2 years.

","Step 3 – Missing data  
No critical information is lacking to make a definitive recommendation; the case provides tumor stage, metastatic burden, RAS status, and imaging that confirms resectability of the liver lesion.","Step 1 – Resectability assessment  
Potentially resectable – the hepatic lesion (1.5 cm in segment II) is technically amenable to R0 resection with an adequate future liver remnant. However, curative intent surgery cannot be performed immediately because the rectal primary (high T3) requires neoadjuvant pelvic treatment (radiotherapy ± chemoradiation) before definitive resection. The prerequisite action is completion of neoadjuvant therapy for the rectal tumor (or short‑course radiotherapy followed by timely surgery) prior to any hepatic or combined operation.

","Step 2 – Oncological strategy  
• Initiate neoadjuvant treatment for the rectal primary:  
   – Preferred option: long‑course chemoradiation (50.4 Gy in 28 fractions with concurrent capecitabine or 5‑FU) followed by a 6‑8 week interval;  
   – Alternative for fit patients: short‑course radiotherapy (5 × 5 Gy) with surgery scheduled within 1–2 weeks, allowing simultaneous liver resection.  
• During the neoadjuvant interval, give systemic chemotherapy aimed at the metastatic disease (e.g., 4–6 cycles of FOLFOX or CAPOX). RAS‑wild‑type status permits addition of an anti‑EGFR agent (cetuximab) if a more aggressive systemic approach is desired.  
• Restage after chemoradiation (or after short‑course RT): repeat high‑resolution liver MRI (or contrast‑enhanced CT) to confirm stability of the segment II metastasis, assess FLR volume, and exclude new lesions; repeat pelvic MRI to verify tumor response and mesorectal fascia status; obtain chest imaging to rule out occult pulmonary disease; re‑measure CEA.  
• Surgical sequencing (choose one based on multidisciplinary consensus and patient fitness):  
   – Liver‑first approach: perform a laparoscopic or open left lateral segmentectomy (non‑anatomic wedge or segmentectomy) with R0 margins, preserving ≥30 % FLR. After recovery (≈4–6 weeks) proceed to total mesorectal excision (TME) with a protective loop ileostomy if indicated.  
   – Simultaneous approach (if short‑course RT is used and patient is low‑risk): combine left lateral segmentectomy with low anterior resection/TME in a single operation, using minimally invasive techniques when feasible.  
• Post‑operative adjuvant therapy: complete a total of 6 months peri‑operative systemic chemotherapy (including any pre‑operative cycles) to address micrometastatic disease. Consider adding a short course of postoperative radiotherapy boost if the pathological response of the rectal tumor is suboptimal.  
• Follow‑up: CEA every 3 months for the first 2 years, then every 6 months; contrast‑enhanced CT or MRI of the abdomen and chest CT annually for at least 5 years, or sooner if clinical suspicion arises.

","Step 3 – Missing data  
• Detailed liver volumetry (future liver remnant percentage) and hepatic function tests (bilirubin, INR, ICG clearance if available).  
• Performance status/ECOG and comorbidity profile (cardiopulmonary reserve, ASA classification).  
• High‑resolution pelvic MRI findings (mesorectal fascia involvement, distance to sphincter, nodal status).  
• Chest imaging results (CT) to exclude pulmonary metastases.  
• Baseline tumor markers beyond CEA (e.g., CA 19‑9) if available.  
• Patient’s preference regarding sequencing (liver‑first vs. simultaneous) and willingness for minimally invasive surgery.","Step 1 - Resectability assessment  
Potentially resectable: The single 1.5 cm peripheral metastasis in segment II is anatomically amenable to curative liver resection, but the high rectal T3N1 primary requires neoadjuvant chemoradiotherapy before any definitive surgery. Moreover, key staging information (thoraco‑abdominal CT, liver MRI, FLR ratio) is missing, which must be obtained to confirm that no extra‑hepatic disease exists and that an adequate future liver remnant can be preserved. Therefore resection can only be contemplated after these prerequisite steps are completed.

","Step 2 - Oncological strategy  
- Initiate standard neoadjuvant long‑course chemoradiotherapy for the high rectal tumor (45 Gy in 25 fractions with concurrent 5‑FU/Capecitabine).  
- During or immediately after radiotherapy, start systemic chemotherapy (e.g., FOLFOX ± anti‑EGFR antibody given RAS wild‑type) to treat micrometastatic disease and maintain control of the liver lesion.  
- Perform restaging work‑up:  
   • Contrast‑enhanced thoraco‑abdominal CT (or PET‑CT) to exclude pulmonary or other extra‑hepatic metastases.  
   • Multiphasic liver MRI with hepatobiliary contrast to delineate lesion margins, vascular relationship, and to assess liver parenchyma.  
   • Calculate future liver remnant (FLR) volume; if FLR < 20‑30 % (depending on liver quality), consider portal vein embolisation or a two‑stage approach.  
- If restaging confirms solitary, peripheral liver disease with adequate FLR and no extra‑hepatic spread, proceed to definitive surgery:  
   1. Curative rectal resection (total mesorectal excision, preferably minimally invasive) performed 6‑8 weeks after completion of chemoradiotherapy.  
   2. After adequate postoperative recovery (typically 4‑6 weeks), perform a segment II wedge resection or anatomical segmentectomy with negative margins, using intra‑operative ultrasound to confirm lesion location and vascular anatomy.  
- Post‑operative adjuvant systemic chemotherapy (total 6 months of peri‑operative therapy) to complete standard oncologic treatment.  
- Enroll patient in surveillance protocol (CEA, cross‑sectional imaging) per guideline recommendations.

","Step 3 - Missing data  
- Confirmation of whether the primary rectal tumor has already been resected (ColorectalPrimaryTumorPostResectionCharacterization).  
- Timing of the liver metastasis (synchronous vs metachronous) (LiverMetastasesTiming).  
- Detailed vascular and biliary involvement of the liver lesion (PresenceOfVascularContactOrInvasion, ArterialAnatomy).  
- Thoraco‑CT results to rule out pulmonary metastases (ThoracoCTScanPerformed).  
- Liver MRI findings for precise lesion characterization and surgical planning (Has liver MRI been performed?).  
- Assessment of future liver remnant volume (FLRRatioCompatibilitySurgery).  
- Status of any prior systemic chemotherapy (Has a systemic treatment already been performed?).  

These items are essential to move from “potentially resectable” to a definitive surgical plan.","Step 1 – Resectability assessment  
Potentially resectable  
 The liver lesion is a solitary 1.5 cm metastasis in segment II, which is technically amenable to a non‑anatomic wedge resection preserving a sufficient future liver remnant.  
 The primary rectal tumor is T3N1 and, according to standard rectal cancer algorithms, requires neoadjuvant chemoradiation (or total neoadjuvant therapy) before any definitive resection; therefore surgery cannot be performed “upfront.”  
 A decisive piece of information is missing: thoracic imaging (CT) to rule out pulmonary metastases, and liver MRI to confirm absence of vascular or biliary involvement and to calculate the FLR ratio. Without this data the safety of a curative resection cannot be guaranteed, so the case is classified as potentially resectable pending completion of those steps.

","Step 2 – Oncological strategy  
1. Neoadjuvant treatment of the rectal primary – initiate total neoadjuvant therapy (TNT):  
    Induction systemic chemotherapy (e.g., 6 cycles FOLFOX ± biologic given RAS‑wild‑type) → followed by long‑course chemoradiation (50.4 Gy with concurrent 5‑FU/Capecitabine).  
2. Restaging after TNT – obtain:  
    High‑resolution pelvic MRI to assess tumor response and circumferential resection margin.  
    Contrast‑enhanced liver MRI (or liver‑specific MRI) to verify that the segment II lesion remains ≤2 cm, without vascular/biliary contact, and to calculate the FLR ratio.  
    Thoracic CT (or PET‑CT) to exclude pulmonary metastases.  
3. Multidisciplinary decision – if restaging shows:  
    Good response of the rectal tumor (no threatening MRF, resectable) and stable or regressed liver lesion, and no extra‑hepatic disease, proceed to curative surgery.  
4. Surgical plan – because the liver resection is minor (segment II wedge) and the rectal resection is a low‑anterior resection (TME), a simultaneous laparoscopic approach is feasible:  
    Laparoscopic low‑anterior resection with total mesorectal excision and protective loop ileostomy (if indicated).  
    Laparoscopic or open non‑anatomic wedge resection of segment II with intra‑operative ultrasound to confirm margins.  
    Ensure at least 2 contiguous liver segments remain with adequate inflow/outflow and a FLR ≥ 30 % (to be confirmed intra‑operatively).  
5. Post‑operative management –  
    Pathology‑driven adjuvant chemotherapy (completion of planned systemic regimen).  
    Consider adjuvant targeted therapy (anti‑EGFR) if further molecular profiling supports benefit.  
    Surveillance: CEA every 3 months, CT chest/abdomen/pelvis and MRI pelvis at 6‑month intervals for the first 2 years.

","Step 3 – Missing data  
 Thoracic CT (or PET‑CT) results – essential to exclude pulmonary metastases that would change the intent from curative to palliative.  
 Liver MRI with vascular mapping – required to rule out hidden vascular/biliary involvement and to calculate the future liver remnant ratio.  
 Future liver remnant (FLR) ratio – needed to confirm that resection of segment II will leave an adequate functional liver volume.  
 Status of primary tumor resection – currently “Missing”; confirmation that the rectal primary has not yet been removed is needed to schedule neoadjuvant therapy.  
 Tumor differentiation grade – while not directly altering resectability, it informs prognosis and may influence the intensity of systemic therapy.  
 Timing of liver metastasis (synchronous vs metachronous) – clarifies whether the lesion is truly synchronous, which impacts sequencing decisions.  

These missing items should be obtained before finalizing the surgical plan.","Step 1 – Resectability assessment
The patient presents with a single 1.5 cm liver metastasis located in segment II, without evidence of extrahepatic disease. The lesion is peripheral and technically amenable to a parenchymal-sparing resection with preservation of an adequate future liver remnant. According to current hepatobiliary oncologic criteria for solitary, small, peripherally located metastasis, this pattern is considered potentially resectable.

","Step 2 – Recommended oncologic sequence
A. Preoperative staging
• Obtain high resolution pelvic MRI and contrast enhanced CT to confirm primary tumor location, circumferential and distal margins, lymph nodes involvement, invasion of fascia recti. A chest CT scan to analyse extrahepatic disease.

B. Systemic therapy
• Give 2–3 months of peri operative doublet chemotherapy (FOLFOX ± bevacizumab or cetuximab)
• RAS wild-type status allows consideration of anti-EGFR therapy depending on MDT strategy.
• Re stage after chemotherapy with high resolution liver and pelvic MRI (and contrast-enhanced CT) to assess tumor biology and optimize oncologic control for both primary tumor and liver metastases

C. Management of the rectal primary (oncologic priority)
• Given the T3N1 upper rectal cancer, long-course radiotherapy is appropriate to optimize local control and allow coordinated surgical planning.

D. Coordinated surgical strategy (combined approach preferred)
• Initiate doublet chemotherapy (FOLFOX or CAPOX) during the waiting period following radiotherapy. This period treats potential micrometastatic disease and tests tumor biology.
• Consider image-guided ablation of the single lesion using high-energy radio waves to generate heat via a probe (if no biliary or large vessels proximity)
• After restaging with high-resolution liver MRI and pelvic imaging,
-	If complete morphological rectal tumor response : resection / ablation of the segment II metastasis with follow up of primary tumor
-	If near complete morphological rectal tumor response : resection / ablation of the segment II metastasis followed with strict follow up of primary tumor
-	If incomplete morphological rectal tumor response : liver-first resection or ablation of the segment II metastasis, then rectal resection after appropriate recovery, using a staged or synchronous strategy : oncologic resection of the upper rectum (low anterior resection with TME principles).
– Parenchymal-sparing segment II wedge/segmentectomy aiming for ≥1 mm R0 margin.
• Use intra operative ultrasound to verify lesion location and margins.
• Ideally, consider minimally invasive approach (laparoscopic or robotic) for liver resection.
• This combined approach avoids multiple surgeries and is safe for a solitary peripheral metastasis.

D. Postoperative therapy
• Pathology report : confirmation of tumor type and origin, immunohistochemistry with tumor markers, histological growth pattern, margin status (R0, R1, R2), tumor grade, differentiation, pathologic response score (TRG), necrosis/fibrosis
• Complete a total of 6 months of systemic chemotherapy including pre-operative cycles.
• Close surveillance with CEA and imaging at 3-month intervals.

","Step 3 – Critical missing information
A. Exact distance of the rectal tumor from the anal verge, and circumferential resection margin (CRM) status on pelvic MRI influencing surgical approach and anastomotic risk.
B. Grade of differentiation and MSS/ MSI mutation of the primary tumor : influences prognosis and need for intensified adjuvant therapy
C. Detailed vascular and biliary relationships of the segment II lesion on liver MRI.
D. chest CT scan
F. Liquid biopsies to search circulating tumor DNA (ctDNA) and circulating tumor cells (CTCs) in the bloodstream"
13,"Step 1 - Resectability assessment  
Resectable upfront: All three hepatic lesions are ≤4 cm, confined to segments IV, V and VIII, and can be removed with an extended right hepatectomy (segments V‑VIII) plus segment IV resection, leaving segments II‑III as the future liver remnant (≈20 % of total liver volume). In a patient without known chronic liver disease this FLR is adequate. The primary colon tumor is resectable with standard oncologic left‑sided colectomy (possible multivisceral resection if adjacent structures are involved). No anatomical or oncologic contraindication to surgery is evident, therefore the disease is resectable without prerequisite treatment.

","Step 2 - Oncological strategy  
1. Baseline staging and functional assessment  
   • Obtain high‑resolution liver MRI with hepatobiliary contrast to confirm lesion number, vascular involvement and to perform volumetric analysis of the future liver remnant.  
   • Assess liver function (ICG clearance or LiMAx) and patient performance status (ECOG 0‑1).  

2. Neoadjuvant systemic therapy (given high‑risk primary: T4a, N2, KRAS‑mutated, CEA 330 ng/mL)  
   • Start 6 cycles of FOLFOX (or FOLFOXIRI if tolerated) combined with bevacizumab (anti‑VEGF, appropriate for KRAS‑mutated disease).  
   • Re‑evaluate CEA trend and radiologic response after chemotherapy.  

3. Restaging  
   • Repeat contrast‑enhanced CT or MRI to confirm that all hepatic lesions remain resectable and that no new extra‑hepatic disease has appeared.  

4. Surgical sequencing – preferred staged approach because a major hepatectomy is required:  
   a. First operation: Laparoscopic or open left‑sided colectomy with oncologic lymphadenectomy (R0 resection).  
   b. Post‑colectomy interval: Additional 2–3 cycles of the same chemotherapy regimen to maximize systemic disease control.  
   c. Second operation: Extended right hepatectomy (segments V‑VIII) plus segment IV resection, performed with intra‑operative ultrasound to ensure negative margins; preserve segments II‑III as FLR.  

   If intra‑operative assessment shows insufficient FLR, consider portal vein embolization (PVE) after the colon resection and before liver surgery to hypertrophy the left lateral segments.  

5. Adjuvant therapy  
   • Complete a total of 12 cycles of peri‑operative chemotherapy (including neoadjuvant and adjuvant portions) unless contraindicated by postoperative recovery.  

6. Surveillance  
   • CEA every 3 months for the first 2 years, then every 6 months up to 5 years.  
   • Cross‑sectional imaging (CT or MRI) at 6‑month intervals for the first 2 years, then annually.  

","Step 3 - Missing data  
No essential data are missing to make a reliable resectability and management recommendation. The case provides tumor stage, metastatic burden, KRAS status, and imaging description sufficient for the outlined plan.","Step 1 - Resectability assessment  
Resectable upfront  
The three metastases are ≤ 4 cm, located in segments IV, V and VIII, which can be removed with non‑anatomical or limited anatomical resections while preserving at least two contiguous liver segments and an estimated future liver remnant > 30 % (the lesions are small and limited in number). No extra‑hepatic disease is reported. Technical criteria (adequate inflow/outflow, biliary drainage) are satisfied, and there is no indication of vascular invasion. Therefore the hepatic disease meets current oncologic and technical definitions of resectability and can be addressed without mandatory pre‑operative down‑staging.

","Step 2 - Oncological strategy  
• Pre‑operative work‑up  
   – Obtain liver volumetry (CT‑based or MRI) to confirm FLR ≥ 30 % (or ≥ 40 % if prior chemotherapy).  
   – Full staging (chest CT, PET‑CT if indicated) to rule out occult extra‑hepatic disease.  
   – Assess performance status, cardiopulmonary reserve, and liver function (bilirubin, INR, albumin).  

• Neoadjuvant systemic therapy (optional but advised)  
   – Because of high‑risk primary features (T4a, N2, KRAS‑mutated, CEA 330 ng/mL), give 3 – 4 cycles of FOLFOX ± bevacizumab.  
   – Re‑image after chemotherapy to confirm disease stability or response; progression would defer surgery.  

• Surgical sequencing (most appropriate for this presentation)  
   – Simultaneous resection: perform a left‑sided colectomy (standard oncologic resection with adequate lymphadenectomy) combined with limited hepatic resections (segment IV, segment V and segment VIII wedge/segmentectomies) in the same operative session.  
   – Rationale: liver resections are minor (no major hepatectomy), operative time and morbidity are acceptable, and simultaneous surgery avoids a second laparotomy and potential disease progression while the primary is still resectable.  

• Post‑operative management  
   – Resume systemic chemotherapy to complete a total of 6 months peri‑operative therapy (including the pre‑operative cycles).  
   – Consider adjuvant oxaliplatin‑based regimen; anti‑VEGF continuation is optional based on tolerance.  
   – Surveillance: CEA every 3 months, contrast‑enhanced CT or MRI of the liver and chest every 6 months for the first 2 years, then annually.  

","Step 3 - Missing data  
A reliable final plan would benefit from the following essential information that is not provided:  
- Quantitative future liver remnant volume (CT/MRI volumetry).  
- Baseline liver function tests (bilirubin, INR, albumin, platelet count).  
- Patient’s performance status (ECOG/ASA) and comorbidities (cardiovascular, pulmonary, diabetes).  
- Detailed imaging of the primary tumor to confirm resectability margins and any adjacent organ involvement.  
- Confirmation that there is no occult extra‑hepatic disease (e.g., PET‑CT or high‑resolution chest CT).  

These data should be obtained before finalizing the operative schedule.","Step 1 – Resectability assessment  
Potentially resectable  
Reasoning: The liver disease consists of three lesions (segments IV, V, VIII; max 3.8 cm) that are technically amenable to resection, but decisive information is missing. The analysis lacks (a) FLR‑ratio assessment (FutureLiverRemnantFLRRatio – Missing), (b) thoraco‑CT to exclude pulmonary metastases (ThoracoCTScanPerformed = False), (c) liver MRI and vascular anatomy (Has liver MRI been performed? – Missing; PresenceOfVascularContactOrInvasion – Missing), and (d) whether the primary colon tumor has already been resected (Has the colorectal primary tumor been already resected? – Missing). These gaps must be resolved before a definitive surgical plan can be made.

","Step 2 – Oncological strategy  
• Complete staging: obtain a contrast‑enhanced chest CT, a liver MRI with hepatobiliary phase, and volumetric CT to calculate the future liver remnant (FLR) ratio.  
• If the primary colon tumor is still in situ, schedule colon resection (segmental left‑sided colectomy) either simultaneously with liver surgery or as a staged procedure after systemic therapy, depending on the extent of liver resection required.  
• Initiate systemic chemotherapy (e.g., FOLFOXIRI ± bevacizumab) because of high‑risk features (T4a, N2, KRAS‑mutated, CEA 330 ng/mL) and to assess tumor biology.  
• Re‑image after 2–3 months of chemotherapy to evaluate response of liver lesions, confirm FLR adequacy, and verify absence of extra‑hepatic disease.  
• If imaging shows sufficient FLR (≥ 30 % in normal liver or ≥ 40 % after chemotherapy‑associated liver injury) and no extra‑hepatic metastases, proceed to curative liver resection (likely an extended right hepatectomy including segment IV) combined with colon resection (simultaneous if operative risk acceptable, otherwise staged).  
• Post‑operative adjuvant chemotherapy to complete a total of 6‑8 months systemic therapy, with consideration of targeted agents per KRAS status.  

","Step 3 – Missing data most crucial for the recommendation  
• FLR ratio compatibility with surgery (FutureLiverRemnantFLRRatio).  
• Thoracic imaging to rule out pulmonary metastases (ThoracoCTScanPerformed = False).  
• Detailed liver MRI to define vascular involvement and lesion characteristics (Has liver MRI been performed?, PresenceOfVascularContactOrInvasion).  
• Status of the primary colon tumor resection (Has the colorectal primary tumor been already resected?).  
These items directly determine whether an upfront curative operation is feasible or whether neoadjuvant therapy and further work‑up are required.","Step 1 – Resectability assessment  
Potentially resectable  
 The three liver lesions (segments IV, V, VIII, largest 3.8 cm) could be removed with curative intent, but the structured analysis lacks a definitive FLR‑ratio assessment and any evaluation of vascular or biliary involvement that could make the resection technically unsafe.  
 Thoraco‑CT has not been performed, so occult pulmonary metastases cannot be excluded.  
 The status of the primary colon tumour (resected or not) and any obstructive/bleeding symptoms are missing, which influences the sequencing of surgery.  
 Because these missing pieces of information are decisive for planning a safe hepatectomy, the case must be classified as “Potentially resectable” pending completion of the required assessments.

","Step 2 – Oncological strategy (step‑by‑step)  
1. Complete staging  
    Perform thoracic CT (or PET‑CT) to rule out pulmonary disease.  
    Obtain liver MRI with hepatocyte‑specific contrast to define lesion vascular contact, biliary involvement, and to calculate the future liver remnant (FLR) volume.  
    Review colonoscopy and operative notes to confirm whether the primary tumour has already been resected; if not, assess for obstruction, perforation or bleeding.  

2. Neoadjuvant systemic therapy  
    Initiate an oxaliplatin‑based doublet (FOLFOX) combined with bevacizumab, given the KRAS‑mutated status (anti‑EGFR agents are ineffective).  
    Treat for 2–3 months (≈ 4–6 cycles) to assess tumour biology, control micrometastatic disease and possibly down‑size the liver lesions.  

3. Re‑assessment after chemotherapy  
    Repeat liver MRI (or triphasic CT) to evaluate response, confirm FLR adequacy and re‑measure lesion size.  
    If FLR < 30 % (or < 40 % after chemotherapy), plan portal‑vein embolisation (PVE) or consider a two‑stage hepatectomy/ALPPS, depending on the degree of hypertrophy needed.  

4. Surgical sequencing  
    If the primary tumour is still in situ and asymptomatic:  
     – Perform a colon‑first approach (segmental left‑sided colectomy) followed by recovery (≈ 4–6 weeks).  
     – Continue postoperative chemotherapy (same regimen) for additional 2–3 months to maintain disease control.  
    If the primary tumour is symptomatic or at high risk of obstruction/perforation: proceed with colon resection first, as above.  
    If the primary tumour has already been resected or is low‑risk, a simultaneous resection can be considered only when the liver operation is limited (e.g., non‑major wedge resections). In this case, the lesions involve both lobes, likely requiring a right hepatectomy plus segment IV wedge – a major resection – so a staged approach is safer.  

5. Definitive liver surgery  
    Aim for an R0 resection of all three metastases, preserving at least two contiguous segments with adequate inflow/outflow and biliary drainage.  
    Use intra‑operative ultrasound to confirm lesion clearance and to guide parenchymal transection.  
    If FLR is adequate after any pre‑operative hypertrophy manoeuvre, proceed with right hepatectomy (segments V‑VIII) plus non‑anatomical resection of segment IV.  

6. Post‑operative management  
    Pathology review of both primary and liver specimens (including margin status, differentiation, lymphovascular invasion).  
    Resume/adapt adjuvant chemotherapy for a total of 6 months (or longer if high‑risk features persist).  
    Serial CEA monitoring and imaging (CT/MRI) every 3–6 months for the first 2 years.  

","Step 3 – Missing data most crucial for the recommendation  
 Future liver remnant (FLR) ratio – without a quantified FLR the safety of a major hepatectomy cannot be confirmed.  
 Thoraco‑CT (or PET‑CT) results – needed to exclude pulmonary metastases that would alter the curative intent.  
 Primary tumour resection status and symptomatology – determines whether a colon‑first, simultaneous, or liver‑first sequence is appropriate.  
 Liver MRI (vascular/biliary involvement) – essential to plan the extent of hepatic resection and to decide if portal‑vein embolisation or a staged approach is required.  
 Whether any systemic chemotherapy has already been given – influences timing of surgery and the need for additional neoadjuvant cycles.","Step 1 – Resectability assessment
The patient presents with three liver metastases located in segments IV, V, and VIII, the largest measuring 3.8 cm, without evidence of extrahepatic disease. Although the distribution involves central and right segments, the lesions are technically amenable to parenchymal-sparing resections with preservation of adequate vascular structures and an acceptable future liver remnant. According to current hepatobiliary oncologic criteria for limited number and technically accessible metastases, this pattern is considered potentially resectable.

","Step 2 – Recommended oncologic sequence
A. Preoperative staging
• Perform high-resolution liver MRI and contrast-enhanced CT to confirm the relationship of the 3 lesions to segment IV, V et VIII vascular and biliary structures. Precise anatomical mapping is required to plan a safe parenchymal-sparing resection.
• Given the high CEA level (330 ng/mL), perform high-resolution 18FDG PET-CT and a chest CT scan

B. Preoperative systemic therapy
• The very high CEA level (330 ng/mL), T4aN2 primary tumor, KRAS mutation and multiplicity of lesions indicate biologically aggressive disease.
• Give 2–3 months of peri operative doublet chemotherapy (FOLFOX ± bevacizumab) to treat potential micrometastatic disease and assess tumor biology.
• KRAS mutation excludes anti-EGFR therapy.
• This period treats micrometastatic disease and evaluates tumor biology.

C. Restaging before surgery
• Perform high-resolution liver MRI and contrast-enhanced CT after chemotherapy to confirm maintained resectability and evaluate vascular/biliary relationships.

D. Surgical management (staged approach preferred))
• If restaging confirms continued resectability, perform a first parenchymal-sparing resections guided by intra-operative ultrasound, aiming for ≥1 mm R0 margin:
– Segment IV wedge/segmentectomy.
– Segment V wedge resection.
– Segment VIII wedge resection.
• Use intra operative ultrasound to verify lesion location and margins. 
• Ideally, consider minimally invasive approach (laparoscopic or robotic) for liver resection.
• Preoperative prehabilitation and ERAS (Enhanced Recovery After Surgery) protocols are evidence-based, multidisciplinary strategies designed to optimize patient health before surgery and accelerate recovery afterward.

E. Management of the primary tumor
• After recovery, left hemicolectomy (standard oncologic resection of the left colon cancer) with lymphadectomy (at least 12 harvested lymph nodes) with anastomosis
• Ideally, consider minimally invasive approach (laparoscopic or robotic) for colectomy.

F. Postoperative therapy
• Pathology report : confirmation of tumor type and origin, immunohistochemistry with tumor markers, histological growth pattern, margin status (R0, R1, R2), tumor grade, differentiation, pathologic response score (TRG), necrosis/fibrosis
• Complete a total of 6 months of systemic chemotherapy (including the pre operative cycles). 
• Monitor CEA and imaging at 3 month intervals given the elevated initial tumor marker (CEA 330 ng/mL).

","Step 3 – Critical missing information
A. Grade of differentiation and MSS/ MSI mutation of the primary tumor : influences prognosis and need for intensified adjuvant therapy. 
B. Precise segmental distribution of the three lesions within the right liver and detailed vascular/biliary relationship of the liver lesion – essential to confirm that a non anatomic resection will achieve clear margins without compromising hepatic inflow/outflow. 
C. Potential extension of primary tumor to adjacent organ (abdominal wall, ureter, small bowel)
D. chest CT scan
E. Future liver remnant (FLR) estimation if a major hepatectomy is considered.
G. Liquid biopsies to search circulating tumor DNA (ctDNA) and circulating tumor cells (CTCs) in the bloodstream"
14,"Step 1 – Resectability assessment  
Resectable upfront  
- Two liver metastases, each ≤3 cm, located in segment III (left lateral) and segment VI (right posterior), are surgically accessible with limited anatomic resections (segmentectomy or wedge) preserving an adequate future liver remnant (>30 % in a normal liver).  
- No radiologic evidence of extra‑hepatic disease; primary tumor is T3N0, indicating limited systemic burden.  
- Patient age 74 does not preclude surgery provided functional status is acceptable.  
- Therefore, curative‑intent resection can be performed without mandatory pre‑operative down‑staging.

","Step 2 – Oncological strategy  
- Pre‑operative work‑up  
  • Full cardiopulmonary assessment and baseline liver function tests.  
  • Volumetric CT or MRI to confirm sufficient future liver remnant.  
  • Staging chest imaging to exclude occult pulmonary metastases.  
  • Molecular profiling of the primary (KRAS/NRAS) if not already available.  

- Surgical plan  
  • Perform a one‑stage simultaneous resection: right hemicolectomy for the primary tumor combined with limited liver resection (segment III resection and segment VI wedge/segmentectomy).  
  • Use intra‑operative ultrasound to confirm lesion margins and detect any additional occult metastases.  
  • Aim for R0 margins (>1 cm when feasible) while preserving liver parenchyma.  

- Peri‑operative systemic therapy  
  • Given the resectable status, either:  
    – Proceed directly to surgery followed by adjuvant chemotherapy (6 months FOLFOX or CAPOX), or  
    – Administer 3 months of neoadjuvant FOLFOX/CAPOX before surgery to assess tumor biology and treat micrometastatic disease, then proceed to the combined resection.  
  • Choice between upfront surgery vs. short neoadjuvant course should be individualized based on performance status, comorbidities, and patient preference.  

- Post‑operative management  
  • Monitor liver function and CEA; aim for postoperative CEA decline.  
  • Complete the planned adjuvant chemotherapy regimen.  
  • Schedule surveillance imaging (CT chest/abdomen/pelvis) every 3–6 months for the first 2 years, then annually.  

","Step 3 – Missing data  
- No essential data are lacking for a reliable resectability assessment and management plan.  
(If any of the following were unavailable, they would be required: performance status/comorbidities, detailed liver function tests, volumetric assessment of future liver remnant, KRAS/NRAS status, chest imaging for extra‑hepatic disease.)","Step 1 - Potentially resectable  
- Two liver metastases (2.2 cm in segment III, 3 cm in segment VI) are small, anatomically accessible and amenable to segmental resection.  
- Technical criteria (ability to achieve R0 margins, preservation of at least two contiguous liver segments, adequate inflow/outflow) appear satisfied.  
- Definitive classification requires confirmation that the future liver remnant (FLR) will be ≥30 % of total liver volume (or FLR/body‑weight ratio > 0.5). This information is not provided; therefore resection cannot be declared upfront.  
- No extra‑hepatic disease is reported, and BRAF wild‑type status is favorable, but performance status, comorbidities and baseline liver function are unknown and could also preclude surgery.  

","Step 2 - Oncological strategy  
1. Comprehensive pre‑operative work‑up  
   - Obtain ECOG/ASA score, detailed cardiopulmonary assessment, liver function tests (bilirubin, INR, albumin), and volumetric imaging (contrast‑enhanced CT or MRI) to calculate FLR.  
   - Verify RAS mutation status and MSI/dMMR status (both influence systemic therapy choice).  

2. Neoadjuvant systemic therapy (optional but advisable)  
   - Because the disease is synchronous, CEA is elevated (88 ng/mL) and the patient is elderly, give a short course (3–4 cycles) of FOLFOX ± anti‑EGFR monoclonal antibody (if RAS wild‑type) to assess tumor biology (“proof of time”) and treat micrometastatic disease.  
   - Re‑stage with imaging after chemotherapy to confirm that lesions remain resectable and that FLR is still adequate.  

3. Surgical sequencing  
   - If the patient is fit and FLR is sufficient, proceed with a simultaneous operation: right hemicolectomy (standard oncologic resection with lymphadenectomy) combined with segmental resections of segment III and segment VI (non‑anatomic or anatomical segmentectomy) aiming for R0 margins.  
   - If the liver resection is deemed marginal (e.g., FLR <30 % after chemotherapy‑induced liver injury) or the patient has significant comorbidity, adopt a staged approach: first liver‑first (segmentectomies) followed by colon resection after recovery, or vice‑versa if primary tumor symptoms dictate.  

4. Adjuvant therapy  
   - Complete a total of 6 months of peri‑operative chemotherapy (including the pre‑operative cycles). Adjust regimen based on postoperative pathology (margin status, nodal status, RAS/BRAF).  

5. Surveillance  
   - Monitor CEA every 3 months for the first 2 years, then every 6 months.  
   - Imaging (contrast‑enhanced CT or MRI of liver, chest CT) at 6‑month intervals for the first 2 years, then annually up to 5 years.  

","Step 3 - Missing data  
- ECOG performance status / ASA classification.  
- Detailed comorbidity profile (cardiac, pulmonary, renal).  
- Baseline liver function tests (bilirubin, INR, albumin, platelet count).  
- Volumetric assessment of future liver remnant.  
- RAS mutation status and MSI/dMMR status.  
- Histologic grade of the primary tumor.  
- Patient’s preference regarding surgical timing and willingness for chemotherapy.","Step 1 - Potentially resectable  
Reasoning: The liver lesions are limited (2 lesions, 2.2 cm and 3 cm) and located in segments III and VI, which are surgically accessible, and no extra‑hepatic disease is identified on CT. However, decisive information required to confirm feasibility of hepatic resection is missing: (a) quantitative future liver remnant (FLR) ratio, (b) presence or absence of vascular or biliary contact/invasion, (c) detailed arterial anatomy, and (d) high‑resolution liver MRI for lesion characterization. Because these items are essential to determine whether a safe resection can be performed, the case must be classified as “Potentially resectable” pending completion of the missing assessments.

","Step 2 - Oncological strategy  
• Complete staging: obtain a contrast‑enhanced liver MRI with diffusion sequences and perform volumetric CT or MRI to calculate FLR. Review arterial, portal, and hepatic venous anatomy; assess for any vascular or biliary involvement of the lesions. Consider brain MRI to rule out occult cerebral metastasis (the only extra‑hepatic site not yet excluded).  
• Multidisciplinary decision after imaging:  
   – If FLR ≥ 30 % (normal liver) and no major vascular/biliary invasion, proceed to a simultaneous resection – right hemicolectomy for the T3N0 primary plus limited anatomical resections of segments III and VI (or non‑anatomical wedge resections) in a single operation.  
   – If FLR is insufficient or major vascular involvement is identified, plan a staged approach: (1) resect the colon primary first; (2) perform portal vein embolization (PVE) of the right portal branches to hypertrophy the left liver; (3) after adequate hypertrophy, conduct a delayed liver resection of the metastases.  
• Systemic therapy: given synchronous metastatic disease and an elevated CEA (88 ng/mL), initiate peri‑operative chemotherapy (e.g., 3–4 cycles of FOLFOX ± anti‑EGFR antibody, assuming KRAS/NRAS wild‑type) either before surgery (to assess tumor biology and potentially downsize lesions) or after surgery if the upfront resection is deemed safe.  
• Post‑operative management: complete a total of 6 months of peri‑operative chemotherapy (including any neoadjuvant cycles) and consider adjuvant oxaliplatin‑based regimen per current guidelines.  
• Surveillance: serial CEA measurements and imaging (CT or MRI) every 3–6 months for the first 2 years, then annually.

","Step 3 - Missing data  
• Quantitative FLR ratio (required to confirm that the remnant liver will be sufficient).  
• Detailed assessment of vascular/biliary contact or invasion and arterial anatomy (critical for planning the extent of hepatic resection).  
• Contrast‑enhanced liver MRI (to refine lesion characterization and detect additional occult metastases).  
• Timing of liver metastases (synchronous vs metachronous) – influences the need for neoadjuvant chemotherapy.  
• Status of primary tumor resection (has it already been removed?).  
• History of systemic chemotherapy (has any pre‑operative treatment been given?).  
• Evaluation for brain metastasis (the only extra‑hepatic site not yet excluded).  

These items must be obtained before a definitive surgical plan can be finalized.","Step 1 – Resectability assessment  
Potentially resectable: the two lesions (2.2 cm in segment III and 3 cm in segment VI) are anatomically amenable to curative resection, but definitive technical feasibility cannot be confirmed until (a) a liver‑specific MRI is obtained to define vascular and biliary relationships, and (b) the future liver remnant (FLR) volume/ratio is calculated. These missing pieces of information are decisive for planning a safe hepatectomy in a 74‑year‑old patient.

","Step 2 – Oncological strategy  
- Obtain a contrast‑enhanced liver MRI (including hepatobiliary phase) to assess lesion borders, vascular/biliary contact, and to allow accurate volumetric FLR measurement.  
- If FLR ≥ 30 % (or FLR/BW ≥ 0.5) and no major vascular invasion is identified, proceed with a simultaneous curative operation: right hemicolectomy for the T3N0 right‑colon primary (primary is asymptomatic) combined with limited hepatic resections (segment III wedge/segmentectomy and segment VI non‑anatomic resection) aiming for R0 margins.  
- If FLR is insufficient or vascular involvement is present, adopt a staged approach: (i) perform the colon resection first, (ii) consider portal vein embolisation or a two‑stage/hepatectomy strategy to augment FLR, and (iii) complete liver resection once adequate remnant is secured.  
- Given the limited disease burden, BRAF‑wild‑type status and absence of extra‑hepatic metastases, neoadjuvant systemic chemotherapy is not mandatory; however, peri‑operative (adjuvant) chemotherapy with a fluoropyrimidine‑oxaliplatin doublet (e.g., 6 cycles of FOLFOX) should be offered post‑operatively to address micrometastatic disease and the elevated CEA level.  
- Post‑operative surveillance: CEA monitoring every 3 months, cross‑sectional imaging (CT or MRI) at 6‑month intervals for the first 2 years, then annually.

","Step 3 – Missing data  
- Liver MRI (arterial anatomy, vascular/biliary involvement, lesion characterization).  
- Future liver remnant volume/FLR ratio compatibility with surgery.  
- Whether the colorectal primary has already been resected.  
- Timing of liver metastases (synchronous vs metachronous) to refine biological risk assessment.  
- Any prior systemic therapy that could have altered tumor biology or liver parenchyma. These items are essential to move from “potentially resectable” to a definitive “resectable upfront” plan.","Step 1 – Resectability assessment
The patient presents with two liver metastases located in segments III and VI (2.2 and 3 cm), without evidence of extrahepatic disease. Both lesions are situated in opposite lobes but technically amenable to parenchymal-sparing resections with preservation of an adequate future liver remnant. According to current hepatobiliary oncologic criteria for limited number, small size, and favorable location of metastases, this pattern is considered potentially resectable.

","Step 2 – Recommended oncologic sequence

A. Preoperative staging
• Perform high-resolution liver MRI and contrast-enhanced CT to confirm the relationship of the lesion to segment III and VI vascular and biliary structures. Precise anatomical mapping is required to plan a safe parenchymal-sparing resection. Assess extension of primary right-sided cancer to adjacent organs (ureter, duodenum, small intestine, abdominal wall)

B. Systemic therapy
• Give 2–3 months of peri operative doublet chemotherapy (FOLFOX ± bevacizumab or cetuximab) to treat potential micrometastatic disease and assess tumor biology
• BRAF wild-type does not modify the surgical indication.
• Re stage after chemotherapy with high resolution liver MRI and contrast-enhanced CT. 

B. Surgical strategy: preference for combined approach
• Given the number of lesion (2) and the location of the primary cancer, a combined strategy could be considered.
• If restaging confirms continued resectability, perform a first wedge resection of segment III and a wedge resection of segment VI aiming while preserving maximal liver parenchyma, for ≥1 mm R0 margin and a right hemicolectomy (standard oncologic resection of the right colon cancer) with D2-D3 lymphadectomy (at least 12 harvested lymph nodes).
• Use intra operative ultrasound to verify lesion location and margins. 
• Ideally, consider minimally invasive approach (laparoscopic or robotic) for both liver resection and colectomy.
• Alternative : staged atypical resection of the two metastases followed after reconvery with oncologic a right hemicolectomy (standard oncologic resection of the right colon cancer) with D2-D3 lymphadectomy (at least 12 harvested lymph nodes)

C. Postoperative therapy
• Pathology report : confirmation of tumor type and origin, immunohistochemistry with tumor markers, histological growth pattern, margin status (R0, R1, R2), tumor grade, differentiation, pathologic response score (TRG), necrosis/fibrosis
• Complete a total of 6 months of systemic chemotherapy (including the pre operative cycles). 
• Monitor CEA and imaging at 3 month intervals.

","Step 3 – Critical missing information
A. Grade of differentiation and MSS/ MSI mutation of the primary tumor : influences prognosis and need for intensified adjuvant therapy. 
B. Potential extension of primary tumor to adjacent organ (abdominal wall, ureter, small bowel)
C. Detailed vascular/biliary relationship of the segment III and VI liver lesion – essential to confirm that a non anatomic resection will achieve clear margins without compromising hepatic inflow/outflow. 
F. Liquid biopsies to search circulating tumor DNA (ctDNA) and circulating tumor cells (CTCs) in the bloodstream"
15,"Step 1 - Resectable upfront  
The solitary 2.8 cm metastasis in segment V meets conventional criteria for hepatic resection (single lesion, peripheral location, adequate future liver remnant, no extra‑hepatic disease). The rectal primary is T2N0, indicating a low‑stage tumor that can be removed with curative intent without the need for down‑staging. Therefore the patient is classified as Resectable upfront.

","Step 2 - Oncological strategy  
- Primary rectal tumor: Proceed with curative‑intent surgery (total mesorectal excision or local excision if low‑lying and technically feasible) without neoadjuvant chemoradiation, given T2N0 status.  
- Liver metastasis: Plan a curative hepatic resection (segmentectomy of segment V) after the rectal operation, allowing 4–6 weeks for recovery; this staged approach minimizes combined operative morbidity while preserving oncologic outcomes.  
- Systemic therapy: Administer peri‑operative systemic chemotherapy (e.g., 6 months of FOLFOX or CAPOX) after recovery from the second surgery, as KRAS mutation does not preclude standard fluoropyrimidine‑based regimens.  
- Follow‑up: Serial CEA monitoring and imaging (CT or MRI) every 3–6 months for the first 2 years, then annually, to detect recurrence early.

","Step 3 - Missing data  
- Exact distance of the rectal lesion from the anal verge and MRI staging details (mesorectal fascia involvement).  
- Baseline liver function tests and volumetric assessment of future liver remnant.  
- Patient’s performance status (ECOG/ASA) and comorbidities that could affect surgical tolerance.  
- Details of multidisciplinary consensus on timing (simultaneous vs staged) and patient preference.","Step 1 – Resectability assessment  
Resectable upfront – The liver lesion is solitary (2.8 cm), located in segment V, and can be removed with a non‑anatomic or segmental resection while preserving at least two contiguous liver segments and an adequate future liver remnant (>30 % in a non‑cirrhotic liver). No extra‑hepatic disease is reported. The primary rectal cancer is T2 N0, which is amenable to curative resection without the need for down‑staging. Therefore, from both technical and oncologic viewpoints the disease is resectable without prerequisite systemic therapy.

","Step 2 – Oncological strategy  
• Multidisciplinary consensus: aim for curative‑intent resection of both sites.  
• Primary tumor:  
   – If the rectal lesion is located >6 cm from the anal verge and MRI shows clear mesorectal fascia, proceed directly to total mesorectal excision (low anterior resection) without neoadjuvant radiotherapy.  
   – If the lesion is low (<6 cm) or there is any threatened circumferential resection margin, give short‑course radiotherapy (5 × 5 Gy) or long‑course chemoradiation, then operate.  
• Liver metastasis:  
   – Because the hepatic resection required is limited (segment V), a simultaneous approach is safe and reduces overall treatment time, provided the patient’s ASA I–II status and cardiopulmonary reserve are acceptable.  
   – If the patient has significant comorbidities, prefers staged treatment, or the rectal surgery is expected to be complex (e.g., abdominoperineal resection), adopt a staged sequence: first the rectal resection (with or without short‑course RT), recover 4–6 weeks, then perform a laparoscopic/open segment V resection.  
• Systemic therapy:  
   – Given the low‑risk biology (single metastasis, T2 primary, KRAS‑mutated but no BRAF), peri‑operative chemotherapy is not mandatory for down‑staging.  
   – Recommend adjuvant systemic chemotherapy (e.g., 6 cycles of FOLFOX) after both surgeries to address micrometastatic disease, in line with ESMO/ESHO guidelines for resected stage III/IV CRC.  
   – Monitor CEA and imaging every 3 months for the first 2 years, then every 6 months.  

","Step 3 – Missing data  
The recommendation assumes that the following essential information is favorable; if any are unknown, the plan should be revisited:  
- Exact distance of the rectal tumor from the anal verge and MRI assessment of mesorectal fascia involvement.  
- Patient’s performance status (ECOG/ASA) and comorbidities (cardiovascular, pulmonary, hepatic function).  
- Baseline liver function tests and calculation of future liver remnant volume.  
- Presence or absence of occult extra‑hepatic disease on chest CT/PET‑CT.  
- Details of any prior neoadjuvant therapy already administered.  

If any of these data are unavailable, they must be obtained before finalizing the surgical sequence.","Step 1 – Resectability assessment  
Potentially resectable  
Reasoning: The liver lesion (single 2.8 cm in segment V) appears technically resectable, but decisive information is missing that directly impacts surgical feasibility. A thoraco‑CT scan has not been performed to exclude pulmonary metastases, and liver MRI (or detailed vascular imaging) is absent, leaving uncertainty about vascular or biliary involvement and the future liver remnant (FLR) ratio. Moreover, the rectal primary has not yet been treated; neoadjuvant chemoradiation (or upfront resection) is required before any definitive liver surgery. These prerequisites must be fulfilled before a curative operation can be planned.  

","Step 2 – Oncological strategy  
• Stage the patient completely: obtain a thoraco‑CT (or PET‑CT) to rule out extra‑hepatic disease and a liver MRI with contrast to define vascular anatomy, biliary proximity, and calculate FLR.  
• Treat the rectal primary first: because the tumor is T2N0 and located in the rectum, standard management is neoadjuvant chemoradiotherapy (50 Gy with concurrent 5‑FU/Capecitabine) followed by restaging. If the primary is low and does not require radiotherapy, a short‑course radiotherapy (5 × 5 Gy) can be considered, but the key point is that the primary must be addressed before liver surgery.  
• Systemic chemotherapy: initiate peri‑operative systemic therapy (e.g., 6 cycles of FOLFOX ± anti‑EGFR agent, noting KRAS mutation precludes cetuximab) concurrently with rectal chemoradiation to treat micrometastatic disease and potentially further downsize the liver lesion (although it is already ≤3 cm).  
• Restaging after chemoradiation and systemic therapy: repeat abdominal MRI and thoraco‑CT. Confirm that the liver lesion remains resectable, that FLR is ≥20 % (or ≥30 % if steatosis/fibrosis suspected), and that no new extra‑hepatic sites have appeared.  
• Surgical plan:  
   – If rectal tumor response allows, perform a low anterior resection (laparoscopic or robotic) with total mesorectal excision.  
   – Two‑stage approach is not required because the liver disease is limited; proceed to hepatic resection (segmentectomy of segment V) either synchronously (combined colorectal‑hepatic operation) if operative risk is acceptable, or sequentially within 4–6 weeks after colorectal surgery, depending on patient recovery and intra‑operative considerations.  
• Post‑operative management: complete adjuvant systemic chemotherapy (total 12 cycles of FOLFOX or CAPOX) and consider surveillance with CEA and imaging per NCCN guidelines.  

","Step 3 – Missing data most crucial for the recommendation  
• Thoraco‑CT (or PET‑CT) to definitively exclude pulmonary metastases.  
• Liver MRI with vascular phase to assess vascular/biliary involvement and to calculate FLR ratio.  
• Future liver remnant (FLR) volumetric assessment.  
• Timing of liver metastasis (synchronous vs metachronous) – influences sequencing of treatments.  
• Grade of differentiation of the rectal primary and presence of obstructive/bleeding symptoms – may modify urgency of primary tumor management.","Step 1 – Resectability assessment  
Potentially resectable  
Reasoning: The liver lesion (single 2.8 cm in segment V) is technically amenable to a minor resection and would likely leave an adequate future liver remnant. However, essential staging information is missing – a thoraco‑abdominal CT (or chest CT) has not been performed, and liver MRI is absent. Absence of chest imaging prevents confirmation that there are no pulmonary metastases, which is a decisive factor for surgical feasibility. Therefore resection cannot be declared upfront and must await completion of the missing staging studies.

","Step 2 – Oncological strategy  
• Complete staging  
   – Obtain thoracic CT (or chest MRI) to exclude pulmonary disease.  
   – Perform liver MRI with contrast to define vascular anatomy, relationship to hepatic veins/portal structures, and to confirm that the lesion is resectable with clear margins.  
   – Perform pelvic MRI for the rectal primary to assess T‑stage, mesorectal fascia involvement, and any threatened circumferential margin.  

• Multidisciplinary review of the completed staging data.  

• Primary tumor management  
   – T2 N0 rectal cancer without high‑risk MRI features generally proceeds to upfront total mesorectal excision (low anterior resection) without neoadjuvant chemoradiation.  
   – If pelvic MRI reveals threatened mesorectal fascia or other high‑risk features, consider short‑course radiotherapy or total‑neoadjuvant therapy (TNT) before resection.  

• Liver metastasis management  
   – If staging confirms solitary, resectable disease and no extra‑hepatic spread, plan curative‑intent hepatic resection.  
   – Because the liver resection is minor (segment V wedge) and the colorectal operation is a standard low anterior resection, a simultaneous (combined) operation is feasible in a fit patient, offering shorter overall treatment time.  
   – If the patient’s operative risk or intra‑operative considerations (e.g., need for extensive pelvic dissection) favor separation, perform staged surgery: first the rectal resection, allow recovery (≈4–6 weeks), then segment V metastasectomy.  

• Systemic therapy  
   – No neoadjuvant chemotherapy is required for a solitary resectable metastasis.  
   – After completion of both resections, give adjuvant FOLFOX (or CAPOX) for 3–6 months, as per standard guidelines for stage II/III rectal cancer and to address micrometastatic disease.  

• Surveillance  
   – Serial CEA measurements and imaging (CT chest/abdomen/pelvis or MRI liver) every 3–6 months for the first 2 years, then annually.

","Step 3 – Missing data  
• Thoracic CT (or other chest imaging) to rule out pulmonary metastases – essential to confirm overall resectability.  
• Liver MRI with contrast – required to assess vascular contact/invasion and to plan the hepatic resection safely.  
• FLR (future liver remnant) volumetric assessment – needed to ensure sufficient hepatic reserve, although likely adequate for a single segment resection.  
• Pelvic MRI for the rectal primary – needed to determine whether neoadjuvant radiotherapy is indicated and to define surgical margins.  
These missing items are the most critical for finalizing the resectability decision and selecting the optimal surgical sequence.","Step 1 – Resectability assessment
The patient presents with a single 2.8 cm liver metastasis located in segment V, without evidence of extrahepatic disease. The lesion is peripheral and technically amenable to a parenchymal-sparing resection with preservation of an adequate future liver remnant. According to current hepatobiliary oncologic criteria for solitary, small, peripherally located metastasis, this pattern is considered potentially resectable.

","Step 2 – Recommended oncologic sequence
A. Preoperative staging
• Obtain high resolution pelvic MRI and contrast enhanced CT to confirm primary tumor location, circumferential and distal margins, lymph nodes involvement, invasion of fascia recti. A chest CT scan to analyse extrahepatic disease.

B. Systemic therapy
• Give 2–3 months of peri operative doublet chemotherapy (FOLFOX ± bevacizumab or cetuximab)
• KRAS mutation excludes anti-EGFR therapy.
• This period treats micrometastatic disease and evaluates tumor biology.
• Re stage after chemotherapy with high resolution liver and pelvic MRI (and contrast-enhanced CT) to assess tumor biology and optimize oncologic control for both primary tumor and liver metastases

C. Management of the rectal primary (oncologic priority)
• Given the T2N0 rectal cancer, long-course radiotherapy is appropriate to optimize local control and allow coordinated surgical planning (PRODIGE 23 protocol).

D. Coordinated surgical strategy (combined approach preferred)
• Initiate doublet chemotherapy (FOLFOX or CAPOX) during the waiting period following radiotherapy. This period treats potential micrometastatic disease and tests tumor biology.
• Consider image-guided ablation of the single lesion <3cm using high-energy radio waves to generate heat via a probe (if no biliary or large vessels proximity)
• After restaging with high-resolution liver MRI and pelvic imaging,
-	If complete morphological rectal tumor response : resection / ablation of the segment V metastasis with follow up of primary tumor
-	If near complete morphological rectal tumor response : resection / ablation of the segment V metastasis followed with strict follow up of primary tumor
-	If incomplete morphological rectal tumor response : liver-first resection or ablation of the segment V metastasis, then rectal resection after appropriate recovery, using a staged or synchronous strategy : oncologic resection of the upper rectum (low anterior resection with TME principles).
– Parenchymal-sparing segment II wedge/segmentectomy aiming for ≥1 mm R0 margin.
• Use intra operative ultrasound to verify lesion location and margins.
• Ideally, consider minimally invasive approach (laparoscopic or robotic) for liver resection.
• This combined approach avoids multiple surgeries and is safe for a solitary peripheral metastasis.
• Alternative : staged atypical resection of the single metastasis followed after recovery with oncologic low anterior resection with TME principles

D. Postoperative therapy
• Pathology report : confirmation of tumor type and origin, immunohistochemistry with tumor markers, histological growth pattern, margin status (R0, R1, R2), tumor grade, differentiation, pathologic response score (TRG), necrosis/fibrosis
• Complete a total of 6 months of systemic chemotherapy including pre-operative cycles.
• Close surveillance with CEA and imaging at 3-month intervals.

","Step 3 – Critical missing information
A. Exact distance of the rectal tumor from the anal verge, and circumferential resection margin (CRM) status on pelvic MRI influencing surgical approach and anastomotic risk.
B. Grade of differentiation and MSS/ MSI mutation of the primary tumor : influences prognosis and need for intensified adjuvant therapy
C. Detailed vascular and biliary relationships of the segment V lesion on liver MRI.
D. A chest CT scan.
F. Liquid biopsies to search circulating tumor DNA (ctDNA) and circulating tumor cells (CTCs) in the bloodstream"
16,"Step 1 – Resectability assessment  
Potentially resectable – current imaging shows seven bilobar metastases with vascular contact to the right portal branch, making an anatomic, margin‑negative hepatectomy impossible at this time. Down‑staging with systemic conversion chemotherapy is required before a definitive resectability decision can be made.

","Step 2 – Oncological strategy  
- Initiate conversion systemic therapy: FOLFOX plus bevacizumab (standard for KRAS‑mutated disease).  
- Administer 6–8 cycles, with bevacizumab held at least 6 weeks before any planned liver surgery to reduce wound‑healing complications.  
- Re‑stage with contrast‑enhanced liver MRI (or CT) after chemotherapy to assess tumor response, size reduction, and any change in vascular involvement.  
- If significant tumor shrinkage and a future liver remnant (FLR) ≥30 % (≥40 % after extensive chemotherapy) is anticipated, proceed to surgical planning:  
   • Consider a parenchymal‑sparing, margin‑negative (R0) hepatectomy addressing all lesions in a single operation if feasible.  
   • If FLR is insufficient, schedule portal vein embolization (PVE) of the right portal branch to hypertrophy the left liver, followed by repeat imaging 4–6 weeks later.  
   • For extensive bilobar disease where a single operation would leave an inadequate FLR, plan a two‑stage hepatectomy (right‑sided resection first, PVE, then left‑sided clearance) or an ALPPS approach if rapid hypertrophy is needed and patient fitness permits.  
- Evaluate the primary colon tumor: if asymptomatic, defer resection until after liver surgery; if symptomatic or at risk of obstruction/bleeding, perform a simultaneous or staged colectomy (preferably after completion of chemotherapy and before liver surgery).  
- Post‑operative: resume adjuvant systemic therapy (e.g., FOLFOX or CAPOX) for at least 3 months, tailored to pathological response and patient tolerance.  
- Ongoing surveillance: CEA monitoring and imaging every 3–4 months for the first 2 years.

","Step 3 – Missing data  
- Baseline liver function tests (bilirubin, AST/ALT, INR, albumin) and quantitative assessment of future liver remnant volume.  
- Patient’s performance status (ECOG/Karnofsky) and comorbidities that could affect chemotherapy tolerance or surgical risk.  
- Presence or absence of extra‑hepatic disease (e.g., lung nodules, peritoneal implants) not described in the summary.  
- Details of the primary tumor location within the colon and any symptoms (obstruction, bleeding).  
- Results of baseline cardiopulmonary evaluation to confirm fitness for major hepatectomy.","Step 1 – Resectability assessment  
Potentially resectable – the current disease burden (seven bilobar lesions, some in contact with the right portal branch) makes an R0 liver resection impossible without prior intervention. A specific prerequisite is required: conversion systemic therapy (e.g., FOLFOX + bevacizumab) to downsize the metastases and/or induce sufficient future liver remnant (FLR) hypertrophy (potentially with portal vein embolisation) before a curative‑intent hepatectomy can be planned.

","Step 2 – Oncological strategy  
• Initiate conversion chemotherapy with FOLFOX + bevacizumab (KRAS‑mutated disease precludes anti‑EGFR antibodies).  
 – Give 3–6 cycles; assess tumour response after every 2–3 cycles using contrast‑enhanced CT/MRI and RECIST criteria.  
• Re‑evaluate liver anatomy after chemotherapy:  
 – Measure FLR (CT volumetry). If FLR < 30 % (or < 0.5 % body‑weight ratio), schedule portal vein embolisation (PVE) to induce hypertrophy.  
 – If vascular involvement persists, consider vascular reconstruction or a staged approach (two‑stage hepatectomy or ALPPS) to achieve clear margins while preserving inflow/outflow.  
• Primary colon tumour:  
 – Because the primary is T4aN2, plan definitive oncologic resection (right hemicolectomy with adequate lymphadenectomy).  
 – If the colon tumour is symptomatic (obstruction/bleeding) or at high risk of complications, perform it first; otherwise, after confirming hepatic down‑staging, a simultaneous resection can be considered in a fit patient.  
• Once imaging shows all liver lesions amenable to R0 resection and an adequate FLR, proceed to hepatic surgery:  
 – Goal: complete removal of all seven metastases with ≥1 mm negative margin, preserving at least two contiguous liver segments with intact inflow/outflow and biliary drainage.  
 – Preferred operative plan: right hepatectomy (or extended right hepatectomy) combined with non‑anatomic wedge resections of remaining lesions; if FLR remains marginal, execute the second stage after hypertrophy.  
• Post‑operative management:  
 – Pathology‑driven adjuvant chemotherapy (continue FOLFOX‑based regimen for 6 months if tolerated).  
 – Monitor CEA and imaging every 3–4 months for recurrence.  

","Step 3 – Missing data  
• Baseline liver function tests (bilirubin, INR, albumin) and quantitative FLR assessment.  
• Patient’s performance status (ECOG/ASA) and comorbidities (cardiopulmonary reserve).  
• Presence or absence of extra‑hepatic disease (lung, peritoneum, bone) on full staging (CT chest/abdomen/pelvis or PET‑CT).  
• Details of the primary tumour’s resectability (obstruction, perforation) and whether it has already been resected.  
• Exact size and spatial relationship of each liver lesion to major vessels (right hepatic vein, middle hepatic vein, portal branches) to plan vascular control or reconstruction.  
• Planned timing between the last dose of bevacizumab and surgery (generally 6–8 weeks).","Step 1 - Resectability assessment  
Potentially resectable  
Reasoning: The MDT explicitly states that the liver metastases are “not resectable upfront” and recommends conversion chemotherapy (FOLFOX + bevacizumab). Therefore a prerequisite systemic treatment must be completed and response reassessed before any surgical attempt. This satisfies the definition of “Potentially resectable” (specific prerequisite action required).  

","Step 2 - Oncological strategy  
- Initiate conversion systemic therapy with FOLFOX + bevacizumab as planned (KRAS mutation excludes anti‑EGFR agents).  
- Re‑image the liver after 2–3 months of chemotherapy (contrast‑enhanced MRI and CT) to evaluate tumor shrinkage, vascular involvement, and to obtain data needed for FLR calculation.  
- If imaging shows sufficient downsizing and the FLR is ≥20 % (non‑cirrhotic liver) or ≥30 % (steatotic/chemotherapy‑injured liver), proceed to surgical planning.  
   • If FLR is inadequate, consider portal vein embolization (PVE) or staged liver resection (e.g., two‑stage hepatectomy or ALPPS) to induce hypertrophy.  
- Assess the primary colon tumor: because resection status is unknown and the lesion is T4a, schedule oncologic right hemicolectomy.  
   • If the primary tumor is asymptomatic and the liver disease becomes resectable after conversion, a simultaneous colon and liver resection can be contemplated (provided the extent of liver resection is limited to ≤3 segments).  
   • If the primary tumor is symptomatic (obstruction, bleeding) or the liver resection will be extensive, perform staged approach: colon resection first, followed by liver surgery after systemic therapy response.  
- Post‑operative adjuvant chemotherapy should be continued to complete a total of 6 months of systemic therapy (or longer per institutional protocol).  

","Step 3 - Missing data  
- Grade of differentiation of the primary tumor (affects prognosis and may influence aggressiveness of treatment).  
- Whether the primary colon tumor has already been resected or is symptomatic (obstruction, perforation, bleeding).  
- Detailed hepatic segment involvement and arterial/portal anatomy (critical for planning extent of hepatectomy and need for vascular reconstruction).  
- FLR ratio or volumetric assessment (essential to decide if a single‑stage resection is safe or if hypertrophy strategies are required).  
- Presence of extra‑hepatic brain metastasis (still missing) – would alter overall resectability assessment.  
These missing items are the most decisive for final surgical planning.","Step 1 – Resectability assessment  
Potentially resectable  
Reasoning: The case has seven bilobar liver metastases (1‑4 cm) with vascular contact of the right portal branch, which makes an R0 resection technically challenging. The MDT already judged the disease “not resectable upfront” and recommended conversion chemotherapy. In addition, the Future Liver Remnant (FLR) ratio is missing – a decisive factor for surgical feasibility. Therefore a prerequisite (effective down‑staging chemotherapy and definitive FLR assessment) must be fulfilled before a curative hepatectomy can be planned.

","Step 2 – Oncological strategy  
• Initiate conversion systemic therapy: FOLFOX + bevacizumab (KRAS‑mutated tumor precludes anti‑EGFR agents).  
• Administer 3–6 cycles (assessment after every 2–3 cycles).  
• Restaging with contrast‑enhanced CT and liver‑specific MRI after 3 cycles to evaluate:  
    – Tumor size reduction and loss of portal‑branch contact,  
    – Number of viable lesions,  
    – Hepatic segment distribution,  
    – FLR volume (volumetric CT or MRI).  
• If response is adequate and FLR ≥ 30 % (or ≥ 20 % in a chemotherapy‑treated liver), proceed to curative surgery; otherwise:  
    – Perform portal vein embolization (PVE) or associating liver partition and portal vein ligation for staged hepatectomy (ALPPS) to increase FLR,  
    – Consider a two‑stage hepatectomy (right‑sided disease first, then left‑sided after hypertrophy).  
• Surgical sequencing: because the primary right‑sided colon cancer is T4aN2 and not yet resected, adopt a liver‑first approach if the liver becomes resectable after conversion therapy; resect the primary colon tumor subsequently (segmental colectomy with appropriate lymphadenectomy). If the primary becomes symptomatic during therapy, address it emergently (obstruction/bleeding) with diverting colostomy or urgent resection.  
• Peri‑operative plan:  
    – Stop bevacizumab ≥6 weeks before liver surgery to reduce wound‑healing complications,  
    – Resume postoperative systemic therapy (same regimen) for 6 months as adjuvant treatment after complete (R0) resection of liver and primary.  
• Surveillance: CEA monitoring and imaging (CT/MRI) every 3 months for the first 2 years, then every 6 months.

","Step 3 – Missing data (most critical for final decision)  
• FLR ratio / volumetric assessment – determines whether a single‑stage resection is safe.  
• Exact hepatic segments involved and arterial anatomy – needed to plan extent of resection, vascular reconstruction, or need for PVE/ALPPS.  
• Status of the primary tumor resection (has it been removed? if not, urgency of resection).  
• Presence of symptoms from the primary (obstruction, perforation, bleeding) – may dictate immediate colorectal surgery.  
• Grade of differentiation of the primary tumor – influences prognosis and aggressiveness of treatment.  
• Presence of biliary involvement, capsular infiltration, portal vein thrombosis, or non‑nodular infiltrative pattern – affect technical resectability.  
• Extra‑hepatic brain metastasis assessment (currently missing) – would alter overall curative intent.","Step 1 – Resectability assessment
The patient presents with seven bilobar liver metastases (1–4 cm) associated with vascular contact with the right portal branch and no reported extrahepatic disease. The number of lesions, bilobar distribution, and portal contact make a complete R0 resection with adequate future liver remnant unlikely with an upfront surgical approach. According to hepatobiliary oncologic criteria, this pattern is considered potentially resectable.

","Step 2 – Recommended oncologic sequence
A. Preoperative staging
• Given the high CEA level (520 ng/mL), perform high-resolution 18FDG PET-CT

B. Conversion systemic therapy (mandatory)
• Initiate intensive conversion chemotherapy with FOLFIRINOX + bevacizumab.
• KRAS mutation excludes anti-EGFR therapy.
• The objective is tumor downsizing, separation from portal structures, and reduction in the number/volume of lesions to achieve secondary resectability.

C. Early and repeated radiologic reassessment
• Perform high-resolution liver MRI every 2-3 months to evaluate response, particularly the relationship of lesions to the right portal branch and overall liver tumor burden.
• Monitor CEA dynamics as a marker of response.

D. Criteria for secondary resectability
• Consider surgery if chemotherapy induces:
– Reduction in lesion size and number allowing parenchymal-sparing resections or staged hepatectomy or combined resection and ablation.
– Clearance from portal structures.
– Feasibility of achieving R0 resection with adequate future liver remnant.

E. Potential surgical strategies if response is favorable
• Two-stage hepatectomy or combined parenchymal-sparing resections depending on response pattern and tumor location.
• Portal vein embolization may be required if major hepatectomy becomes necessary.
• Ideally, consider minimally invasive approach (laparoscopic or robotic) for liver resection.


F. If no adequate response
• Continue second-line systemic therapy and/or consider alternative regimens (such as intra-arterial chemotherapy after resection of the primary tumor).

","Step 3 – Critical missing information
A. Exact segmental distribution of all seven lesions with detailed vascular and biliary relationships on liver MRI.
B. Potential extension of primary tumor to adjacent organ (abdominal wall, ureter, small bowel)
C. Baseline future liver remnant (FLR) estimation in case of two-stage strategy with major hepatectomy.
F. Presence or absence of any extrahepatic disease on full staging.
G. Grade of differentiation and MSS/ MSI mutation of the primary tumor : influences prognosis and need for intensified adjuvant therapy
H. Liquid biopsies to search circulating tumor DNA (ctDNA) and circulating tumor cells (CTCs) in the bloodstream"
17,"Step 1 – Resectability assessment  
Potentially resectable  
- Bilobar disease with four metastases, one abutting the right hepatic vein, makes an immediate one‑stage, parenchymal‑sparing resection unlikely without further downsizing or volumetric optimization.  
- The MDT plan explicitly calls for re‑evaluation after 4 cycles of chemotherapy, indicating that a prerequisite systemic treatment is required before a definitive surgical decision can be made.  

","Step 2 – Oncological strategy  
- Initiate systemic therapy: FOLFOXIRI (or FOLFOX) combined with bevacizumab; given RAS‑wild type, an anti‑EGFR agent (cetuximab or panitumumab) may be added if primary tumor is KRAS/NRAS/BRAF wild type and no contraindication to EGFR blockade.  
- Administer 4–6 cycles (≈8–12 weeks), monitor CEA trend and radiologic response with contrast‑enhanced MRI or triphasic CT after cycle 4.  
- Re‑stage: assess size reduction, relationship of the lesion in segment VIII to the right hepatic vein, and calculate future liver remnant (FLR) volume.  
- If FLR ≥30 % (≥40 % in steatotic or compromised liver) and all lesions can be cleared with parenchymal‑sparing resections, proceed to a single‑stage liver resection (segmental/segmentectomies in segments II, III, VI, and a limited resection of segment VIII preserving the right hepatic vein).  
- If FLR is insufficient after response, consider portal vein embolization (PVE) of the right portal branches to hypertrophy the left liver, then repeat imaging 4–6 weeks later and plan a staged or single‑stage resection accordingly.  
- Primary sigmoid tumor:  
   • If symptomatic (obstruction, bleeding) – perform sigmoid colectomy before or concurrently with liver surgery, depending on patient’s condition and operative risk.  
   • If asymptomatic – defer colectomy until after liver resection, or perform a simultaneous limited colectomy during the liver operation if operative time and physiologic reserve allow.  
- Post‑operative adjuvant therapy: complete a total of 6 months of peri‑operative systemic therapy; consider adding capecitabine or oxaliplatin‑based regimen if not fully delivered pre‑operatively.  

","Step 3 – Missing data  
- Baseline liver function (bilirubin, INR, albumin, platelet count) and presence of underlying liver disease (steatosis, fibrosis).  
- Quantitative volumetric assessment of future liver remnant.  
- Exact dimensions of each hepatic lesion and distance from major vascular structures (right hepatic vein, portal pedicles).  
- Performance status (ECOG/Karnofsky) and comorbidities that may limit chemotherapy or surgery.  
- Presence or absence of extra‑hepatic disease (lung, peritoneum, lymph nodes).  
- KRAS/NRAS/BRAF mutation status beyond RAS wild‑type, to confirm eligibility for anti‑EGFR therapy.  
- Patient’s preference regarding timing of primary tumor resection.","Step 1 – Resectability assessment  
Potentially resectable – the case requires a prerequisite step (completion of neoadjuvant chemotherapy with re‑imaging and volumetric assessment) before a definitive surgical plan can be made. At present the four bilobar lesions (segments II, III, VI, VIII) include one abutting the right hepatic vein, and no quantitative future liver remnant (FLR) data are available. Consequently a curative‑intent liver resection cannot be declared upfront.

","Step 2 – Oncological strategy  
- Induction systemic therapy  
  • Begin a 4‑cycle neoadjuvant regimen with a doublet or triplet oxaliplatin‑based chemotherapy (e.g., FOLFOXIRI) plus an anti‑EGFR monoclonal antibody (cetuximab or panitumumab) because the tumor is RAS‑wild‑type.  
  • Monitor CEA after each cycle; aim for a ≥50 % decline and radiologic response on contrast‑enhanced CT or MRI.  

- Restaging after 4 cycles  
  • Perform high‑resolution liver MRI with hepatobiliary contrast and obtain a volumetric CT scan to calculate FLR (target ≥30 % of total liver volume, ≥40 % if chemotherapy‑associated liver injury is suspected).  
  • Re‑measure each metastasis; note any change in the lesion contacting the right hepatic vein.  

- Decision point based on restaging  
  1. If FLR is adequate and all lesions can be cleared with negative (R0) margins – proceed to a single‑stage, parenchymal‑sparing hepatectomy combined with definitive sigmoid resection (low anterior resection or Hartmann’s, according to intra‑colonic disease).  
     - Use intra‑operative ultrasound to guide non‑anatomic wedge resections of segments II, III, VI, VIII.  
     - For the lesion adherent to the right hepatic vein, consider:  
        a marginal (R1) vascular resection if the contact is <25 % of the vein circumference and reconstruction is feasible, or  
        en‑bloc resection of the involved vein segment with primary repair or graft if oncologic safety demands.  
  2. If FLR is insufficient or a safe margin cannot be achieved – adopt a two‑stage hepatectomy (TSH) strategy:  
     - Stage 1: Left lateral (segments II‑III) non‑anatomic resection of the left‑side lesions; perform right portal vein embolization (or portal vein ligation) to induce hypertrophy of the left liver.  
     - Interval (4–6 weeks): Continue systemic therapy; repeat imaging and volumetry to confirm FLR growth (>30 %).  
     - Stage 2: Right hepatectomy (including segments VI‑VIII) with or without reconstruction of the right hepatic vein, performed after confirming adequate hypertrophy.  
  3. If disease progresses despite chemotherapy – shift to second‑line systemic therapy (e.g., irinotecan‑based regimen with anti‑VEGF) and reassess for possible conversion; otherwise continue palliative treatment.  

- Peri‑operative chemotherapy  
  • Total peri‑operative chemotherapy duration of ~6 months (4 cycles pre‑op, 2–3 cycles post‑op) is recommended, consistent with EORTC‑40983 data.  
  • Post‑operative adjuvant FOLFOX (± anti‑EGFR) for 6 months, provided postoperative recovery is uneventful.  

- Multidisciplinary follow‑up  
  • Serial CEA and imaging every 3 months for the first 2 years, then every 6 months.  
  • Discuss any extra‑hepatic disease (e.g., pulmonary nodules) at each MDT meeting; consider simultaneous or staged pulmonary metastasectomy if lesions are limited and resectable.  

","Step 3 – Missing data  
- Precise maximal diameters of each liver metastasis (especially the lesion contacting the right hepatic vein).  
- Quantitative future liver remnant volume (CT/MRI volumetry).  
- Baseline liver function tests and indocyanine‑green clearance to gauge hepatic reserve.  
- Patient’s performance status (ECOG), comorbidities, and cardiopulmonary reserve.  
- Presence or absence of extra‑hepatic disease (e.g., pulmonary nodules) on staging scans.  
- Details of the primary sigmoid tumor’s local stage (obstruction, perforation) and whether it requires urgent resection.  
- Planned chemotherapy regimen (agents, dosing) and any prior exposure.  

These data are essential to finalize the surgical plan and to choose between a single‑stage parenchymal‑sparing approach versus a staged hepatectomy strategy.","Step 1 – Resectability assessment  
Category: Potentially resectable  
Reasoning: The patient has four bilobar liver metastases, one of which contacts the right hepatic vein, and no prior systemic therapy. Current imaging (CT only) does not provide sufficient detail on lesion size, arterial anatomy, or future liver remnant (FLR) volume, and the primary sigmoid tumor has not yet been resected. The MDT plan explicitly calls for 4 cycles of chemotherapy with repeat imaging before any surgical decision, indicating that down‑staging is required before a definitive resection can be attempted. Thus a specific prerequisite (completion of neoadjuvant chemotherapy and reassessment) makes the case “Potentially resectable.”

","Step 2 – Oncological strategy  
- Initiate systemic chemotherapy now (e.g., FOLFOX or FOLFOXIRI) combined with an anti‑EGFR agent (cetuximab) because the tumor is RAS wild‑type.  
- After 4 cycles, obtain a high‑resolution liver MRI with hepatobiliary contrast to define lesion dimensions, vascular involvement, arterial anatomy, and to calculate FLR volume.  
- Re‑evaluate the primary sigmoid lesion: if symptomatic (obstruction, bleeding, perforation) proceed with urgent resection; if asymptomatic, plan for simultaneous or staged resection after liver response is confirmed.  
- If imaging shows sufficient tumor shrinkage and an adequate FLR (>30 % in a normal liver, >40 % if steatosis/fibrosis suspected), schedule curative liver surgery. Options include:  
   • Two‑stage hepatectomy (e.g., right‑sided resection first, then left‑sided after interval) or  
   • Associating liver partition and portal vein ligation for staged hepatectomy (ALPPS) if FLR remains marginal, or  
   • Single‑stage parenchymal‑sparing hepatectomy if lesions become resectable with clear margins and preserve enough liver tissue.  
- If FLR is insufficient after down‑staging, consider portal vein embolization (PVE) or liver venous deprivation before the second stage.  
- Continue peri‑operative targeted therapy (cetuximab) as indicated, and plan adjuvant chemotherapy after hepatic resection according to response and pathology.  

","Step 3 – Missing data (most crucial for final decision)  
- Histologic grade of the primary tumor.  
- Whether the primary sigmoid tumor has already been resected or is symptomatic (obstruction, perforation, bleeding).  
- Exact maximum and minimum diameters of each liver metastasis.  
- Detailed arterial and biliary anatomy of the liver (arterial map, biliary involvement).  
- Future liver remnant (FLR) volume and functional assessment.  
- Results of liver MRI (needed for precise surgical planning).  
- Presence or absence of brain metastasis (currently missing).  
These items directly influence the feasibility of a curative hepatectomy, the need for portal vein embolization or staged approaches, and the overall sequencing of surgery versus systemic therapy.","Step 1 – Resectability assessment  
Potentially resectable – The case presents four bilobar liver metastases, one abutting the right hepatic vein, and no data on lesion size, arterial/portal anatomy, or future liver remnant (FLR) volume. Bilobar disease with vascular contact is generally considered borderline and requires down‑staging chemotherapy and definitive volumetric assessment before a curative resection can be planned. The MDT explicitly recommends re‑evaluation after 4 cycles of systemic therapy, confirming that a prerequisite action (conversion chemotherapy) is needed.

","Step 2 – Oncological strategy  
- Initiate conversion systemic therapy: FOLFOX (oxaliplatin + 5‑FU/leucovorin) combined with an anti‑EGFR antibody (cetuximab) because the tumor is RAS wild‑type.  
- Administer 4–6 cycles, monitoring toxicity and CEA trend (baseline 240 ng/mL).  
- Restaging imaging after chemotherapy: contrast‑enhanced liver MRI (gadoxetate‑enhanced) plus repeat thoraco‑abdominal CT to assess tumor shrinkage, vascular involvement, and to obtain precise lesion diameters.  
- Calculate FLR volume using volumetric software; if FLR < 30 % (or < 40 % in a steatotic liver), plan portal vein embolization (PVE) of the right portal branches to hypertrophy the left lateral sector (segments II–III) before definitive resection.  
- Re‑assess resectability after chemotherapy (and PVE if performed).  
   • If all lesions can be cleared with negative margins while preserving ≥ 2 contiguous segments and adequate inflow/outflow, proceed to a single‑stage curative hepatectomy (e.g., left lateral resection + non‑anatomic resections of right‑side lesions).  
   • If residual disease on the right side remains extensive, adopt a two‑stage hepatectomy: first‑stage limited left‑lateral resection, followed by right‑portal vein embolization, then second‑stage right hepatectomy after sufficient hypertrophy.  
- Primary colorectal tumor: if not yet resected and asymptomatic, schedule simultaneous colorectal resection (sigmoidectomy) with the liver operation when feasible; otherwise, perform colorectal resection first, then liver surgery after systemic therapy.  
- Post‑operative management: resume adjuvant chemotherapy (same regimen) for 4–6 months, consider targeted therapy continuation per response, and follow CEA and imaging every 3–4 months for surveillance.

","Step 3 – Missing data  
- Exact maximum and minimum diameters of each liver metastasis (needed to apply size‑based resectability criteria).  
- Future liver remnant (FLR) ratio or volumetric data (critical to decide on PVE or two‑stage approach).  
- Detailed arterial and portal venous anatomy of the liver (necessary for planning vascular control and reconstruction).  
- Status of the primary colorectal tumor (resected vs. pending) and any obstructive/bleeding symptoms (affects sequencing of surgeries).  
- Grade of differentiation of the primary tumor (prognostic information).  
These missing items are the most decisive for final surgical planning and should be obtained before the next MDT discussion.","Step 1 – Resectability assessment
The patient presents with four bilobar liver metastases (segments II, III, VI, and VIII), one of which is in contact with the right hepatic vein, without reported extrahepatic disease. The bilobar distribution and venous contact make a complete R0 parenchymal-sparing resection unlikely with an upfront approach while preserving an adequate future liver remnant. According to hepatobiliary oncologic criteria, this pattern is considered potentially resectable after conversion therapy.

","Step 2 – Recommended oncologic sequence
A. Preoperative staging
• Obtain high resolution liver MRI to define exact segmental distribution of all 4 lesions with detailed vascular and biliary relationships. 
• Given the high CEA level (240 ng/mL), perform high-resolution 18FDG PET-CT

B. Conversion systemic therapy (mandatory)
• Initiate doublet or triplet chemotherapy (FOLFOX or FOLFIRI or FOLFIRINOX) combined with anti-EGFR therapy given RAS wild-type status.
• The objective is tumor downsizing, separation from the right hepatic vein, and reduction of bilobar tumor burden to enable secondary resectability.

C. Early radiologic reassessment
• Perform high-resolution liver MRI and enhanced CT-scan after 4 cycles as planned to reassess:
– Relationship of the segment VIII lesion to the right hepatic vein.
– Global tumor response and potential for parenchymal-sparing resections.

D. Criteria for secondary resectability
• Surgery can be considered if imaging shows:
– Clearance from the right hepatic vein.
– Feasibility of multiple parenchymal-sparing resections or a staged hepatectomy.
– Adequate future liver remnant after planned resections.

E. Potential surgical strategies if response is favorable
• Combined parenchymal-sparing resections of segments II, III, VI, and VIII.
• If necessary, a two-stage hepatectomy strategy depending on response pattern and FLR considerations.
• Ideally, consider minimally invasive approach (laparoscopic or robotic) for liver resection.


F. If insufficient response
• Continue systemic therapy or adapt regimen (such as intra-arterial chemotherapy after resection of the primary tumor) according to MDT, with possible consideration of local ablative techniques.

","Step 3 – Critical missing information
A. Exact segmental distribution of all 4 lesions with detailed vascular and biliary relationships on liver MRI.
B. Baseline future liver remnant (FLR) estimation in case of two-stage strategy with major hepatectomy.
E. Presence or absence of any extrahepatic disease on full staging.
F. Grade of differentiation and MSS/ MSI mutation of the primary tumor : influences prognosis and need for intensified adjuvant therapy
G. Liquid biopsies to search circulating tumor DNA (ctDNA) and circulating tumor cells (CTCs) in the bloodstream"
18,"Step 1 - Resectability assessment  
Potentially resectable: conversion to resectability hinges on achieving a major radiologic response of the liver metastases to systemic chemotherapy (FOLFOXIRI). Until that response is documented, the extent of disease (≥8 lesions, IVC contact) precludes immediate surgery.

","Step 2 - Oncological strategy  
- Initiate systemic conversion chemotherapy with FOLFOXIRI combined with an anti‑EGFR monoclonal antibody (cetuximab or panitumumab), assuming KRAS/NRAS wild‑type; if RAS status unknown, obtain it before starting.  
- Administer 6–8 cycles (approximately 3–4 months), monitoring CEA trend and imaging (triphasic CT or liver‑specific MRI) after 2–3 cycles to assess early response.  
- If imaging shows ≥30 % reduction in total tumor burden and the IVC contact resolves or diminishes, re‑evaluate for surgical candidacy:  
   • Calculate future liver remnant (FLR); if FLR <30 % in a normal liver, plan portal vein embolization (PVE) or associating liver partition and portal vein ligation for staged hepatectomy (ALPPS).  
   • Assess need for vascular reconstruction if residual IVC involvement persists; involve vascular surgery early.  
- Surgical sequencing:  
   1. Perform a liver‑first approach (major hepatectomy ± vascular reconstruction) once adequate FLR and oncologic clearance are confirmed.  
   2. After hepatic recovery (typically 4–6 weeks), proceed with resection of the primary left‑sided colon tumor (extended left hemicolectomy with en‑bloc resection of involved adjacent structures if T4 invasion persists).  
   3. If intra‑operative assessment deems simultaneous colon and liver resection feasible (limited hepatectomy, good performance status), a combined procedure may be considered.  
- Post‑operative management: resume adjuvant systemic therapy (e.g., FOLFOX or CAPOX) for a total of 6 months, consider adding targeted therapy based on final molecular profile, and schedule regular surveillance (CEA, imaging every 3–6 months).  

","Step 3 - Missing data  
- KRAS/NRAS mutation status (required to confirm anti‑EGFR eligibility).  
- Baseline liver function tests and indocyanine green clearance (to gauge hepatic reserve).  
- Quantitative FLR volume measurement.  
- Detailed description of IVC involvement (degree of circumferential contact, length).  
- Presence or absence of extra‑hepatic disease beyond the colon primary (e.g., lung, peritoneum).  
- Patient’s performance status (ECOG), comorbidities, and cardiopulmonary reserve.  
- Exact location and extent of T4 invasion of the primary tumor (adjacent organ involvement).  
- Planned surgical margins for both liver and colon resections.","Step 1 - Resectability assessment  
Potentially resectable  
Reasoning: The patient has ≥8 hepatic metastases, the largest 4.5 cm, and one lesion abutting the IVC, which makes an immediate R0 resection technically challenging and raises concerns about preserving adequate vascular inflow/outflow and future liver remnant (FLR). Current guidelines consider such disease “borderline” and recommend conversion with systemic therapy. The MDT explicitly states that resection is possible only after a major response to FOLFOXIRI, which is a specific prerequisite action before surgery. Therefore the case fits the “Potentially resectable” category.

","Step 2 - Oncological strategy  
- Initiate intensive conversion chemotherapy: FOLFOXIRI (5‑FU, leucovorin, oxaliplatin, irinotecan) combined with anti‑EGFR antibody (cetuximab) because the tumor is KRAS/NRAS wild‑type and BRAF wild‑type.  
- Perform baseline volumetric liver assessment (CT‑based or MRI‑based) to calculate FLR and map lesion distribution (segments, proximity to major vessels).  
- Re‑stage after 8–12 weeks of chemotherapy with contrast‑enhanced CT/MRI and PET‑CT; assess:  
   • Radiologic response of liver lesions (≥30 % size reduction, reduction in number, clearance of IVC contact).  
   • CEA trend (aim for ≥50 % decline).  
   • FLR volume; if FLR < 30 % of total liver, plan portal vein embolization (PVE) or consider a two‑stage hepatectomy.  
- Decision point:  
   • If sufficient down‑staging yields ≤4–5 resectable lesions with clear margins and FLR ≥ 30 % (or FLR ≥ 0.5 % of body weight), proceed to curative‑intent liver surgery.  
   • Preferred surgical sequence: “liver‑first” approach because of high hepatic tumor burden; resect liver disease first (single or staged hepatectomy) then address the primary colon tumor once hepatic resection is completed and patient recovers.  
   • Surgical plan may involve:  
        – Extended right or left hepatectomy with selective segmental resections to achieve R0 while preserving at least two contiguous segments.  
        – If IVC involvement persists, consider vascular reconstruction or en‑bloc resection with IVC patch if oncologically justified.  
        – If FLR remains marginal after first stage, perform PVE and schedule second‑stage resection 4–6 weeks later.  
- Post‑hepatectomy: Pathology review; if R0 achieved, give adjuvant systemic therapy (FOLFOX ± anti‑EGFR) for 3–6 months.  
- If conversion chemotherapy fails to produce adequate down‑staging or FLR remains insufficient, shift to non‑surgical curative intent: percutaneous ablation (RFA/SBRT) of residual lesions combined with continued systemic therapy.  
- Throughout treatment, maintain multidisciplinary review, monitor CEA, and schedule imaging every 3 months for the first 2 years.

","Step 3 - Missing data  
- Patient’s performance status (ECOG/ASA) and comorbidity profile (cardiopulmonary reserve).  
- Baseline liver function tests and any chemotherapy‑induced hepatotoxicity.  
- Detailed volumetric data: total liver volume, FLR percentage, and segmental distribution of each metastasis.  
- Exact anatomical relationship of the IVC‑contacting lesion to hepatic veins and portal structures.  
- Presence or absence of extra‑hepatic disease (lung, peritoneum, lymph nodes) on recent chest CT/PET‑CT.  
- KRAS/NRAS mutational status and MSI/MMR status (relevant for anti‑EGFR use and immunotherapy considerations).  
- Patient’s preference regarding aggressive surgical approaches versus ablative/medical management.","Step 1 - Resectability assessment  
Potentially resectable  
Reasoning: The liver disease is extensive (≥8 lesions, largest 4.5 cm, partial IVC contact) and the primary tumor status is unknown. Current imaging lacks a thoraco‑CT, liver MRI, and an assessment of future liver remnant (FLR) ratio. The MDT explicitly states that resection may be possible after a major response to FOLFOXIRI, indicating that a prerequisite (significant tumor down‑staging) and decisive missing information (FLR adequacy, response assessment, extra‑hepatic disease status) must be obtained before surgery can be planned.

","Step 2 - Oncological strategy  
- Continue systemic chemotherapy with FOLFOXIRI (or intensify/modify if toxicity permits) aiming for maximal radiologic response of liver lesions and reduction of CEA.  
- At 2–3 months (or after 6 cycles), repeat high‑resolution liver MRI with hepatobiliary contrast to define lesion number, size, segmental distribution, vascular involvement, and to calculate FLR volume.  
- Perform a thoraco‑CT (or PET‑CT) to exclude pulmonary or other extra‑hepatic metastases; obtain bone scan or MRI if clinically indicated.  
- If imaging shows ≥70 % reduction in tumor burden, disappearance of IVC contact, and FLR ≥30 % (≥40 % in steatotic liver), proceed to surgical planning:  
   • If FLR insufficient, schedule portal vein embolization (PVE) or associating liver partition and portal vein ligation for staged hepatectomy (ALPPS) to hypertrophy the remnant.  
   • Plan a curative‑intent liver resection (likely extended right hepatectomy or combined right/central resection) with possible IVC resection and reconstruction if residual contact persists.  
- Assess the primary colon tumor: if not yet resected and asymptomatic, consider a staged colectomy after liver surgery; if obstructive, perforated, or bleeding, perform urgent or simultaneous colectomy.  
- Post‑operative adjuvant systemic therapy (continuation of FOLFOXIRI or switch to a maintenance regimen) based on pathology and margin status.  
- If response is inadequate or extra‑hepatic disease is identified, continue systemic therapy and consider palliative liver-directed therapies (e.g., Y‑90 radioembolization, ablation) rather than curative surgery.

","Step 3 - Missing data  
- Future liver remnant (FLR) ratio and volumetric assessment.  
- Objective response of liver metastases to chemotherapy (size/number change, CEA trend).  
- Detailed hepatic segmental involvement and exact extent of IVC contact (arterial and portal anatomy).  
- Status of the primary colon tumor (resected or not, presence of obstructive/bleeding symptoms).  
- Comprehensive extra‑hepatic staging: thoraco‑CT (or PET‑CT) for lung metastases and bone imaging for skeletal disease.  
These items are essential to confirm whether a curative‑intent liver resection can be safely performed.","Step 1 – Resectability assessment  
Potentially resectable: the case is currently classified as “potentially resectable” because (a) the MDT explicitly states that resection is possible only after a major response to FOLFOXIRI, and (b) decisive information needed to confirm surgical feasibility is missing – namely the post‑chemotherapy tumor burden (size/number change), the future liver remnant (FLR) ratio, and the presence or absence of extra‑hepatic disease (thoracic CT, bone imaging). Until these prerequisites are fulfilled, an upfront operation cannot be justified.

","Step 2 – Oncological strategy  
- Continue systemic therapy with the current FOLFOXIRI regimen (or an equivalent triplet) and obtain a formal radiologic response assessment after 2–3 months.  
- Perform a high‑quality liver MRI with hepatocyte‑specific contrast and a thoraco‑abdominal CT (or PET‑CT) to (i) document the number, size, and segmental distribution of liver lesions, (ii) evaluate the extent of IVC contact, (iii) calculate the FLR volume, and (iv) rule out pulmonary, bone or other extra‑hepatic metastases.  
- If imaging shows ≥30 % reduction in total tumor volume, disappearance of ≥1 lesion, and CEA falls markedly (baseline 890 ng/mL), proceed to the conversion phase:  
   • If the FLR is <30 % of standardized liver volume, schedule portal vein embolization (PVE) or consider ALPPS to induce hypertrophy.  
   • Re‑assess FLR 4–6 weeks after PVE/ALPPS; if adequate, plan a parenchymal‑sparing hepatectomy aiming for R0 resection of all hepatic disease while preserving at least two contiguous segments with intact inflow/outflow and biliary drainage.  
- Simultaneously address the primary colon tumor: if the primary is still in situ and the patient is asymptomatic, a “liver‑first” strategy is reasonable (resect liver after conversion, then perform a left‑sided colectomy). If the primary is symptomatic (obstruction, bleeding) or if the colon resection is technically straightforward, consider simultaneous resection after confirming that the combined operative stress is acceptable (patient performance status, comorbidities).  
- Post‑operative adjuvant chemotherapy (e.g., continuation of FOLFOXIRI or addition of targeted agents based on KRAS/NRAS status) should be given for at least 6 months, with serial CEA monitoring and imaging every 3–4 months for the first two years.  

","Step 3 – Missing data  
- Future liver remnant (FLR) ratio – essential to decide whether PVE/ALPPS is required and whether a safe hepatectomy can be performed.  
- Post‑chemotherapy imaging details (size reduction, number of lesions, disappearance of any lesions) – needed to confirm that a major response has been achieved.  
- Comprehensive staging for extra‑hepatic disease (thoracic CT, bone scan or PET‑CT) – to exclude contraindicating metastases.  
- Status of the primary colorectal tumor (resected vs. unresected, presence of obstruction/perforation/bleeding) – determines timing and sequencing of colon versus liver surgery.  
- Detailed hepatic vascular anatomy and segmental involvement – required for operative planning and to assess the feasibility of achieving negative margins while preserving vascular inflow/outflow.","Step 1 – Resectability assessment
The patient presents with extensive bilobar liver metastases (≥8 lesions, up to 4.5 cm) with partial contact with the inferior vena cava and no reported extrahepatic disease. The tumor burden, bilobar distribution, and caval contact make a complete R0 resection with adequate future liver remnant not feasible with an upfront surgical approach. According to hepatobiliary oncologic criteria, this pattern is considered potentially resectable only after major tumor response.

","Step 2 – Recommended oncologic sequence
A. Preoperative staging
• Obtain high resolution liver MRI to define exact segmental distribution of all lesions with detailed vascular and biliary relationships. 
• Given the high CEA level (890 ng/mL), perform high-resolution 18FDG PET-CT anf a chest CT scan

B. Intensive conversion systemic therapy (mandatory)
• Initiate FOLFOXIRI combined with anti-EGFR therapy given RAS wild-type status as discussed in MDT.
• BRAF wild-type and MSS status do not modify the surgical indication.
• The objective is significant tumor downsizing, reduction in number/volume of lesions, and clearance from the IVC to enable potential surgical planning.

C. Close radiologic monitoring
• Perform high-resolution liver MRI every 2-3 months to assess response, particularly:
– Relationship of lesions to the IVC.
– Global reduction of liver tumor burden.
• Monitor CEA kinetics as an indicator of treatment response.

D. Criteria for secondary resectability
• Surgery can be considered only if chemotherapy induces:
– Marked reduction in lesion size and number.
– Separation from the IVC.
– Feasibility of R0 resection with acceptable future liver remnant, potentially requiring staged hepatectomy with or without portal vein embolization.

E. Potential surgical strategies if response is favorable
• Two-stage hepatectomy or extensive parenchymal-sparing resections depending on response pattern.
• Preoperative portal vein embolization / venous deprivation / ALPPS may be required if major hepatectomy is needed.
• Ideally, consider minimally invasive approach (laparoscopic or robotic) for liver resection.
• Preoperative prehabilitation and ERAS (Enhanced Recovery After Surgery) protocols are evidence-based, multidisciplinary strategies designed to optimize patient health before surgery and accelerate recovery afterward.

E. If insufficient response
• Continue systemic therapy or adapt regimen (such as intra-arterial chemotherapy after resection of the primary tumor) according to MDT, with possible consideration of local ablative techniques.

","Step 3 – Critical missing information
A. Exact segmental distribution of all lesions with detailed vascular and biliary relationships on liver MRI.
B. Baseline future liver remnant (FLR) estimation in case of two-stage strategy with major hepatectomy.
C. chest CT scan
E. Presence or absence of any extrahepatic disease on full staging.
F. Potential extension of primary tumor to adjacent organ (abdominal wall, ureter, small bowel)
G. Grade of differentiation and MSS/ MSI mutation of the primary tumor : influences prognosis and need for intensified adjuvant therapy
H. Liquid biopsies to search circulating tumor DNA (ctDNA) and circulating tumor cells (CTCs) in the bloodstream"
19,"Step 1 - Potentially resectable  
- The patient has multiple bilobar liver metastases (six lesions, 2‑5 cm) with invasion of the middle hepatic vein, which compromises the ability to obtain an adequate future liver remnant (FLR) for a safe hepatectomy.  
- The primary rectal tumor is locally advanced (T3N2) and will also require definitive treatment.  
- Because the current hepatic disease burden and vascular involvement preclude a curative resection without prior intervention, down‑staging with systemic therapy (and possibly portal vein embolization) is required before a surgical plan can be finalized.  

","Step 2 - Oncological strategy  
- Initiate systemic chemotherapy appropriate for KRAS‑mutated colorectal cancer (e.g., FOLFOXIRI ± bevacizumab) for 3–4 months, monitoring CEA and imaging response.  
- Concurrently deliver neoadjuvant long‑course chemoradiotherapy to the upper rectal primary (45 Gy in 25 fractions with concurrent capecitabine or 5‑FU), followed by a 6–8 week interval.  
- Re‑stage with contrast‑enhanced liver MRI and volumetric CT after chemotherapy to assess tumor response, FLR volume, and residual middle hepatic vein involvement.  
- If FLR remains insufficient (<30 % in a normal liver, <40 % in a chemotherapy‑injured liver), proceed with portal vein embolization (right or left depending on planned resection) to hypertrophy the future remnant.  
- Re‑image 2–3 weeks after PVE; if adequate hypertrophy and disease control are achieved, plan a curative liver resection:  
   • Consider a two‑stage hepatectomy (right hepatectomy first, then left extended resection) or an ALPPS approach if rapid hypertrophy is needed and patient fitness permits.  
   • Aim for R0 resection of all hepatic lesions while preserving the middle hepatic vein or reconstructing it if necessary.  
- After hepatic surgery and recovery, perform definitive rectal surgery (total mesorectal excision) either synchronously (if operative field permits) or sequentially within 6–8 weeks, ensuring negative margins.  
- Post‑operative adjuvant chemotherapy (e.g., continuation of the same regimen) for a total of 6 months of systemic therapy, with surveillance CEA and imaging every 3–6 months.  

","Step 3 - Missing data  
- Baseline liver function tests (bilirubin, AST/ALT, INR, albumin) and quantitative liver function assessment (ICG clearance or LiMAx).  
- Precise volumetric measurements of the future liver remnant and total liver volume.  
- Detailed anatomical relationship of each metastasis to hepatic inflow/outflow structures beyond the middle hepatic vein (e.g., proximity to portal pedicles, hepatic arteries).  
- Performance status (ECOG/Karnofsky) and comorbidities that may affect tolerance of intensive chemotherapy or major liver surgery.  
- Presence or absence of extra‑hepatic disease (e.g., lung, peritoneal) on staging PET‑CT or chest CT.  
- Patient’s preferences regarding staged versus simultaneous resections.","Step 1 – Resectability assessment  
Potentially resectable  
- The liver disease is technically borderline because the middle hepatic vein is infiltrated, which threatens adequate venous outflow and may limit the ability to preserve two contiguous liver segments with sufficient inflow/outflow.  
- Six bilobar lesions (2‑5 cm) exceed the simple “≤ 4 lesions” rule that many centers still use for upfront resection, and the future liver remnant (FLR) has not been quantified; without a confirmed FLR ≥ 30 % (or ≥ 40 % after chemotherapy) the patient cannot safely undergo a one‑stage hepatectomy.  
- The rectal primary (T3N2) requires neoadjuvant chemoradiotherapy before any definitive colorectal resection.  
- Therefore surgery cannot be performed immediately; conversion with systemic chemotherapy (and possibly portal vein embolisation or a two‑stage approach) is required before a curative‑intent liver resection can be contemplated.  

","Step 2 – Oncological strategy (step‑by‑step)  
1. Multidisciplinary planning – confirm patient fitness (ECOG 0‑1, adequate hepatic and renal function, no prohibitive comorbidities).  
2. Neoadjuvant systemic therapy – start a KRAS‑mutated‑appropriate regimen:  
   - 4‑6 cycles of FOLFOXIRI + bevacizumab (doublet‑plus‑anti‑VEGF) as first‑line conversion chemotherapy.  
   - Re‑image (triphasic CT + gadoxetate‑enhanced MRI) after 2 months to assess radiologic response (RECIST 1.1) and calculate FLR volume.  
3. Concurrent rectal treatment – deliver long‑course chemoradiotherapy (45 Gy in 25 fractions with concurrent capecitabine) during the systemic‑chemo window, followed by a 6‑8 week interval for tumor regression.  
4. Re‑assessment of liver disease – if > 30 % FLR is achieved and the middle hepatic vein involvement is reduced or can be managed with vascular reconstruction, proceed to liver‑first surgery; if FLR remains insufficient, plan one of the following:  
   - Portal vein embolisation (PVE) of the right portal branches (or left, depending on planned resection) to hypertrophy the future remnant; repeat volumetry in 2‑3 weeks.  
   - Two‑stage hepatectomy (TSH) – first stage: clear lesions in the future remnant (segmental non‑anatomic resections, possibly with intra‑operative ablation of deep lesions); second stage after PVE‑induced hypertrophy, complete right/extended right hepatectomy.  
   - Parenchymal‑sparing surgery with R1 vascular resection if the middle hepatic vein can be resected with negative margins and reconstruction is feasible; this is acceptable in KRAS‑mutated disease per recent series.  
5. Liver resection – aim for R0 (≥ 1 mm) margins; use intra‑operative ultrasound to detect occult lesions; consider adjunctive thermal ablation for lesions ≤ 3 cm that are difficult to resect while preserving FLR.  
6. Rectal resection – after hepatic clearance (typically 4‑6 weeks later), perform total mesorectal excision (low anterior resection or abdominoperineal resection depending on sphincter involvement) with a protective diverting stoma if needed.  
7. Adjuvant systemic therapy – complete a total of 6 months of peri‑operative chemotherapy (including the pre‑operative cycles already given) with FOLFOX (or FOLFIRI if intolerant) ± bevacizumab, unless contraindicated by postoperative complications.  
8. Surveillance – CEA every 3 months, contrast‑enhanced CT or MRI of chest/abdomen every 6 months for the first 2 years, then annually; consider PET‑CT if equivocal findings.  

","Step 3 – Missing data (essential information not provided)  
- Quantitative future liver remnant volume (percentage of total liver or FLR / body‑weight ratio).  
- Baseline liver function tests (bilirubin, INR, albumin, platelet count) and assessment for chemotherapy‑associated liver injury (e.g., steatohepatitis).  
- Performance status / ASA classification and comorbidity profile (cardiopulmonary reserve).  
- Detailed description of middle hepatic vein involvement (length of invasion, whether the vein can be reconstructed).  
- Presence or absence of extra‑hepatic disease (e.g., lung nodules, peritoneal implants) and their resectability.  
- Results of baseline staging PET‑CT (if performed) to rule out occult metastases.  
- Patient’s preference regarding staged versus simultaneous surgery and willingness for intensive multimodal therapy.","Step 1 – Resectability assessment  
Category: Potentially resectable  
Reasoning: The MDT explicitly states that the disease is “Not initially resectable” and that “goal of volumetric reduction with chemotherapy” is required. The presence of middle hepatic vein invasion and bilobar distribution make an upfront liver‑first approach unsafe because an adequate future liver remnant (FLR) cannot be guaranteed. Therefore a prerequisite systemic down‑staging regimen (and subsequent reassessment of FLR) must be completed before any curative resection can be contemplated.

","Step 2 – Oncological strategy  
- Neoadjuvant treatment of the rectal primary – because the tumor is T3N2 in the upper rectum, deliver long‑course chemoradiotherapy (capecitabine‑based) followed by a restaging MRI to confirm absence of obstruction, perforation or bleeding.  
- Systemic chemotherapy for liver metastases – start an intensive oxaliplatin‑ or irinotecan‑based doublet/triplet (e.g., FOLFOXIRI) with bevacizumab (KRAS mutation precludes anti‑EGFR agents). Aim for ≥30 % radiologic response and possible conversion to resectability.  
- Restaging after 2–3 months – repeat contrast‑enhanced liver MRI and volumetric CT to:  
   assess response of the six lesions,  
   re‑evaluate vascular involvement (middle hepatic vein),  
   calculate FLR ratio.  
- If FLR remains inadequate – perform portal vein embolization (PVE) of the liver segments planned for resection to induce hypertrophy of the future remnant.  
- Surgical sequencing – once imaging confirms that a curative‑intent liver resection is feasible (adequate FLR, no unresectable vascular invasion):  
  1. Stage‑1: Liver‑first approach – perform an anatomic or parenchymal‑sparing hepatectomy (e.g., right hepatectomy with preservation/reconstruction of the middle hepatic vein or extended left hepatectomy) aiming for R0 margins.  
  2. Stage‑2 (4–6 weeks later): Low anterior resection of the rectal primary with total mesorectal excision, using the previously delivered chemoradiotherapy as definitive local control.  
- Adjuvant therapy – after recovery, consider additional systemic chemotherapy (e.g., 3–6 cycles) to consolidate response, especially given the high pre‑treatment CEA and KRAS‑mutated biology.  
- Surveillance – serial CEA measurements and imaging (CT/MRI) every 3–4 months for the first 2 years.

","Step 3 – Missing data most crucial for the recommendation  
- Future Liver Remnant (FLR) ratio – needed to decide whether PVE is required and whether a liver‑first resection is technically safe.  
- Exact hepatic segments involved and arterial anatomy – essential for planning the extent of hepatectomy and preserving inflow/outflow.  
- Status of the primary tumor (has it already been resected?) – determines whether a simultaneous or staged colorectal resection is possible.  
- Timing of liver metastases (synchronous vs metachronous) – influences the sequencing of neoadjuvant therapy and surgical planning.  
- Grade of differentiation of the primary tumor – impacts prognosis and may affect the aggressiveness of the systemic regimen.  
- Whether any systemic therapy has already been administered – would alter the choice and duration of the planned chemotherapy regimen.","Step 1 – Resectability assessment  
Potentially resectable  
 The liver disease is currently deemed “not initially resectable” because of bilobar distribution, six lesions (2‑5 cm) and documented invasion of the middle hepatic vein – a vascular involvement that compromises a safe R0 resection and threatens an adequate future liver remnant (FLR).  
 The MDT explicitly stated that the goal is “volumetric reduction with chemotherapy,” indicating that conversion therapy is required before a definitive hepatectomy can be attempted.  
 A decisive missing piece is the FLR‑ratio (future liver remnant compatibility with surgery); without this information the feasibility of a one‑stage resection cannot be confirmed. Therefore the case fits the definition of “potentially resectable” (requires down‑staging chemotherapy and FLR assessment before surgery).

","Step 2 – Oncological strategy  
1. Systemic conversion chemotherapy  
    Initiate an effective first‑line doublet or triplet regimen (e.g., FOLFOXIRI + bevacizumab) because the tumour is KRAS‑mutated (anti‑EGFR agents are contraindicated).  
    Plan for at least 4 cycles (≈2 months) before the first radiologic reassessment; continue up to 6 cycles if response is insufficient, respecting the 6‑month total duration recommended for conversion therapy.  

2. Restaging after chemotherapy  
    Repeat high‑quality liver MRI with hepatocyte‑specific contrast and triphasic CT to evaluate:  
     – Tumour size reduction and number of viable lesions.  
     – Persistence or regression of middle hepatic vein invasion.  
     – Precise hepatic segment involvement and arterial/portal anatomy.  
    Calculate FLR volume (CT‑volumetry); target >30 % of total liver volume in a chemotherapy‑naïve liver or >40 % if chemotherapy‑associated liver injury is suspected.  

3. If FLR is insufficient or vascular involvement persists  
    Portal vein embolization (PVE) of the right portal branches (or left, depending on planned resection) to induce hypertrophy of the future remnant.  
    Consider a two‑stage hepatectomy (TSH):  
     – Stage 1: clearance (resection or ablation) of all lesions in the intended FLR, followed by PVE.  
     – Interval (≈4–6 weeks) with possible continuation of systemic therapy.  
     – Stage 2: completion right (or extended right) hepatectomy once FLR hypertrophy is adequate.  

4. Surgical approach to the liver  
    Aim for an R0 resection; if marginal vascular contact remains, a parenchymal‑sparing resection with R1 vascular margin is acceptable in KRAS‑mutated disease (see literature on R1 vascular resection).  
    Intra‑operative ultrasound and possible use of fiducial markers (if disappearing lesions are suspected) to ensure complete clearance.  

5. Management of the primary rectal tumour  
    Upper‑third rectal cancer does not routinely require radiotherapy; incorporate the rectal primary into the total neoadjuvant therapy (TNT) sequence using the same systemic regimen.  
    After liver disease is controlled and the patient is deemed operable, perform a low anterior resection (LAR) with total mesorectal excision, preferably after the hepatic stage (liver‑first strategy) to avoid delaying liver‑directed therapy.  
    If the primary becomes symptomatic or shows progression, consider short‑course radiotherapy before resection, but this is not mandatory given the current asymptomatic status.  

6. Post‑operative adjuvant therapy  
    Complete the planned peri‑operative chemotherapy (additional 3–6 cycles) after hepatic and colorectal resections, following the EORTC 40983 (EPOC) protocol, to improve disease‑free survival.  

7. Surveillance  
    Serial CEA measurements (baseline 600 ng/mL) and imaging (CT chest/abdomen/pelvis or MRI liver) every 3 months for the first 2 years, then every 6 months, to detect early recurrence.

","Step 3 – Missing data (most crucial for decision‑making)  
 FLR‑ratio compatibility with surgery – required to decide between one‑stage resection, PVE, or two‑stage approach.  
 Exact hepatic segments involved and arterial/portal anatomy – needed to plan the extent of resection and feasibility of vascular reconstruction or parenchymal‑sparing techniques.  
 Timing of liver metastases (synchronous vs metachronous) – influences the urgency of systemic therapy and choice of liver‑first versus classical sequence.  
 Whether any systemic therapy has already been administered – determines cumulative chemotherapy exposure and liver functional reserve.  
 Status of the primary tumour (resected or not) – impacts sequencing of colorectal versus hepatic surgery.  
 Brain imaging result – although extra‑hepatic disease is assumed absent, a missing brain assessment could uncover occult metastasis that would alter curative intent.","Step 1 – Resectability assessment
The patient presents with six bilobar liver metastases (2–5 cm) associated with invasion of the middle hepatic vein. The bilobar distribution, tumor burden, and venous invasion make a complete R0 resection with preservation of an adequate future liver remnant not feasible with an upfront surgical approach. According to hepatobiliary oncologic criteria, this pattern is considered potentially resectable after conversion therapy.

","Step 2 – Recommended oncologic sequence
A. Preoperative staging
• Given the high CEA level (600 ng/mL), perform high-resolution 18FDG PET-CT

B. Conversion systemic therapy (mandatory)
• Initiate intensive doublet or triplet chemotherapy (e.g., FOLFOXIRI ± bevacizumab) as discussed in MDT.
• KRAS mutation excludes anti-EGFR therapy.
• The objective is tumor downsizing, reduction of bilobar tumor burden, and potential clearance from the middle hepatic vein.

C. Early radiologic reassessment
• Perform high-resolution liver MRI and enhanced CT-scan every 2 months to assess:
– Response of lesions.
– Evolution of the relationship with the middle hepatic vein.
• Monitor CEA kinetics as a marker of treatment response.

D. Criteria for secondary resectability
• Surgery can be considered only if chemotherapy induces:
– Significant reduction in lesion size and number.
– Separation from the middle hepatic vein.
– Feasibility of staged or parenchymal-sparing resections with adequate future liver remnant.

E. Potential surgical strategies if response is favorable
• Two-stage hepatectomy or combined parenchymal-sparing resections depending on response pattern.
• Portal vein embolization / venous deprivation / ALPPS may be required if major hepatectomy becomes necessary.
• Ideally, consider minimally invasive approach (laparoscopic or robotic) for liver resection.

F. Management of the rectal primary
• Local pelvic treatment (radiotherapy ± surgery) should be coordinated during the systemic therapy period according to rectal oncologic principles.
• After restaging with high-resolution pelvic MRI,
-	If complete morphological rectal tumor response : follow up of primary tumor
-	If near complete morphological rectal tumor response : strict follow up of primary tumor
-	If incomplete morphological rectal tumor response : rectal resection after appropriate recovery: oncologic resection of the upper rectum (low anterior resection with TME principles).
• Ideally, consider minimally invasive approach (laparoscopic or robotic) for rectal resection.
• Preoperative prehabilitation and ERAS (Enhanced Recovery After Surgery) protocols are evidence-based, multidisciplinary strategies designed to optimize patient health before surgery and accelerate recovery afterward.

F. If insufficient response
• Continue systemic therapy or adapt regimen (such as intra-arterial chemotherapy after resection of the primary tumor) according to MDT, with possible consideration of local ablative techniques.

","Step 3 – Critical missing information
A. Exact segmental distribution of all 6 lesions with detailed vascular and biliary relationships on liver MRI.
B. Baseline future liver remnant (FLR) estimation in case of two-stage strategy with major hepatectomy.
E. Presence or absence of any extrahepatic disease on full staging.
F. Grade of differentiation and MSS/ MSI mutation of the primary tumor : influences prognosis and need for intensified adjuvant therapy
G. Exact distance of the rectal tumor from the anal verge, and circumferential resection margin (CRM) status on pelvic MRI influencing surgical approach and anastomotic risk.
H. Liquid biopsies to search circulating tumor DNA (ctDNA) and circulating tumor cells (CTCs) in the bloodstream"
20,"Step 1 - Resectability assessment  
Potentially resectable: the patient requires neoadjuvant systemic therapy to achieve tumor downsizing and to allow assessment of future liver remnant (FLR) volume. Until a radiologic response and adequate FLR are confirmed, definitive liver resection cannot be performed.

","Step 2 - Oncological strategy  
• Initiate systemic chemotherapy appropriate for RAS‑wild‑type metastatic colorectal cancer (e.g., FOLFOXIRI + bevacizumab or FOLFOX + cetuximab).  
• Re‑image the liver after 8–12 weeks (contrast‑enhanced CT or MRI) to evaluate response, lesion size, and to perform volumetric analysis of the FLR.  
• If the FLR is <30 % of total liver volume in a normal liver (or <40 % in a steatotic/chemotherapy‑injured liver), schedule portal vein embolization (PVE) of the right portal branches to induce hypertrophy of the left lateral segments (II‑III).  
• Re‑image 3–4 weeks after PVE to confirm sufficient hypertrophy.  
• Plan a liver‑first approach: perform an extended right hepatectomy (right trisectionectomy including segments IV, V, VII, VIII) preserving left lateral segments II‑III.  
• If the primary right‑colon tumor is asymptomatic and the patient is fit, consider simultaneous right hemicolectomy during the same operative session; otherwise, stage the colon resection 4–6 weeks after liver surgery.  
• Post‑operative adjuvant chemotherapy (same regimen or adjusted based on response) for a total of 6 months of systemic therapy.  
• Serial CEA monitoring and imaging every 3 months for the first 2 years, then every 6 months.

","Step 3 - Missing data  
• Baseline liver function tests (bilirubin, AST/ALT, INR, albumin) and quantitative liver function assessment (e.g., ICG clearance).  
• Volumetric measurement of the future liver remnant.  
• Performance status (ECOG/Karnofsky) and comorbidities that may affect surgical risk.  
• Presence or absence of extra‑hepatic disease (e.g., lung, peritoneum).  
• Details of the radiologic response to initial systemic therapy (RECIST criteria).  
• Patient’s preferences regarding staged versus simultaneous resections.","Step 1 – Resectability assessment  
Category: Potentially resectable  

Reasoning:  
- Current imaging shows five bilobar metastases (segments IV, V, VII, VIII) each ≤ 4 cm, which can be removed technically if an adequate future liver remnant (FLR) can be preserved.  
- The MDT explicitly notes “potentially resectable after partial response to systemic therapy,” indicating that further down‑staging and/or functional liver assessment is required before definitive surgery.  
- A specific prerequisite is therefore needed: achievement of sufficient tumor shrinkage (or stable disease) on systemic therapy and confirmation that the FLR will be ≥ 30 % (or > 0.5 % of body weight) after planned resection. Until these are verified, upfront surgery is not appropriate.  

","Step 2 – Oncological strategy (step‑by‑step)  

1. Systemic induction  
   - Use a RAS‑wild‑type–directed regimen: FOLFOX (or FOLFIRI) + anti‑EGFR antibody (cetuximab or panitumumab).  
   - Aim for 3–4 months (≈ 6–8 cycles) with radiologic reassessment after every 2 months (RECIST criteria) and serial CEA monitoring.  

2. Restaging and functional assessment  
   - Perform high‑resolution liver MRI with hepatocyte‑specific contrast (or contrast‑enhanced CT) to re‑measure lesion size, number, and distribution.  
   - Calculate volumetric FLR using CT‑based software. If FLR < 30 % (or < 0.5 % × body weight), plan portal vein embolization (PVE) of the right portal branches to induce hypertrophy of the left lateral segments (II‑III).  

3. Decision point after induction  
   - If imaging shows ≥ 30 % reduction in total tumor burden and FLR is adequate: proceed to curative‑intent liver surgery.  
   - If disease remains stable but FLR is insufficient: schedule right‑portal PVE, re‑image in 4–6 weeks, then proceed to resection once FLR meets criteria.  
   - If progression occurs (new lesions or growth of > 3 lesions): switch to second‑line systemic therapy (e.g., FOLFIRI + bevacizumab) and re‑evaluate later.  

4. Surgical plan  
   - Goal: R0, parenchymal‑sparing resection of all five metastases while preserving at least two contiguous left‑lateral segments (II‑III) and adequate inflow/outflow.  
   - Likely approach: extended right hepatectomy (segments V‑VIII) + segment IVb resection, leaving left lateral sector (II‑III) as FLR.  
   - If FLR after this resection is borderline, consider a two‑stage hepatectomy: first stage – right‑portal PVE, second stage – extended right hepatectomy after hypertrophy.  
   - Intra‑operative ultrasound to confirm lesion clearance and guide additional wedge resections or ablation of any residual ≤ 1 cm lesions.  

5. Management of the primary tumor  
   - Because the primary is right‑sided colon cancer, assess symptomatology.  
   - If asymptomatic, a “liver‑first” strategy is reasonable: complete liver resection first, then perform a standard right hemicolectomy 4–6 weeks later.  
   - If symptomatic (obstruction, bleeding) or high risk of perforation, perform simultaneous right hemicolectomy with liver resection, provided the patient’s cardiopulmonary reserve permits a combined procedure.  

6. Post‑operative systemic therapy  
   - After recovery, give adjuvant chemotherapy (same doublet ± anti‑EGFR) for 3–6 months to eradicate micrometastatic disease, especially given the initial high CEA (270 ng/mL).  

7. Surveillance  
   - CEA every 3 months for the first 2 years, then every 6 months.  
   - Cross‑sectional imaging (CT or MRI) at 6‑month intervals for the first 2 years, then annually.  

","Step 3 – Missing data  

- Patient’s performance status (ECOG) and comorbidity burden (Charlson index).  
- Baseline liver function tests and volumetric FLR calculation.  
- Details of systemic therapy already received (agents, number of cycles, radiologic response).  
- Presence or absence of extra‑hepatic disease (lung, peritoneum) on staging chest CT/PET‑CT.  
- Cardiopulmonary assessment results (cardiac ejection fraction, pulmonary function) to gauge tolerance of major hepatectomy.  
- Exact timing and sequencing of the primary tumor resection relative to liver surgery.  

These data are essential to finalize the operative plan, confirm suitability for major hepatectomy, and tailor the peri‑operative management.","Step 1 - Resectability assessment  
Category: Potentially resectable  

Reasoning: The MDT notes “potentially resectable after partial response to systemic therapy,” indicating that surgery is not yet ready for an upfront approach. Critical information that directly determines feasibility is missing:  
- Future liver remnant (FLR) ratio (FLRRatioCompatibilitySurgery – Missing)  
- Vascular or biliary involvement of the metastases (PresenceOfVascularContactOrInvasion, PresenceOfBiliaryStructuresInvolved – Missing)  
- Status of the primary colorectal tumor (Has the colorectal primary tumor been already resected? – Missing) and any obstructive/bleeding symptoms (Missing)  
- Full extra‑hepatic staging, especially thoraco‑CT for pulmonary disease (ThoracoCTScanPerformed – Missing) and bone imaging (Missing)  

Because these decisive data are absent, the case must be classified as “Potentially resectable” pending completion of the missing assessments or a specific prerequisite (e.g., portal vein embolization if FLR is inadequate).

","Step 2 - Oncological strategy  
1. Complete staging:  
   - Perform thoraco‑CT (or PET‑CT) to exclude pulmonary metastases.  
   - Obtain a liver MRI with hepatobiliary contrast to define lesion borders, vascular/biliary relationships, and to detect any occult lesions.  
   - Assess bone disease with appropriate imaging if clinically indicated.  

2. Evaluate liver functional reserve:  
   - Calculate FLR volume on CT/MRI; if FLR < 30 % in a normal liver, plan portal vein embolization (PVE) or associating liver partition and portal vein ligation for staged hepatectomy (ALPPS) to induce hypertrophy.  

3. Manage the primary tumor:  
   - If the right‑colon primary has not been resected and is symptomatic (obstruction, bleeding) or at risk, schedule a right hemicolectomy either synchronously with liver surgery (if liver disease is limited and FLR adequate) or as a staged procedure before definitive hepatic resection.  

4. Continue systemic therapy:  
   - Given a documented partial response, complete a total of 6–8 cycles of a standard oxaliplatin‑based regimen (e.g., FOLFOX ± bevacizumab) or a triplet (FOLFOXIRI) if tolerated, aiming for maximal tumor shrinkage and to assess CEA trend.  

5. Restage after systemic therapy:  
   - Repeat liver MRI and thoraco‑CT; re‑measure CEA. If imaging confirms stable or further responding disease, and FLR is sufficient, proceed to curative‑intent liver surgery.  

6. Surgical plan (assuming resectability confirmed):  
   - Aim for parenchymal‑sparing, anatomic or non‑anatomic segmental resections of segments IV, V, VII, VIII, preserving at least 30 % functional liver.  
   - If simultaneous colon and liver resection is feasible (no excessive operative time, acceptable physiologic reserve), perform a combined right hemicolectomy and liver resection. Otherwise, adopt a staged approach (colon first, then liver after recovery).  

7. Post‑operative management:  
   - Resume adjuvant systemic therapy (e.g., 3–6 months) based on pathology (margin status, nodal involvement).  
   - Monitor CEA and imaging every 3–6 months for recurrence.  

","Step 3 - Missing data  
- FLRRatioCompatibilitySurgery (critical for determining need for PVE or feasibility of liver‑only surgery).  
- PresenceOfVascularContactOrInvasion and PresenceOfBiliaryStructuresInvolved (determine technical resectability of each lesion).  
- Status of primary tumor resection and any obstructive/bleeding symptoms (guides timing of colon surgery).  
- ThoracoCTScanPerformed (rules out pulmonary extra‑hepatic disease).  
- Liver MRI results (precise lesion mapping, detection of additional metastases).  
- Bone involvement assessment (potential extra‑hepatic contraindication).  

These items must be obtained before finalizing the operative plan.","Step 1 - Resectability assessment  
Potentially resectable. The MDT notes a partial radiologic response after systemic therapy, but decisive information required to confirm technical feasibility is missing: (a) quantitative future liver remnant (FLR) volume/ratio, (b) detailed hepatic vascular and biliary anatomy, and (c) complete extra‑hepatic staging (thoracic CT, liver MRI). Without these data we cannot guarantee that an R0 resection preserving ≥2 contiguous segments and ≥20‑30 % functional liver will be possible, therefore surgery must be deferred until these assessments are completed.

","Step 2 - Oncological strategy  
1. Continue systemic chemotherapy (e.g., FOLFOX ± anti‑EGFR given RAS‑wild type) for another 2–3 months to consolidate response and allow further tumour shrinkage.  
2. Obtain a high‑resolution liver MRI with hepatocyte‑specific contrast to define lesion borders, vascular/biliary involvement, and to perform volumetric analysis for FLR calculation.  
3. Perform a thoracic CT (or PET‑CT) to exclude pulmonary metastases; if any extra‑hepatic disease is identified, assess resectability or suitability for local ablative therapy.  
4. Re‑evaluate FLR volume:  
   – If FLR ≥ 30 % (or ≥20 % in non‑cirrhotic liver) and no critical vascular/biliary invasion, proceed to curative‑intent hepatic resection.  
   – If FLR is insufficient, schedule portal vein embolisation (PVE) or consider a two‑stage hepatectomy/ALPPS to induce hypertrophy.  
5. Plan the sequence of operations:  
   – Because the primary tumour is asymptomatic (no obstruction, perforation, or bleeding reported) and the liver disease appears limited to segments IV, V, VII, VIII, a liver‑first approach is reasonable after confirming resectability.  
   – Perform an extended right hepatectomy (segments V‑VIII) plus segment IV resection if FLR permits; aim for R0 margins (>1 mm) while preserving at least two contiguous segments.  
   – After hepatic recovery (≈6‑8 weeks), perform a right hemicolectomy to remove the primary tumour, unless intra‑operative findings dictate simultaneous resection.  
6. Post‑operative adjuvant chemotherapy (same regimen) for 3‑6 months to eradicate microscopic disease.  
7. Serial surveillance with CEA and imaging (CT/MRI) every 3‑6 months for the first 2 years, then annually.

","Step 3 - Missing data  
- Quantitative FLR ratio/volumetry (critical for technical feasibility).  
- Detailed hepatic arterial, portal, and biliary anatomy (vascular/biliary contact or invasion).  
- Liver MRI results (lesion characterization, detection of additional occult metastases).  
- Thoracic CT (or PET‑CT) to rule out pulmonary metastases.  
- Status of the primary colorectal tumour (already resected or not).  
- Presence of obstructive, perforative, or bleeding symptoms from the primary tumour.  
- Assessment of extra‑hepatic bone or brain involvement (currently missing).  
These items must be obtained before a definitive surgical plan can be finalized.","Step 1 – Resectability assessment
The patient presents with five liver metastases located in segments IV, V, VII, and VIII (1.5–3.8 cm). The number of lesions and their distribution in central and right segments make a complete R0 parenchymal-sparing resection challenging with an upfront approach while preserving an adequate future liver remnant. According to hepatobiliary oncologic criteria, this pattern is considered potentially resectable after conversion therapy.

","Step 2 – Recommended oncologic sequence
A. Preoperative staging
• Obtain high resolution liver MRI to define exact segmental distribution of all lesions with detailed vascular and biliary relationships. 
• Given the high CEA level (270 ng/mL), perform high-resolution 18FDG PET-CT

B. Conversion systemic therapy (mandatory)
• Initiate doublet or triplet chemotherapy (FOLFOX or FOLFIRI) combined with anti-EGFR therapy given RAS wild-type status.
• The objective is tumor downsizing and reduction of tumor burden to enable secondary resectability.

C. Early radiologic reassessment
• Perform high-resolution liver MRI after 2–3 months to reassess lesion size, distribution, and relationships with vascular structures.
• Monitor CEA kinetics as an indicator of response.

D. Criteria for secondary resectability
• Surgery can be considered if imaging shows:
– Reduction in lesion size allowing parenchymal-sparing resections.
– Feasibility of R0 resection with adequate future liver remnant.

D. Potential surgical strategies if response is favorable
• Combined parenchymal-sparing resections of segments IV, V, VII, and VIII guided by intra-operative ultrasound.
• If necessary, right or extended right hepatectomy after portal vein embolization / venous deprivation / ALPPS depending on remnant volume.
• Ideally, consider minimally invasive approach (laparoscopic or robotic) for liver resection.

E. Management of the primary tumor
• Right hemicolectomy (standard oncologic resection of the right colon primary) with D2 lymphadectomy (at least 12 harvested lymph nodes) should be coordinated according to response and patient condition (ideally after liver surgery).
• Ideally, consider minimally invasive approach (laparoscopic or robotic) for colectomy.

F. If insufficient response
• Continue systemic therapy or adapt regimen (such as intra-arterial chemotherapy after resection of the primary tumor) according to MDT, with possible consideration of local ablative techniques.

","Step 3 – Critical missing information
A. Exact segmental distribution of all 5 lesions with detailed vascular and biliary relationships on liver MRI.
B. Baseline future liver remnant (FLR) estimation in case of two-stage strategy with major hepatectomy.
E. Presence or absence of any extrahepatic disease on full staging.
F. Grade of differentiation and MSS/ MSI mutation of the primary tumor : influences prognosis and need for intensified adjuvant therapy
G. Liquid biopsies to search circulating tumor DNA (ctDNA) and circulating tumor cells (CTCs) in the bloodstream"
21,"Step 1 - Potentially resectable  
Reasoning: The patient has nine bilobar liver metastases, several abutting major hepatic veins, making an upfront anatomic resection unsafe. Down‑staging with systemic chemotherapy (and possibly locoregional therapy) is required to achieve sufficient tumor shrinkage and to allow accurate assessment of future liver remnant (FLR) volume. Until these prerequisites are fulfilled, definitive resection cannot be planned.

","Step 2 - Oncological strategy  
- Initiate intensive conversion systemic therapy: FOLFOXIRI (5‑FU, leucovorin, oxaliplatin, irinotecan) plus bevacizumab, given KRAS mutation and high tumor burden.  
- Re‑evaluate after 8–12 weeks with contrast‑enhanced MRI and CT volumetry: assess response of hepatic lesions, proximity to hepatic veins, and calculate FLR.  
- If response is inadequate or FLR remains <30 % in a non‑cirrhotic liver, consider adjunctive liver‑directed therapy:  
   • Hepatic arterial infusion pump chemotherapy or Y‑90 radio‑embolization targeting dominant lesions.  
   • Portal vein embolization (PVE) of the lobe planned for resection to hypertrophy the contralateral FLR.  
- Once adequate tumor shrinkage and FLR are confirmed, plan staged hepatic resection:  
   • Option A – Two‑stage hepatectomy: first clear lesions in the future remnant liver (segmental resections or wedge resections), then after hypertrophy complete resection of the remaining disease.  
   • Option B – ALPPS (Associating Liver Partition and Portal vein Ligation for Staged hepatectomy) if rapid hypertrophy is needed and patient fitness permits.  
- Primary colon tumor management:  
   • If symptomatic (obstruction, bleeding) perform urgent colectomy; otherwise schedule elective transverse colectomy after hepatic surgery or simultaneously if hepatic resection is limited and patient condition allows.  
- Post‑operative adjuvant therapy: resume systemic chemotherapy for at least 6 months, tailored to response and tolerability.  
- Surveillance: CEA every 3 months, cross‑sectional imaging (CT/MRI) every 6 months for the first 2 years, then annually.

","Step 3 - Missing data  
- Baseline liver function: bilirubin, AST/ALT, INR, albumin, indocyanine‑green clearance.  
- Quantitative FLR assessment (volumetry) prior to any intervention.  
- Performance status (ECOG/Karnofsky) and comorbidities (cardiopulmonary reserve).  
- Detailed size and exact segmental location of each metastasis relative to hepatic veins and portal pedicles.  
- Presence or absence of extra‑hepatic disease (lung, peritoneum) on full staging (PET‑CT or dedicated chest imaging).  
- Patient’s preference regarding aggressive multimodal therapy.","Step 1 – Resectability assessment  
Potentially resectable – The current imaging shows nine bilobar metastases many abutting hepatic veins, and the MDT has already judged the disease unresectable upfront. Conversion to resectability will require a prerequisite intervention (systemic conversion chemotherapy ± liver‑volume augmentation such as portal vein embolization or a staged hepatectomy) before an R0 liver resection can be contemplated.

","Step 2 – Oncological strategy  
- Baseline staging completion  
  • Obtain high‑resolution chest CT (or PET‑CT) to exclude pulmonary or other extra‑hepatic disease.  
  • Record ECOG performance status, liver function tests, and calculate the future liver remnant (FLR) volume on volumetric CT/MRI.  
- Systemic conversion therapy (first‑line for KRAS‑mutated disease)  
  • Initiate an oxaliplatin‑based doublet (FOLFOX) combined with bevacizumab (anti‑VEGF) for 4 cycles (≈2 months).  
  • Re‑image (triphasic CT or gadoxetate‑enhanced MRI) after 4 cycles; if response is inadequate, extend to 6 cycles or switch to a second‑line regimen (e.g., FOLFIRI + bevacizumab).  
  • Monitor CEA trend; a ≥30 % decline supports biological response.  
- Assessment of resectability after chemotherapy  
  • Re‑evaluate tumor size, number, and relationship to hepatic veins.  
  • Re‑calculate FLR; if FLR < 30 % (healthy liver) or < 40 % (post‑chemotherapy liver), plan portal vein embolization (PVE) or liver venous deprivation (LVD) to induce hypertrophy.  
  • If lesions remain marginally resectable but involve major hepatic veins, consider parenchymal‑sparing surgery with R1 vascular margin or vascular reconstruction (as supported by recent series for KRAS‑mutated disease).  
- Surgical sequencing  
  • If the primary transverse colon tumor is asymptomatic: adopt a liver‑first approach – perform the staged hepatectomy (first stage: clearance of lesions in the future liver remnant, followed by PVE/LVD; second stage: major resection of the diseased lobe).  
  • If the primary tumor causes obstruction, bleeding, or risk of perforation: resect the colon first (right hemicolectomy with adequate oncologic margins), then proceed with the liver‑first/conversion plan after recovery.  
- Post‑resection adjuvant therapy  
  • Continue systemic chemotherapy (e.g., FOLFOX ± bevacizumab) for 3–6 months post‑hepatectomy, tailored to postoperative recovery and residual disease.  
  • Consider enrollment in a clinical trial of hepatic arterial infusion (HAIC) or DEB‑TACE if residual disease persists after maximal safe resection.  

","Step 3 – Missing data  
- Detailed performance status (ECOG/ASA) and comorbidity profile (cardiopulmonary reserve).  
- Baseline liver function (bilirubin, INR, albumin) and assessment of chemotherapy‑associated liver injury (e.g., steatohepatitis).  
- Precise volumetric measurement of future liver remnant before and after any planned PVE/LVD.  
- Confirmation of absence of extra‑hepatic metastases (chest CT/PET‑CT).  
- Exact anatomic relationship of each metastasis to the three major hepatic veins and portal/hepatic arterial branches (to decide on vascular reconstruction vs. R1‑vascular resection).  
- Patient’s preference regarding the timing of primary‑tumor resection versus liver‑first strategy.","Step 1 - Resectability assessment  
Category: Potentially resectable  
Reasoning: The liver disease is described as nine bilobar metastases with vascular contact to hepatic veins and lesions close to major hepatic veins, which the MDT has already judged “not resectable upfront.” Bilobar distribution, high lesion count, and vascular involvement make immediate anatomic liver resection unsafe without down‑staging. Therefore a prerequisite conversion strategy (systemic chemotherapy ± targeted therapy and possibly portal vein embolization) is required before a definitive surgical plan can be made. No absolute contraindication (e.g., extra‑hepatic disease) is present, so the case is not classified as “Not resectable.”

","Step 2 - Oncological strategy  
- 1️⃣ Confirm status of the primary transverse colon tumor (resected vs still in situ). If not yet resected and the patient is asymptomatic, adopt a “liver‑first” approach; if symptomatic (obstruction, bleeding, perforation) resect the primary first.  
- 2️⃣ Initiate systemic conversion chemotherapy appropriate for KRAS‑mutated colorectal cancer (e.g., FOLFOXIRI ± bevacizumab). Monitor tumor markers (CEA) and repeat liver MRI/CT after 2–3 months to assess radiologic response and potential shrinkage of vascular contact.  
- 3️⃣ Re‑evaluate liver volumetry after the best radiologic response. If future liver remnant (FLR) is predicted to be insufficient, plan portal vein embolization (PVE) or associating liver partition and portal vein ligation for staged hepatectomy (ALPPS) to augment FLR.  
- 4️⃣ Once adequate down‑staging is achieved and FLR is acceptable, proceed with staged liver resection (e.g., two‑stage hepatectomy or combined right/left extended resection) aiming for R0 margins while preserving vascular inflow/outflow.  
- 5️⃣ After hepatic surgery, complete colon resection if not already performed, or perform a simultaneous colon‑liver operation if intra‑operative assessment deems it safe.  
- 6️⃣ Continue adjuvant systemic therapy post‑operatively according to response and pathological findings, with surveillance of CEA and imaging every 3–6 months.

","Step 3 - Missing data  
- Grade of differentiation of the primary tumor (affects prognosis and urgency of resection).  
- Confirmation whether the primary transverse colon cancer has already been resected.  
- Presence of obstructive, perforative, or bleeding symptoms from the primary tumor.  
- Exact maximum and minimum lesion diameters and the hepatic segments involved (necessary for precise surgical planning and FLR calculation).  
- Future liver remnant ratio compatibility with surgery.  
- Whether any systemic chemotherapy has already been administered and the timing of liver metastases (synchronous vs metachronous).  
- Detailed arterial anatomy and any biliary involvement.  

These missing items are most critical to finalize the conversion plan, determine the need for portal vein embolization, and decide on the sequencing of colon versus liver surgery.","Step 1 – Resectability assessment  
Potentially resectable  
• The MDT already judged the liver disease unresectable upfront because of nine bilobar metastases, vascular contact with hepatic veins and an unknown future liver remnant (FLR) – both technical barriers.  
• Conversion to resectability is feasible if (a) effective systemic chemotherapy downsizes the lesions and (b) a sufficient FLR can be achieved (by hypertrophy techniques such as portal‑vein embolisation or a two‑stage/ALPPS approach).  
• KRAS mutation lowers the conversion rate with anti‑EGFR agents, but bevacizumab‑containing oxaliplatin‑based regimens have demonstrated conversion in KRAS‑mutated patients (see conversion‑therapy data in the excerpts).  

","Step 2 – Oncological strategy (step‑by‑step)  
1. Baseline work‑up  
   – Complete laboratory panel (including liver function, bilirubin, INR, platelets) and cardiopulmonary assessment.  
   – Obtain a high‑quality contrast‑enhanced liver MRI with volumetry to calculate the FLR ratio (missing in the analysis).  
   – Perform a brain MRI (the only extra‑hepatic site labelled “Missing”) to exclude occult CNS disease.  

2. Systemic conversion therapy  
   – Start first‑line doublet chemotherapy (FOLFOX) combined with bevacizumab (appropriate for KRAS‑mutated disease).  
   – Plan 4–6 cycles (≈2–3 months) with radiologic reassessment (CT/MRI) after every 2 cycles.  
   – Monitor CEA trend; a falling level supports biological response.  

3. Response evaluation  
   – If ≥30 % reduction in total tumour volume, reduction in number of lesions, or clearance of vascular contact, proceed to step 4.  
   – If disease progresses, switch to second‑line regimen (FOLFIRI ± bevacizumab) and repeat assessment.  

4. Assessment of future liver remnant  
   – If FLR < 30 % (healthy liver) or < 40 % (post‑chemotherapy liver), schedule portal‑vein embolisation (PVE) or liver venous deprivation (LVD) to induce hypertrophy.  
   – Consider a two‑stage hepatectomy (TSH) if lesions are widely distributed and FLR remains marginal after PVE.  
   – ALPPS may be reserved for highly selected cases where rapid hypertrophy is required and the patient’s operative risk is acceptable.  

5. Surgical sequencing  
   – Because the primary tumour is T4 and symptomatic status is unknown, adopt a liver‑first strategy: complete conversion chemotherapy, achieve adequate FLR, then perform curative‑intent liver resection (parenchymal‑sparing where possible; vascular resection/reconstruction if needed for hepatic‑vein involvement).  
   – After hepatic surgery, reassess the primary colon tumour; if not yet resected, perform a definitive colectomy (open or minimally invasive) once the patient has recovered from liver surgery.  

6. Adjuvant therapy  
   – Continue peri‑operative chemotherapy (total 6 months) after liver resection, using the same regimen that achieved response, unless toxicity dictates change.  

7. Surveillance  
   – CEA every 3 months, cross‑sectional imaging (CT or MRI) every 6 months for the first 2 years, then annually.  

","Step 3 – Missing data most crucial for the recommendation  
• Grade of differentiation of the primary tumour (affects prognosis and urgency of primary resection).  
• Whether the primary colorectal tumour has already been resected or is symptomatic (obstruction, perforation, bleeding).  
• Exact maximum and minimum diameters of each liver lesion and the hepatic segments involved (needed for precise volumetry and surgical planning).  
• Quantitative FLR ratio (essential to decide on PVE/TSH/ALPPS).  
• Status of prior systemic therapy (has any chemotherapy already been given?).  
• Presence or absence of extra‑hepatic brain metastasis (the only extra‑hepatic site listed as “Missing”).  
These items should be obtained before finalising the conversion plan and operative schedule.","Step 1 – Resectability assessment
The patient presents with nine bilobar liver metastases, several of which are close to the hepatic veins, without reported extrahepatic disease. The tumor burden, bilobar distribution, and proximity to major hepatic venous structures make a complete R0 resection with preservation of an adequate future liver remnant not feasible with an upfront surgical approach. According to hepatobiliary oncologic criteria, this pattern is considered potentially resectable aftermajor reponse.

","Step 2 – Recommended oncologic sequence
A. Preoperative staging
• Given the high CEA level (950 ng/mL), perform high-resolution 18FDG PET-CT
• Perform enhanced multi-phase CT-scan to detect potential extension of primary tumor to adjacent organ (abdominal wall, ureter, small bowel)

B. Conversion systemic therapy (mandatory)
• Initiate intensive doublet or triplet chemotherapy (e.g., FOLFOXIRI ± bevacizumab).
• KRAS mutation excludes anti-EGFR therapy.
• The objective is significant tumor downsizing, reduction of lesion number/volume, and clearance from hepatic venous structures.

C. Early radiologic reassessment
• Perform high-resolution liver MRI every 2-3 months to assess response, particularly the relationship of lesions to hepatic veins.
• Monitor CEA kinetics as an indicator of treatment response.

D. Criteria for secondary resectability
• Surgery can be considered only if chemotherapy induces:
– Marked reduction in lesion size and number.
– Safe separation from hepatic veins.
– Feasibility of staged or parenchymal-sparing resections with adequate future liver remnant.

E. Potential surgical strategies if response is favorable
• Two-stage hepatectomy or combined parenchymal-sparing resections depending on response pattern.
• Portal vein embolization / venous deprivation / ALPPS may be required if major hepatectomy becomes necessary.
• Ideally, consider minimally invasive approach (laparoscopic or robotic) for liver resection.

F. Management of the primary tumor
• If no perspectives of curative option for liver metastases, not consider oncologic extended right colectomy
• If perspectives of curative option for liver metastases (i.e. intensive chemotherapy of intra-arterial chemotherapy), perform extended right hemicolectomy (standard oncologic resection of the right colon primary) with D2 lymphadectomy (at least 12 harvested lymph nodes) should be coordinated according to response and patient condition (ideally after liver surgery).
• Ideally, consider minimally invasive approach (laparoscopic or robotic) for colectomy.

G. If insufficient response
• Continue systemic therapy or adapt regimen (such as intra-arterial chemotherapy after resection of the primary tumor) according to MDT, with possible consideration of local ablative techniques.

","Step 3 – Critical missing information
A. Exact segmental distribution of all 9 lesions with detailed vascular and biliary relationships on liver MRI.
B. Baseline future liver remnant (FLR) estimation in case of two-stage strategy with major hepatectomy.
E. Presence or absence of any extrahepatic disease on full staging.
F. Grade of differentiation and MSS/ MSI mutation of the primary tumor : influences prognosis and need for intensified adjuvant therapy
G. Potential extension of primary tumor to adjacent organ (abdominal wall, ureter, small bowel)
H. Liquid biopsies to search circulating tumor DNA (ctDNA) and circulating tumor cells (CTCs) in the bloodstream"
22,"Step 1 - Resectability assessment  
Potentially resectable  
- Five bilobar metastases (1‑3 cm) could be cleared surgically, but feasibility hinges on the future liver remnant (FLR) volume and functional capacity after resection.  
- A definitive decision requires quantitative liver volumetry and liver function testing (e.g., ICG clearance, Child‑Pugh, MELD) following the planned neoadjuvant chemotherapy.  
- Until these data are available, the case cannot be classified as “Resectable upfront” nor excluded as “Not resectable.”  

","Step 2 - Oncological strategy  
- Initiate systemic therapy with FOLFOX + cetuximab (RAS wild‑type) for 4–6 cycles, monitoring CEA and imaging response.  
- Discontinue cetuximab 2 weeks before any planned surgery to reduce wound‑healing complications.  
- At 8–12 weeks, obtain high‑resolution liver MRI (or contrast‑enhanced CT) with volumetric analysis and repeat liver function tests.  
- Multidisciplinary reassessment:  
   • If imaging shows ≥70 % reduction in tumor burden and FLR ≥30 % (≥40 % if underlying liver disease), proceed to curative intent liver surgery.  
   • Choose between:  
        – Simultaneous colorectal resection and parenchymal‑sparing hepatectomy (if lesions are amenable to a single‑stage, limited resection).  
        – Two‑stage hepatectomy with portal vein embolization (PVE) to hypertrophy the FLR, followed by major hepatectomy after 4–6 weeks.  
        – ALPPS or associating liver partition and portal vein ligation if FLR remains insufficient after PVE.  
   • If response is inadequate or FLR remains insufficient, consider additional systemic cycles, alternative biologic agents, or enrolment in a clinical trial.  
- After complete resection, administer adjuvant chemotherapy (e.g., FOLFOX) for 3–6 months, tailored to postoperative recovery and pathology.  

","Step 3 - Missing data  
- Quantitative liver volumetry (pre‑ and post‑chemotherapy) and functional reserve (ICG clearance, Child‑Pugh, bilirubin).  
- Exact segmental location of each hepatic lesion relative to major vessels and biliary ducts.  
- Performance status (ECOG/Karnofsky) and comorbidities influencing surgical risk.  
- Status of the primary rectosigmoid tumor (symptomatic, obstruction, need for neoadjuvant radiotherapy).  
- BRAF mutation status and microsatellite instability, which may affect systemic options.  
- Baseline cardiopulmonary reserve (ejection fraction, pulmonary function) for major hepatic resection.","Step 1 - Resectability assessment  
Potentially resectable  
- Five bilobar metastases (1‑3 cm) are technically amenable to parenchymal‑sparing resections, but current imaging does not provide FLR volume, vascular proximity, or liver function data needed to confirm an R0 resection while preserving ≥30 % liver remnant.  
- The MDT has already planned neoadjuvant FOLFOX + cetuximab, indicating that a prerequisite systemic therapy is required before a definitive surgical decision can be made.  

","Step 2 - Oncological strategy  
- Initiate systemic therapy: FOLFOX plus cetuximab (RAS wild‑type) for 6 cycles (≈12 weeks).  
- Restaging after chemotherapy:  
   • Contrast‑enhanced CT or liver‑specific MRI to reassess number, size, and location of metastases; calculate future liver remnant (FLR) volume.  
   • Measure CEA (baseline 420 ng/mL) to gauge biochemical response.  
- Decision point after restaging:  
   • If all lesions have responded (size reduction, ≤4 lesions, or amenable to wedge/segmental resections) and FLR ≥30 % (or ≥0.5 % body weight), proceed to curative‑intent liver surgery.  
   • If FLR is insufficient but lesions are otherwise resectable, consider portal vein embolization (PVE) or a two‑stage hepatectomy (first stage: clearance of lesions in one lobe, PVE of the opposite lobe; second stage: major resection after hypertrophy).  
   • If disease remains borderline, discuss intensifying chemotherapy (e.g., FOLFOXIRI ± anti‑EGFR) or switching to an alternative regimen (FOLFIRI + bevacizumab).  
- Surgical sequencing:  
   • Preferred “liver‑first” approach for synchronous rectosigmoid cancer when liver disease is the limiting factor; perform hepatic resection first, followed by definitive colorectal resection (low anterior resection or anterior resection) after recovery.  
   • If liver resection can be performed with limited morbidity and adequate FLR, a simultaneous colorectal and hepatic resection may be considered in a fit patient.  
- Intra‑operative considerations:  
   • Use intra‑operative ultrasound to detect occult lesions.  
   • Aim for R0 margins (≥1 mm) with parenchymal‑sparing techniques; avoid major vascular sacrifice if possible.  
- Post‑operative management:  
   • Resume adjuvant systemic therapy (same regimen or modified based on response) for 3–6 months.  
   • Surveillance with CEA and imaging every 3–6 months for the first 2 years.  

","Step 3 - Missing data  
- Quantitative future liver remnant (FLR) volume and liver‑to‑body‑weight ratio.  
- Detailed lesion map relative to hepatic veins, portal pedicles, and biliary ducts.  
- Baseline liver function tests (bilirubin, INR, albumin, platelet count) and assessment of underlying liver disease (steatosis, fibrosis).  
- Patient performance status (ECOG/ASA) and comorbidities that affect surgical risk.  
- Evidence of extra‑hepatic disease (e.g., chest CT for lung mets, PET‑CT for peritoneal disease).  
- Cardiopulmonary reserve (e.g., VO₂ max or cardiopulmonary exercise testing) to confirm fitness for major hepatectomy.","Step 1 - Resectability assessment  
Potentially resectable – the case requires (a) completion of the planned neoadjuvant systemic therapy (FOLFOX + cetuximab) and restaging, and (b) definitive information on hepatic segmental distribution, vascular involvement, and future liver remnant (FLR) volume, which are decisive for surgical feasibility. Until these prerequisites are fulfilled, an upfront liver‑first or simultaneous resection cannot be safely planned.

","Step 2 - Oncological strategy  
- Initiate the MDT‑recommended systemic regimen (FOLFOX + cetuximab) promptly; monitor CEA and toxicity.  
- Perform baseline staging that is currently missing: thoraco‑abdominal CT (or PET‑CT) to exclude pulmonary disease and a contrast‑enhanced liver MRI to define segmental involvement, vascular contact, and lesion biology.  
- After 2–3 months of chemotherapy (or at the point of maximal radiologic response), repeat imaging to assess tumor shrinkage, FLR adequacy, and any new extra‑hepatic sites.  
- If the primary rectosigmoid lesion is asymptomatic and imaging shows adequate FLR (>30 % in a normal liver or >40 % after chemotherapy), plan a simultaneous or staged approach:  
   • Simultaneous resection if primary tumor can be safely removed (low obstruction/bleeding risk) and operative time is acceptable.  
   • Otherwise, adopt a “liver‑first” strategy: resect liver metastases first (parenchymal‑sparing, possibly two‑stage or associating liver partition and portal vein ligation for staged hepatectomy if FLR is marginal), followed by colorectal resection after recovery.  
- If FLR is insufficient after chemotherapy, consider portal vein embolization or ALPPS to augment remnant volume before definitive hepatectomy.  
- Continue postoperative adjuvant chemotherapy per standard protocols, adjusting based on pathologic response and molecular profile.

","Step 3 - Missing data  
- Precise hepatic segment(s) involved and presence/extent of vascular or biliary invasion (required to plan parenchymal‑sparing versus major hepatectomy).  
- Future liver remnant volume or FLR ratio compatibility with surgery.  
- Status of the primary tumor (resected or not, presence of obstruction/bleeding/perforation).  
- Thoraco‑CT (or PET‑CT) results to rule out pulmonary metastases.  
- Liver MRI findings to confirm lesion number, distribution, and response to chemotherapy.  
- Confirmation of whether any systemic therapy has already been administered.","Step 1 – Resectability assessment  
Potentially resectable – The MDT has already planned neoadjuvant systemic therapy (FOLFOX + cetuximab) and the case lacks decisive information required for a definitive surgical decision: (a) a complete hepatic anatomical assessment (segments involved, vascular or biliary contact, FLR ratio) is missing; (b) thoraco‑abdominal staging is incomplete (no thoracic CT, no liver MRI). Until these data are obtained and the response to chemotherapy is documented, resection cannot be performed upfront.

","Step 2 – Oncological strategy  
• Initiate the planned systemic regimen (FOLFOX + cetuximab) for 6–8 cycles, monitoring CEA trend and toxicity.  
• At the end of systemic therapy, restage with:  
   – Contrast‑enhanced liver MRI (or gadoxetate‑enhanced MRI) to define lesion number, segmental distribution, vascular/biliary involvement, and to calculate the future liver remnant (FLR) volume.  
   – Thoracic CT (or PET‑CT) to exclude pulmonary metastases.  
   – Repeat abdominal CT if needed for comparison.  
• Multidisciplinary re‑evaluation of resectability:  
   – If FLR ≥ 20‑30 % and all lesions can be cleared with negative margins while preserving ≥ 2 contiguous segments, plan curative‑intent hepatic resection.  
   – If FLR is insufficient, consider portal vein embolization (PVE) or a two‑stage hepatectomy (e.g., right‑plus‑left‑lateral resection) after confirming disease control.  
   – If vascular contact precludes safe resection, assess suitability for ablative techniques (RFA/SBRT) as adjuncts.  
• Primary tumor management:  
   – If the rectosigmoid primary remains unresected and is asymptomatic, a “liver‑first” approach is reasonable; schedule low‑anterior resection (or Hartmann) after hepatic clearance, ensuring adequate recovery interval (4‑6 weeks).  
   – If obstructive or bleeding symptoms emerge, address with diverting stoma or urgent resection before or concurrent with liver surgery, depending on operative risk.  
• Post‑operative plan: complete adjuvant chemotherapy (e.g., additional 3–6 cycles of FOLFOX ± cetuximab) and enrol in surveillance (CEA, imaging every 3–6 months).  

","Step 3 – Missing data (most crucial for recommendation)  
• Detailed hepatic anatomy: segments involved, presence of vascular or biliary invasion, and FLR ratio.  
• Thoracic imaging (CT or PET‑CT) to rule out pulmonary metastases.  
• Liver MRI to confirm lesion characteristics and detect occult disease.  
• Status of the primary colorectal tumor (resected or not, presence of obstruction/bleeding).  
• Timing of liver metastases (synchronous vs metachronous) – influences sequencing.  
These items are essential to move from “potentially resectable” to a definitive surgical plan.","Step 1 – Resectability assessment
The patient presents with five bilobar liver metastases (1–3 cm) without reported extrahepatic disease. The number of lesions and bilobar distribution make a complete R0 parenchymal-sparing resection challenging with an upfront approach while preserving an adequate future liver remnant. According to hepatobiliary oncologic criteria, this pattern is considered potentially resectable after conversion therapy.

","Step 2 – Recommended oncologic sequence
A. Preoperative staging
• Given the high CEA level (420 ng/mL), perform high-resolution 18FDG PET-CT and chest CT scan
• Obtain high resolution liver MRI to define exact segmental distribution of all lesions with detailed vascular and biliary relationships. 

B. Conversion systemic therapy (mandatory)
• Initiate FOLFOX combined with cetuximab as planned, given RAS wild-type status.
• The objective is tumor downsizing and reduction of bilobar tumor burden to enable secondary resectability.

C. Early radiologic reassessment
• Perform high-resolution liver MRI after 2–3 months to reassess lesion size, distribution, and vascular relationships.
• Monitor CEA kinetics as an indicator of response.

D. Criteria for secondary resectability
• Surgery can be considered if imaging shows:
– Reduction in lesion size allowing parenchymal-sparing resections / multiple ablations.
– Feasibility of R0 resection with adequate future liver remnant.

E. Potential surgical strategies if response is favorable
• Combined parenchymal-sparing resections or multiple ablations guided by intra-operative ultrasound.
• If necessary, staged hepatectomy depending on remnant volume and lesion distribution.
• Ideally, consider minimally invasive approach (laparoscopic or robotic) for liver resection.

F. Management of the primary tumor
• If no perspectives of curative option for liver metastases, not consider oncologic left colectomy
• If perspectives of curative option for liver metastases (i.e. intensive chemotherapy of intra-arterial chemotherapy), perform left hemicolectomy (standard oncologic resection of the left colon primary) with D2 lymphadectomy (at least 12 harvested lymph nodes) should be coordinated according to response and patient condition (ideally after liver surgery).
• Ideally, consider minimally invasive approach (laparoscopic or robotic) for colectomy.

G. If insufficient response
• Continue systemic therapy or adapt regimen (such as intra-arterial chemotherapy after resection of the primary tumor) according to MDT, with possible consideration of local ablative techniques.

","Step 3 – Critical missing information
A. Exact segmental distribution of all 5 lesions with detailed vascular and biliary relationships on liver MRI.
B. Baseline future liver remnant (FLR) estimation in case of two-stage strategy with major hepatectomy.
C. chest CT scan
E. Presence or absence of any extrahepatic disease on full staging.
F. Grade of differentiation and MSS/ MSI mutation of the primary tumor : influences prognosis and need for intensified adjuvant therapy
G. Liquid biopsies to search circulating tumor DNA (ctDNA) and circulating tumor cells (CTCs) in the bloodstream"
23,"Step 1 – Resectability assessment  
Potentially resectable  
- Seven hepatic metastases, including coalescent lesions in the hilar region, exceed the typical criteria for a single‑stage curative resection.  
- A prerequisite systemic chemotherapy regimen (to achieve tumor downsizing and assess biologic response) and likely portal vein embolization to secure an adequate future liver remnant are required before a definitive hepatic resection can be planned.  

","Step 2 – Oncological strategy  
- Initiate intensive systemic chemotherapy (e.g., FOLFOXIRI ± bevacizumab) given KRAS‑mutated disease; anti‑EGFR agents are contraindicated.  
- Re‑image after 8–12 weeks (triphasic CT or MRI) to evaluate tumor response, lesion size, and relationship to major vascular/biliary structures.  
- Perform quantitative liver volumetry and functional assessment (ICG clearance, liver stiffness) to determine the future liver remnant (FLR).  
- If FLR is <30 % of total liver volume, schedule portal vein embolization (PVE) of the lobe bearing the majority of disease to induce hypertrophy of the contralateral lobe.  
- Proceed with a two‑stage hepatectomy:  
   • Stage 1 – Resection of lesions in the future liver remnant (typically right or left hepatectomy depending on distribution) combined with PVE of the diseased lobe if not already performed.  
   • Interval of 4–6 weeks for hypertrophy, repeat volumetry to confirm FLR ≥30 % (≥40 % if underlying liver disease).  
   • Stage 2 – Completion hepatectomy of the remaining lobe with clearance of residual metastases.  
- Address the primary left‑sided colon tumor after hepatic disease is controlled; options include simultaneous colon resection during the first liver stage (if patient condition permits) or a separate colorectal resection 2–4 weeks after the second liver stage.  
- Post‑operative adjuvant chemotherapy (same regimen or modified) for a total of 6 months of systemic therapy, adjusted based on pathological response and tolerance.  

","Step 3 – Missing data  
- Baseline performance status (ECOG/Karnofsky) and comorbidities influencing surgical risk.  
- Detailed hepatic lesion map (segmental location, proximity to portal/hepatic veins, biliary ducts).  
- Pre‑operative liver function tests (bilirubin, albumin, INR) and quantitative functional reserve (ICG clearance, MELD).  
- Volumetric data: total liver volume and calculated future liver remnant volume.  
- Presence or absence of extra‑hepatic disease (e.g., lung, peritoneum).  
- Patient’s preference regarding aggressive multimodal therapy.","Step 1 - Resectability assessment  
Potentially resectable – The patient has seven bilobar liver metastases, the largest 5.5 cm, with coalescent lesions in the hilar region, making an R0 resection with adequate future liver remnant (FLR) unlikely at presentation. Down‑staging with systemic chemotherapy (and possibly portal vein embolisation or a two‑stage hepatectomy) is required before a curative‑intent liver resection can be planned.  

","Step 2 - Oncological strategy  
• Begin with systemic therapy aimed at tumour down‑staging and biological selection: 6 cycles of a triplet regimen (FOLFOXIRI) combined with bevacizumab, given the KRAS‑mutated status (anti‑EGFR agents are ineffective).  
• Re‑stage after 2–3 months with contrast‑enhanced MRI/CT and volumetric analysis to:  
   – Assess radiologic response of all hepatic lesions,  
   – Calculate FLR; if FLR < 30 % of total liver volume, plan portal vein embolisation (PVE) of the lobe to be resected or schedule a first‑stage limited resection.  
• If disease is stable or responding and FLR is adequate after PVE or first‑stage resection, proceed to a two‑stage hepatectomy:  
   – Stage 1: resect lesions in the future liver remnant (or perform right/left portal vein ligation) and allow hypertrophy (4–6 weeks).  
   – Stage 2: complete clearance of remaining metastases with curative intent, aiming for R0 margins while preserving at least two contiguous segments with intact inflow/outflow and biliary drainage.  
• Simultaneous or sequential resection of the primary left‑sided colon tumour:  
   – If the primary is not obstructed or perforated, a “liver‑first” approach is preferred to avoid delay of systemic therapy; the colon resection can be performed after the second liver stage.  
   – If the primary becomes symptomatic, perform a diverting colostomy or resect the colon first, then resume chemotherapy and liver surgery.  
• Post‑operative adjuvant chemotherapy (e.g., continuation of the same regimen or switch to maintenance bevacizumab) for at least 3 months after the final liver operation, followed by regular CEA monitoring and imaging every 3–4 months.  

","Step 3 - Missing data  
• Baseline performance status (ECOG/Karnofsky) and comorbidity burden (Charlson index).  
• Detailed liver function tests (bilirubin, INR, albumin, indocyanine‑green clearance) and volumetric measurement of the future liver remnant.  
• Precise segmental distribution of each metastasis and relationship to major vascular structures (portal/hepatic veins, hepatic artery).  
• Presence or absence of extra‑hepatic disease (e.g., lung, peritoneal) on chest CT/PET‑CT.  
• Symptoms or complications of the primary colon tumour (obstruction, bleeding, perforation).  
• Baseline pulmonary function if major hepatic resection is contemplated.","Step 1 - Resectability assessment  
Potentially resectable: the current disease is borderline because (a) effective systemic chemotherapy is required to downsize the seven lesions, some of which are coalescent in the hilar region, and (b) a definitive assessment of future liver remnant (FLR) volume and hepatic vascular anatomy is missing. Both prerequisites must be fulfilled before a curative hepatectomy can be planned.

","Step 2 - Oncological strategy  
- Verify whether the primary left‑sided colon tumor has been resected; if not, schedule a curative colectomy (or a staged resection if simultaneous liver surgery is not feasible).  
- Initiate intensive neoadjuvant chemotherapy (e.g., FOLFOXIRI ± bevacizumab) because KRAS is mutated and anti‑EGFR agents are contraindicated. Aim for ≥30 % radiologic response and CEA reduction.  
- Perform a high‑resolution liver MRI with diffusion‑weighted imaging and volumetric analysis after 2–3 months of chemotherapy to (i) delineate exact segmental involvement, (ii) assess vascular or biliary encasement, and (iii) calculate FLR ratio.  
- If FLR is <30 % (or <40 % in a steatotic liver) and the future remnant is deemed insufficient, plan portal vein embolization (PVE) of the side to be resected to induce hypertrophy.  
- Once adequate tumor response and FLR hypertrophy are confirmed, proceed with a two‑stage hepatectomy:  
   • Stage 1 – clearance of disease from the future liver remnant (e.g., left lateral segments) by wedge resection or ablation; consider right‑sided portal vein embolization if not done previously.  
   • Interval – repeat imaging to verify FLR growth (>30 % of total liver volume) and absence of progression.  
   • Stage 2 – completion right trisectionectomy (or extended right hepatectomy) to remove remaining lesions, ensuring negative margins and preservation of vascular and biliary structures.  
- Post‑operative adjuvant chemotherapy (same regimen) for at least 6 months, followed by serial CEA monitoring and imaging every 3–6 months.  

","Step 3 - Missing data  
- Confirmation of whether the primary colon tumor has already been resected.  
- Histologic grade of differentiation of the primary tumor.  
- Detailed hepatic segmental distribution of the seven metastases and any vascular or biliary involvement.  
- Results of a liver‑specific MRI and volumetric FLR calculation.  
- Status of prior systemic therapy (has any chemotherapy already been given?).  
- Precise FLR ratio compatibility with surgery.  
These items are essential to finalize the surgical plan and to determine the need for portal vein embolization or alternative local therapies.","Step 1 – Resectability assessment  
Potentially resectable  
Reasoning: The case shows seven synchronous liver metastases, the largest 5.5 cm, with coalescent lesions in the hilar region, indicating a high tumor burden that is unlikely to be cleared with a single hepatectomy while preserving an adequate future liver remnant (FLR). The structured analysis lacks critical technical data (hepatic segments involved, vascular or biliary invasion, FLR ratio, arterial anatomy) and does not confirm that systemic chemotherapy has already been given. Because (a) neoadjuvant systemic therapy is required to assess disease biology and achieve possible downsizing, and (b) FLR volumetry (or portal vein embolization) is needed to confirm that a two‑stage approach can be performed safely, the disease is classified as “Potentially resectable.”  

","Step 2 – Oncological strategy  
• Confirm that the primary colon tumor has not yet been resected; if symptomatic (obstruction/bleeding) address it first, otherwise plan a liver‑first sequence.  
• Initiate intensive neoadjuvant chemotherapy (e.g., FOLFOXIRI ± bevacizumab) for 2–3 months; obtain baseline liver MRI with diffusion‑weighted sequences to define segmental distribution, vascular/biliary involvement, and to calculate FLR volume.  
• Re‑assess response with RECIST criteria and repeat MRI volumetry. If FLR is <30 % of total liver volume, schedule portal vein embolization (or ligation) of the lobe to be resected first.  
• Stage 1 surgery (first‑stage hepatectomy): resect the metastases confined to the less‑involved hemi‑liver (often right or left depending on MRI) and perform right (or left) portal vein embolization/ligation to induce hypertrophy of the future liver remnant.  
• Allow 4–6 weeks for hypertrophy; repeat CT/MRI to confirm FLR ≥30 % and absence of new lesions.  
• Stage 2 surgery (second‑stage hepatectomy): complete resection of remaining metastases, aiming for R0 margins while preserving at least two contiguous liver segments with adequate inflow/outflow and biliary drainage.  
• After hepatic clearance, proceed to definitive resection of the primary colon tumor (segmental colectomy with oncologic lymphadenectomy) if not already performed, preferably within 4–6 weeks of the second liver stage, provided the patient’s performance status remains acceptable.  
• Post‑operative adjuvant chemotherapy (same regimen or adjusted based on response) for a total of 6 months of systemic therapy.  
• Surveillance: CEA every 3 months, contrast‑enhanced CT or MRI of chest/abdomen every 6 months for the first 2 years, then annually.  

","Step 3 – Missing data most crucial for the recommendation  
• Future liver remnant (FLR) ratio or volumetric data – needed to decide whether portal vein embolization or a two‑stage approach is feasible.  
• Detailed hepatic segment involvement, vascular and biliary anatomy – essential for planning resection margins and preserving inflow/outflow.  
• Results of a liver‑specific MRI – provides the above anatomic detail and detects occult lesions.  
• Status of systemic chemotherapy (has it been started, response achieved) – determines timing of surgery and biological resectability.  
• Whether the primary colon tumor has already been resected and any obstructive/bleeding symptoms – influences the sequencing of primary versus liver surgery.","Step 1 – Resectability assessment
The patient presents with seven liver metastases, some coalescent in the hilar region, with a maximum size of 5.5 cm and no reported extrahepatic disease. The tumor burden, central/hilar location, and likely involvement of major vascular and biliary structures make a complete R0 resection with preservation of an adequate future liver remnant not feasible with an upfront surgical approach. According to hepatobiliary oncologic criteria, this pattern is considered potentially resectable after effective conversion therapy.

","Step 2 – Recommended oncologic sequence
A. Preoperative staging
• Given the high CEA level (800 ng/mL), perform high-resolution 18FDG PET-CT
• Obtain high resolution liver MRI to define exact segmental distribution of all lesions with detailed vascular and biliary relationships. 

B. Intensive conversion systemic therapy (mandatory)
• Initiate doublet or triplet chemotherapy (e.g., FOLFOXIRI ± bevacizumab).
• KRAS mutation excludes anti-EGFR therapy.
• The objective is tumor downsizing, separation from hilar structures, and reduction of overall tumor burden.

C. Early and repeated radiologic reassessment
• Perform high-resolution liver MRI every 2-3 months to assess response, particularly the relationship of lesions to portal pedicles, hepatic arteries, and bile ducts.
• Monitor CEA kinetics as an indicator of response.

D. Criteria for secondary resectability
• Surgery can be considered only if chemotherapy induces:
– Significant reduction in lesion size and central coalescence.
– Feasibility of staged resections with adequate future liver remnant.
– Possibility of achieving R0 margins without complex vascular reconstruction.

E. Potential surgical strategy if response is favorable
• Two-stage hepatectomy strategy:
– First stage: clearance of the future liver remnant with parenchymal-sparing resections.
– Portal vein embolization / venous deprivation / ALPPS if required.
– Second stage: major hepatectomy to remove remaining disease.
• Ideally, consider minimally invasive approach (laparoscopic or robotic) for liver resection.

F. Management of the primary tumor
• If no perspectives of curative option for liver metastases, not consider oncologic left colectomy
• If perspectives of curative option for liver metastases (i.e. intensive chemotherapy of intra-arterial chemotherapy), perform left hemicolectomy (standard oncologic resection of the left colon primary) with D2 lymphadectomy (at least 12 harvested lymph nodes) should be coordinated according to response and patient condition (ideally after liver surgery).
• Ideally, consider minimally invasive approach (laparoscopic or robotic) for colectomy.

G. If insufficient response
• Continue systemic therapy or adapt regimen (such as intra-arterial chemotherapy after resection of the primary tumor) according to MDT, with possible consideration of local ablative techniques.

","Step 3 – Critical missing information
A. Exact segmental distribution of all 7 lesions specially for the central lesions with detailed vascular and hilar relationships on liver MRI.
B. Baseline future liver remnant (FLR) estimation in case of two-stage strategy with major hepatectomy.
E. Presence or absence of any extrahepatic disease on full staging.
F. Grade of differentiation and MSS/ MSI mutation of the primary tumor : influences prognosis and need for intensified adjuvant therapy
G. Liquid biopsies to search circulating tumor DNA (ctDNA) and circulating tumor cells (CTCs) in the bloodstream"
24,"Step 1 - Potentially resectable  
Reasoning: The current burden (ten bilobar metastases, some abutting the IVC and left portal branch) precludes immediate safe hepatic resection. However, conversion to resectability is feasible if (a) effective systemic down‑staging chemotherapy is delivered and (b) adequate future liver remnant (FLR) can be achieved, potentially with portal vein embolization or staged hepatectomy. These prerequisites are explicit, therefore the case fits the “Potentially resectable” category rather than “Not resectable”.

","Step 2 - Oncological strategy  
- Initiate intensive systemic therapy: FOLFOXIRI + bevacizumab for 3–4 months (or FOLFOX/FOLFIRI + anti‑VEGF/EGFR depending on RAS status).  
- Perform baseline and interval imaging (contrast‑enhanced CT and liver MRI with diffusion) after 2–3 months to assess tumor response and volumetry of the FLR.  
- If >30 % reduction in size of liver lesions and no new extra‑hepatic disease, proceed to liver‑directed planning:  
   • Calculate FLR; if <30 % of total liver volume, schedule portal vein embolization (PVE) of the diseased lobe to induce hypertrophy.  
   • Re‑image 2–3 weeks post‑PVE to confirm FLR growth.  
- Surgical sequencing:  
   1. Perform right hemicolectomy (primary tumor) either before or after liver surgery, depending on patient’s performance status and response to chemotherapy; a simultaneous resection can be considered if liver disease has become limited to one hemi‑liver and operative time is acceptable.  
   2. For hepatic disease, adopt a staged or “reverse” two‑stage hepatectomy: first clear lesions in the future liver remnant (e.g., segmental resections or ablations), then complete major hepatectomy after FLR hypertrophy.  
   3. If FLR remains marginal, consider ALPPS or extensive parenchymal‑sparing resections combined with intra‑operative ablation to achieve R0 margins while preserving liver function.  
- Post‑operative adjuvant therapy: resume systemic chemotherapy (e.g., 6 months total exposure) and consider targeted agents based on molecular profile (BRAF wild‑type, assess KRAS/NRAS).  
- Ongoing surveillance: CEA monitoring and imaging every 3–4 months for the first 2 years.

","Step 3 - Missing data  
- Baseline liver function tests (bilirubin, AST/ALT, INR, albumin) and indocyanine green clearance to assess hepatic reserve.  
- Precise volumetric measurement of future liver remnant (percentage of total liver volume).  
- Performance status (ECOG/ASA) and comorbidities that may limit major surgery.  
- KRAS/NRAS mutation status (required for anti‑EGFR therapy decisions).  
- Presence or absence of extra‑hepatic disease (e.g., lung, peritoneum) on staging PET/CT.  
- Detailed description of the relationship of liver lesions to vascular structures (extent of IVC/portal involvement).  
- Patient’s preference regarding aggressive multimodal therapy.","Step 1 - Potentially resectable  
- The patient has ten bilobar metastases ranging 1‑4 cm, with lesions abutting the inferior vena cava and the left portal branch, making an R0 resection with adequate future liver remnant (FLR) unlikely at presentation.  
- High tumor burden (≥4 lesions, bilobar distribution) and a markedly elevated CEA (1350 ng/mL) are adverse oncologic features that favor a trial of systemic therapy to assess tumor biology before committing to major hepatic surgery.  
- The MDT has already planned induction (neoadjuvant) therapy, which is a concrete prerequisite that must be completed and reassessed before any surgical attempt. Therefore the case fits the definition of “Potentially resectable”.

","Step 2 - Oncological and surgical strategy  
- Molecular work‑up:  
  • Obtain RAS (KRAS/NRAS) mutation status and MSI/MMR status if not already known; these will guide choice of targeted agent.  
- Neoadjuvant systemic therapy (conversion chemotherapy):  
  • Preferred regimen: 6 cycles of FOLFOXIRI (5‑FU, leucovorin, oxaliplatin, irinotecan) combined with a biologic agent.  
    – If RAS wild‑type: add anti‑EGFR (cetuximab or panitumumab).  
    – If RAS mutant: use anti‑VEGF (bevacizumab).  
  • Goal: achieve ≥30 % reduction in total tumor volume, decrease CEA by ≥50 %, and obtain clear anatomic planes away from IVC/portal structures.  
- Restaging after chemotherapy (6‑8 weeks after last cycle):  
  • Multiphasic CT and liver‑specific MRI with volumetric analysis to calculate FLR.  
  • Re‑measure CEA; a falling trend supports favorable biology.  
- Decision points after restaging:  
  1. Adequate FLR (≥30 % in a normal liver, ≥40 % if chemotherapy‑associated liver injury suspected) and all lesions amenable to R0 resection → proceed to curative‑intent hepatic surgery.  
  2. Insufficient FLR but good tumor response → consider portal vein embolization (PVE) or associating liver partition and portal vein ligation for staged hepatectomy (ALPPS) to hypertrophy the remnant.  
  3. Persistent extensive disease or progression → shift to a non‑surgical curative intent approach (e.g., combined hepatic resection + thermal ablation or stereotactic body radiotherapy) or continue systemic therapy as palliative intent.  
- Surgical sequencing (if conversion achieved):  
  • Liver‑first approach: perform hepatic resection (potentially staged) before addressing the primary colon tumor, given the high risk of hepatic progression during bowel surgery recovery.  
  • Resection plan may involve:  
    – Right hepatectomy or extended right posterior sectionectomy combined with non‑anatomic resections of left‑lateral segments, preserving at least two contiguous segments with intact inflow/outflow.  
    – If lesions near the left portal branch remain, consider segmental portal vein ligation and delayed resection of the left‑sided disease.  
  • Primary tumor: after hepatic clearance and patient recovery, perform right hemicolectomy (or extended right colectomy) with adequate lymphadenectomy.  
- Adjuvant therapy:  
  • Post‑operative systemic therapy (e.g., 3‑6 months of the same doublet/triplet regimen) to eradicate micrometastatic disease, especially if margins are close (<5 mm) or if residual high‑risk features (T4, N2) persist.  

","Step 3 - Missing data  
- Performance status (ECOG/ASA) and detailed comorbidity profile (Charlson index).  
- Baseline liver function tests and assessment of chemotherapy‑induced liver injury risk.  
- Precise volumetric measurement of the future liver remnant.  
- RAS mutation status and MSI/MMR status of the primary tumor.  
- Presence or absence of extra‑hepatic disease (e.g., pulmonary, peritoneal) on staging CT/PET.  
- Cardiopulmonary fitness (e.g., VO₂ max, cardiac echo) to confirm tolerance of major hepatectomy.  
- Details of any prior or planned radiotherapy to the primary tumor.","Step 1 - Resectability assessment  
Potentially resectable: The current disease burden (ten bilobar lesions up to 4 cm, vascular contact with the IVC and left portal branch) makes immediate curative‑intent liver surgery unsafe. The MDT has already indicated that induction systemic therapy is required before re‑evaluation, which is a specific prerequisite that must be fulfilled prior to any resection.

","Step 2 - Oncological strategy  
- Complete staging: obtain a thoraco‑abdominal CT (or PET‑CT) and consider bone scan or brain MRI to exclude occult extra‑hepatic disease that was not evaluated.  
- Molecular work‑up: confirm KRAS/NRAS status (required for anti‑EGFR selection) and obtain tumor grade.  
- Initiate neoadjuvant systemic therapy: preferred regimen is intensive doublet or triplet chemotherapy (e.g., FOLFOXIRI) combined with an anti‑EGFR antibody if RAS wild‑type, given the high tumor burden and elevated CEA.  
- Re‑assess after 3–4 cycles: repeat liver MRI and CT to evaluate radiologic response, lesion shrinkage, and change in vascular involvement.  
- Evaluate future liver remnant (FLR): calculate FLR ratio; if <30 % in a normal liver, plan portal vein embolization (PVE) or associating liver partition and portal vein ligation for staged hepatectomy (ALPPS) to hypertrophy the remnant.  
- Plan liver resection: depending on post‑chemotherapy distribution, consider a two‑stage hepatectomy (right‑plus‑left or segment‑based) or a single extended hepatectomy if sufficient FLR is achieved. Aim for R0 resection of all hepatic lesions.  
- Primary tumor management: because the right colon primary is asymptomatic, schedule a right hemicolectomy either after completion of neoadjuvant therapy (simultaneous with liver resection if operative field permits) or as a separate procedure before liver surgery if oncologic timing is preferred.  
- Post‑operative adjuvant therapy: continue systemic treatment (e.g., 6 months total) based on pathological response and margin status.  

","Step 3 - Missing data  
- Histologic grade of the primary tumor.  
- Exact hepatic segments involved and detailed arterial/portal anatomy.  
- Quantified future liver remnant (FLR) ratio.  
- KRAS/NRAS mutation status (required for anti‑EGFR decision).  
- Timing of liver metastases (synchronous vs metachronous).  
- Results of thoracic imaging (pulmonary metastases) and bone/brain assessment.  
- Extent of vascular invasion (depth of IVC and portal branch contact).  

These missing elements are critical to finalize the resectability decision, select the optimal systemic regimen, and plan the surgical approach safely.","Step 1 – Resectability assessment  
Potentially resectable  
Reasoning: The liver disease is bilobar with ten metastases (NumberOfMetastases = ten; MaximumLesionDiameter = 4 cm) and there is vascular contact with the IVC and left portal branch (PresenceOfVascularContactOrInvasion = True). Technical feasibility therefore depends on (a) an adequate future liver remnant (FLRRatioCompatibilitySurgery = Missing) and (b) detailed segmental anatomy (HepaticSegmentsInvolved = Missing, ArterialAnatomy = Missing). Moreover, no thoracic imaging has been performed (ThoracoCTScanPerformed = False) to exclude pulmonary metastases, and the primary tumour has not yet been resected (Hasthecolorectalprimarytumorbeenalreadyresected? = Missing). Because these decisive pieces of information are lacking and because downsizing systemic therapy is planned by the MDT, the case fits the “potentially resectable” category – resection can be contemplated only after the missing data are obtained and after an induction chemotherapy response is demonstrated.  

","Step 2 – Oncological strategy  
1. Staging completion: obtain a thoraco‑CT (or PET‑CT) to rule out pulmonary disease and a full liver volumetric CT/MRI to calculate FLR and map segmental involvement; assess arterial and biliary anatomy.  
2. Induction systemic therapy: start an intensive doublet or triplet regimen (e.g., FOLFOXIRI + bevacizumab) given the high tumour burden, right‑sided T4aN2 primary and markedly elevated CEA (CEALevel = 1350 ng/mL). Aim for 4–6 cycles, reassessing response with repeat MRI.  
3. Response evaluation: if ≥ 30 % reduction in total tumour volume and no new extra‑hepatic lesions, proceed to technical planning.  
4. Functional planning: if FLR is < 30 % (or < 20 % in a cirrhotic‑type liver), schedule portal vein embolisation (PVE) or consider a two‑stage hepatectomy/ALPPS to augment remnant.  
5. Surgical sequencing (liver‑first approach):  
   – Stage 1: perform clearance of lesions that are safely resectable (e.g., right hepatectomy or extended right posterior sectionectomy) while preserving the left lateral segments; use intra‑operative ultrasound to guide resection and consider adjunctive ablative techniques (RFA or microwave) for lesions abutting the IVC or left portal branch that are not amenable to safe transection.  
   – Interval: complete the planned systemic therapy (additional 2–3 cycles) to consolidate response and allow FLR hypertrophy after PVE if performed.  
   – Stage 2: complete resection of remaining left‑lobe disease (e.g., left lateral sectionectomy or limited non‑anatomic resections) once FLR is adequate.  
6. Primary tumour resection: after hepatic clearance and recovery, perform a right hemicolectomy (or a simultaneous resection if intra‑operative assessment shows sufficient physiologic reserve and limited bowel disease).  
7. Adjuvant therapy: resume postoperative systemic chemotherapy (total of 6–8 months of peri‑operative therapy) and consider targeted agents based on RAS status (not provided) once results are available.  
8. Surveillance: serial CEA, contrast‑enhanced MRI/CT of liver and thorax every 3–4 months for the first 2 years, then every 6 months.  

","Step 3 – Missing data  
- Future liver remnant volume/ratio (FLRRatioCompatibilitySurgery) – essential to decide whether a single‑stage or staged hepatectomy is possible.  
- Detailed hepatic segment involvement and arterial/portal/biliary anatomy (HepaticSegmentsInvolved, ArterialAnatomy, PresenceOfBiliaryStructuresInvolved) – required for operative planning and to avoid vascular injury.  
- Thoraco‑CT scan results (ThoracoCTScanPerformed = False) – needed to exclude pulmonary extra‑hepatic disease.  
- Status of the primary tumour (Hasthecolorectalprimarytumorbeenalreadyresected? = Missing) – influences sequencing (liver‑first vs. simultaneous).  
- Molecular profile beyond BRAF (RAS status, MSI) – would guide choice of biologic agent in induction and adjuvant therapy.  
- Presence of extra‑hepatic bone or brain disease (ExtrahepaticBoneInvolvement, ExtrahepaticBrainInvolvement) – could alter curative intent.  

These missing items must be obtained before a definitive surgical plan can be finalized.","Step 1 – Resectability assessment
The patient presents with ten bilobar liver metastases (1–4 cm) with contact to the inferior vena cava and the left portal branch, without reported extrahepatic disease. The very high tumor burden, bilobar distribution, and involvement of major vascular structures make a complete R0 resection with preservation of an adequate future liver remnant not feasible with an upfront surgical approach. According to hepatobiliary oncologic criteria, this pattern is considered potentially resectable.

","Step 2 – Recommended oncologic sequence
A. Preoperative staging
• Given the high CEA level (1350 ng/mL), perform high-resolution 18FDG PET-CT and a chest CT scan
• Perform enhanced multi-phase CT-scan to detect potential extension of primary tumor to adjacent organ (abdominal wall, ureter, small bowel)

B. Induction (conversion) systemic therapy (mandatory)
• Initiate intensive systemic chemotherapy as planned : triplet chemotherapy (e.g., FOLFOXIRI ± bevacizumab).
• KRAS status is unknown
• BRAF wild-type does not modify the surgical indication.
• The objective is major tumor downsizing, reduction in lesion number/volume, and clearance from the IVC and left portal branch.

C. Close radiologic monitoring
• Perform high-resolution liver MRI every 2-3 months to assess response, particularly the evolution of vascular contact.
• Monitor CEA kinetics as a marker of treatment response.

D. Criteria for secondary resectability
• Surgery can be considered only if chemotherapy induces:
– Marked reduction in tumor burden.
– Separation from the IVC and left portal branch.
– Feasibility of staged or parenchymal-sparing resections with adequate future liver remnant.

E. Potential surgical strategies if response is favorable
• Two-stage hepatectomy or extensive parenchymal-sparing resections with or without combined tumor ablation guided by imaging depending on response pattern.
• Portal vein embolization / venous deprivation / ALPPS may be required if major hepatectomy becomes necessary.

F. Management of the primary tumor
• Right hemicolectomy (standard oncologic resection of the right colon primary) with D2 lymphadectomy (at least 12 harvested lymph nodes) should be coordinated according to response and patient condition (ideally after liver surgery).
• Ideally, consider minimally invasive approach (laparoscopic or robotic) for colectomy.

G. If insufficient response
• Continue systemic therapy or adapt regimen (such as intra-arterial chemotherapy after resection of the primary tumor) according to MDT, with possible consideration of local ablative techniques.

","Step 3 – Critical missing information
A. Exact segmental distribution of all 10 lesions with detailed vascular and biliary relationships and detailed relationship of lesions to the IVC and portal structures on liver MRI.
B. Baseline future liver remnant (FLR) estimation in case of two-stage strategy with major hepatectomy.
C. chest CT scan
E. Presence or absence of any extrahepatic disease on full staging.
F. Grade of differentiation and MSS/ MSI mutation of the primary tumor : influences prognosis and need for intensified adjuvant therapy
G. Liquid biopsies to search circulating tumor DNA (ctDNA) and circulating tumor cells (CTCs) in the bloodstream"
25,"Step 1 - Resectability assessment  
Potentially resectable  
Reasoning: The patient has five bilobar liver metastases up to 4.1 cm, which can be resected only if an adequate future liver remnant (FLR) can be preserved and if systemic therapy achieves sufficient tumor down‑staging. At present we lack quantitative FLR volume and functional liver reserve data, and the need for conversion chemotherapy is explicitly mentioned. Both constitute decisive missing information/prerequisite actions before a definitive surgical plan can be made.

","Step 2 - Oncological strategy  
- Initiate systemic chemotherapy aimed at tumor down‑staging (e.g., FOLFOXIRI ± bevacizumab, given KRAS mutation).  
- Concurrently evaluate the rectal primary: if the tumor is locally advanced (T3) consider neoadjuvant long‑course chemoradiotherapy followed by restaging.  
- After 2–3 months of chemotherapy, repeat high‑resolution liver MRI/CT with volumetry to assess response of hepatic lesions and calculate FLR.  
- If response is adequate and FLR ≥30 % (≥40 % if underlying liver disease), proceed to liver-directed surgery:  
   • Plan a staged hepatectomy (e.g., right hepatectomy first, followed by left lateral segmentectomy) or a two‑stage approach with portal vein embolization (PVE) to augment FLR, depending on volumetric results.  
   • Aim for R0 resection of all hepatic lesions; consider intra‑operative ultrasound to detect additional disease.  
- After hepatic surgery, address the primary rectal tumor with total mesorectal excision (TME) either before or after liver resection, based on multidisciplinary consensus and patient recovery.  
- Post‑operative adjuvant chemotherapy to complete a total of 6–8 months of systemic therapy, adjusting regimen according to response and tolerability.  
- Throughout treatment, monitor CEA trends and perform imaging every 8–12 weeks to detect early progression.

","Step 3 - Missing data  
- Quantitative future liver remnant volume and liver function tests (ICG clearance, bilirubin, albumin, platelet count).  
- Performance status (ECOG/Karnofsky) and comorbidities that affect surgical risk.  
- Detailed staging of the rectal primary (distance from anal verge, mesorectal fascia involvement, MRI pelvis findings).  
- Presence or absence of extra‑hepatic disease beyond the known liver lesions (e.g., lung, peritoneum).  
- Baseline cardiopulmonary assessment to gauge tolerance of major hepatectomy.  
- Patient’s preferences regarding sequence of primary versus metastatic surgery.","Step 1 – Resectability assessment  
Potentially resectable  
Reasoning: The patient has five bilobar colorectal liver metastases (segments II, III, IVa, VI, VII) with a maximum diameter of 4.1 cm. Current consensus no longer excludes patients solely on number, size, or bilobar distribution if an R0 resection can be achieved while preserving an adequate future liver remnant (FLR) and vascular‑biliary integrity. Critical information that is presently missing includes:  
- Quantitative FLR volume (percentage of total liver) after planned resections and after any pre‑operative chemotherapy‑induced liver injury.  
- Detailed hepatic vascular anatomy to confirm that major inflow/outflow structures can be preserved or reconstructed.  
- Assessment of the rectal primary (distance from anal verge, circumferential margin risk) which typically requires neoadjuvant chemoradiotherapy before any definitive surgery.  

Because both (a) neoadjuvant systemic therapy/chemoradiotherapy are required before a safe, curative‑intent operation and (b) FLR data are needed to decide whether a one‑stage, two‑stage, or portal‑vein embolization (PVE) strategy is necessary, the case is classified as “Potentially resectable.”

","Step 2 – Oncological strategy (step‑by‑step)  
1. Baseline work‑up  
   - Obtain high‑resolution triphasic CT or MRI with volumetric analysis to calculate FLR.  
   - Perform liver function tests (bilirubin, INR, albumin, indocyanine‑green clearance if available).  
   - Full staging CT chest (or PET‑CT) to exclude occult extra‑hepatic disease.  
   - Record performance status (ECOG/ASA) and comorbidities.  

2. Systemic conversion chemotherapy (first line)  
   - Regimen: FOLFOX (5‑FU/leucovorin + oxaliplatin) + bevacizumab (KRAS‑mutated disease precludes anti‑EGFR).  
   - Give 4–6 cycles (≈2–3 months), reassessing tumor response with RECIST and CEA after every 2 cycles.  
   - Aim for ≥30 % reduction in total hepatic tumor volume; monitor for chemotherapy‑associated liver injury.  

3. Neoadjuvant treatment of the rectal primary  
   - Short‑course radiotherapy (5 × 5 Gy) followed by a waiting interval of 4–6 weeks, or long‑course chemoradiotherapy if the primary is threatened (decision by colorectal MDT).  
   - Continue systemic chemotherapy during the interval if tolerated.  

4. Re‑assessment of hepatic disease after chemotherapy  
   - Repeat liver MRI/CT with volumetry.  
   - If FLR ≥ 30 % (normal liver) or ≥ 40 % (post‑chemo liver) and all lesions are resectable with negative margins, proceed to liver‑first surgery.  
   - If FLR is insufficient, plan portal vein embolization (right PVE) or a two‑stage hepatectomy (first stage: clearance of left‑lateral lesions; second stage after hypertrophy).  

5. Surgical sequence (liver‑first approach)  
   - Stage 1 (if needed): Non‑anatomic or segmental resections of left‑lateral lesions (segments II, III, IVa) + right PVE.  
   - Wait 2–4 weeks for FLR hypertrophy; confirm FLR growth >10 % absolute.  
   - Stage 2: Right hepatectomy (segments VI, VII) achieving R0 resection of remaining disease.  
   - Intra‑operative ultrasound to detect any disappearing lesions; place fiducial markers if needed.  

6. Management of the rectal primary (after hepatic control)  
   - Total mesorectal excision (low anterior resection or abdominoperineal resection depending on sphincter involvement) performed 6–8 weeks after completion of radiotherapy, once the patient has recovered from liver surgery.  
   - Create a diverting stoma if anastomotic risk is high; reverse later when appropriate.  

7. Post‑operative adjuvant therapy  
   - Continue systemic chemotherapy (FOLFOX ± bevacizumab) for a total of 6 months (including pre‑operative cycles).  
   - Consider postoperative radiotherapy boost only if pathological risk factors (positive margin, CRM involvement) are present.  

8. Surveillance  
   - CEA every 3 months for the first 2 years, then every 6 months.  
   - Contrast‑enhanced CT or MRI of the liver and pelvis every 6 months for the first 2 years, then annually.  

","Step 3 – Missing data essential for a definitive plan  
- Quantitative future liver remnant (FLR) volume and liver function reserve.  
- Detailed hepatic vascular anatomy (relationship of metastases to hepatic veins, portal pedicles).  
- Performance status / comorbidity profile (ASA, cardiac, pulmonary reserve).  
- Exact location of the rectal tumor (distance from anal verge, involvement of mesorectal fascia).  
- Presence or absence of extra‑hepatic disease (lung, peritoneum) on chest imaging or PET‑CT.  
- Baseline liver biochemistry and indocyanine‑green clearance (if available).  

These data are required to finalize the surgical plan, decide on the need for PVE or a two‑stage hepatectomy, and confirm that the patient can tolerate the combined oncologic and surgical approach.","Step 1 - Potentially resectable  
Reasoning: The liver disease is bilobar with five lesions (segments II, III, IVa, VI, VII) each ≤ 4.1 cm, which can be surgically cleared after downsizing and after confirming adequate future liver remnant (FLR) and absence of critical vascular or biliary involvement. However, key information required to declare upfront resectability is missing: no thoraco‑abdominal CT, no liver MRI, no assessment of vascular contact, no FLR ratio, and the primary rectal tumor has not been documented as resected or symptomatic. Therefore resection will depend on (a) completion of full staging imaging and FLR evaluation, and (b) response to neoadjuvant systemic therapy.

","Step 2 - Oncological strategy  
• Initiate systemic chemotherapy appropriate for KRAS‑mutated metastatic rectal cancer (e.g., FOLFOXIRI ± bevacizumab) as a conversion regimen.  
• Simultaneously arrange complete staging: contrast‑enhanced thoraco‑abdominal CT and liver MRI with hepatobiliary contrast to (i) exclude extra‑hepatic metastases, (ii) define vascular/biliary relationships, and (iii) calculate FLR volume.  
• Re‑evaluate after 2–3 months of chemotherapy with repeat imaging.  
 – If imaging shows adequate tumor shrinkage and FLR ≥ 30 % (≥ 40 % in steatotic liver) with no critical vascular invasion, proceed to curative‑intent surgery.  
   Plan a staged approach: first, neoadjuvant chemoradiotherapy for the rectal primary (if not already resected) followed by surgical resection of the primary (low anterior resection or abdominoperineal resection based on tumor height).  
   After recovery, perform liver resection. Depending on FLR, choose either a single‑stage anatomic/segmental hepatectomy (if FLR sufficient) or a two‑stage strategy (portal vein embolization or ALPPS) to augment FLR before the second stage.  
 – If FLR is insufficient after chemotherapy, schedule portal vein embolization (PVE) to hypertrophy the remnant, then reassess for resection.  
 – If disease progression or new extra‑hepatic lesions are identified, shift to systemic therapy alone or consider palliative local therapies (radiofrequency ablation, stereotactic body radiotherapy) as appropriate.  

","Step 3 - Missing data  
• Thoraco‑abdominal CT status (ThoracoCTScanPerformed = False) – needed to rule out pulmonary or other extra‑hepatic disease.  
• Liver MRI status (Has liver MRI been performed? Missing) – essential for precise lesion mapping, vascular/biliary involvement, and FLR calculation.  
• FLRRatioCompatibilitySurgery (Missing) – determines whether a one‑stage hepatectomy is feasible.  
• Primary tumor resection status and symptomatology (Has the colorectal primary tumor been already resected? Missing; obstruction/bleeding/perforation Missing) – influences timing of rectal surgery and need for urgent intervention.  
• Presence of vascular or biliary contact/invasion (Missing) – directly impacts technical resectability of liver lesions.  
These missing items are decisive for moving from “potentially resectable” to a definitive surgical plan.","Step 1 - Potentially resectable  
- The case presents five bilobar liver metastases (segments II, III, IVa, VI, VII) each ≤ 4.1 cm, which, according to the literature, can be technically resected if an adequate future liver remnant (FLR) can be preserved (≥ 20‑30 % of total liver volume) and vascular inflow/outflow can be maintained.  
- However, critical staging information is missing: no thoraco‑abdominal CT, no liver MRI, and no FLR calculation. Without these data the surgical team cannot confirm that an R0 resection is feasible nor exclude occult extra‑hepatic disease.  
- Because a definitive assessment of resectability requires (a) complete cross‑sectional imaging to define disease burden and FLR, and (b) confirmation that the rectal primary is either already resected or can be safely managed, the case must be classified as Potentially resectable pending these prerequisite evaluations.

","Step 2 - Oncological strategy  
- Initial systemic therapy (conversion chemotherapy)  
  • Begin a KRAS‑mutated‑appropriate regimen: FOLFOX + bevacizumab or FOLFOXIRI + bevacizumab (doublet or triplet chemotherapy with anti‑VEGF).  
  • Aim for 4–6 cycles (≈ 2–3 months) with radiologic response assessment after every 2 cycles (RECIST 1.1).  
- Neoadjuvant treatment of the rectal primary  
  • Deliver total neoadjuvant therapy (TNT): short‑course radiotherapy (5 × 5 Gy) followed by consolidation chemotherapy (the same systemic regimen as above) or induction chemotherapy followed by long‑course chemoradiotherapy, per current rectal cancer guidelines.  
  • This addresses the T3N1 rectal tumor, reduces local recurrence risk, and provides “proof of time” for tumor biology.  
- Restaging and imaging work‑up (after 2–3 months)  
  • Perform contrast‑enhanced CT of chest, abdomen, pelvis and a liver‑specific MRI with diffusion‑weighted sequences.  
  • Calculate FLR using volumetric software; if FLR < 30 % (or < 20 % in a healthy liver) consider portal vein embolisation (PVE) or a two‑stage hepatectomy (TSH).  
  • Re‑evaluate for new extra‑hepatic lesions; if none, proceed to surgical planning.  
- Surgical sequence (liver‑first approach)  
  1. First stage – If FLR is insufficient, perform right‑portal vein embolisation (or combined LVD) to hypertrophy the left liver.  
  2. Second stage (≈ 4‑6 weeks later) – Perform parenchyma‑sparing liver resection (non‑anatomic or segmental resections) to clear all five metastases while preserving ≥ 2 contiguous segments and adequate inflow/outflow. Use intra‑operative ultrasound to detect occult lesions.  
  3. Rectal surgery – After hepatic recovery (≈ 4–6 weeks), perform total mesorectal excision (TME) with curative intent (open or laparoscopic), guided by the response to neoadjuvant radiotherapy.  
- Adjuvant/maintenance therapy  
  • Continue postoperative systemic chemotherapy (e.g., 3–6 months of FOLFOX ± bevacizumab) to address micrometastatic disease.  
  • Consider enrolment in a clinical trial or use of hepatic arterial infusion (HAI) if residual high‑risk disease remains.  

","Step 3 - Missing data (most crucial for the recommendation)  
- Thoraco‑abdominal CT (or PET‑CT) to exclude extra‑hepatic metastases.  
- Liver MRI with vascular phase to define lesion size, number, vascular/biliary involvement, and to allow accurate FLR volumetry.  
- Quantitative FLR ratio compatible with safe hepatic resection.  
- Status of the primary rectal tumor (resected vs. intact) and any obstructive/bleeding symptoms that would dictate urgent bowel surgery.  
- Details on hepatic arterial/portal venous anatomy and any tumor‑vessel contact that could affect resection strategy.  

These missing elements must be obtained before any definitive surgical plan can be finalized.","Step 1 – Resectability assessment
The patient presents with five bilobar liver metastases (segments II, III, IVa, VI, VII), up to 4.1 cm. The bilobar distribution and tumor burden make a complete R0 parenchymal-sparing resection unlikely with an upfront approach while preserving an adequate future liver remnant. According to hepatobiliary oncologic criteria, this pattern is considered potentially resectable after conversion therapy.

","Step 2 – Recommended oncologic sequence
A. Preoperative staging
• Given the high CEA level (370 ng/mL), perform high-resolution 18FDG PET-CT and chest CT scan
• Obtain high resolution liver MRI to define exact segmental distribution of all lesions with detailed vascular and biliary relationships. 

B. Conversion systemic therapy (mandatory)
• Initiate intensive doublet or triplet chemotherapy (e.g., FOLFOXIRI ± bevacizumab) as discussed in MDT.
• KRAS mutation excludes anti-EGFR therapy.
• The objective is tumor downsizing, reduction of bilobar tumor burden.

C. Early radiologic reassessment
• Perform high-resolution liver MRI and enhanced CT-scan every 2 months to assess:
– Response of liver metastases and primary cancer.
• Monitor CEA kinetics as a marker of treatment response.

D. Criteria for secondary resectability
• Surgery can be considered only if chemotherapy induces:
– Significant reduction in lesion size and number.
– Separation from the middle hepatic vein.
– Feasibility of staged or parenchymal-sparing resections and/or ablation with adequate future liver remnant.

E. Potential surgical strategies if response is favorable
• Two-stage hepatectomy or combined parenchymal-sparing resections depending on response pattern.
• Portal vein embolization / venous deprivation / ALPPS may be required if major hepatectomy becomes necessary.
• Ideally, consider minimally invasive approach (laparoscopic or robotic) for liver resection.

F. Management of the rectal primary
• Local pelvic treatment (radiotherapy ± surgery) should be coordinated during the systemic therapy period according to rectal oncologic principles.
• After restaging with high-resolution pelvic MRI,
-	If complete morphological rectal tumor response : follow up of primary tumor
-	If near complete morphological rectal tumor response : strict follow up of primary tumor
-	If incomplete morphological rectal tumor response : rectal resection after appropriate recovery: oncologic resection of the upper rectum (low anterior resection with TME principles).
• Ideally, consider minimally invasive approach (laparoscopic or robotic) for rectal resection.

F. If insufficient response
• Continue systemic therapy or adapt regimen (such as intra-arterial chemotherapy after resection of the primary tumor) according to MDT, with possible consideration of local ablative techniques.

","Step 3 – Critical missing information
A. Exact segmental distribution of all 5 lesions with detailed vascular and biliary relationships on liver MRI.
B. Baseline future liver remnant (FLR) estimation in case of two-stage strategy with major hepatectomy.
C. chest CT scan
E. Presence or absence of any extrahepatic disease on full staging.
F. Grade of differentiation and MSS/ MSI mutation of the primary tumor : influences prognosis and need for intensified adjuvant therapy
G. Exact distance of the rectal tumor from the anal verge, and circumferential resection margin (CRM) status on pelvic MRI influencing surgical approach and anastomotic risk.
H. Liquid biopsies to search circulating tumor DNA (ctDNA) and circulating tumor cells (CTCs) in the bloodstream"
26,"Step 1 – Resectability assessment  
Resectable upfront – The two hepatic lesions are solitary, ≤3.5 cm, confined to segments V and VIII, with no extra‑hepatic disease on thoraco‑abdominal CT and liver MRI. Anatomically they are amenable to a limited right‑lobe resection (segmentectomy or non‑anatomical wedge) while preserving an adequate future liver remnant in a patient with presumed normal liver function. No contraindicating oncologic or functional criteria are present.

","Step 2 – Oncological strategy  
• Pre‑operative work‑up: obtain liver function tests (bilirubin, INR, albumin), calculate future liver remnant volume (CT volumetry) and confirm performance status (ECOG 0‑1).  
• Surgical plan: perform a parenchymal‑sparing resection – either combined segment V/VIII wedge resections or a limited right hepatectomy, aiming for negative (R0) margins and preserving ≥30 % FLR. Intra‑operative ultrasound to confirm lesion location and exclude occult disease.  
• Peri‑operative systemic therapy: because the disease is resectable and the patient is fit, proceed with upfront surgery followed by adjuvant chemotherapy. Recommended regimen: 6 cycles of FOLFOX (or CAPOX) ± bevacizumab (KRAS mutation precludes anti‑EGFR agents).  
• Post‑operative surveillance: CEA every 3 months, contrast‑enhanced CT or MRI of the liver every 6 months for the first 2 years, then annually.  
• If intra‑operative findings reveal additional lesions or insufficient FLR, convert to a staged approach (portal vein embolization to hypertrophy the left lobe, then delayed resection) and consider neoadjuvant chemotherapy before the second stage.

","Step 3 – Missing data  
• Quantitative liver function assessment (bilirubin, INR, albumin, ICG clearance) and volumetric analysis to confirm adequate FLR.  
• Detailed performance status and comorbidity profile (cardiopulmonary reserve).  
• Prior exposure to systemic chemotherapy (if any) that could affect liver parenchyma (e.g., steatohepatitis from oxaliplatin).  
These data are needed to finalize the operative plan and peri‑operative chemotherapy schedule.","Step 1 – Resectability assessment  
Potentially resectable  
Technical feasibility: Two lesions (2.8 cm in segment V and 3.2 cm in segment VIII) are confined to the right liver. Segmental or limited right‑lobe resection can achieve an R0 margin while leaving >30 % future liver remnant (FLR) – technically resectable.  
Oncologic considerations: Metachronous disease, but the patient has a KRAS‑mutated tumour and a markedly elevated CEA (180 ng/mL), both recognized adverse prognostic factors. Current consensus and the literature cited (e.g., “oncological criteria” and the need for “proof of time” in patients with unfavourable biology) recommend a period of neoadjuvant systemic therapy before definitive surgery to confirm disease stability and improve long‑term outcomes. Therefore a prerequisite systemic treatment is required before proceeding to operation, placing the case in the “potentially resectable” category.  

","Step 2 – Oncological strategy  
1. Baseline work‑up  
   • Full liver function panel, coagulation profile, indocyanine‑green clearance (if available).  
   • Volumetric CT or MRI to calculate FLR; ensure FLR ≥ 30 % (or >0.5 % FLR/body‑weight).  
   • Chest CT (or PET‑CT) to definitively exclude extra‑hepatic disease.  
2. Neoadjuvant systemic therapy (2–3 months)  
   • Preferred regimen: oxaliplatin‑based doublet (FOLFOX) + bevacizumab (anti‑VEGF) because KRAS mutation precludes anti‑EGFR agents.  
   • Aim for radiologic response (partial response or stable disease) and CEA decline.  
   • Re‑image (contrast‑enhanced MRI) after 8–12 weeks.  
3. Restaging decision  
   • If disease is stable or responding and no new lesions appear, proceed to liver surgery.  
   • If progression occurs (new lesions, growth >20 % of baseline), consider alternative strategies (e.g., repeat systemic therapy, hepatic arterial infusion, or locoregional ablation).  
4. Surgical plan  
   • Preferred: anatomical segmentectomy of segments V and VIII (or combined right‑lateral sectionectomy) to achieve R0 margins (>1 cm) while preserving left‑lobe liver.  
   • Intra‑operative ultrasound to confirm lesion location and assess for occult disease.  
   • No need for simultaneous colorectal resection (primary already removed).  
   • Ensure adequate inflow/outflow and biliary drainage of the remnant liver.  
5. Post‑operative management  
   • Resume systemic therapy (complete a total of 6 months of peri‑operative chemotherapy).  
   • Consider adjuvant bevacizumab continuation if tolerated.  
   • Surveillance: CEA every 2–3 months, contrast‑enhanced CT or MRI of the liver every 6 months for the first 2 years, then annually.  

","Step 3 – Missing data  
• Exact performance status (ECOG/WHO) and comorbidity profile (cardiopulmonary reserve).  
• Quantitative liver function assessment and FLR volumetry.  
• Confirmation that chest imaging has excluded pulmonary metastases.  
• Details of any prior adjuvant chemotherapy received after the original right‑hemicolectomy.  
• Baseline laboratory values (bilirubin, albumin, INR, platelet count) to assess peri‑operative risk.","Step 1 - Resectability assessment  
Resectable upfront – The liver lesions are limited to two peripheral metastases (segments V and VIII) each ≤ 3.2 cm, there is no radiologic evidence of extra‑hepatic disease, and the patient is in good general condition. The available imaging (CT and MRI) does not describe major vascular, biliary, or capsular invasion, making a curative‑intent hepatic resection technically feasible. Although FLR ratio and detailed vascular anatomy are not reported, a limited right posterior sectorectomy (or two segmentectomies) would typically leave an adequate future liver remnant in a non‑cirrhotic liver, supporting immediate surgery.

","Step 2 - Oncological strategy  
- Proceed to curative‑intent hepatic surgery: perform intra‑operative ultrasound‑guided segmentectomy of segment V and segment VIII (or right posterior sectorectomy) aiming for R0 margins; obtain frozen section of margins if needed.  
- Post‑operative systemic therapy: start adjuvant combination chemotherapy (e.g., 6 months of FOLFOX) because the primary tumor is KRAS‑mutated (anti‑EGFR agents are ineffective) and the CEA is markedly elevated, indicating a high risk of microscopic disease.  
- Surveillance: monitor CEA every 3 months and repeat cross‑sectional imaging (CT or MRI) at 6 months, then annually, to detect early recurrence.  
- If postoperative pathology reveals adverse features (e.g., positive margins, lymphovascular invasion), consider intensifying adjuvant regimen or adding targeted agents per current guidelines.

","Step 3 - Missing data  
- Future Liver Remnant (FLR) ratio – needed to confirm that the planned resection will leave sufficient functional liver.  
- Detailed vascular and biliary involvement (presence of portal/hepatic vein contact, arterial anatomy) – essential to rule out the need for vascular reconstruction.  
- Capsular infiltration or infiltrative growth pattern – could alter the extent of resection required.  
- Primary tumor pathology details (grade, resection margins, peritoneal invasion) – useful for overall prognostication but less critical for the immediate hepatic surgical plan.","Step 1 – Resectability assessment  
Potentially resectable  
 The two liver lesions (2.8 cm in segment V and 3.2 cm in segment VIII) are anatomically amenable to curative‑intent resection (segmentectomy or wedge resection) and there is no documented extra‑hepatic disease.  
 However, the structured analysis lists FutureLiverRemnantFLRRatio: Missing. An adequate FLR (≥30 % of total liver volume in a normal liver, ≥40 % if steatosis or prior chemotherapy) is a decisive technical criterion; without this information the surgeon cannot confirm that a safe resection is possible.  
 Consequently the case is classified as “Potentially resectable” pending clarification of FLR and any vascular/biliary involvement.

","Step 2 – Oncological strategy  
1. Complete pre‑operative assessment  
    Perform volumetric CT or MRI to calculate FLR.  
    Evaluate hepatic vasculature and biliary anatomy (CT‑angiography or MR‑angiography) to rule out portal/hepatic vein invasion.  
    Obtain baseline liver function tests (bilirubin, INR, albumin, ICG clearance if available) and performance‑status assessment (ECOG/ASA).  

2. Neoadjuvant systemic therapy (because KRAS is mutated, anti‑EGFR agents are not indicated)  
    Initiate a standard doublet chemotherapy (e.g., FOLFOX) combined with bevacizumab for 2–3 months.  
    Rationale: high CEA (180 ng/mL) suggests biologically active disease; peri‑operative chemotherapy provides “proof of time” and may improve disease‑free survival, as supported by the literature on metachronous CRLM.  

3. Restaging after chemotherapy  
    Repeat contrast‑enhanced liver MRI (or CT) to assess tumor response and verify that no new lesions have appeared.  
    Re‑measure FLR after any chemotherapy‑induced liver injury; if FLR is insufficient, consider portal vein embolization (PVE) to hypertrophy the future remnant.  

4. Surgical resection (provided FLR ≥ 30 % and no vascular invasion)  
    Perform an anatomic segment V and segment VIII resection or parenchymal‑sparing wedge resections aiming for R0 margins.  
    Intra‑operative ultrasound to confirm lesion location and exclude occult disease.  

5. Post‑operative management  
    Complete a total of 6 months of peri‑operative chemotherapy (including the pre‑operative cycles).  
    Monitor CEA every 1–2 months and imaging (CT/MRI) every 3–6 months for recurrence.  

","Step 3 – Missing data most crucial for the recommendation  
 Future liver remnant (FLR) volume/ratio – required to confirm technical feasibility of resection.  
 Presence of vascular or biliary involvement – would alter the operative plan or render the disease unresectable.  
 Baseline liver function and performance status – needed to assess surgical fitness and risk of postoperative liver failure.  
 Details of prior systemic therapy (if any) – influence choice of neoadjuvant regimen and timing.  
 Primary tumor pathology (grade, margin status, perineural/vascular invasion) – provide additional prognostic information that may affect the decision to give adjuvant therapy.","Step 1 – Resectability assessment
The patient presents with two metachronous liver metastases in segments V and VIII (2.8 and 3.2 cm), without evidence of extrahepatic disease. Both lesions are peripherally located in the right liver and technically amenable to parenchymal-sparing resections with preservation of an adequate future liver remnant. According to hepatobiliary oncologic criteria for limited, metachronous, anatomically favorable metastases, this pattern is considered resectable.

","Step 2 – Recommended oncologic sequence
A. Preoperative staging
• Given the high CEA level (180 ng/mL), perform high-resolution 18FDG PET-CT

B. Preoperative systemic therapy (recommended)
• Administer 2–3 months of peri-operative doublet chemotherapy (FOLFOX or FOLFIRI).
• KRAS mutation excludes anti-EGFR therapy.
• This period treats micrometastatic disease and evaluates tumor biology.
• Given the metachronous presentation after a long disease-free interval and the limited number of lesions, immediate surgical resection is appropriate without mandatory neoadjuvant chemotherapy cou ld be considered

C. Restaging before surgery
• Perform high-resolution liver MRI after chemotherapy to confirm maintained resectability and reassess lesion relationships.

D. Surgical management (parenchymal-sparing strategy)
• If stability or response is observed, two wedge/segmental resections :
– Segment V wedge resection.
– Segment VIII wedge resection.
• The goal is R0 resection while preserving maximal functional liver parenchyma and avoiding major hepatectomy.
• Use intra operative ultrasound to verify lesion location and margins. 
• Ideally, consider minimally invasive approach (laparoscopic or robotic) for liver resection.

E. Postoperative therapy
• Pathology report : confirmation of tumor type and origin, immunohistochemistry with tumor markers, histological growth pattern, margin status (R0, R1, R2), tumor grade, differentiation, pathologic response score (TRG), necrosis/fibrosis
• Complete a total of 6 months of systemic chemotherapy including pre-operative cycles.
• Close surveillance with CEA and imaging at 3-month intervals.

","Step 3 – Critical missing information
A. Presence of potential extra-hepatic involvement on 18FDG PET-CT.
B. Grade of differentiation and MSS/ MSI mutation of the primary tumor : influences prognosis and need for intensified adjuvant therapy.
E. Whether any adjuvant chemotherapy was administered after the initial colon surgery.
F. Liquid biopsies to search circulating tumor DNA (ctDNA) and circulating tumor cells (CTCs) in the bloodstream"
27,"Step 1 - Resectable upfront  
- Anatomical assessment: a solitary 2.5 cm lesion in segment II and a tiny micronodule in segment V can be removed with limited resections (segment II wedge/segmentectomy and a non‑anatomic wedge of segment V).  
- Functional assessment: these resections preserve the majority of hepatic parenchyma; the anticipated future liver remnant will exceed the 30 % safety threshold for a 70‑year‑old patient.  
- Oncologic assessment: no extra‑hepatic disease on work‑up, RAS wild‑type, and the disease is metachronous (3 years after primary resection), which are favorable factors for curative intent.  
- Therefore the hepatic disease meets criteria for immediate surgical resection without prerequisite down‑staging therapy.  

","Step 2 - Oncological strategy  
- 1️⃣ Baseline work‑up:  
   • Full liver function panel, indocyanine‑green clearance or volumetric CT to confirm adequate FLR.  
   • Performance status (ECOG 0‑1) and comorbidity review.  
   • Repeat CEA and staging imaging (CT chest/abdomen) to reconfirm absence of occult extra‑hepatic disease.  
- 2️⃣ Peri‑operative systemic therapy (preferred to address micrometastatic disease and assess tumor biology):  
   • 3 months neoadjuvant FOLFOX (or CAPOX) ± anti‑EGFR monoclonal antibody (cetuximab or panitumumab) given RAS wild‑type.  
   • Re‑stage with liver MRI after chemotherapy to verify stability or response of both lesions.  
- 3️⃣ Surgical intervention (within 4–6 weeks after completion of neoadjuvant chemo):  
   • Open or laparoscopic left lateral segmentectomy (or wedge) for the segment II lesion.  
   • Non‑anatomic wedge resection of the segment V micronodule, ensuring negative (R0) margins (>1 cm when feasible).  
   • Intra‑operative ultrasound to confirm lesion locations and exclude additional occult metastases.  
- 4️⃣ Post‑operative management:  
   • Pathology review for margin status and response grading.  
   • Resume adjuvant systemic therapy to complete a total of 6 months peri‑operative chemotherapy (i.e., additional 3 months post‑op if neoadjuvant was 3 months).  
   • Surveillance: CEA every 3 months for the first 2 years, contrast‑enhanced CT or MRI of the liver every 6 months, and colonoscopic follow‑up per guidelines.  

","Step 3 - Missing data  
- Current performance status (ECOG/Karnofsky).  
- Detailed liver function tests and volumetric assessment of future liver remnant.  
- Exact size and imaging characteristics of the segment V micronodule.  
- History of any prior systemic chemotherapy for the primary tumor or metastatic disease.  
- Comorbidities that could affect surgical risk or chemotherapy tolerance.","Step 1 – Resectability assessment  
Resectable upfront  
The liver disease consists of a single 2.5 cm metastasis in segment II and a sub‑centimetre micronodule in segment V. Both lesions are amenable to a left‑lateral segmentectomy (segments II‑III) combined with a non‑anatomic wedge or segment‑V resection. This would leave well over the required 30 % future liver remnant and preserve inflow/outflow of the remaining parenchyma. No extra‑hepatic disease has been identified, and the patient’s performance status and liver function are not reported as limiting. Consequently, from a technical and oncologic standpoint the disease meets current criteria for immediate curative surgery.

","Step 2 – Oncological strategy  
1. Pre‑operative work‑up  
   • Full liver function panel, coagulation profile, indocyanine‑green clearance (or similar) to confirm adequate hepatic reserve.  
   • Volumetric CT or MRI to document future liver remnant (target ≥ 30 % of total liver volume).  
   • Baseline CEA, CA 19‑9, and repeat staging imaging (CT chest/abdomen‑pelvis) to reconfirm absence of occult extra‑hepatic disease.  

2. Neoadjuvant systemic therapy (optional but advisable)  
   – Rationale: the patient’s CEA is markedly elevated (95 ng/mL), a recognized adverse prognostic factor; a short course of chemotherapy provides “proof of time” and may eradicate micrometastatic disease.  
   – Regimen: 2–3 months of FOLFOX (or CAPOX) combined with an anti‑EGFR monoclonal antibody (cetuximab) given RAS‑wild‑type status. Bevacizumab is an alternative if anti‑EGFR is not preferred.  

3. Restaging after neoadjuvant therapy  
   – Repeat liver MRI with hepatobiliary contrast.  
   – Assess response of both lesions (stable disease or partial response is acceptable).  
   – Confirm that the micronodule remains resectable or consider percutaneous ablation if it has become radiologically occult.  

4. Surgical resection  
   – Perform a left‑lateral segmentectomy (segments II‑III) to remove the 2.5 cm lesion with a ≥ 1 mm margin.  
   – Conduct a non‑anatomic wedge resection of segment V (or a segment‑V anatomical resection if the lesion is deep) to achieve R0 clearance of the micronodule.  
   – Intra‑operative ultrasound to verify no additional occult lesions.  
   – Ensure preservation of at least two contiguous segments with intact inflow/outflow and adequate biliary drainage.  

5. Post‑operative (adjuvant) therapy  
   – Resume systemic chemotherapy for a total of 6 months (including the pre‑operative cycles) to treat microscopic disease.  
   – Consider continuation of anti‑EGFR therapy if the pre‑operative regimen included it and the patient tolerated it well.  

6. Surveillance  
   – CEA measurement every 3 months for the first 2 years, then every 6 months.  
   – Contrast‑enhanced CT or MRI of the liver and chest CT at 6‑month intervals for the first 2 years, then annually.  

","Step 3 – Missing data  
A definitive plan would be strengthened by the following information, which is not provided in the case summary:  
- Current performance status (ECOG/ASA) and comorbidities (cardiopulmonary reserve).  
- Detailed liver function tests (bilirubin, albumin, INR, ICG clearance) and volumetric assessment of the future liver remnant.  
- Exact size and imaging characteristics of the segment V micronodule (to decide between resection versus ablation).  
- Presence or absence of vascular involvement (proximity to hepatic veins/portal branches).  
- Patient’s preference regarding neoadjuvant chemotherapy versus upfront surgery.  

With the available data, the patient is classified as “Resectable upfront” and the outlined stepwise strategy is appropriate.","Step 1 – Resectability assessment  
Potentially resectable  
Reasoning: The liver disease consists of two metachronous lesions (segment II, 2.5 cm; segment V micronodule) without documented major vascular or biliary invasion, which would generally be amenable to limited hepatic resection. However, decisive information required for definitive surgical planning is missing: (a) quantitative future liver remnant (FLR) ratio/volumetry, (b) explicit assessment of vascular contact or invasion, and (c) complete thoraco‑abdominal CT to confirm the absence of occult extra‑hepatic disease. Because these items are essential to confirm that a safe, curative hepatectomy can be performed, the case must be classified as “Potentially resectable.”

","Step 2 – Oncological strategy  
- Complete staging: obtain a contrast‑enhanced CT of chest and abdomen (or PET‑CT) and perform liver volumetry (CT‑based or MRI‑based) to calculate FLR ratio and to document any vascular involvement.  
- Systemic therapy: given RAS‑wild‑type status and elevated CEA, initiate peri‑operative chemotherapy (e.g., 2–3 months of FOLFOX ± anti‑EGFR antibody such as cetuximab) to assess tumor biology and potentially downsize the micronodule.  
- Re‑assessment after chemotherapy: repeat liver MRI (or contrast‑CT) and CEA measurement. If disease remains limited, FLR is ≥20 % (≥30 % if chemotherapy‑associated liver injury) and no vascular invasion is seen, proceed to curative liver surgery.  
- Surgical plan (if FLR adequate): perform a segmentectomy of segment II and a limited resection (segmentectomy or wedge) of the segment V lesion, preserving maximal parenchyma. If FLR is borderline, consider portal vein embolization of the right portal branches followed by delayed resection.  
- Post‑operative management: complete a total of 6 months of systemic therapy (including the pre‑operative cycles) and continue surveillance with serial CEA and imaging every 3–6 months.  

","Step 3 – Missing data  
- Quantitative FLR ratio / liver volumetry (essential to confirm that the remaining liver will be sufficient).  
- Detailed assessment of hepatic vascular involvement (portal/hepatic vein contact or invasion).  
- Full thoraco‑abdominal CT (or PET‑CT) to definitively exclude pulmonary, peritoneal, or other extra‑hepatic metastases.  
- Size of the segment V micronodule (minimum diameter) and its response to any prior chemotherapy.  
- Baseline liver function tests (bilirubin, INR, platelets) to support operative risk assessment.","Step 1 – Resectability assessment  
Potentially resectable  
• The liver lesions are few (2) and small (largest 2.5 cm) and there is no documented extra‑hepatic disease, which from the analysis (ExtrahepaticPeritonealInvolvement = False, ExtrahepaticLymphNodeInvolvement = False, ExtrahepaticBrainInvolvement = False) would favour resection.  
• However, decisive technical information is missing: • FLRRatioCompatibilitySurgery is marked “Missing”; without a volumetric assessment we cannot confirm that a safe future liver remnant (≥30 % in a 70‑year‑old) will remain after resection of segments II and V.  
• PresenceOfVascularContactOrInvasion and arterial anatomy are also “Missing”, which could preclude a parenchyma‑sparing resection or require vascular reconstruction.  
• Thoraco‑CTScanPerformed is “Missing”, so occult pulmonary metastases cannot be excluded.  
Because these missing items are essential for confirming that an R0 resection can be achieved while preserving adequate liver function, the case must be classified as “Potentially resectable” – i.e. resection is possible after obtaining the missing data (and, if needed, performing portal‑vein embolisation or a staged approach).

","Step 2 – Oncological strategy  
1. Complete restaging  
   – Obtain a contrast‑enhanced thoraco‑abdominal CT (or PET‑CT) to rule out pulmonary or other occult metastases (addresses ExtrahepaticPulmonaryInvolvement).  
   – Perform liver volumetry (CT or MRI) to calculate the future liver remnant; if FLR < 30 % (or < 40 % in an elderly patient) plan portal‑vein embolisation (PVE) or a two‑stage hepatectomy.  
   – Repeat liver MRI with hepatocyte‑specific contrast to clarify vascular relationships (PresenceOfVascularContactOrInvasion, ArterialAnatomy) and to measure the size of the segment V micronodule (Missing MinimumLesionDiameter).  
   – Review CEA trend (baseline 95 ng/mL) and any post‑chemotherapy change (CEALevelDecrease = Missing) to gauge biologic response.  

2. Neoadjuvant systemic therapy (if needed)  
   – If imaging shows borderline FLR or equivocal response, give 2–3 cycles of a doublet regimen (FOLFOX ± anti‑EGFR, given RAS‑wild‑type) to serve as a “biologic test” and possibly further shrink the lesions.  
   – Re‑image after chemotherapy to confirm disease stability or regression (EvolutionOfMetastasesUnderChemotherapy = Missing).  

3. Surgical plan  
   – Assuming FLR is adequate and no vascular invasion, proceed with a liver‑first, curative‑intent resection because the primary rectal cancer has already been removed.  
   – Perform a non‑anatomic wedge resection of the segment II lesion (2.5 cm) and a segmentectomy or wedge of the segment V micronodule, aiming for R0 margins (>1 mm). Use intra‑operative ultrasound to detect any additional occult lesions.  
   – Preserve at least two contiguous hepatic segments with intact inflow/outflow and biliary drainage (technical criteria from the literature).  

4. Post‑operative management  
   – Give adjuvant systemic chemotherapy (FOLFOX ± anti‑EGFR) for 3–6 months, especially given the high pre‑operative CEA, to address micrometastatic disease.  
   – Monitor CEA every 3 months and perform cross‑sectional imaging (CT or MRI) at 6‑month intervals for the first 2 years.  

","Step 3 – Missing data  
• FLRRatioCompatibilitySurgery – essential to confirm that a safe liver remnant will remain after resection.  
• PresenceOfVascularContactOrInvasion and ArterialAnatomy – required to plan the extent of resection and anticipate need for vascular reconstruction.  
• ThoracoCTScanPerformed – needed to exclude pulmonary metastases, which would change the curative intent.  
• Post‑chemotherapy response data (CEALevelDecrease, EvolutionOfMetastasesUnderChemotherapy, MinimumLesionDiameter) – important to judge tumor biology and decide whether additional neoadjuvant cycles are warranted.  
These items are the most critical gaps that must be addressed before a definitive surgical plan can be finalized.","Step 1 – Resectability assessment
The patient presents with two metachronous liver lesions: a 2.5 cm metastasis in segment II and a small micronodule in segment V, without evidence of extrahepatic disease. Both lesions are peripherally located and technically amenable to parenchymal-sparing resections with preservation of an adequate future liver remnant. According to hepatobiliary oncologic criteria for limited, metachronous, anatomically favorable metastases, this pattern is considered resectable.

","Step 2 – Recommended oncologic sequence
A. Surgical management upfront
• Given the metachronous presentation after a long disease-free interval and limited liver involvement, immediate surgical resection is appropriate.
• Perform parenchymal-sparing wedge/segmentectomy of segment II and wedge resection / imaging guided tumor ablation of the segment V micronodule guided by intra-operative ultrasound, aiming for R0 margins.
• The goal is R0 resection while preserving maximal functional liver parenchyma and avoiding major hepatectomy.
• Use intra operative ultrasound to verify lesion location and margins. 
• Ideally, consider minimally invasive approach (laparoscopic or robotic) for liver resection.

B. Postoperative systemic therapy
• Pathology report : confirmation of tumor type and origin, immunohistochemistry with tumor markers, histological growth pattern, margin status (R0, R1, R2), tumor grade, differentiation, pathologic response score (TRG), necrosis/fibrosis
• Initiate adjuvant doublet chemotherapy (FOLFOX or CAPOX).
• RAS wild-type status allows consideration of anti-EGFR therapy according to MDT decision.
• Complete a total of 6 months of systemic treatment.

C. Surveillance
• Close postoperative follow-up with CEA and imaging every 3 months.

","Step 3 – Critical missing information
A. Confirmation of the malignant nature of the segment V micronodule on MRI.
B. Detailed vascular and biliary relationships of both lesions.
C. Histologic differentiation grade of the original rectal tumor.
D. Whether any adjuvant chemotherapy was administered after the initial rectal cancer treatment.
F. Liquid biopsies to search circulating tumor DNA (ctDNA) and circulating tumor cells (CTCs) in the bloodstream"
28,"Step 1 – Resectability assessment  
Category: Potentially resectable  

Reasoning: The patient has three bilobar hepatic metastases, each 2‑3 cm, with no extra‑hepatic disease, which in principle can be removed surgically. However, bilobar distribution raises the issue of an adequate future liver remnant (FLR). Determination of FLR volume, liver function (e.g., ICG clearance, Child‑Pugh), and the need for pre‑operative portal vein embolization (PVE) are essential before committing to definitive resection. Because these decisive pieces of information are missing, resection cannot be performed upfront and must be preceded by further assessment/possible preparatory intervention.

","Step 2 – Oncological strategy  
- Initiate systemic chemotherapy (e.g., 6 cycles of FOLFOXIRI ± bevacizumab) to treat micrometastatic disease, assess tumor biology, and potentially downsize lesions.  
- Perform baseline liver function tests, volumetric CT or MRI, and calculate FLR.  
- If FLR is <30 % in a normal liver (or <40 % in a steatotic/cirrhotic liver), schedule portal vein embolization of the liver segments to be resected, allowing hypertrophy of the remnant.  
- Restage with contrast‑enhanced MRI/CT and repeat PET after chemotherapy (and after PVE if performed) to confirm disease stability or response and to re‑evaluate resectability.  
- Surgical plan:  
   • Aim for parenchymal‑sparing, anatomic or non‑anatomic resections of each lesion, using a two‑stage hepatectomy if necessary (e.g., right hepatectomy first, followed by left lateral resection after interval).  
   • If FLR is sufficient after PVE, consider a single‑stage combined resection of all lesions.  
- Post‑operative: resume adjuvant systemic therapy (e.g., 3–6 months of FOLFOX or CAPOX) to address any residual microscopic disease.  
- Continue surveillance with CEA and imaging every 3–6 months.

","Step 3 – Missing data  
- Quantitative liver volumetry and calculated future liver remnant.  
- Baseline liver function (bilirubin, AST/ALT, albumin, INR, ICG clearance, Child‑Pugh score).  
- Performance status (ECOG/Karnofsky) and comorbidities that may affect surgical risk.  
- Exact segmental location of each metastasis relative to major vessels/ducts.  
- KRAS/NRAS mutation status (relevant for anti‑EGFR therapy decisions).  
- Details of any prior adjuvant chemotherapy received after the initial colectomy.  
- Current pulmonary function if considering major hepatectomy under general anesthesia.","Step 1 – Resectability assessment  
Potentially resectable  
Reasoning: Three bilobar lesions 2‑3 cm are technically amenable to R0 resection, but decisive information is lacking to confirm that a sufficient future liver remnant (≥30 % of total liver volume or FLR/BW > 0.5) can be preserved. Precise segmental location, volumetric imaging, liver function tests and the patient’s operative fitness are required before a definitive upfront resection plan can be made. Therefore the case is classified as “Potentially resectable” pending these assessments (e.g., CT/MRI volumetry, portal vein embolization planning if FLR is marginal).

","Step 2 – Oncological strategy  
- Confirm baseline staging: contrast‑enhanced triphasic CT or MRI of the liver with volumetry, chest CT, full laboratory panel (including bilirubin, INR, albumin), ECOG performance status, comorbidity review.  
- Molecular work‑up: ensure KRAS/NRAS status and MMR/MSI status (in addition to already known BRAF wild‑type) to guide systemic regimen.  
- Initiate systemic chemotherapy (e.g., 3–4 cycles of FOLFOX or FOLFIRI combined with a biologic agent such as bevacizumab or anti‑EGFR depending on RAS status) as a “test of time” and to treat micrometastatic disease.  
- Re‑image after chemotherapy: assess response, re‑calculate FLR, and verify that all three lesions remain resectable.  
- If FLR ≥30 % and operative risk acceptable:  
   • Because disease is bilobar, plan a staged liver‑first approach.  
   • Stage 1: clear lesions in the less‑affected lobe (e.g., limited segmental or wedge resections) and perform portal vein embolization of the future liver remnant‑bearing side to induce hypertrophy.  
   • Interval 2–4 weeks: repeat imaging to confirm adequate hypertrophy.  
   • Stage 2: definitive anatomic resection of the remaining diseased lobe (major hepatectomy if required) aiming for R0 margins.  
- If FLR is already adequate and lesions are peripherally located, a simultaneous limited hepatectomy (e.g., combined segmental resections) could be considered, but only after confirming that operative time and complexity are acceptable.  
- Post‑hepatectomy: resume/adjuvant systemic chemotherapy for a total of 6 months (or longer per oncologist discretion) to address residual microscopic disease.  
- Surveillance: CEA every 3 months, liver MRI/CT every 6 months for the first 2 years, then annually.

","Step 3 – Missing data  
- Current performance status (ECOG/Karnofsky) and detailed comorbidity profile (Charlson index, cardiopulmonary reserve).  
- Liver function tests (bilirubin, INR, albumin, platelet count) and any evidence of chemotherapy‑induced liver injury.  
- Precise anatomic location of each metastasis (segmental distribution) and volumetric assessment of future liver remnant.  
- Chest imaging to exclude occult pulmonary metastases.  
- KRAS/NRAS mutation status and MMR/MSI status for systemic therapy selection.  
- Details of any prior adjuvant therapy after the original left colectomy (e.g., chemotherapy, radiotherapy).","Step 1 - Potentially resectable  
Reasoning: The patient has three bilobar liver metastases (2‑3 cm) with no extra‑hepatic disease on PET, which in principle can be addressed surgically. However, critical information required to confirm technical feasibility is missing: (a) quantitative future liver remnant (FLR) ratio, (b) detailed cross‑sectional imaging (contrast‑enhanced CT or liver MRI) to define vascular, biliary and portal anatomy and to exclude occult vascular invasion, and (c) assessment of whether the lesions are amenable to a single‑stage versus a two‑stage approach. Because these decisive data are absent, resection cannot be performed upfront and must be planned after obtaining them, placing the case in the “Potentially resectable” category.

","Step 2 - Oncological strategy  
- 1. Obtain high‑quality liver imaging: contrast‑enhanced multiphase CT of chest/abdomen and liver‑specific MRI (including diffusion‑weighted sequences) to delineate lesion location, vascular/biliary involvement, arterial anatomy, and to calculate FLR.  
- 2. Perform a thoraco‑abdominal CT (or PET‑CT) to confirm absence of occult extra‑hepatic disease and to provide baseline for response assessment.  
- 3. Initiate systemic chemotherapy (e.g., 6 cycles of FOLFOX ± bevacizumab; if RAS wild‑type, consider adding anti‑EGFR therapy) to (i) treat micrometastatic disease, (ii) assess tumor biology, and (iii) potentially downsize lesions.  
- 4. Re‑stage after chemotherapy with the same imaging protocol; evaluate response (RECIST) and re‑calculate FLR.  
- 5. If FLR ≥ 30 % (≥ 40 % in steatotic liver) and lesions are resectable without major vascular compromise, proceed to liver surgery:  
   • If FLR is adequate, plan a single‑stage parenchymal‑sparing resection of all three lesions.  
   • If FLR is insufficient, schedule a two‑stage hepatectomy with portal vein embolization (PVE) after the first stage to hypertrophy the remnant, followed by completion resection.  
- 6. Post‑operative adjuvant chemotherapy to complete a total of 12 months of systemic therapy, adjusted according to pathological response and molecular profile.  
- 7. Continue regular surveillance (CEA, imaging) every 3–6 months.

","Step 3 - Missing data most crucial for the recommendation  
- Quantitative FLR ratio (future liver remnant compatibility with surgery).  
- Detailed hepatic imaging (contrast‑enhanced CT or liver MRI) to assess vascular contact/invasion, biliary involvement, arterial anatomy, and portal thrombosis.  
- Confirmation of systemic therapy status (whether any chemotherapy has already been given).  
- Timing and details of the prior left‑colectomy (to anticipate intra‑abdominal adhesions).  
- Histologic grade of differentiation of the primary tumor (relevant for overall prognosis but less directly for resectability).","Step 1 – Resectability assessment  
Potentially resectable  
Reasoning: The liver lesions (3 × 2‑3 cm, bilobar) are technically amenable to a parenchymal‑sparing resection, but decisive information required to confirm feasibility is missing. Specifically, cross‑sectional imaging (contrast‑enhanced CT or MRI) to define vascular and biliary relationships, volumetric assessment to calculate the future liver remnant (FLR) ratio, and a thoracic CT to exclude occult pulmonary disease are absent. Without these data a safe, margin‑negative (R0) operation cannot be planned, therefore the case is classified as potentially resectable pending completion of the missing assessments.

","Step 2 – Oncological strategy  
• Complete staging work‑up  
  – Perform a thoracic CT scan to confirm absence of pulmonary metastases.  
  – Obtain a contrast‑enhanced liver MRI (or multiphase CT) with volumetry to delineate lesion anatomy, vascular/biliary involvement and to calculate FLR.  
• Multidisciplinary review of imaging and patient fitness (performance status, comorbidities).  
• If imaging confirms resectability and FLR ≥ 30 % (≥ 40 % if prior chemotherapy‑induced liver injury is suspected), proceed to surgery; otherwise plan a liver‑first strategy with pre‑operative portal vein embolization (PVE) or a two‑stage hepatectomy to augment FLR.  
• Neoadjuvant systemic therapy (3–6 cycles of FOLFOX ± bevacizumab) administered before any liver‑directed intervention to (a) treat micrometastatic disease, (b) provide “proof of time” for tumor biology, and (c) potentially downsize lesions.  
• Re‑image after chemotherapy; if disease remains stable or regresses and FLR is adequate, perform a parenchymal‑sparing hepatectomy (e.g., non‑anatomic wedge resections or limited segmentectomies) aiming for R0 margins.  
• Post‑operative adjuvant chemotherapy to complete a total of 6 months of peri‑operative systemic therapy.  
• Long‑term surveillance: CEA every 3 months for the first 2 years, then every 6 months; contrast‑enhanced CT or MRI of the liver and chest CT annually or as clinically indicated.

","Step 3 – Missing data  
• Thoraco‑CT scan (to rule out pulmonary metastases).  
• Abdominal contrast‑enhanced CT or liver MRI (to assess lesion number, size, vascular/biliary involvement, and to perform volumetry).  
• Future liver remnant (FLR) ratio calculation.  
• Assessment of vascular contact or invasion of the lesions.  
• Record of any prior systemic chemotherapy and patient performance status/comorbidities (to gauge peri‑operative risk and need for pre‑operative liver hypertrophy).  
These items are essential to move from “potentially resectable” to a definitive surgical plan.","Step 1 – Resectability assessment
The patient presents with three metachronous bilobar liver metastases (2–3 cm) without evidence of extrahepatic disease. Although distributed in both lobes, the limited number and size of lesions suggest that parenchymal-sparing resections could achieve R0 margins while preserving an adequate future liver remnant. According to hepatobiliary oncologic criteria for limited bilobar metachronous metastases, this pattern is considered potentially resectable.

","Step 2 – Recommended oncologic sequence
A. Preoperative staging
• Perform high-resolution liver MRI and contrast-enhanced CT to precisely define the segmental distribution and vascular/biliary relationships of the lesions and a chest CT scan.

B. Consider peri-operative systemic therapy
• Given the high CEA level (430 ng/mL), a 2–3 months of peri-operative doublet chemotherapy (FOLFOX or FOLFIRI ± bevacizumab) is advisable to treat micrometastatic disease and assess tumor biology.
• KRAS status is unknown
• BRAF wild-type does not modify the surgical indication.

C. Restaging before surgery
• Perform high-resolution liver MRI and enhanced CT-scan after chemotherapy to confirm maintained resectability and reassess lesion relationships.

D. Surgical management after restaging
• If stability or response is observed, perform parenchymal-sparing resections / imaging guided ablation of the three lesions guided by intra-operative ultrasound.
• Depending on distribution, this may involve combined wedge resections or a staged approach if required to preserve liver volume.
• The goal is R0 resection while preserving maximal functional liver parenchyma and avoiding major hepatectomy.
• Use intra operative ultrasound to verify lesion location and margins. 
• Ideally, consider minimally invasive approach (laparoscopic or robotic) for liver resection.

D. Postoperative therapy
• Pathology report : confirmation of tumor type and origin, immunohistochemistry with tumor markers, histological growth pattern, margin status (R0, R1, R2), tumor grade, differentiation, pathologic response score (TRG), necrosis/fibrosis
• Complete a total of 6 months of systemic chemotherapy including pre-operative cycles.
• Close surveillance with CEA and imaging at 3-month intervals.

","Step 3 – Critical missing information
A. Exact segmental distribution of the three lesions on MRI with detailed vascular and biliary relationships of each lesion.
B. Future liver remnant (FLR) estimation.
C. Histologic differentiation grade of the original colon tumor.
D. Details of any prior adjuvant chemotherapy received after the initial colectomy.
E. chest CT scan.
F. Radiologic tumor response after systemic chemotherapy (decrease, stability or progression) and evolution of CEA.
G. Liquid biopsies to search circulating tumor DNA (ctDNA) and circulating tumor cells (CTCs) in the bloodstream"
29,"Step 1 - Resectable upfront  
- The solitary 3.4 cm lesion is confined to segment VI, well defined, and has no contact with major hepatic vessels.  
- Assuming an adequate future liver remnant (>30 % of functional liver) and no radiologic evidence of extra‑hepatic disease, the metastasis meets standard criteria for immediate surgical removal.  
- Therefore the case is classified as “Resectable upfront”.

","Step 2 - Oncological strategy  
- Pre‑operative confirmation: obtain a contrast‑enhanced CT of chest/abdomen/pelvis (or PET‑CT) to exclude occult extra‑hepatic disease; review recent liver function tests and calculate future liver remnant volume.  
- Surgical plan: perform a parenchymal‑sparing segmentectomy or anatomical resection of segment VI, preferably laparoscopic if expertise and tumor location allow, aiming for R0 margins (≥1 cm if possible).  
- Intra‑operative assessment: use intra‑operative ultrasound to verify lesion size, location, and to rule out additional occult hepatic lesions.  
- Post‑operative systemic therapy: after recovery, initiate adjuvant chemotherapy (e.g., 6 months of FOLFOX ± bevacizumab; anti‑EGFR agents are contraindicated because of KRAS mutation).  
- Surveillance: monitor CEA every 3 months and repeat cross‑sectional imaging (CT or MRI) at 6‑month intervals for the first 2 years, then annually, to detect recurrence early.  

","Step 3 - Missing data  
- No essential information is lacking for a reliable resectability assessment and management plan. The key variables (lesion size, location, vascular involvement, KRAS status, and absence of known extra‑hepatic disease) are provided.","Step 1 - Resectability assessment  
Resectable upfront  
- Imaging shows a solitary 3.4 cm metastasis in segment VI with clear margins and no vascular involvement, fulfilling the technical criteria of complete R0 resection while preserving ≥2 contiguous liver segments and an adequate future liver remnant (>30 % of total liver volume).  
- No extra‑hepatic disease is reported; the lesion is metachronous (5 years after primary resection), which is an oncologic factor favoring curative intent.  
- KRAS mutation and a rising CEA (65 ng/mL) are adverse prognostic markers but do not preclude surgery.  
- Therefore the patient meets all current oncologic and technical definitions of upfront resectability.

","Step 2 - Oncological strategy  
1. Pre‑operative work‑up  
   - Complete staging: contrast‑enhanced chest CT (or PET‑CT) to exclude occult extra‑hepatic disease.  
   - Laboratory assessment: liver function tests, bilirubin, INR, albumin, and assessment of performance status (ECOG 0‑1).  
   - Volumetric CT or MRI to calculate future liver remnant; ensure FLR ≥ 30 % (expected > 70 % after segment VI resection).  
   - Multidisciplinary confirmation of resectability and fitness for surgery.  

2. Surgical plan  
   - Proceed to curative‑intent hepatic resection without prior systemic therapy.  
   - Preferred approach: laparoscopic or robot‑assisted segment VI anatomical resection (or wedge resection if anatomy permits) aiming for R0 margins (≥1 mm).  
   - Intra‑operative ultrasound to verify lesion size, location and to exclude additional occult metastases.  
   - No need for portal vein embolization or staged hepatectomy given the small volume of liver to be removed.  

3. Post‑operative oncologic management  
   - Pathology review to confirm negative margins and assess tumor‑grade.  
   - Given KRAS mutation and elevated CEA, recommend adjuvant systemic chemotherapy (6 months of FOLFOX ± bevacizumab) to address micrometastatic disease.  
   - Resume surveillance: CEA measurement and cross‑sectional liver imaging (CT or MRI) every 3 months for the first 2 years, then every 6 months up to 5 years.  

","Step 3 - Missing data  
- Current performance status (ECOG/ASA) and comorbidity profile.  
- Baseline liver function tests and quantitative future liver remnant volume.  
- Results of chest imaging to definitively rule out extra‑hepatic disease.  
- Details of any prior adjuvant chemotherapy received after the original sigmoid resection.  
- Patient’s preference regarding the timing of systemic therapy versus surgery.","Step 1 - Potentially resectable  
Reasoning: The liver lesion is solitary, 3.4 cm, located in segment VI with no vascular contact, which meets anatomical criteria for curative resection. However, decisive information is missing: a thoraco‑abdominal CT (or PET‑CT) to definitively exclude extra‑hepatic disease, and confirmation that the primary sigmoid cancer has already been resected. Because these data are required before a safe liver‑first operation can be planned, the case is classified as “Potentially resectable.”

","Step 2 - Oncological strategy  
• Obtain complete staging: thoraco‑abdominal CT (or PET‑CT) and review prior operative reports to verify that the primary sigmoid tumor was resected and that no extra‑hepatic metastases are present.  
• If staging confirms isolated hepatic disease and adequate future liver remnant (FLR > 30 % in a normal liver), proceed to curative‑intent liver surgery – a segment VI anatomical resection or non‑anatomical wedge with negative margins (R0).  
• Intra‑operative ultrasound to confirm lesion size, location and to assess for additional occult lesions.  
• Post‑operative systemic therapy: given the metachronous nature, KRAS mutation and rising CEA, recommend adjuvant chemotherapy (e.g., 6 months of FOLFOX ± bevacizumab).  
• Surveillance: CEA every 3 months for the first 2 years, then every 6 months; contrast‑enhanced CT of chest/abdomen every 6 months for 2 years, then annually.

","Step 3 - Missing data  
• Thoraco‑CT (or PET‑CT) results to rule out pulmonary or other extra‑hepatic metastases.  
• Confirmation that the primary sigmoid colon cancer has already been surgically resected.  
• Future liver remnant (FLR) volumetric assessment (though likely adequate, it must be documented).  
• Details of any prior systemic therapy (neoadjuvant or adjuvant) that could influence timing of surgery.","Step 1 - Resectability assessment  
Potentially resectable  
Reasoning: The liver lesion is solitary, 3.4 cm, located in segment VI with no vascular contact, which meets technical criteria for R0 resection and would leave an ample future liver remnant. However, the structured analysis lacks definitive staging of the thorax and abdomen (ThoracoCTScanPerformed = Missing, AbdomenCTScanPerformed = Missing) and does not provide the FLR ratio. Confirmation that there is no extra‑hepatic disease and that the FLR is sufficient is essential before proceeding to surgery. Therefore the case is classified as “Potentially resectable” pending these prerequisite investigations.

","Step 2 - Oncological strategy  
• Complete staging work‑up: obtain contrast‑enhanced chest CT (or PET‑CT) and abdominal CT/MRI to verify absence of extra‑hepatic metastases and to calculate the future liver remnant volume.  
• If imaging confirms isolated liver disease and an FLR ≥ 30 % (or ≥ 20 % in a fit patient), schedule curative‑intent hepatic resection – preferably a segmentectomy or non‑anatomic wedge resection of segment VI aiming for R0 margins.  
• Because the primary tumor was treated 5 years ago, assume it has been resected; if not, plan simultaneous or staged resection based on symptomatology (none reported).  
• Post‑operative (adjuvant) systemic therapy: administer 6 months of oxaliplatin‑based doublet chemotherapy (e.g., FOLFOX) – anti‑EGFR agents are not indicated due to KRAS mutation.  
• Serial CEA monitoring (baseline 65 ng/mL) every 1–2 months for the first 6 months, then every 3–6 months thereafter, with imaging surveillance (CT or MRI) at 6‑month intervals.  
• If postoperative pathology shows high‑risk features (e.g., poor differentiation, lymphovascular invasion – currently missing), consider intensifying systemic therapy or enrollment in a clinical trial.

","Step 3 - Missing data  
• Thoraco‑CT scan (or PET‑CT) to exclude pulmonary metastases – decisive for confirming resectability.  
• Abdomen‑CT scan (or volumetric imaging) to assess overall liver anatomy, calculate FLR ratio, and detect any occult intra‑hepatic lesions.  
• Confirmation that the colorectal primary has already been resected and its pathological grade.  
• Assessment of biliary involvement, portal thrombosis, and arterial anatomy (currently Missing) that could affect surgical planning.  
• FLRRatioCompatibilitySurgery – needed to ensure sufficient postoperative liver function.","Step 1 – Resectability assessment
The patient presents with a single metachronous liver metastasis in segment VI (3.4 cm), without evidence of extrahepatic disease and no vascular contact on MRI. The lesion is peripheral and technically amenable to a parenchymal-sparing resection with preservation of an adequate future liver remnant. According to hepatobiliary oncologic criteria for late solitary, anatomically favorable metastasis, this pattern is considered resectable.

","Step 2 – Recommended oncologic sequence
A. Surgical management upfront
• Given the long disease-free interval and isolated liver involvement, immediate surgical resection is appropriate without mandatory neoadjuvant chemotherapy.
• Perform a segment VI wedge/segmentectomy guided by intra-operative ultrasound aiming for R0 margins.
• The goal is R0 resection while preserving maximal functional liver parenchyma and avoiding major hepatectomy.
• Use intra operative ultrasound to verify lesion location and margins. 
• Ideally, consider minimally invasive approach (laparoscopic or robotic) for liver resection.

C. Postoperative systemic therapy
• Pathology report : confirmation of tumor type and origin, immunohistochemistry with tumor markers, histological growth pattern, margin status (R0, R1, R2), tumor grade, differentiation, pathologic response score (TRG), necrosis/fibrosis
• Initiate adjuvant doublet chemotherapy (FOLFOX or CAPOX ± bevacizumab).
• KRAS mutation excludes anti-EGFR therapy.
• Complete a total of 6 months of systemic treatment.

D. Surveillance
• Close postoperative follow-up with CEA and imaging every 3 months.

","Step 3 – Critical missing information
A. Detailed vascular and biliary relationships of the segment VI lesion on MRI.
B. Histologic differentiation grade of the original sigmoid tumor.
C. Whether any adjuvant chemotherapy was administered after the initial surgery.
D. a chest CT scan
E. Exact CEA trend over time prior to detection of the lesion
F. Liquid biopsies to search circulating tumor DNA (ctDNA) and circulating tumor cells (CTCs) in the bloodstream"
30,"Step 1 – Resectability assessment  
Resectable upfront  
- Three metachronous liver metastases (2.0‑3.6 cm) located in segments IV, V and VII are amenable to a parenchymal‑sparing, bilobar resection.  
- No extra‑hepatic disease identified on imaging.  
- RAS wild‑type status does not preclude surgery.  
- Assuming adequate hepatic reserve and acceptable performance status, an R0 resection can be achieved in a single operation; therefore no prerequisite down‑staging or additional information is mandatory for surgical feasibility.

","Step 2 – Oncological strategy  
- Pre‑operative work‑up: complete blood count, liver function panel, coagulation profile, indocyanine‑green clearance (or similar) and volumetric CT/MRI to confirm that the future liver remnant will be ≥30 % in a non‑cirrhotic liver.  
- If FLR is adequate, proceed directly to surgery; if borderline, consider portal vein embolization to hypertrophy the remnant.  
- Surgical plan: parenchymal‑sparing hepatectomy (segmental resection of segment IV lesion, wedge resection of segment V lesion, and segmental resection or wedge of segment VII lesion) aiming for negative margins (R0) while preserving ≥30 % functional liver parenchyma.  
- Post‑operative systemic therapy: 6 months of adjuvant FOLFOX (or CAPOX) ± bevacizumab, given the right‑sided primary and high pre‑operative CEA (250 ng/mL).  
- Surveillance: CEA every 3 months for the first 2 years, contrast‑enhanced liver MRI or CT every 6 months, and colonoscopic follow‑up per standard guidelines.  

","Step 3 – Missing data  
- Current performance status (ECOG/Karnofsky).  
- Detailed comorbidity profile (cardiovascular, pulmonary, renal function).  
- Baseline liver function tests (bilirubin, albumin, INR, platelet count) and assessment for underlying liver disease or portal hypertension.  
- Volumetric measurement of the future liver remnant to confirm adequacy.  
- Results of pre‑operative staging for occult extra‑hepatic disease (e.g., chest CT, PET‑CT).","Step 1 - Resectability assessment  
Resectable upfront  
- Three metastases (2.0‑3.6 cm) in segments IV, V and VII are amenable to parenchymal‑sparing, segmental resections.  
- Bilobar distribution does not preclude a single operation because the lesions are limited in number and size, allowing preservation of ≥30 % future liver remnant (FLR) and at least two contiguous segments with intact inflow/outflow.  
- No extra‑hepatic disease is identified on imaging.  
- RAS wild‑type and a prior curative colon resection (T3N0M0) support a curative intent.  
- No reported contraindicating comorbidities or liver dysfunction; therefore surgery can be offered immediately without mandatory pre‑operative down‑staging.  

","Step 2 - Oncological strategy  
1. Pre‑operative assessment  
   - Obtain full liver function tests, indocyanine‑green clearance (or similar) and volumetric CT/MRI to confirm FLR ≥ 30 % (or >0.5 % body‑weight ratio).  
   - Verify performance status (ECOG 0‑1) and cardiopulmonary fitness.  

2. Neoadjuvant systemic therapy (optional but recommended for biologic proof of disease stability)  
   - Because CEA is markedly elevated (250 ng/mL) and multiple lesions are present, give 2–3 months of oxaliplatin‑based doublet (FOLFOX) plus anti‑EGFR monoclonal antibody (cetuximab) – feasible given RAS wild‑type.  
   - Restage with liver MRI after chemotherapy; if disease is stable or responding, proceed to surgery. If progression occurs, reconsider strategy (possible two‑stage or conversion approach).  

3. Surgical plan (single‑stage, parenchymal‑sparing hepatectomy)  
   - Perform anatomical segmentectomy of segment IV (central), segment V (right anterior) and segment VII (right posterior) with negative (≥1 mm) margins.  
   - Preserve left lateral sector (segments II‑III) and sufficient right posterior/anterolateral tissue to achieve FLR ≥ 30 %.  
   - No need for portal vein embolization or staged hepatectomy given adequate FLR.  
   - Intra‑operative ultrasound to confirm lesion boundaries and vascular anatomy.  

4. Post‑operative management  
   - Early mobilization, liver‑protective care, and monitoring of liver function.  
   - Resume systemic therapy (FOLFOX ± cetuximab) for 3–6 months as adjuvant treatment, unless contraindicated by postoperative recovery.  
   - Serial CEA measurements and imaging (CT or MRI) every 3–4 months for the first 2 years, then every 6 months thereafter.  

","Step 3 - Missing data  
- Current performance status (ECOG/Karnofsky) and detailed comorbidity profile (cardiac, pulmonary, renal).  
- Quantitative liver volumetry (FLR percentage or FLR/body‑weight ratio).  
- Baseline liver function tests (bilirubin, INR, albumin, ICG clearance).  
- Precise relationship of each metastasis to major hepatic vessels/ducts (to confirm feasibility of segmental resection).  
- Patient’s preference regarding neoadjuvant chemotherapy versus upfront surgery.  

If any of the above are unavailable, they should be obtained before finalizing the operative plan.","Step 1 - Resectability assessment  
Category: Potentially resectable  

Reasoning: The liver MRI shows three metachronous lesions (2.0‑3.6 cm) in segments IV, V and VII, and the MDT notes that a single‑stage operation is theoretically feasible. However, the structured analysis lacks critical information that directly determines surgical feasibility:  
- FLRRatioCompatibilitySurgery is Missing, preventing confirmation that the future liver remnant will be adequate.  
- PresenceOfVascularContactOrInvasion and ArterialAnatomy are Missing, which are essential to judge whether a parenchymal‑sparing resection can be performed safely.  

Because these decisive data are absent, resection cannot be declared upfront; it will require either further imaging/functional assessment or pre‑operative interventions (e.g., portal vein embolization) before a definitive operative plan can be made.

","Step 2 - Oncological strategy  
1. Obtain the missing pre‑operative data:  
   • Perform volumetric CT or MRI to calculate the FLR ratio.  
   • Acquire high‑resolution contrast‑enhanced imaging (CT angiography or MRI) to delineate hepatic arterial, portal venous and biliary anatomy and assess any vascular contact/invasion.  
2. Initiate peri‑operative systemic therapy:  
   • Start a standard oxaliplatin‑based doublet (FOLFOX or CAPOX) ± anti‑VEGF (bevacizumab) given the RAS‑wild‑type status, for 2–3 months to assess tumor biology and potentially downsize lesions.  
3. Re‑evaluate after chemotherapy:  
   • Repeat liver MRI/CT to document response and re‑measure FLR.  
   • If FLR remains <30 % (or <40 % in a steatotic liver), consider portal vein embolization (PVE) to hypertrophy the remnant.  
4. Surgical plan (once FLR and vascular anatomy are confirmed adequate):  
   • Aim for a parenchymal‑sparing, anatomic or non‑anatomic segmental resection of lesions in segments IV, V and VII, preserving as much functional liver as possible.  
   • Perform the hepatic resection in a single operation if FLR is sufficient; otherwise stage the procedure (e.g., PVE → interval resection).  
5. Post‑operative management:  
   • Resume adjuvant chemotherapy to complete a total of 6 months of systemic therapy, adjusting based on pathological response and postoperative recovery.  

","Step 3 - Missing data  
- FLRRatioCompatibilitySurgery (future liver remnant adequacy).  
- PresenceOfVascularContactOrInvasion (relationship of lesions to hepatic vessels).  
- ArterialAnatomy (detailed hepatic arterial map).  
- Systemic treatment already administered (whether neoadjuvant chemotherapy has been given).  
- PresenceOfBiliaryStructuresInvolved (potential need for biliary reconstruction).  

These items are most critical to move from “potentially resectable” to a definitive surgical plan.","Step 1 - Potentially resectable  
- The three metachronous lesions (2.0‑3.6 cm) are limited in number and size, and the MDT notes they are technically feasible in a single operation.  
- However, key information that directly impacts surgical feasibility is missing:  
  • Future liver remnant (FLR) ratio/volumetry (FLRRatioCompatibilitySurgery = Missing) – needed to ensure adequate postoperative liver function.  
  • Detailed vascular and biliary anatomy, and any vascular contact/invasion (PresenceOfVascularContactOrInvasion = Missing; PresenceOfBiliaryStructuresInvolved = Missing).  
  • Cross‑sectional staging with thoraco‑abdominal CT (ThoracoCTScanPerformed = False; AbdomenCTScanPerformed = False) to definitively exclude occult extra‑hepatic disease.  
- Because these decisive data are absent, the case cannot be classified as “Resectable upfront.” The appropriate category is “Potentially resectable,” pending completion of the missing assessments.

","Step 2 - Oncological strategy  
1. Complete staging work‑up  
   - Perform contrast‑enhanced thoraco‑abdominal CT (or PET‑CT) to confirm absence of extra‑hepatic metastases.  
   - Obtain liver volumetry (CT or MRI) to calculate FLR; aim for FLR ≥ 30 % of total liver volume (or FLR/BW ≥ 0.5 %).  
   - Use intra‑operative ultrasound to delineate lesion margins and vascular relationships.  

2. Decision based on FLR and vascular findings  
   - If FLR is adequate and no major vascular involvement: proceed to a single‑stage, parenchyma‑preserving hepatectomy (segment IV, V, VII wedge resections or limited anatomical resections) with intent of R0 margins.  
   - If FLR is insufficient or major vascular/biliary involvement is identified: consider portal vein embolization (PVE) or a two‑stage hepatectomy (first stage clearing the less‑affected lobe, followed by hypertrophy and second‑stage resection).  

3. Systemic therapy sequencing  
   - Given metachronous disease and high CEA (250 ng/mL), administer peri‑operative systemic chemotherapy to assess tumor biology (“proof of time”) and treat micrometastatic disease.  
   - Preferred regimen: FOLFOX (or CAPOX) ± anti‑EGFR monoclonal antibody (cetuximab or panitumumab) because the tumor is RAS wild‑type.  
   - Options:  
     a. Neoadjuvant (2–3 months) → re‑assessment of disease stability → surgery if no progression.  
     b. Upfront surgery (if FLR and anatomy are favorable) → adjuvant chemotherapy for 3–6 months post‑operatively.  

4. Post‑operative management  
   - Monitor CEA serially; aim for postoperative normalization.  
   - Resume or continue systemic therapy as per the chosen sequence.  
   - Schedule surveillance imaging (contrast MRI or CT) every 3–6 months for the first 2 years.  

","Step 3 - Missing data  
- Future liver remnant (FLR) ratio/volumetry – essential to confirm that a single‑stage resection will leave sufficient functional liver.  
- Thoraco‑abdominal CT (or PET‑CT) – required to definitively rule out occult extra‑hepatic disease.  
- Detailed vascular and biliary involvement of the lesions – determines need for vascular reconstruction or alteration of resection plan.  
- Status of any prior systemic therapy – influences choice of peri‑operative chemotherapy and timing.  
- Liver functional reserve (e.g., Child‑Pugh, ICG clearance) – important for operative risk assessment.","Step 1 – Resectability assessment
The patient presents with three metachronous liver metastases located in segments IV, V, and VII (2.0–3.6 cm), without evidence of extrahepatic disease. Although bilobar, the limited number and peripheral location of the lesions suggest that parenchymal-sparing resections can achieve R0 margins while preserving an adequate future liver remnant. According to hepatobiliary oncologic criteria for limited bilobar metachronous metastases, this pattern is considered potentially resectable.

","Step 2 – Recommended oncologic sequence
A. Preoperative staging
• Perform high-resolution liver MRI and contrast-enhanced CT to define precise vascular and biliary relationships and to calculate the future liver remnant (FLR) and a chest CT scan.
• Given the high CEA level (250 ng/mL), perform high-resolution 18FDG PET-CT to confirm absence of additional occult lesions.

B. Consider short peri-operative systemic therapy
• Given the elevated CEA level (250 ng/mL), a short course (2–3 months) of peri-operative doublet chemotherapy (FOLFOX or FOLFIRI ± anti-EGFR given RAS wild-type status may be considered to treat micrometastatic disease and assess tumor biology.

C. Restaging before surgery
• Perform high-resolution liver MRI and enhanced CT-scan after chemotherapy to confirm maintained resectability and reassess lesion relationships.

D. Surgical management
• If resectability is confirmed, perform a single-stage parenchymal-sparing surgery guided by intra-operative ultrasound:
– Segment IV wedge/segmentectomy or ablation.
– Segment V wedge resection or ablation.
– Segment VII wedge resection or ablation.
• The goal is R0 resection while preserving maximal functional liver parenchyma and avoiding major hepatectomy.
• Use intra operative ultrasound to verify lesion location and margins. 
• Ideally, consider minimally invasive approach (laparoscopic or robotic) for liver resection.

E. Postoperative therapy and surveillance
• Pathology report : confirmation of tumor type and origin, immunohistochemistry with tumor markers, histological growth pattern, margin status (R0, R1, R2), tumor grade, differentiation, pathologic response score (TRG), necrosis/fibrosis
• Complete a total of 6 months of systemic chemotherapy including pre-operative cycles if administered.
• Close surveillance with CEA and imaging at 3-month intervals.

","Step 3 – Critical missing information
A. Detailed vascular and biliary relationships of all three lesions on MRI.
B. Future liver remnant (FLR) estimation.
C. Grade of differentiation and MSS/ MSI mutation of the primary tumor : influences prognosis and need for intensified adjuvant therapy
D. chest CT scan
E. Exact CEA trend over time prior to detection of the lesions
F. Liquid biopsies to search circulating tumor DNA (ctDNA) and circulating tumor cells (CTCs) in the bloodstream"
31,"Step 1 - Resectable upfront  
- The patient has a solitary 2.8 cm metastasis confined to segment VIII, no other intra‑ or extra‑hepatic disease on PET, and good performance status.  
- The lesion is peripheral, allowing an anatomic or non‑anatomic segmentectomy with an anticipated future liver remnant >30 % in a non‑cirrhotic liver.  
- No vascular invasion or major biliary involvement is described.  
- Therefore the metastasis meets standard criteria for curative‑intent hepatic resection without the need for down‑staging therapy.  

","Step 2 - Oncological strategy  
- Pre‑operative work‑up:  
  • Complete liver function panel (bilirubin, INR, albumin, platelets) and indocyanine‑green clearance if any concern for hepatic reserve.  
  • Volumetric CT or MRI to confirm adequate future liver remnant.  
  • Contrast‑enhanced chest CT to reconfirm absence of pulmonary disease.  
  • Colonoscopy or flexible sigmoidoscopy to exclude local rectal recurrence.  
  • Baseline CEA level for postoperative surveillance.  
- Surgical plan:  
  • Laparoscopic or open segment VIII resection (anatomic segmentectomy or wedge) with intra‑operative ultrasound to verify margins and detect occult lesions.  
  • Aim for R0 resection with ≥1 cm margin when feasible.  
  • Preserve hepatic inflow/outflow and parenchyma to maintain postoperative liver function.  
- Post‑operative management:  
  • Standard enhanced recovery pathway; monitor liver function and complications.  
  • After recovery (typically 4‑6 weeks), initiate adjuvant systemic chemotherapy (FOLFOX or CAPOX for 3–6 months), given KRAS mutation precludes anti‑EGFR agents.  
  • Consider adding bevacizumab if high‑risk features, but weigh bleeding risk post‑hepatectomy.  
- Surveillance:  
  • CEA every 3 months for the first 2 years, then every 6 months.  
  • Contrast‑enhanced liver MRI or CT and chest imaging at 6‑month intervals for at least 3 years.  

","Step 3 - Missing data  
- Quantitative assessment of liver functional reserve (e.g., ICG clearance, Child‑Pugh score).  
- Exact future liver remnant volume calculation.  
- Current performance status (ECOG/Karnofsky) and comorbidities (cardiovascular, pulmonary).  
- Results of recent colonoscopic evaluation of the primary site.  
- Baseline serum CEA level.  
- Details of any prior adjuvant chemotherapy received after the original rectal resection.  
- Chest imaging to definitively exclude pulmonary metastases.","Step 1 – Resectability assessment  
Resectable upfront  
- Single 2.8 cm metastasis in segment VIII, amenable to an anatomic segmentectomy or non‑anatomic wedge resection.  
- Resection of segment VIII leaves >70 % of liver parenchyma; future liver remnant (FLR) comfortably exceeds the 30 % minimum (or >0.5 % body‑weight ratio).  
- No extra‑hepatic disease on PET/CT, no vascular or biliary invasion, and adequate inflow/outflow can be preserved.  
- Metachronous presentation, solitary lesion, and good performance status satisfy oncologic criteria for curative intent.  
- KRAS mutation does not preclude surgery; it only influences systemic‑therapy choice.  

","Step 2 – Oncological strategy  
1. Pre‑operative work‑up  
   - Verify liver function (bilirubin, INR, albumin, AST/ALT) and calculate FLR volume on contrast‑enhanced MRI/CT.  
   - Obtain baseline CEA, full blood count, renal function, and cardiopulmonary assessment (e.g., ECG, echocardiogram if indicated).  
   - Review pathology of the original rectal resection (margin status, adjuvant therapy received).  

2. Surgical plan  
   - Perform a curative‑intent resection of the segment VIII lesion (anatomic segmentectomy or non‑anatomic wedge with ≥5 mm margin).  
   - Preferred minimally invasive (laparoscopic or robotic) approach if surgeon expertise and patient anatomy allow; otherwise open right subcostal incision.  
   - Intra‑operative ultrasound to confirm lesion location and exclude additional occult metastases.  
   - No need for portal vein embolization or two‑stage hepatectomy given the limited volume to be removed.  

3. Post‑operative systemic therapy  
   - Start adjuvant chemotherapy within 6–8 weeks after surgery, provided adequate recovery.  
   - Recommended regimen: 6 months of FOLFOX (or CAPOX) ± bevacizumab (KRAS‑mutated tumors are not candidates for anti‑EGFR agents).  
   - Discuss enrollment in clinical trials or use of intensified regimens only if high‑risk features emerge (e.g., positive margin, lymph‑vascular invasion).  

4. Surveillance  
   - CEA every 3 months for the first 2 years, then every 6 months up to 5 years.  
   - Contrast‑enhanced liver MRI (or CT) at 6 months, then annually, or sooner if CEA rises.  
   - Colonoscopic surveillance per standard rectal‑cancer guidelines (e.g., at 1 year, then every 3–5 years).  

","Step 3 – Missing data  
- Current liver function tests (bilirubin, INR, albumin, transaminases).  
- Quantitative FLR volumetry to confirm >30 % remnant.  
- Baseline carcinoembryonic antigen (CEA) level.  
- Detailed cardiopulmonary fitness assessment (e.g., ECOG/ASA, cardiac work‑up).  
- Pathology of the original rectal cancer (margin status, lymph‑vascular invasion, whether adjuvant chemotherapy was given).  
- Any comorbidities or medications that could affect peri‑operative risk or chemotherapy tolerance.","Step 1 - Resectability assessment  
Resectable upfront  
Reasoning: The structured analysis shows a solitary 2.8 cm metastasis confined to segment VIII, no extra‑hepatic disease, and the patient is in good general condition. A segmentectomy or wedge resection of segment VIII would preserve an adequate future liver remnant in a non‑cirrhotic liver, making immediate surgery feasible. The missing items (vascular contact, FLR ratio) are unlikely to preclude resection given the small size and peripheral location, and no imaging suggests major vascular involvement.

","Step 2 - Oncological strategy  
- Verify complete staging: obtain a contrast‑enhanced thoraco‑abdominal CT (or PET‑CT) and perform liver volumetry to confirm FLR >30 % (or >40 % if steatosis/cirrhosis).  
- Proceed to curative‑intent hepatic resection: laparoscopic or open segment VIII resection aiming for R0 margins, with intra‑operative ultrasound to confirm lesion boundaries and exclude additional occult disease.  
- Post‑operative adjuvant systemic therapy: 6 months of oxaliplatin‑based doublet (FOLFOX) given KRAS mutation (anti‑EGFR agents not indicated).  
- Surveillance: CEA measurement every 3 months for the first 2 years, and cross‑sectional imaging (CT or MRI) at 6‑month intervals, adjusting based on findings.  

","Step 3 - Missing data  
- Presence of vascular contact or invasion (critical to confirm that a safe margin can be achieved).  
- Future liver remnant (FLR) ratio or volumetric data (needed to ensure postoperative liver function).  
- Status of primary‑tumor resection margins and histopathologic grade (inform prognosis and need for intensified systemic therapy).  
- Baseline CEA level (useful for postoperative surveillance).  
- Any prior systemic chemotherapy received (could influence timing of surgery).","Step 1 – Resectability assessment  
Potentially resectable: the solitary 2.8 cm segment VIII metastasis is technically amenable to a limited hepatic resection (segmentectomy or non‑anatomic wedge) and there is no radiological evidence of extra‑hepatic disease. However, the structured analysis lacks a quantified future liver remnant (FLR) ratio, which is a decisive factor for planning any hepatic resection. Because adequate FLR cannot be confirmed from the available data, the case must be classified as “Potentially resectable” pending confirmation of sufficient liver remnant (or a need for volumetric augmentation).

","Step 2 – Oncological strategy  
1. Complete staging before any operative intervention  
   • Obtain a contrast‑enhanced thoraco‑abdominal CT (or repeat PET‑CT) to confirm absence of occult extra‑hepatic disease.  
   • Perform volumetric liver CT or MRI to calculate the FLR ratio; ensure FLR ≥ 30 % (≥ 40 % if prior chemotherapy is planned).  
   • Measure serum CEA and repeat colonoscopic/rectal MRI assessment to rule out local recurrence of the primary rectal cancer.  
2. If FLR is adequate (≥ 30 %) and no vascular/biliary invasion is identified  
   • Proceed to curative‑intent hepatic resection – preferably a minimally invasive (laparoscopic or robotic) segment VIII wedge/segmentectomy aiming for R0 margins (≥ 1 mm).  
   • Intra‑operative ultrasound to confirm lesion location and exclude additional sub‑centimeter nodules.  
3. Adjuvant systemic therapy  
   • Given KRAS‑mutated disease and prior N1 status, recommend 6 months of postoperative oxaliplatin‑based chemotherapy (FOLFOX or CAPOX).  
   • No anti‑EGFR agents are indicated; consider bevacizumab only in the context of a clinical trial or if high‑risk features emerge.  
4. Surveillance  
   • CEA every 3 months for the first 2 years, then every 6 months.  
   • Contrast‑enhanced liver MRI (or CT) at 3‑month intervals for the first year, then every 6 months.  
   • Ongoing colorectal surveillance (annual colonoscopy, rectal MRI as indicated).  

","Step 3 – Missing data most crucial for the recommendation  
- FLR ratio / volumetric liver assessment (decisive for confirming technical resectability).  
- Presence of vascular or biliary involvement of the lesion (could convert a minor resection to an unresectable scenario).  
- Current CEA level (baseline tumor marker for postoperative monitoring).  
- Status of the primary rectal bed (margin status, local recurrence on MRI/colonoscopy) (to ensure no synchronous need for colorectal surgery).  
- Whether any systemic chemotherapy has already been administered (impacts FLR requirements and choice of adjuvant regimen).","Step 1 – Resectability assessment
The patient presents with a single metachronous liver metastasis in segment VIII (2.8 cm), hypermetabolic on PET, without evidence of extrahepatic disease. Although located in a posterior segment, the lesion is technically amenable to a parenchymal-sparing resection with preservation of an adequate future liver remnant. According to hepatobiliary oncologic criteria for solitary, metachronous, anatomically accessible metastasis, this pattern is considered resectable.

","Step 2 – Recommended oncologic sequence
A. Preoperative staging
• Perform high-resolution liver MRI and contrast-enhanced CT to precisely define vascular and biliary relationships and calculate the future liver remnant (FLR).
• CEA dosage.

B. Surgical management upfront
• Given the long disease-free interval and isolated liver involvement, immediate surgical resection is appropriate without mandatory neoadjuvant chemotherapy.
• Perform a parenchymal-sparing wedge/segmentectomy of segment VIII aiming for R0 margins.
• Use intra operative ultrasound to verify lesion location and margins. 
• Ideally, consider minimally invasive approach (laparoscopic or robotic) for liver resection.
• Preoperative prehabilitation and ERAS (Enhanced Recovery After Surgery) protocols are evidence-based, multidisciplinary strategies designed to optimize patient health before surgery and accelerate recovery afterward.

C. Postoperative systemic therapy
• Pathology report : confirmation of tumor type and origin, immunohistochemistry with tumor markers, histological growth pattern, margin status (R0, R1, R2), tumor grade, differentiation, pathologic response score (TRG), necrosis/fibrosis
• Initiate adjuvant doublet chemotherapy (FOLFOX or CAPOX ± bevacizumab).
• KRAS mutation excludes anti-EGFR therapy.
• Complete a total of 6 months of systemic treatment.

D. Surveillance
• Close postoperative follow-up with CEA and imaging every 3 months.

","Step 3 – Critical missing information
A. Detailed vascular and biliary relationships of the segment VIII lesion on MRI.
B. Grade of differentiation and MSS/ MSI mutation of the primary tumor : influences prognosis and need for intensified adjuvant therapy
C. Patient’s current performance status and comorbidities.
D. Exact CEA trend over time prior to detection of the lesions
F. Whether any adjuvant chemotherapy was administered after the initial cancer treatment.
H. Liquid biopsies to search circulating tumor DNA (ctDNA) and circulating tumor cells (CTCs) in the bloodstream"
32,"Step 1 - Potentially resectable  
Reasoning: The patient has four bilobar liver metastases (2–3.5 cm) with no extra‑hepatic disease, but resection will depend on (a) confirmation that the future liver remnant (FLR) will be ≥30 % (or ≥40 % if the liver has been pre‑treated with chemotherapy) and (b) whether portal vein embolization (PVE) or a staged hepatectomy is required to achieve an adequate FLR. These prerequisites are not yet documented, therefore the case is classified as “Potentially resectable”.

","Step 2 - Oncological strategy  
- Initiate systemic chemotherapy (e.g., 6 cycles of FOLFOXIRI ± bevacizumab) to assess tumor biology, reduce CEA, and potentially downsize lesions.  
- Re‑evaluate after chemotherapy: repeat liver MRI, CEA, and calculate FLR volume using volumetric software.  
- If FLR is adequate (≥30 % normal liver, ≥40 % post‑chemotherapy) and margins ≥1 cm appear achievable, proceed to curative liver resection.  
- If FLR is insufficient, perform right or left PVE (depending on dominant tumor burden) and re‑image after 2–4 weeks to confirm hypertrophy; then undertake a single‑stage or two‑stage hepatectomy as dictated by lesion distribution.  
- Aim for an R0 resection of all lesions; consider parenchymal‑sparing techniques (segmentectomy, wedge resection) to preserve liver volume.  
- Post‑operative: resume adjuvant systemic therapy (e.g., 3–6 months of FOLFOX or CAPOX) based on pathology and postoperative recovery.  
- Continue surveillance with CEA and imaging every 3–6 months for the first 2 years.

","Step 3 - Missing data  
- Quantitative FLR volume and baseline liver function (bilirubin, albumin, ICG clearance, platelet count).  
- Patient’s performance status (ECOG/ASA) and comorbidities affecting surgical risk.  
- Details of prior chemotherapy (agents, cycles) and any liver injury (steatosis, sinusoidal obstruction).  
- RAS mutation status (KRAS/NRAS) which may influence systemic regimen choice.  
- Precise anatomic relationship of each metastasis to major vascular and biliary structures to confirm feasibility of R0 margins.","Step 1 - Resectability assessment  
Potentially resectable  
- The MDT report mentions “potentially resectable based on volumetric assessment,” but the actual future liver remnant (FLR) volume, FLR/body‑weight ratio, and liver function tests are not provided. These data are decisive for confirming that a margin‑negative (R0) resection can be performed safely.  
- Four bilobar lesions (2–3.5 cm) are technically amenable to resection, yet bilobar distribution usually requires either a two‑stage hepatectomy or portal vein embolisation (PVE) to secure an adequate FLR. Without confirmed FLR ≥30 % (or >0.5 % of body weight) the case cannot be classified as “Resectable upfront.”  
- The very high CEA (380 ng/mL) suggests aggressive biology; a short course of systemic therapy (“proof of time”) is advisable before committing to surgery.  

","Step 2 - Oncological strategy  
1. Baseline work‑up  
   - Obtain ECOG performance status, Charlson comorbidity index, liver biochemistry, indocyanine‑green clearance (if available).  
   - Complete molecular profiling: KRAS/NRAS status, MSI/MMR status (if not already known).  
   - Perform a high‑resolution liver MRI with hepatobiliary contrast and repeat volumetric analysis to quantify FLR; plan portal vein embolisation if FLR <30 % or <0.5 % body weight.  

2. Neoadjuvant systemic therapy (proof of time)  
   - Start a 6‑cycle regimen of FOLFOXIRI + bevacizumab (or FOLFOX + bevacizumab if tolerability is a concern) because the patient has multiple bilobar metastases and an elevated CEA.  
   - Re‑measure CEA after 2–3 cycles; a falling trend supports continued therapy.  
   - Restage with MRI after completion of chemotherapy to assess radiologic response and to repeat FLR calculation.  

3. Surgical planning based on post‑chemotherapy assessment  
   - If FLR is now adequate (≥30 % or >350 g in a 70 kg patient) and all lesions are resectable with negative margins, proceed to a single‑stage, parenchymal‑sparing hepatectomy (e.g., left lateral sectionectomy + wedge resections of right‑lobe lesions) if feasible.  
   - If FLR remains marginal, schedule a two‑stage approach:  
        a. First stage – right portal vein embolisation (or right portal ligation) combined with resection of lesions in the left lobe (e.g., left lateral segmentectomy).  
        b. Allow 4–6 weeks for hypertrophy; confirm FLR growth (>10 % absolute increase).  
        c. Second stage – right hepatectomy (or extended right resection) to clear remaining right‑lobe disease.  
   - Intra‑operative ultrasound should be used to detect any occult lesions and to guide margin‑negative resections.  

4. Post‑operative management  
   - Resume systemic therapy within 4–6 weeks post‑hepatectomy (e.g., additional 3–6 months of FOLFOX ± bevacizumab) to treat micrometastatic disease.  
   - Serial CEA monitoring every 3 months and imaging (MRI or CT) every 6 months for the first 2 years, then annually.  

","Step 3 - Missing data  
- Exact future liver remnant volume (percentage and absolute grams) after current volumetric assessment.  
- Liver function tests (bilirubin, AST/ALT, INR, platelet count) and indocyanine‑green clearance if available.  
- Patient’s performance status (ECOG), comorbidity burden (Charlson index), and cardiopulmonary fitness for major hepatectomy.  
- KRAS/NRAS mutation status and MSI/MMR status (to guide potential use of anti‑EGFR therapy or immunotherapy).  
- Details of any adjuvant chemotherapy already received after the primary left‑colectomy (type, duration, response).  
- Precise anatomical relationship of each metastasis to major vascular and biliary structures (to decide if parenchymal‑sparing resections are feasible).","Step 1 – Resectability assessment  
Category: Potentially resectable  

Reasoning: The MDT notes that the bilobar liver disease is “potentially resectable based on volumetric assessment,” but critical operative feasibility data are missing. Specifically, the Future Liver Remnant (FLR) ratio compatibility with surgery is not reported, and there is no information on vascular or biliary involvement of the lesions, nor on the exact hepatic segments affected. These items are decisive for determining whether an R0 liver resection can be performed safely. Because these data are absent, the case cannot be classified as “Resectable upfront.” No absolute contraindication (e.g., extra‑hepatic disease) is present, so the lesion set remains potentially resectable pending completion of the missing assessments and/or neoadjuvant therapy.  

","Step 2 – Oncological strategy  
- Initiate systemic chemotherapy (e.g., 6 cycles of FOLFOX or FOLFOXIRI) combined with anti‑EGFR monoclonal antibody if RAS wild‑type, given left‑sided primary and high CEA (380 ng/mL) indicating aggressive biology.  
- Re‑stage after chemotherapy with repeat liver MRI and a contrast‑enhanced CT volumetric study to:  
   • Define the hepatic segments involved and any vascular/biliary contact or invasion.  
   • Calculate the FLR ratio and assess functional liver reserve (ICG clearance or liver function tests).  
- If FLR is ≥30 % in a normal liver (or ≥40 % after chemotherapy‑induced injury) and no major vascular invasion is identified, proceed to curative‑intent liver surgery:  
   • Preference for a simultaneous or staged (two‑stage or ALPPS) resection depending on the distribution of lesions and FLR adequacy.  
   • Consider portal vein embolization (PVE) before resection if FLR is borderline.  
- Perform a formal oncologic resection of the primary colon tumor if not already addressed (already resected 18 months ago, margins unknown – obtain pathology report).  
- Post‑operative adjuvant chemotherapy to complete a total of 12 cycles (or as per response).  
- Continue surveillance with CEA and imaging every 3–6 months.  

","Step 3 – Missing data most crucial for the recommendation  
- FLR ratio compatibility with surgery (future liver remnant volume and functional reserve).  
- Detailed hepatic segment involvement and presence/absence of vascular or biliary contact/invasion.  
- Results of a pre‑operative abdominal CT (or CT‑based volumetry) to complement MRI findings.  
- Confirmation of prior systemic therapy (has any chemotherapy already been given?).  
- Pathology of the primary resection: grade of differentiation, margin status, peritoneal or adjacent organ invasion.  
- Assessment of peritoneal, bone, or other extra‑hepatic sites (currently missing but would alter resectability if present).","Step 1 – Resectability assessment  
Potentially resectable  
- The liver disease is metachronous, bilobar, with four lesions 2–3.5 cm, which can be technically resected only if an adequate future liver remnant (FLR) is left and no major vascular or biliary invasion is present.  
- The MDT comment “potentially resectable based on volumetric assessment” indicates that a key technical factor (FLR) is borderline and has not yet been confirmed (FLRRatioCompatibilitySurgery is Missing).  
- Biological concerns (CEA = 380 ng/mL, high tumor burden) also favor a “proof‑of‑time” approach with neoadjuvant chemotherapy before committing to surgery.  
- Because a decisive piece of information (FLR adequacy) and a prerequisite systemic therapy are missing, the case fits the definition of “Potentially resectable” rather than upfront resectable.

","Step 2 – Oncological strategy  
1. Baseline systemic therapy  
   - Initiate a modern doublet chemotherapy (e.g., FOLFOX or CAPOX) combined with a biologic agent (anti‑VEGF or anti‑EGFR, guided by KRAS status when available).  
   - Treat for 2–3 months (or 4–6 cycles) to assess tumor biology (“proof of time”) and to attempt downsizing of the lesions.  

2. Re‑assessment after chemotherapy  
   - Repeat liver MRI with hepatocyte‑specific contrast and a volumetric CT to determine:  
      Current size and number of lesions (response).  
      Precise hepatic segments involved.  
      Presence of vascular or biliary contact/invasion.  
      FLR volume; if FLR < 30 % of standardized liver volume, plan portal vein embolization (PVE) or associating liver partition and portal vein ligation for staged hepatectomy (ALPPS) to augment FLR.  

3. Surgical planning  
   - If post‑chemotherapy imaging shows adequate FLR and no major vascular invasion, proceed to curative‑intent liver resection:  
      Prefer a parenchymal‑sparing, anatomic or non‑anatomic resection of all four metastases aiming for R0 margins (≥1 mm).  
      Because disease is bilobar, a staged approach (e.g., right‑sided resection first, then left‑sided resection after FLR hypertrophy) may be required; simultaneous resection is only considered if FLR is sufficient and operative time acceptable.  
   - Intra‑operative ultrasound to confirm lesion clearance and to guide any additional ablative adjunct (RFA/ microwave) for lesions in difficult locations.  

4. Post‑operative management  
   - Resume/adapt systemic therapy (e.g., 3–6 months of adjuvant chemotherapy) based on pathological response and margin status.  
   - Serial CEA monitoring and imaging (CT/MRI) every 3–6 months for the first 2 years, then annually.  

","Step 3 – Missing data most crucial for the recommendation  
- Future liver remnant (FLR) ratio – needed to decide whether immediate resection, portal vein embolization, or a two‑stage strategy is required.  
- Exact hepatic segments involved and presence of vascular/biliary contact or invasion – determines technical feasibility of a single‑stage, parenchymal‑sparing resection.  
- Prior systemic therapy status and response – confirms tumor biology and may downsize lesions, influencing timing of surgery.  
- Molecular profile beyond BRAF (KRAS/NRAS, MSI/MMR) and CA 19‑9 level – guides choice of biologic agent and adds prognostic information.  
- Pathologic grade of differentiation and primary‑tumor margin status – affect overall oncologic risk and may sway toward more aggressive peri‑operative chemotherapy.","Step 1 – Resectability assessment
The patient presents with four metachronous bilobar liver metastases (2–3.5 cm) without evidence of extrahepatic disease. Although distributed in both lobes, the limited number and size of lesions suggest that parenchymal-sparing resections could achieve R0 margins while preserving an adequate future liver remnant. According to hepatobiliary oncologic criteria for limited bilobar metachronous metastases, this pattern is considered potentially resectable.

","Step 2 – Recommended oncologic sequence
A. Preoperative staging and volumetric assessment
• Perform high-resolution contrast-enhanced CT to precisely define the segmental distribution and vascular/biliary relationships of the 4 lesions.
• Calculate the future liver remnant (FLR) to confirm feasibility of a single-stage approach.

B. Consider short peri-operative systemic therapy
• Given the high CEA level (380 ng/mL) and early recurrence (18 months), a short course (2–3 months) of peri-operative doublet chemotherapy (FOLFOX or FOLFIRI ± bevacizumab) is advisable to treat micrometastatic disease and assess tumor biology.
• BRAF wild-type does not modify the surgical indication.

C. Restaging before surgery
• Perform high-resolution liver MRI and enhanced CT-scan after chemotherapy to confirm maintained resectability and reassess lesion relationships.

D. Surgical management after restaging
• If resectability and adequate FLR are confirmed, perform parenchymal-sparing resections or ablation of the four lesions guided by intra-operative ultrasound aiming for R0 margins.
• Depending on lesion distribution and FLR, this may be performed in a single stage or staged approach.
• Use intra operative ultrasound to verify lesion location and margins. 
• Ideally, consider minimally invasive approach (laparoscopic or robotic) for liver resection.

E. Postoperative therapy
• Pathology report : confirmation of tumor type and origin, immunohistochemistry with tumor markers, histological growth pattern, margin status (R0, R1, R2), tumor grade, differentiation, pathologic response score (TRG), necrosis/fibrosis
• Complete a total of 6 months of systemic chemotherapy including pre-operative cycles.
• Close surveillance with CEA and imaging at 3-month intervals.

","Step 3 – Critical missing information
A. Exact segmental distribution of the four lesions on MRI with detailed vascular and biliary relationships of each lesion.
B. Future liver remnant (FLR) estimation.
C. Grade of differentiation and MSS/ MSI mutation of the primary tumor : influences prognosis and need for intensified adjuvant therapy
E. Details of any adjuvant chemotherapy received after the initial colectomy.
G. Exact CEA trend over time prior to detection of the lesion.
H. Radiologic tumor response after systemic chemotherapy (decrease, stability or progression) and evolution of CEA.
I. Liquid biopsies to search circulating tumor DNA (ctDNA) and circulating tumor cells (CTCs) in the bloodstream"
33,"Step 1 – Resectability assessment  
Resectable upfront  
Both metastases are ≤4 cm, located in segment II (left lateral) and segment VI (right posterior). They can be removed with limited anatomic or non‑anatomic resections while preserving a sufficient future liver remnant (>30 % in a normal liver). No extra‑hepatic disease is reported, and there are no contraindicating hepatic functional abnormalities mentioned. Therefore the lesions meet criteria for immediate surgical resection without mandatory pre‑operative down‑staging.

","Step 2 – Oncological strategy  
• Staging work‑up: complete thoraco‑abdominal‑pelvic CT (or PET‑CT) and liver function assessment (ICG clearance, volumetry) to confirm absence of extra‑hepatic disease and adequate FLR.  
• Systemic therapy: because the disease is KRAS‑mutated, anti‑EGFR agents are ineffective. Initiate peri‑operative chemotherapy with a fluoropyrimidine‑oxaliplatin backbone (FOLFOX) combined with bevacizumab for 2–3 cycles to assess tumor biology and treat occult micrometastases.  
• Re‑assessment after chemotherapy: repeat contrast‑enhanced liver MRI/CT to confirm that the lesions remain resectable and that no new lesions have appeared.  
• Surgical plan: perform a simultaneous minor hepatectomy – segmentectomy of segment II and segmentectomy (or wedge resection) of segment VI. Preserve portal inflow and biliary drainage; no need for portal vein embolization given the limited volume to be removed.  
• Post‑operative care: monitor liver function, CEA trend, and postoperative complications.  
• Adjuvant therapy: complete a total of 6 months of systemic chemotherapy (including the pre‑operative cycles) after recovery from surgery. Consider continuation of bevacizumab if tolerated.  
• Surveillance: CEA every 3 months, cross‑sectional imaging (CT or MRI) every 6 months for the first 2 years, then annually.

","Step 3 – Missing data  
• Baseline liver function tests (bilirubin, AST/ALT, INR, platelets) and quantitative liver volumetry to confirm FLR adequacy.  
• Performance status and comorbidities (cardiopulmonary reserve) that could affect surgical risk.  
• Full staging imaging of chest and pelvis to exclude occult extra‑hepatic disease.  
• Details of any prior adjuvant chemotherapy or radiotherapy received after the primary colon resection.  
These data would solidify the safety of immediate resection and guide peri‑operative chemotherapy dosing.","Step 1 – Resectability assessment  
Potentially resectable  
• Technically feasible: two lesions (3.1 cm in segment II, 4.0 cm in segment VI) can be removed with non‑anatomic or segmental resections while preserving ≥30 % future liver remnant.  
• Oncologic concerns: very high CEA (520 ng/mL) and KRAS mutation indicate aggressive biology; current guidelines recommend a “proof‑of‑time” approach with pre‑operative systemic therapy before definitive liver surgery in such high‑risk patients.  
• Therefore a prerequisite action – neoadjuvant chemotherapy (and restaging) – must be completed before surgery can be safely undertaken.

","Step 2 – Oncological strategy  
1. Baseline work‑up  
   – Full liver function panel, coagulation profile, performance status (ECOG), cardiopulmonary assessment.  
   – Chest CT (or PET‑CT) to exclude pulmonary or other extra‑hepatic disease.  
   – Volumetric CT or MRI to calculate future liver remnant (FLR).  

2. Systemic therapy (neoadjuvant)  
   – Initiate a KRAS‑mutated regimen: FOLFOXIRI + bevacizumab (or FOLFOX + bevacizumab if tolerance is a concern).  
   – Plan 3–4 cycles, then re‑image liver and repeat CEA.  

3. Restaging decision point  
   – If CEA falls ≥30 % and imaging shows stable or regressed lesions with no new sites, proceed to liver‑first surgery.  
   – If disease progresses (new lesions, growth >20 % of baseline), consider alternative systemic options (second‑line therapy, clinical trial) and defer surgery.  

4. Surgical plan (once disease control confirmed)  
   – Perform liver‑first approach: segment II wedge resection (left lateral) and segment VI non‑anatomic resection, aiming for R0 margins (≥1 mm).  
   – Intra‑operative ultrasound to confirm lesion boundaries and assess for occult disease.  
   – Ensure FLR ≥30 % (or ≥40 % if prior chemotherapy has induced liver injury). If FLR is borderline, consider portal vein embolization or a two‑stage hepatectomy, but this is unlikely needed with only two small lesions.  

5. Post‑operative management  
   – Resume systemic therapy to complete a total of 6–8 months of peri‑operative chemotherapy (adjuvant phase).  
   – Monitor CEA every 6–8 weeks and cross‑sectional imaging (CT or MRI) at 3‑month intervals for the first year.  

6. Long‑term follow‑up  
   – Surveillance colonoscopy per standard guidelines (e.g., 1 year post‑resection, then every 3–5 years).  
   – Ongoing multidisciplinary review for any recurrence.

","Step 3 – Missing data  
• Liver function tests (bilirubin, AST/ALT, INR, platelet count) and assessment of chemotherapy‑associated liver injury.  
• Quantitative future liver remnant volume (CT/MRI volumetry).  
• Performance status and comorbidities (ASA/ECOG, cardiopulmonary reserve).  
• Chest imaging (CT or PET‑CT) to rule out pulmonary or other extra‑hepatic metastases.  
• Full staging PET/CT or MRI to exclude occult extra‑hepatic disease.  
• Detailed Fong clinical risk score components (number of nodes in primary, disease‑free interval, etc.) to refine prognostic assessment.","Step 1 – Resectability assessment  
Category: Potentially resectable  
Reasoning: The liver disease is limited to two metachronous lesions (segments II and VI, 3.1 cm and 4.0 cm) and no extra‑hepatic disease has been documented, which makes surgical removal technically feasible. However, decisive information is missing: (a) thoraco‑CT to exclude pulmonary metastases, (b) liver MRI (or contrast‑enhanced CT) to define vascular contact/invasion and to plan a parenchymal‑sparing resection, and (c) future liver remnant (FLR) ratio to ensure postoperative hepatic functional reserve. Because these prerequisites must be clarified before a definitive operative plan, the case is classified as “Potentially resectable.”

","Step 2 – Oncological strategy  
- 1️⃣ Complete staging: obtain a contrast‑enhanced chest CT (or PET‑CT) and a liver MRI with hepatobiliary contrast to assess extra‑hepatic disease, vascular anatomy, and FLR volume.  
- 2️⃣ Initiate systemic therapy: start a KRAS‑mutated‑appropriate regimen (e.g., FOLFOXIRI ± bevacizumab) for 2–3 months to treat occult disease, assess tumor biology, and potentially downsize the hepatic lesions.  
- 3️⃣ Restage after chemotherapy: repeat imaging (CT/MRI) to confirm that the lesions remain resectable, that no new extra‑hepatic sites have appeared, and to calculate the FLR.  
- 4️⃣ Surgical planning: if FLR ≥ 30 % (or ≥ 40 % in a steatotic liver) and no vascular invasion is seen, proceed to a parenchymal‑sparing hepatectomy (segmentectomy of II and VI) – either simultaneous with primary‑site resection (already completed) or as a staged liver‑only operation.  
- 5️⃣ If FLR is insufficient, consider portal vein embolization (PVE) or associating liver partition and portal vein ligation for staged hepatectomy (ALPPS) before definitive resection.  
- 6️⃣ Post‑operative management: resume/adapt systemic chemotherapy for a total of 6‑12 months, monitor CEA trends, and schedule surveillance imaging every 3–6 months.

","Step 3 – Missing data (most crucial for decision)  
- Thoraco‑CT (or PET‑CT) to rule out pulmonary metastases (ExtrahepaticPulmonaryInvolvement – Missing).  
- Liver MRI with vascular assessment (PresenceOfVascularContactOrInvasion, ArterialAnatomy – Missing).  
- Future liver remnant ratio calculation (FLRRatioCompatibilitySurgery – Missing).  
- Status of prior systemic therapy (Has a systemic treatment already been performed? – Missing).  
- Details of the original colon resection margins and T/N stage (PreviousResectionMargins, TStage, NStage – Missing) – useful for overall prognosis but less immediately decisive for liver surgery.","Step 1 – Resectability assessment  
Potentially resectable  
- MDT notes “anatomically possible” bilobar recurrence (segments II and VI).  
- However, decisive information is missing:  
   • Thoraco‑CT has not been performed – needed to exclude occult pulmonary metastases.  
   • Liver MRI is absent – required to define vascular/biliary relationship and confirm that lesions are amenable to R0 resection.  
   • Future liver remnant (FLR) ratio is not reported – essential to ensure that resection will leave ≥30 % functional liver (or ≥0.7 %/kg).  
Because these missing data directly affect the feasibility of a curative hepatectomy, the case is classified as “Potentially resectable” pending completion of the above assessments (or alternative actions such as portal vein embolisation if FLR proves insufficient).

","Step 2 – Oncological strategy  
1. Complete staging before any liver surgery  
   – Obtain a contrast‑enhanced thoracic CT (or PET‑CT) to rule out lung metastases.  
   – Perform a liver‑specific MRI with diffusion‑weighted sequences to delineate lesion margins, vascular contact, and biliary anatomy.  
   – Calculate FLR volume (CT‑volumetry or MRI) and determine FLR ratio.  
2. Initiate peri‑operative systemic therapy (given high‑risk biology: CEA 520 ng/mL, KRAS‑mutated, bilobar disease)  
   – Preferred regimen: 2–3 months of oxaliplatin‑based doublet (FOLFOX or CAPEOX) ± bevacizumab (or cetuximab if KRAS wild‑type, but here KRAS mutated).  
   – Goal: “proof of time” to confirm disease stability and treat micrometastatic burden.  
3. Restage after chemotherapy (repeat MRI and thoracic imaging)  
   – If lesions remain resectable, no new extra‑hepatic disease, and FLR ≥ 30 % (or ≥0.7 %/kg), proceed to hepatic resection.  
   – Surgical plan: simultaneous, parenchyma‑sparing resections – non‑anatomic wedge resection of segment II lesion and segment VI lesion (both ≤4 cm), preserving ≥2 contiguous segments.  
   – If FLR is inadequate, consider portal vein embolisation of the right portal branch (or left, depending on planned resection) to hypertrophy the future remnant, or a two‑stage approach.  
4. Post‑operative management  
   – Resume/adapt systemic chemotherapy for a total of 6 months (adjuvant phase) unless contraindicated.  
   – Serial CEA monitoring (baseline now 520 ng/mL) and imaging (CT/MRI) every 3–4 months for the first 2 years.  

","Step 3 – Missing data  
- Thoracic CT (or PET‑CT) to exclude pulmonary metastases.  
- Liver MRI with vascular/biliary assessment.  
- Quantified FLR ratio (or volumetry).  
- Confirmation of any prior systemic therapy (has the patient already received chemotherapy?).  
- Details on vascular contact/invasion of the liver lesions.  
These items are most critical to move from “potentially resectable” to a definitive “resectable upfront” plan.","Step 1 – Resectability assessment
The patient presents with two metachronous liver metastases located in segments II and VI (3.1 and 4.0 cm), without evidence of extrahepatic disease. Although bilobar, both lesions are peripherally located and technically amenable to parenchymal-sparing resections with preservation of an adequate future liver remnant. According to hepatobiliary oncologic criteria for limited bilobar metachronous metastases, this pattern is considered potentially resectable.

","Step 2 – Recommended oncologic sequence
A. Preoperative staging
• Perform high-resolution liver MRI and contrast-enhanced CT to precisely define vascular and biliary relationships and to calculate the future liver remnant (FLR).
• Given the high CEA level (520 ng/mL), perform high-resolution 18FDG PET-CT to confirm absence of additional occult lesions.

B. Consider short peri-operative systemic therapy
• Given the very high CEA level (520 ng/mL), a short course (2–3 months) of peri-operative doublet chemotherapy (FOLFOX or FOLFIRI ± bevacizumab) is advisable to treat micrometastatic disease and assess tumor biology.
• KRAS mutation excludes anti-EGFR therapy.

C. Restaging before surgery
• Perform high-resolution liver MRI and enhanced CT-scan after chemotherapy to confirm maintained resectability and reassess lesion relationships.

D. Surgical management after restaging
• If stability or response is observed, perform parenchymal-sparing wedge/segmental resections or ablation of segments II and VI guided by intra-operative ultrasound.
• Aim for R0 resection while preserving maximal liver parenchyma.
• Use intra operative ultrasound to verify lesion location and margins. 
• Ideally, consider minimally invasive approach (laparoscopic or robotic) for liver resection.

D. Postoperative therapy
• Pathology report : confirmation of tumor type and origin, immunohistochemistry with tumor markers, histological growth pattern, margin status (R0, R1, R2), tumor grade, differentiation, pathologic response score (TRG), necrosis/fibrosis
• Complete a total of 6 months of systemic chemotherapy including pre-operative cycles.
• Close surveillance with CEA and imaging at 3-month intervals.

","Step 3 – Critical missing information
A. Detailed vascular and biliary relationships of both lesions on MRI.
B. Future liver remnant (FLR) estimation.
C. Grade of differentiation and MSS/ MSI mutation of the primary tumor : influences prognosis and need for intensified adjuvant therapy.
D. Details of any adjuvant chemotherapy received after the initial colectomy.
F. Exact CEA trend over time prior to detection of the lesions
G. Radiologic tumor response after systemic chemotherapy (decrease, stability or progression) and evolution of CEA.
H. Liquid biopsies to search circulating tumor DNA (ctDNA) and circulating tumor cells (CTCs) in the bloodstream"
34,"Step 1 - Resectability assessment  
Resectable upfront: The three hepatic lesions (segments IV, V, VI) are each ≤3 cm, confined to a single lobe and adjacent segment, with no extra‑hepatic disease. Assuming normal liver function and adequate future liver remnant (left lateral segments II‑III), an extended right hepatectomy (right hepatectomy plus segment IV) can achieve R0 resection. No anatomical or oncologic contraindication is evident, therefore surgery can be performed without mandatory pre‑operative down‑staging.

","Step 2 - Oncological strategy  
• 1. Baseline work‑up: complete liver function panel, indocyanine‑green clearance or 99mTc‑mebrofenin scan, volumetric CT to confirm that the left lateral segments will provide ≥30 % of total liver volume (≥40 % if underlying steatosis/cirrhosis).  
• 2. Multimodal systemic therapy: given the high CEA and the aggressive biology, administer peri‑operative chemotherapy. Preferred regimen: 3 cycles (≈3 months) of FOLFOX (or FOLFOXIRI) combined with bevacizumab (anti‑VEGF) – the standard for resectable colorectal liver metastases.  
• 3. Restaging after neoadjuvant therapy: repeat contrast‑enhanced MRI (or CT) and CEA measurement to confirm disease stability or response and to reassess resectability.  
• 4. Surgical resection: perform an extended right hepatectomy (right hepatectomy + segment IV) with intra‑operative ultrasound to verify margins and detect occult lesions. Aim for R0 resection; consider portal vein embolization pre‑operatively only if FLR is insufficient.  
• 5. Post‑operative care: monitor liver function, manage complications, and initiate adjuvant chemotherapy to complete a total of 6 months of systemic therapy (additional 3 months post‑op).  
• 6. Surveillance: CEA every 3 months for the first 2 years, imaging (CT or MRI) every 6 months, then annually, adjusting based on findings.

","Step 3 - Missing data  
• Quantitative liver function and volumetry (e.g., ICG clearance, FLR percentage).  
• Patient’s performance status and comorbidities (cardiopulmonary reserve).  
• Detailed baseline laboratory values (bilirubin, albumin, platelet count).  
• Presence of steatosis or fibrosis on imaging or biopsy.  

These data are essential to confirm that the planned extended resection will be safe and to finalize peri‑operative planning.","Step 1 - Resectable upfront  
- Three metachronous liver metastases, each ≤3 cm, located in segments IV, V and VI (bilobar but limited).  
- Current imaging shows no extra‑hepatic disease; RAS wild‑type, indicating no molecular contraindication.  
- Technical criteria for resectability (ability to achieve R0 resection, preservation of ≥2 contiguous liver segments, adequate inflow/outflow and biliary drainage) can be met with parenchyma‑sparing wedge or segmental resections; expected future liver remnant >30 % in a normal liver.  
- High CEA (140 ng/mL) reflects tumor activity but does not preclude surgery; it will be used for postoperative surveillance.  
- No reported hepatic dysfunction or comorbidities that would limit major hepatectomy.  
→ The case fulfills the contemporary definition of “resectable upfront” (complete macroscopic clearance with adequate FLR) and therefore surgery can be offered without mandatory pre‑operative down‑staging.

","Step 2 - Oncological strategy  
- Pre‑operative work‑up  
  • Obtain volumetric CT/MRI to confirm FLR ≥30 % (or ≥20 % if liver parenchyma is pristine).  
  • Perform baseline liver function tests, coagulation profile, and assess performance status (ASA, ECOG).  
  • Intra‑operative ultrasound to verify lesion number, size and exclude occult disease.  

- Surgical plan  
  • Perform a curative‑intent, parenchyma‑sparing hepatectomy: non‑anatomic wedge resections of the three lesions or limited segmental resections (segment IVb, segment V, segment VI) aiming for R0 margins (≥1 mm).  
  • Preserve at least two contiguous segments (e.g., left lateral sector and right posterior sector) to ensure adequate inflow/outflow and biliary drainage.  
  • If intra‑operative assessment reveals insufficient FLR, consider portal vein embolisation (PVE) or a staged approach, but this is unlikely given the small volume of resection.  

- Peri‑operative systemic therapy  
  • Given the high pre‑operative CEA and prior node‑positive primary, recommend adjuvant chemotherapy after recovery from liver surgery.  
  • Preferred regimen: 6 months of FOLFOX (or CAPOX) combined with anti‑EGFR monoclonal antibody (cetuximab or panitumumab) because the tumor is RAS wild‑type.  
  • No mandatory neoadjuvant chemotherapy is required; however, if intra‑operative findings suggest more extensive disease, a short (2‑3 cycle) pre‑operative FOLFOX could be employed to test tumor biology before definitive resection.  

- Post‑operative surveillance  
  • Serial CEA measurements every 3 months for the first 2 years, then every 6 months up to 5 years.  
  • Contrast‑enhanced MRI or CT of the liver (and chest CT) at 6‑month intervals for the first 2 years, then annually.  

","Step 3 - Missing data  
- Current performance status (ECOG/ASA) and detailed comorbidity profile.  
- Quantitative liver function (bilirubin, INR, albumin) and any prior chemotherapy‑induced liver injury (steatosis, sinusoidal obstruction).  
- Precise volumetric assessment of the future liver remnant.  
- Details of any adjuvant therapy received after the original right colectomy (type, duration).  
- Information on the patient’s willingness and ability to tolerate postoperative chemotherapy.","Step 1 - Resectability assessment  
Category: Potentially resectable  

Reasoning: The patient has three metachronous liver metastases (segments IV, V, VI) each ≤3 cm, no radiologically evident extra‑hepatic disease, and RAS‑wild‑type biology, which are all compatible with hepatic resection. However, the structured analysis lists two decisive missing items that directly affect surgical feasibility:  
- FLRRatioCompatibilitySurgery (future liver remnant volumetry) – without this data we cannot confirm that a safe residual liver volume will remain after resection.  
- PresenceOfVascularContactOrInvasion – unknown relationship of the lesions to hepatic veins, portal pedicles, or hepatic artery may dictate the need for vascular reconstruction or preclude a curative resection.  

Because these specific pieces of information are absent, the case cannot be classified as “Resectable upfront.” No prerequisite down‑staging therapy is currently required, but the missing data must be obtained before proceeding to surgery, thus the lesion set is “Potentially resectable.”  

","Step 2 - Oncological strategy  
1. Baseline restaging  
   - Obtain a contrast‑enhanced thoraco‑abdominal CT (or PET‑CT) to confirm absence of occult extra‑hepatic disease, especially bone (the structured analysis lists bone involvement as Missing).  
   - Perform liver volumetry (CT or MRI) to calculate the future liver remnant (FLR) and assess portal venous anatomy.  

2. Systemic therapy  
   - Initiate peri‑operative systemic chemotherapy (e.g., 3–4 cycles of FOLFOX ± bevacizumab, given RAS‑wild‑type status). The aim is two‑fold: (a) treat potential micrometastatic disease reflected by the markedly elevated CEA (140 ng/mL), and (b) provide a biological test of disease aggressiveness.  

3. Re‑assessment after chemotherapy  
   - Repeat liver MRI with hepatocyte‑specific contrast and repeat FLR volumetry.  
   - Re‑evaluate vascular relationships of each lesion (using high‑resolution imaging or intra‑operative ultrasound planning).  

4. Surgical plan (if FLR ≥ 30 % in a normal liver or ≥ 40 % in a steatotic liver and no unresectable vascular involvement)  
   - Proceed with a parenchymal‑sparing, anatomic or non‑anatomic resection of segments IV, V, and VI, aiming for R0 margins.  
   - Use intra‑operative ultrasound to confirm lesion location and to guide resection margins.  
   - Preserve as much non‑involved liver parenchyma as possible to maintain adequate FLR.  

5. Post‑operative management  
   - Resume adjuvant systemic therapy to complete a total of 6 months of peri‑operative chemotherapy, adjusting regimen based on response and tolerance.  
   - Monitor CEA serially and schedule surveillance imaging (CT or MRI) every 3–6 months for the first 2 years.  

","Step 3 - Missing data  
- Future liver remnant (FLR) volumetry – essential to confirm that a safe postoperative liver volume can be achieved.  
- Vascular contact/invasion status – determines whether the lesions can be resected without complex vascular reconstruction.  
- Thoraco‑abdominal CT (or PET‑CT) results – to definitively exclude occult extra‑hepatic disease, particularly bone metastasis (currently Missing).  
- Systemic treatment history – to know if the patient has already received chemotherapy, which would influence the need for further neoadjuvant therapy.  
- Arterial anatomy and portal venous anatomy – required for precise surgical planning and to anticipate need for vascular control.  

These missing items must be obtained before a definitive surgical decision can be made.","Step 1 – Resectability assessment  
Potentially resectable – the three metachronous liver metastases (2‑3 cm) in segments IV, V and VI are anatomically amenable to a parenchymal‑sparing resection, but the Future Liver Remnant (FLR) ratio is not reported. An adequate FLR (≥20‑30 % of total liver volume in a healthy liver) is a decisive factor for safe hepatectomy; therefore the missing FLR data makes the case “potentially resectable” until this information is obtained (or a pre‑operative maneuver such as portal vein embolisation is deemed necessary).  

","Step 2 – Oncological strategy  
- Complete restaging: obtain a thoraco‑CT (or chest CT) and a contrast‑enhanced abdominal CT/MRI to confirm absence of extra‑hepatic disease and to evaluate vascular/biliary relationships of the three lesions.  
- Perform volumetric liver assessment (CT‑ or MRI‑based) to calculate the FLR ratio; if FLR < 30 % consider portal vein embolisation or a two‑stage/ALPPS approach, otherwise proceed to surgery.  
- Initiate peri‑operative systemic therapy because of the markedly elevated CEA (140 ng/mL) and to test tumour biology: give 4‑6 cycles of a modern doublet (e.g., FOLFOX) combined with an anti‑EGFR agent (cetuximab) given RAS wild‑type status.  
- Re‑image after chemotherapy; if disease is stable or responding and no new lesions appear, schedule curative‑intent liver surgery.  
- Surgical plan: parenchymal‑sparing segmental resections of segments IV, V and VI (or non‑anatomic wedge resections) aiming for R0 margins (≥1 mm) while preserving at least two contiguous segments and adequate inflow/outflow. No major hepatectomy is required; therefore portal vein embolisation is unlikely to be needed if FLR is sufficient.  
- Post‑operative management: resume/adjuvant systemic chemotherapy (e.g., additional 4‑6 cycles of FOLFOX ± anti‑EGFR) to address micrometastatic disease, given the high pre‑operative CEA and prior disease‑free interval of 2 years.  
- Surveillance: CEA measurement and cross‑sectional imaging (CT or MRI) every 3–6 months for the first 2 years, then every 6–12 months thereafter.  

","Step 3 – Missing data  
- FLR ratio compatibility with surgery (critical for safety of resection).  
- Presence of vascular or biliary involvement of the metastases (needed to confirm technical feasibility).  
- Confirmation that no systemic chemotherapy has already been administered (affects timing of peri‑operative therapy).  
- Detailed pathology of the primary tumour (grade, margin status, lymph‑vascular invasion) – useful for prognostication and to refine the need for adjuvant therapy.  
- Results of thoraco‑CT/abdomen‑CT to definitively exclude occult extra‑hepatic disease (especially pulmonary or bone lesions).","Step 1 – Resectability assessment
The patient presents with three metachronous liver metastases located in segments IV, V, and VI (2–3 cm). The lesions are limited in number and anatomically amenable to parenchymal-sparing resections while preserving an adequate future liver remnant. According to hepatobiliary oncologic criteria for limited, anatomically accessible metastases, this pattern is considered potentially resectable.

","Step 2 – Recommended oncologic sequence
A. Preoperative staging
• Perform high-resolution contrast-enhanced CT to define precise vascular and biliary relationships and to calculate the future liver remnant (FLR).
• Given the high CEA level (140 ng/mL), perform high-resolution 18FDG PET-CT to confirm absence of additional occult lesions and chest CT scan.

B. Consider short peri-operative systemic therapy
• Given the elevated CEA level (140 ng/mL) and relatively early recurrence (2 years), a short course (2–3 months) of peri-operative doublet chemotherapy (FOLFOX or FOLFIRI ± anti-EGFR given RAS wild-type status) may be considered to treat micrometastatic disease and assess tumor biology.

C. Restaging before surgery
• Perform high-resolution liver MRI and enhanced CT-scan after chemotherapy to confirm maintained resectability and reassess lesion relationships.

D. Surgical management
• If resectability is confirmed, perform parenchymal-sparing resections or ablation of segments IV, V, and VI guided by intra-operative ultrasound.
• Aim for R0 resection while preserving maximal functional liver parenchyma.
• Use intra operative ultrasound to verify lesion location and margins. 
• Ideally, consider minimally invasive approach (laparoscopic or robotic) for liver resection.

E. Postoperative therapy
• Pathology report : confirmation of tumor type and origin, immunohistochemistry with tumor markers, histological growth pattern, margin status (R0, R1, R2), tumor grade, differentiation, pathologic response score (TRG), necrosis/fibrosis
• Complete a total of 6 months of systemic chemotherapy including pre-operative cycles if administered.
• Close surveillance with CEA and imaging at 3-month intervals.

","Step 3 – Critical missing information
A.	Detailed vascular and biliary relationships of the three lesions on MRI.
B.	chest CT scan
C. Grade of differentiation and MSS/ MSI mutation of the primary tumor : influences prognosis and need for intensified adjuvant therapy.
D. Details of any adjuvant chemotherapy received after the initial colectomy.
F. Exact CEA trend over time prior to detection of the lesions.
H. Liquid biopsies to search circulating tumor DNA (ctDNA) and circulating tumor cells (CTCs) in the bloodstream"
35,"Step 1 – Resectability assessment  
Resectable upfront  
- Single liver lesion, 4.2 cm, confined to segment IVa.  
- No radiologic evidence of extra‑hepatic disease on the thoraco‑abdominal CT.  
- Lesion size <5 cm and solitary, which meets standard criteria for hepatic resection.  
- Assuming adequate hepatic reserve and performance status, an anatomic segment IVa resection (or limited hepatectomy) can achieve R0 margins without compromising future liver remnant.  

","Step 2 – Oncological strategy  
- Verify absence of occult extra‑hepatic disease: obtain a PET‑CT (or MRI of the pelvis) and perform a colonoscopy to exclude a new colorectal lesion.  
- Assess liver functional reserve: liver function tests, indocyanine‑green clearance or volumetric CT/MRI to confirm that the future liver remnant will be ≥30 % in a 74‑year‑old patient.  
- If functional and anatomic criteria are met, proceed to upfront hepatic surgery: anatomic segment IVa resection (segmentectomy) with intra‑operative ultrasound to confirm margins and vascular anatomy.  
- Post‑operative systemic therapy: given KRAS mutation (no anti‑EGFR benefit) and high pre‑operative CEA, administer adjuvant FOLFOX (or CAPOX) for 6 months, starting 4–6 weeks after surgery, provided recovery is adequate.  
- Surveillance: CEA every 3 months for the first 2 years, cross‑sectional imaging (CT or MRI) every 6 months, and colonoscopic follow‑up per standard colorectal cancer guidelines.  

","Step 3 – Missing data  
- Current performance status (ECOG/Karnofsky) and comorbidities (cardiopulmonary reserve).  
- Detailed liver function tests (bilirubin, albumin, INR, platelet count) and quantitative future liver remnant volume.  
- Precise relationship of the metastasis to major hepatic vessels/ducts (to confirm feasibility of a limited resection).  
- Results of a PET‑CT or whole‑body staging to definitively rule out extra‑hepatic disease.  
- Findings of recent colonoscopy/endoscopic evaluation of the rectal anastomosis.  
- Prior adjuvant chemotherapy received after the original rectal cancer resection.","Step 1 – Resectability assessment  
Potentially resectable  
Reasoning: The solitary 4.2 cm metastasis in segment IVa is technically amenable to an anatomic segmentectomy or left‑lateral resection, and no extra‑hepatic disease is reported on the thoraco‑abdominal CT. However, definitive surgical planning requires two decisive pieces of information that are currently missing:  

- Quantitative assessment of the future liver remnant (FLR) – volumetry or functional liver reserve (e.g., indocyanine‑green clearance) to ensure that ≥30 % of total liver volume (or >0.5 % / kg body weight) will remain after resection.  
- Confirmation that there is no occult extra‑hepatic disease, particularly pulmonary metastases, which would alter the curative intent (requires chest CT or PET‑CT).  

Until these data are obtained, the case cannot be classified as “Resectable upfront”.

","Step 2 – Oncological strategy  
1. Baseline work‑up (to resolve the missing items above)  
   - Contrast‑enhanced liver MRI with hepatobiliary phase for precise lesion mapping.  
   - Chest CT (or PET‑CT) to exclude lung or other distant metastases.  
   - Liver function tests and FLR volumetry (CT‑based or MRI‑based).  
   - Assessment of performance status (ECOG/ASA) and comorbidities.  

2. Neoadjuvant systemic therapy (given high CEA = 600 ng/mL, KRAS‑mutated biology, and age ≥ 70)  
   - Preferred regimen: FOLFOX ± bevacizumab for 2–3 months (≈ 4–6 cycles).  
   - Goal: “test of time” to confirm disease stability, achieve CEA decline, and potentially down‑size the lesion if needed.  

3. Re‑assessment after chemotherapy  
   - Repeat imaging (MRI + chest CT) to verify that the liver lesion remains solitary, resectable, and that no new extra‑hepatic sites have appeared.  
   - Re‑calculate FLR; if FLR would be <30 % after planned resection, consider portal vein embolization (PVE) or a two‑stage hepatectomy.  

4. Surgical intervention (provided re‑assessment confirms feasibility)  
   - Perform an anatomic segment IVa resection (or left lateral segmentectomy) with negative (R0) margins, aiming for ≥1 mm microscopic clearance.  
   - Intra‑operative ultrasound to exclude occult lesions.  
   - Preserve at least two contiguous liver segments with adequate inflow/outflow and biliary drainage.  

5. Post‑operative management  
   - Resume systemic chemotherapy to complete a total of 6 months of peri‑operative therapy (e.g., additional 3–4 cycles of FOLFOX ± bevacizumab).  
   - Serial CEA monitoring every 3 months; imaging surveillance (CT or MRI) every 6 months for the first 2 years.  

6. Alternative / adjunctive options (if surgery is contraindicated after reassessment)  
   - Image‑guided thermal ablation (RFA or microwave) of the segment IVa lesion.  
   - Stereotactic body radiotherapy (SBRT) as a non‑surgical local control measure.  

","Step 3 – Missing data  
- Quantitative future liver remnant volume and functional liver reserve (ICG clearance, bilirubin, INR, platelet count).  
- Full thoracic imaging (CT or PET‑CT) to rule out pulmonary or other extra‑hepatic metastases.  
- Detailed performance status (ECOG) and comorbidity assessment (ASA classification).  
- Liver MRI with hepatobiliary contrast for precise lesion characterization and detection of additional sub‑centimeter metastases.  
- Molecular profile beyond KRAS (BRAF, MSI‑H/dMMR) which may influence systemic therapy choices.  
- Baseline Fong clinical risk score components (primary T stage, nodal status, disease‑free interval, number and size of liver lesions) to refine prognostic counseling.","Step 1 - Resectability assessment  
Potentially resectable: the solitary 4.2 cm metastasis in segment IVa is anatomically amenable to resection, but decisive information is missing. Specifically, the absence of (a) liver MRI with detailed vascular and biliary anatomy, (b) assessment of hepatic vascular contact/invasion, and (c) calculated future liver remnant (FLR) ratio prevents confirmation that a safe resection can be performed now. These missing data constitute a prerequisite that must be obtained before an upfront operation can be planned.

","Step 2 - Oncological strategy  
- Obtain a high‑resolution liver MRI (preferably with hepatobiliary contrast) and perform volumetric analysis to define the FLR and to clarify any portal/hepatic vein or biliary involvement of the segment IVa lesion.  
- Re‑evaluate the case in a multidisciplinary tumor board once imaging and FLR data are available.  
- If FLR ≥ 30 % (or ≥ 40 % given age ≥ 70 y) and no major vascular invasion is identified, proceed to curative‑intent hepatic resection (segment IVa anatomical resection or left hepatectomy) using intra‑operative ultrasound to ensure negative margins.  
- Perform the resection with the goal of R0 margins; consider portal triad clamping and Pringle maneuver as needed.  
- Post‑operative adjuvant systemic chemotherapy (e.g., 6 months of FOLFOX) is recommended given KRAS‑mutated disease and the high pre‑operative CEA level, to address micrometastatic risk.  
- Continue surveillance with serial CEA measurements and cross‑sectional imaging (CT or MRI) every 3–6 months for the first 2 years, then annually.

","Step 3 - Missing data  
- Future liver remnant (FLR) ratio and volumetry.  
- Detailed hepatic vascular and biliary anatomy (presence of vascular contact or invasion).  
- Liver MRI results (lesion characterization, arterial anatomy).  
- Primary tumor pathology (grade, T/N stage, resection margins) that could influence systemic therapy decisions.  
- Any prior systemic chemotherapy administered for the current metastasis.  

These items are most critical to move from “potentially resectable” to a definitive surgical plan.","Step 1 – Resectability assessment  
Potentially resectable – The case presents a solitary 4.2 cm metastasis in segment IVa with no extra‑hepatic disease on CT, which is technically amenable to resection. However, decisive information required to confirm feasibility is missing: (a) detailed vascular anatomy and any tumor‑vessel contact/invasion, (b) an accurate assessment of the future liver remnant (FLR) volume, and (c) high‑resolution liver MRI to delineate lesion borders. Because these pieces of information are essential for planning a safe R0 resection while preserving adequate liver function, the lesion must be considered potentially resectable pending further imaging and functional assessment.  

","Step 2 – Oncological strategy  
- 1. Confirm baseline liver status: obtain a contrast‑enhanced liver MRI (including hepatobiliary phase) to define tumor relationship to hepatic veins, portal structures and to calculate FLR.  
- 2. Assess hepatic functional reserve (CT‑based volumetry, indocyanine‑green clearance or similar) and overall performance status.  
- 3. Initiate systemic chemotherapy (e.g., 6 cycles of FOLFOX ± bevacizumab, appropriate for KRAS‑mutated disease) as a “test of time” to evaluate tumor biology and to potentially downsize the lesion.  
- 4. Restage after chemotherapy with repeat MRI and CT; re‑calculate FLR. If the lesion remains resectable with adequate FLR (>30 % in a normal liver, >40 % in older patients) and no new vascular involvement, proceed to curative‑intent liver surgery (segment IVa anatomical resection or non‑anatomic wedge ensuring ≥1 mm margin).  
- 5. Perform intra‑operative ultrasound to confirm absence of occult lesions and to guide resection.  
- 6. Post‑operative management: complete a total of 6 months of peri‑operative systemic therapy (including postoperative adjuvant chemotherapy) and enroll in intensive surveillance (CEA every 3 months, cross‑sectional imaging every 6 months).  
- 7. If restaging shows progression (new lesions, vascular encasement, insufficient FLR), shift to conversion strategies (e.g., portal vein embolisation, two‑stage hepatectomy) or consider local ablative modalities (RFA/SBRT) combined with systemic therapy.  

","Step 3 – Missing data  
- Vascular contact or invasion status of the segment IVa lesion (critical for technical resectability).  
- Quantified future liver remnant (FLR) ratio or volumetric data (critical for functional safety).  
- Liver MRI results (necessary to resolve the above points and to detect occult disease).  
- Confirmation of whether any systemic chemotherapy has already been administered (to avoid duplicate exposure and to gauge treatment‑induced tumor biology).  
These missing items are the most pivotal for finalizing the surgical plan.","Step 1 – Resectability assessment
The patient presents with a single metachronous liver metastasis in segment IVa (4.2 cm), without evidence of extrahepatic disease. Despite its central location, the lesion is technically amenable to a parenchymal-sparing resection with preservation of an adequate future liver remnant. According to hepatobiliary oncologic criteria for late solitary, anatomically accessible metastasis, this pattern is considered resectable.

","Step 2 – Recommended oncologic sequence
A. Preoperative staging
• Perform high-resolution liver MRI to precisely define vascular and biliary relationships.
• Given the high CEA level (600 ng/mL), perform high-resolution 18FDG PET-CT to confirm absence of additional occult lesions.

B. Surgical management upfront
• Given the long disease-free interval and isolated liver involvement, immediate surgical resection is appropriate without mandatory neoadjuvant chemotherapy.
• Perform a segment IVa wedge/segmentectomy guided by intra-operative ultrasound aiming for R0 margins.
• Aim for R0 resection while preserving maximal functional liver parenchyma.
• Use intra operative ultrasound to verify lesion location and margins. 
• Ideally, consider minimally invasive approach (laparoscopic or robotic) for liver resection.

C. Postoperative systemic therapy
• Pathology report : confirmation of tumor type and origin, immunohistochemistry with tumor markers, histological growth pattern, margin status (R0, R1, R2), tumor grade, differentiation, pathologic response score (TRG), necrosis/fibrosis
• Initiate adjuvant doublet chemotherapy (FOLFOX or CAPOX ± bevacizumab).
• KRAS mutation excludes anti-EGFR therapy.
• Complete a total of 6 months of systemic treatment.

D. Surveillance
• Close postoperative follow-up with CEA and imaging every 3 months.

","Step 3 – Critical missing information
A. Detailed vascular and biliary relationships of the segment IVa lesion on MRI.
B. Grade of differentiation and MSS/ MSI mutation of the primary tumor : influences prognosis and need for intensified adjuvant therapy.
D. Pathological details of rectal rectal specimen
E. Whether any adjuvant chemotherapy was administered after the initial rectal cancer treatment."
36,"Step 1 – Resectability assessment  
Resectable upfront  
- Two liver metastases confined to the right hepatic lobe (segment VII, 3.8 cm; segment V, small).  
- No radiologic evidence of extra‑hepatic disease.  
- Patient has normal liver function (assumed) and no reported comorbidities that would limit surgery.  
- Both lesions can be removed with a parenchymal‑sparing approach (segmentectomy or wedge resection) while preserving an adequate future liver remnant.  

","Step 2 – Oncological strategy  
- Pre‑operative work‑up: obtain liver function tests, volumetric CT or MRI to confirm FLR >30 % (or >40 % if steatosis), assess performance status (ECOG 0‑1).  
- Surgical plan: perform a right‑lobe parenchymal‑sparing hepatectomy (segmental resection of segment VII and segment V) aiming for R0 margins; intra‑operative ultrasound to confirm lesion location and exclude additional occult disease.  
- Post‑operative systemic therapy: start adjuvant chemotherapy within 6‑8 weeks (preferred regimen FOLFOX or CAPOX for 6 months). Consider adding bevacizumab if high‑risk features persist (CEA > 200 ng/mL).  
- Surveillance: CEA and cross‑sectional imaging (CT or MRI) every 3‑4 months for the first 2 years, then every 6 months up to 5 years.  

","Step 3 – Missing data  
- No essential data missing to support the above recommendation. (All key variables—number, size, location of liver lesions, primary tumor stage, BRAF status, and absence of extra‑hepatic disease—are provided.)","Step 1 - Resectability assessment  
Potentially resectable  
The two liver lesions (segment VII 3.8 cm and a small lesion in segment V) are anatomically amenable to a right‑sided hepatic resection or combined segmental/limited resection. However, a definitive decision requires confirmation that the future liver remnant (FLR) will be ≥30 % of total liver volume (or >0.5 % body‑weight ratio) and that hepatic inflow/outflow and biliary drainage will be preserved. Without volumetric data and liver function tests, the technical feasibility cannot be guaranteed, making the case “potentially resectable” pending FLR assessment (or portal vein embolisation if needed).

","Step 2 - Oncological strategy  
1. Baseline work‑up  
   – Obtain full liver function panel, coagulation profile, and calculate FLR using CT‑ or MRI‑based volumetry.  
   – Perform staging CT of chest and pelvis (or PET‑CT) to exclude occult extra‑hepatic disease.  
   – Record performance status (ECOG), comorbidities (Charlson index), KRAS and MSI status.  

2. Systemic therapy (neoadjuvant)  
   – Initiate a standard doublet regimen (FOLFOX or CAPOX) with a biologic agent (e.g., anti‑VEGF bevacizumab) given the high CEA (310 ng/mL) and to obtain a “proof of time” on disease biology.  
   – Re‑image after 2–3 months (or after 4–6 cycles) to assess response of both lesions and to re‑measure FLR if portal vein embolisation is contemplated.  

3. Surgical planning based on response  
   – If imaging shows stable or responding disease and FLR ≥30 % (or after successful portal vein embolisation achieving adequate hypertrophy), proceed to curative‑intent hepatic resection:  
        • Preferred approach: right hepatectomy (segments V–VIII) if both lesions are encompassed, preserving left liver (segments II–IV).  
        • Alternatively, parenchymal‑sparing segmentectomy of VII and non‑anatomic wedge of V if FLR would be marginal.  
   – Aim for R0 margins (≥1 mm) and preserve at least two contiguous segments with adequate inflow/outflow.  

4. Post‑operative management  
   – Resume adjuvant systemic chemotherapy (total 6 months of peri‑operative therapy) to address micrometastatic disease.  
   – Serial CEA monitoring every 3 months and liver MRI/CT surveillance at 6‑month intervals for the first 2 years, then annually.  

","Step 3 - Missing data  
• Current performance status (ECOG/ASA) and comorbidity burden.  
• Detailed liver function tests (bilirubin, INR, platelets, albumin).  
• Quantitative future liver remnant volume from imaging.  
• Presence or absence of extra‑hepatic disease (chest/abdomen/pelvis staging).  
• KRAS mutation status and microsatellite instability status.  
• Exact relationship of lesions to major hepatic vessels (portal/hepatic veins) to confirm resectability.","Step 1 - Potentially resectable  
Reasoning: The patient has two metachronous liver lesions (segment VII 3.8 cm and a smaller lesion in segment V) without documented vascular or biliary invasion, and no extra‑hepatic disease has been confirmed. However, critical information required to determine operative feasibility is missing: (a) future liver remnant (FLR) ratio and volumetric assessment, and (b) presence or absence of vascular contact/invasion on imaging. Additionally, a thoraco‑abdominal CT to rule out occult extra‑hepatic metastases is lacking. Because these data are decisive for safe resection, the case is classified as “Potentially resectable” pending their acquisition.

","Step 2 - Oncological strategy  
- 1. Complete restaging: obtain contrast‑enhanced CT of chest, abdomen, and pelvis (or PET‑CT) to exclude pulmonary, peritoneal, nodal, bone, or brain metastases.  
- 2. Perform liver volumetry (CT or MRI) to calculate FLR ratio; if FLR < 30 % (or < 40 % after chemotherapy), plan portal vein embolization (PVE) or consider a two‑stage approach.  
- 3. Review high‑resolution liver MRI (or dedicated CT) to assess for vascular or biliary involvement of the lesions; if borderline contact exists, consider neoadjuvant systemic therapy to achieve down‑staging.  
- 4. Initiate systemic chemotherapy (e.g., FOLFOX ± anti‑EGFR monoclonal antibody, given BRAF wild‑type and presumed RAS wild‑type) for 2–3 months to treat micrometastatic disease and potentially shrink the lesions.  
- 5. Re‑image after chemotherapy to re‑evaluate lesion size, vascular relationship, and FLR.  
- 6. If imaging confirms adequate FLR and no vascular invasion, proceed with parenchymal‑sparing liver resection (segmentectomy or wedge resection of segments V and VII) aiming for R0 margins while preserving liver function.  
- 7. Post‑operative management: resume adjuvant chemotherapy to complete a standard 6‑month total systemic regimen; consider surveillance with serial CEA and imaging every 3–6 months.  

","Step 3 - Missing data  
- FLR ratio / liver volumetry (FutureLiverRemnantFLRRatio) – essential to confirm that sufficient functional liver will remain after resection.  
- Detailed assessment of vascular or biliary involvement of the liver lesions (PresenceOfVascularContactOrInvasion, PresenceOfBiliaryStructuresInvolved).  
- Thoraco‑abdominal CT (or PET‑CT) results to definitively rule out extra‑hepatic metastases (ThoracoCTScanPerformed, AbdomenCTScanPerformed, ExtrahepaticInvolvement items).  
- Prior systemic therapy history (Has a systemic treatment already been performed?) – influences choice and sequencing of chemotherapy.  

These missing pieces must be obtained before definitive surgical planning.","Step 1 – Resectability assessment  
Potentially resectable  
 The two liver lesions (3.8 cm in segment VII and a smaller lesion in segment V) are technically amenable to resection (right‑hepatectomy or extended right‑segmentectomy) provided that an adequate future liver remnant (FLR) can be left.  
 The structured analysis lists FLRRatioCompatibilitySurgery as Missing – without this quantitative assessment we cannot confirm that a safe margin of ≥2 contiguous segments with sufficient inflow/outflow will remain.  
 Thoraco‑CT and abdomen‑CT are also Missing, so extra‑hepatic disease cannot be excluded. Both items are decisive for surgical feasibility; therefore resection must be preceded by completion of these assessments (or by neoadjuvant therapy if the FLR is borderline).  

","Step 2 – Oncological strategy  
1. Complete staging  
    Obtain contrast‑enhanced thoraco‑abdominal CT (or PET‑CT) to exclude pulmonary, peritoneal, nodal or osseous metastases.  
    Perform liver volumetry (CT‑ or MRI‑based) to calculate FLR; if FLR < 30 % (or < 40 % in a steatotic liver) plan portal‑vein embolisation (PVE) or consider staged resection.  
    Review baseline liver function (bilirubin, INR, albumin) and performance status (ECOG/ASA).  

2. Systemic therapy (neoadjuvant)  
    Given the markedly elevated CEA (310 ng/mL) and the presence of two lesions, start a standard oxaliplatin‑based doublet (e.g., FOLFOX) ± anti‑VEGF biologic (bevacizumab) for 2–3 months.  
    Re‑image after 2 cycles to assess radiologic response and CEA trend (“proof of time”).  

3. Re‑assessment  
    If disease remains limited to the liver, FLR is adequate (or after successful PVE), and no new extra‑hepatic sites appear, proceed to curative‑intent liver surgery.  
    Preferred operative plan: right hepatectomy (segments V‑VIII) or parenchymal‑sparing non‑anatomic resections of the two lesions, aiming for R0 margins ≥1 cm when feasible.  

4. Post‑operative management  
    Pathology review of resected specimens (margin status, differentiation, lymphovascular invasion).  
    Continue adjuvant systemic chemotherapy (total of 6 months peri‑operative therapy) unless contraindicated.  
    Serial CEA monitoring and imaging (CT/MRI) every 3–6 months for the first 2 years, then annually.  

","Step 3 – Missing data most crucial for the recommendation  
 FLRRatioCompatibilitySurgery – needed to confirm that a safe hepatic remnant will remain after resection.  
 ThoracoCTScanPerformed and AbdomenCTScanPerformed – required to rule out extra‑hepatic metastases that would alter the curative intent.  
 PresenceOfVascularContactOrInvasion – determines whether a major resection or vascular reconstruction is needed.  
 Prior systemic treatment status – informs whether the patient has already received chemotherapy and whether further neoadjuvant therapy is indicated.  
 Primary tumor pathology details (margin status, grade, perineural/vascular invasion) – influence overall prognosis and the aggressiveness of the peri‑operative regimen.","Step 1 – Resectability assessment
The patient presents with two metachronous liver metastases: a 3.8 cm lesion in segment VII and a small lesion in segment V. Both lesions are peripherally located in the right liver and technically amenable to parenchymal-sparing resections while preserving an adequate future liver remnant. According to hepatobiliary oncologic criteria for limited, metachronous, anatomically accessible metastases, this pattern is considered potentially resectable.

","Step 2 – Recommended oncologic sequence
A. Preoperative staging
• Perform high-resolution liver contrast-enhanced CT to define precise vascular and biliary relationships of both lesions and to calculate the future liver remnant (FLR).
• Given the high CEA level (310 ng/mL), perform high-resolution 18FDG PET-CT to confirm absence of additional occult lesions and a chest CT scan.

B. Consider short peri-operative systemic therapy
• Given the elevated CEA level (310 ng/mL), a short course (2–3 months) of peri-operative doublet chemotherapy (FOLFOX or FOLFIRI ± bevacizumab) is advisable to treat micrometastatic disease and assess tumor biology.
• KRAS status is unknown
• BRAF wild-type does not modify the surgical indication.
• The objective is treat micrometastatic disease and assess tumor biology

C. Restaging before surgery
• Perform high-resolution liver MRI and enhanced CT-scan after chemotherapy to confirm maintained resectability and reassess lesion relationships.

C. Surgical management after restaging
• If stability or response is observed, perform parenchymal-sparing wedge/segmental resections of segments VII and V guided by intra-operative ultrasound.
• Aim for R0 resection while preserving maximal functional liver parenchyma.
• Use intra operative ultrasound to verify lesion location and margins. 
• Ideally, consider minimally invasive approach (laparoscopic or robotic) for liver resection.

D. Postoperative therapy
• Pathology report : confirmation of tumor type and origin, immunohistochemistry with tumor markers, histological growth pattern, margin status (R0, R1, R2), tumor grade, differentiation, pathologic response score (TRG), necrosis/fibrosis
• Complete a total of 6 months of systemic chemotherapy including pre-operative cycles.
• Close surveillance with CEA and imaging at 3-month intervals.

","Step 3 – Critical missing information
A. Detailed vascular and biliary relationships of both lesions on MRI (right hepatic vein).
C. Grade of differentiation and MSS/ MSI mutation of the primary tumor : influences prognosis and need for intensified adjuvant therapy D. Details of any adjuvant chemotherapy received after the initial colectomy.
E. chest CT scan
F. Exact CEA trend over time prior to detection of the lesions.
D. Pathological details of colon specimen
E. Whether any adjuvant chemotherapy was administered after the initial rectal cancer treatment.
F. Liquid biopsies to search circulating tumor DNA (ctDNA) and circulating tumor cells (CTCs) in the bloodstream"
37,"Step 1 - Resectability assessment  
Resectable upfront  
Reasoning: The patient has only two metachronous liver metastases, each ≤3 cm, located in segments III and VI. No extra‑hepatic disease is identified, and the lesions are anatomically amenable to limited resections (segmentectomy or wedge resection) with preservation of an adequate future liver remnant. Performance status and liver function are not reported as limiting, and there is no indication of vascular invasion or major biliary involvement. Therefore, curative‑intent liver surgery can be offered immediately without prerequisite systemic therapy or additional imaging.

","Step 2 - Oncological strategy  
• Confirm staging: obtain a contrast‑enhanced chest CT, full laboratory panel (including liver function tests, bilirubin, INR, albumin), and assess performance status (ECOG).  
• Review prior pathology: verify KRAS/NRAS/BRAF status and any prior adjuvant therapy for the rectal cancer; this may influence systemic regimen.  
• Proceed to curative liver surgery: perform a segment III resection (left lateral) and a segment VI resection (right posterior) using parenchymal‑sparing techniques; intra‑operative ultrasound to confirm margins and exclude additional occult lesions.  
• Post‑operative management: monitor liver function and CEA; initiate adjuvant systemic chemotherapy (e.g., 6 months of FOLFOX or CAPOX) given the high pre‑operative CEA and nodal status of the primary tumor (T3N2).  
• Surveillance: CEA every 3 months for the first 2 years, cross‑sectional imaging (CT or MRI) every 6 months, and colonoscopic evaluation per standard colorectal cancer follow‑up guidelines.

","Step 3 - Missing data  
No critical data are missing to support the resectability assessment and management plan. Essential information already available includes: age, prior rectal cancer stage and surgery date, CEA level, number, size and location of liver metastases, and absence of extra‑hepatic disease.","Step 1 - Resectability assessment  
Resectable upfront  
The patient has only two metachronous liver metastases, each ≤ 3 cm, located in segments III and VI. Bilobar distribution does not preclude a minor hepatectomy because the lesions can be removed with non‑anatomic wedge resections while preserving a future liver remnant well above the 30 % threshold. There is no radiologically evident extra‑hepatic disease, and the prior rectal resection was performed 4 years ago, so the primary site is already controlled. Although the CEA is elevated (78 ng/mL), it is below the >200 ng/mL level that is commonly used as a hard oncologic contraindication. No other technical or functional barriers are reported, therefore an immediate curative‑intent liver resection is feasible.

","Step 2 - Oncological strategy  
1. Pre‑operative work‑up  
   • Verify liver function (bilirubin, INR, albumin) and calculate volumetry to confirm FLR > 30 % (expected to be > 60 % after two wedge resections).  
   • Review performance status (ECOG 0‑1) and comorbidities; obtain cardiopulmonary clearance if needed.  
   • Obtain molecular profiling of the original rectal cancer (RAS, BRAF, MSI) if not already known, to guide adjuvant systemic therapy.  

2. Surgical plan  
   • Proceed with a minimally invasive (laparoscopic) or open minor hepatectomy consisting of:  
     – Non‑anatomic wedge resection of the 2 cm lesion in segment III (left lateral sector).  
     – Non‑anatomic wedge resection of the 2.6 cm lesion in segment VI (right posterior sector).  
   • Aim for R0 margins (≥ 1 mm; a 1 cm margin is not mandatory for small lesions).  
   • No need for portal vein embolisation or staged approach because the FLR is ample.  

3. Post‑operative systemic therapy  
   • Start adjuvant chemotherapy within 6‑8 weeks after surgery: standard 6‑month FOLFOX (or CAPOX) regimen.  
   • If molecular testing shows RAS wild‑type, consider adding a biologic agent (e.g., anti‑EGFR) based on multidisciplinary consensus; if RAS‑mutated or BRAF‑mutated, a bevacizumab‑containing regimen may be preferred.  
   • The purpose of adjuvant therapy is to treat micrometastatic disease, especially given the elevated CEA.  

4. Surveillance  
   • CEA measurement and contrast‑enhanced liver MRI (or CT) every 3 months for the first 2 years, then every 6 months up to 5 years.  
   • Colonoscopic surveillance per standard rectal‑cancer follow‑up protocols.  

","Step 3 - Missing data  
• Current performance status (ECOG/Karnofsky) and detailed comorbidity profile (cardiovascular, pulmonary, hepatic).  
• Baseline liver function tests (bilirubin, INR, albumin, platelet count) to confirm adequate hepatic reserve.  
• Molecular profile of the primary tumor (RAS, BRAF, MSI/dMMR) to tailor adjuvant systemic therapy.  
• Details of prior adjuvant therapy after the original rectal resection (type, duration) to avoid overlapping toxicities.  

These pieces of information are needed to finalize peri‑operative risk assessment and to select the optimal adjuvant chemotherapy regimen, but they do not alter the conclusion that the liver metastases are resectable upfront.","Step 1 - Resectability assessment  
Resectable upfront: The two metachronous liver metastases are small (2 cm and 2.6 cm), located in segments III and VI, and no extra‑hepatic disease is present. The MDT described the recurrence as “anatomically simple,” implying no major vascular or biliary involvement. Resection of these two lesions (segmentectomy or wedge resection) would leave a large future liver remnant (>60 % in a non‑cirrhotic liver), satisfying standard FLR criteria. Therefore surgery can be planned without mandatory pre‑operative down‑staging.

","Step 2 - Oncological strategy  
- 1️⃣ Complete staging: obtain a thoraco‑abdominal CT (or PET‑CT) to reconfirm absence of occult extra‑hepatic disease and to document arterial/portal anatomy.  
- 2️⃣ Molecular work‑up: retrieve the primary tumour’s RAS, BRAF and MSI status (if not already known) to guide systemic therapy.  
- 3️⃣ Peri‑operative systemic therapy: initiate 3 months of standard doublet chemotherapy (e.g., FOLFOX ± bevacizumab) as per EORTC 40983 protocol for resectable colorectal liver metastases, aiming to treat micrometastatic disease and to observe tumour biology.  
- 4️⃣ Restaging imaging after chemotherapy: repeat liver MRI (or contrast‑enhanced CT) to confirm that lesion size and vascular relationships remain favorable for resection.  
- 5️⃣ Surgical resection: perform a combined or staged liver operation—segmentectomy of segment III and segmentectomy of segment VI (or non‑anatomic wedge resections) with intra‑operative ultrasound to verify margins and to assess any previously unrecognized vascular contact.  
- 6️⃣ Post‑operative adjuvant chemotherapy: complete a total of 6 months of systemic therapy (including the pre‑operative course) unless contraindicated.  
- 7️⃣ Surveillance: serial CEA measurement and imaging (CT or MRI) every 3–6 months for the first 2 years, then annually.

","Step 3 - Missing data  
- Future liver remnant (FLR) ratio – needed to confirm that the planned resection will leave sufficient functional liver.  
- Presence of vascular or biliary contact/invasion – essential to verify that a safe, margin‑negative resection is technically feasible.  
- Molecular phenotype of the primary tumour (RAS/BRAF/MSI) – determines choice of systemic agents and eligibility for targeted/immune therapy.  
- Grade of differentiation and original resection margin status – influence prognosis and the aggressiveness of systemic treatment.  
These items are the most critical gaps that should be addressed before finalising the operative plan.","Step 1 – Resectability assessment  
Resectable upfront  
Reasoning: The structured analysis shows two metachronous liver metastases, each ≤ 3 cm, located in peripheral segments III and VI. No extra‑hepatic disease is present. Bilobar disease is limited to a single lesion per lobe, which can be removed with non‑anatomic segmentectomy or wedge resection while preserving a large functional liver remnant. The absence of reported vascular or biliary invasion and the small size of the lesions make a curative R0 resection technically feasible without the need for portal vein embolisation or staged hepatectomy. Therefore, based on the available data the patient meets criteria for immediate surgical resection.

","Step 2 – Oncological strategy  
• Restaging imaging: obtain a contrast‑enhanced CT of chest/abdomen (or repeat liver MRI) to confirm the current extent of disease and to assess the future liver remnant (FLR) volume.  
• Molecular work‑up: test the primary tumour (or archived tissue) for RAS, BRAF and MSI status to guide systemic therapy choice.  
• Neoadjuvant systemic therapy (optional but recommended): administer 2–3 months of a standard doublet (e.g., FOLFOX or CAPOX) ± biologic agent according to molecular profile. This “test of time” will verify tumour biology, may further down‑size the lesions, and allows CEA trend monitoring (baseline 78 ng/mL).  
• Re‑assessment after chemotherapy: repeat liver MRI (or CT) to confirm that both lesions remain resectable, that no new lesions have appeared, and to obtain an accurate FLR calculation.  
• Surgical plan: perform a minimally invasive (laparoscopic) or open liver‑first approach with segmental resection of segment III and segment VI (or wedge resections) aiming for ≥ 1 cm margins. Because the primary rectal tumour was resected 4 years ago and there is no current rectal disease, no colorectal surgery is required.  
• Post‑operative management: resume systemic chemotherapy for an additional 3–6 months (adjuvant) unless a complete pathological response is achieved and the patient’s performance status or comorbidities preclude further treatment.  
• Surveillance: serial CEA measurements every 3 months and imaging (CT or MRI) every 6 months for the first 2 years, then annually.

","Step 3 – Missing data  
• Future liver remnant (FLR) ratio – essential to confirm that the planned segmental resections will leave ≥ 30 % functional liver (≥ 40 % in compromised livers).  
• Detailed vascular/biliary relationship of the lesions – needed to exclude portal or hepatic vein invasion that would mandate more complex reconstruction or preclude R0 resection.  
• Status of prior systemic therapy – unknown whether the patient has already received chemotherapy for the metastases; this influences the decision to give additional neoadjuvant cycles.  
• Molecular profile of the primary tumour (RAS/BRAF/MSI) – guides choice of targeted agents and prognostic assessment.  
These items are the most critical gaps that should be addressed before finalising the treatment plan.","Step 1 – Resectability assessment
The patient presents with two metachronous liver metastases located in segments III and VI (2 and 2.6 cm), without evidence of extrahepatic disease. Although bilobar, both lesions are peripheral and technically amenable to parenchymal-sparing resections with preservation of an adequate future liver remnant. According to hepatobiliary oncologic criteria for limited bilobar metachronous metastases, this pattern is considered resectable.

","Step 2 – Recommended oncologic sequence
A. Preoperative staging
• Perform high-resolution contrast-enhanced CT to define precise vascular and biliary relationships and to calculate the future liver remnant (FLR) and a chest CT scan.

B. Surgical management
• Perform parenchymal-sparing wedge/segmental resections of segments III and VI guided by intra-operative ultrasound.
• Aim for R0 resection while preserving maximal functional liver parenchyma.
• Use intra operative ultrasound to verify lesion location and margins. 
• Ideally, consider minimally invasive approach (laparoscopic or robotic) for liver resection.

C. Postoperative therapy
• Pathology report : confirmation of tumor type and origin, immunohistochemistry with tumor markers, histological growth pattern, margin status (R0, R1, R2), tumor grade, differentiation, pathologic response score (TRG), necrosis/fibrosis
• Complete a total of 6 months of systemic doublet chemotherapy (FOLFOX or CAPOX ± bevacizumab).
• KRAS status is unknown
• Close surveillance with CEA and imaging at 3-month intervals.

","Step 3 – Critical missing information
A. Detailed vascular and biliary relationships of both lesions on MRI.
B. Future liver remnant (FLR) estimation.
C. Grade of differentiation and MSS/ MSI mutation of the primary rectal tumor : influences prognosis and need for intensified adjuvant therapy D. Details of any adjuvant chemotherapy received after the initial colectomy.
D. Details of any adjuvant chemotherapy received after the initial rectal cancer treatment.
E. Patient’s current performance status and comorbidities.
F. Exact CEA trend over time prior to detection of the lesions.
G. Liquid biopsies to search circulating tumor DNA (ctDNA) and circulating tumor cells (CTCs) in the bloodstream
H. chest CT scan"
38,"Step 1 – Resectability assessment  
Potentially resectable: The four hepatic lesions (1.5‑3.5 cm) are limited in number and size, suggesting that a curative‑intent hepatectomy could be feasible. However, definitive classification requires critical information that is currently missing – namely the precise segmental distribution of the lesions, their relationship to major vascular structures (portal pedicles, hepatic veins, hepatic artery), and an assessment of the future liver remnant (FLR) and hepatic functional reserve. Without these data the safety of an upfront resection cannot be confirmed, therefore the case is deemed “Potentially resectable”.

","Step 2 – Oncological strategy  
- Obtain high‑resolution, contrast‑enhanced liver MRI (or CT) with volumetric analysis to map lesion locations, evaluate vascular involvement, and calculate FLR.  
- Perform baseline liver function tests (bilirubin, AST/ALT, INR) and indocyanine‑green clearance or 99mTc‑mebrofenin scan to confirm adequate hepatic reserve.  
- Assuming imaging confirms that an R0 resection is technically possible with an FLR ≥30 % (or ≥40 % if liver is steatotic/fibrotic), initiate systemic chemotherapy as a “test of biology” and to potentially downsize lesions: preferred regimen for KRAS‑mutated disease is FOLFOX (or FOLFIRI) combined with bevacizumab for 2–3 months.  
- Re‑stage with repeat imaging after chemotherapy. If disease remains confined to the liver and FLR criteria are met, proceed to curative hepatic surgery.  
   • Preferred surgical approach: parenchymal‑sparing, anatomic or non‑anatomic resections of each lesion, aiming for negative margins while preserving maximal liver parenchyma; consider a staged approach (e.g., two‑stage hepatectomy or ALPPS) only if a single‑procedure resection would leave an insufficient FLR.  
   • Intra‑operative ultrasound to confirm lesion locations and guide resection.  
- Post‑operative management: resume systemic therapy (same regimen) for 3–6 months as adjuvant treatment, given high‑risk primary pathology (T4N2) and KRAS mutation.  
- Surveillance: 3‑monthly CT or MRI for the first 2 years, then 6‑monthly up to 5 years, with CEA monitoring.

","Step 3 – Missing data  
- Exact segmental location of each hepatic metastasis and proximity to major vessels.  
- Volumetric data: total liver volume, calculated future liver remnant, and presence of steatosis/fibrosis.  
- Quantitative liver function assessment (ICG clearance, 99mTc‑mebrofenin, or similar).  
- Patient’s performance status (ECOG/Karnofsky) and comorbidities that may affect surgical risk.  
- Baseline laboratory values (bilirubin, albumin, coagulation profile, platelet count).  
- Prior systemic therapy received (neoadjuvant or adjuvant) and tolerance to chemotherapy.  
- Details of the primary tumor pathology beyond T4N2 (e.g., margin status, lymphovascular invasion).  

These data are essential to move from “Potentially resectable” to a definitive “Resectable upfront” or “Not resectable” decision and to finalize the operative plan.","Step 1 - Resectability assessment  
Potentially resectable – The patient has four metachronous liver metastases (1.5‑3.5 cm) and no extra‑hepatic disease, which in modern practice does not automatically preclude curative surgery. However, the case lacks critical information needed to confirm that an R0 resection can be achieved while preserving an adequate future liver remnant (FLR) and vascular/biliary inflow‑outflow. Without data on lesion distribution (unilateral vs bilateral), proximity to major hepatic vessels or bile ducts, and quantitative FLR assessment, a definitive “Resectable upfront” judgment cannot be made. Therefore the disease is classified as potentially resectable, pending completion of the missing assessments.

","Step 2 - Oncological strategy  
- Initiate systemic chemotherapy (e.g., FOLFOX + bevacizumab) for 3–6 months, because KRAS mutation excludes anti‑EGFR agents and peri‑operative chemotherapy provides both disease‑control and a test of tumor biology.  
- Perform restaging with high‑resolution contrast‑enhanced liver MRI (or triphasic CT) after chemotherapy, including volumetric analysis to calculate FLR and detailed mapping of lesion location relative to vascular and biliary structures.  
- If imaging shows a good radiologic response (partial response or stable disease) and FLR ≥30 % (≥40 % if prior chemotherapy‑induced liver injury is suspected), proceed to curative‑intent hepatectomy:  
   • Prefer a liver‑first approach (primary already resected).  
   • Aim for an R0 resection using parenchymal‑sparing non‑anatomic or segmental resections; achieve at least 1 mm microscopic margin.  
   • If lesions are bilateral and the planned resection would leave FLR <30 %, schedule portal vein embolization (PVE) to hypertrophy the future remnant, reassess FLR in 2–4 weeks, and complete a staged hepatectomy (two‑stage or ALPPS if rapid hypertrophy is required).  
   • For lesions abutting major vessels where resection would be unsafe, consider intra‑operative radiofrequency ablation or stereotactic body radiotherapy as adjuncts.  
- Post‑operative adjuvant chemotherapy (same regimen as pre‑operative) for 3–6 months, unless contraindicated, to eradicate micrometastatic disease.  
- Surveillance: 3‑monthly CEA and cross‑sectional imaging (CT or MRI) for the first 2 years, then every 6 months up to 5 years.

","Step 3 - Missing data  
- Precise anatomical distribution of the four metastases (unilateral vs bilateral, segmental location).  
- Relationship of each lesion to major hepatic veins, portal pedicles, and biliary ducts.  
- Quantitative future liver remnant volume (percentage of total liver or liver‑to‑body‑weight ratio).  
- Baseline liver function tests (bilirubin, AST/ALT, INR, platelet count) and functional reserve assessment (ICG clearance, Child‑Pugh score).  
- Patient’s performance status and comorbidities (e.g., cardiovascular, pulmonary disease).  
- Current serum CEA level.  
- Details of any prior systemic therapy received after the primary resection.","Step 1 - Resectability assessment  
Potentially resectable  
Reasoning: The structured analysis confirms four metachronous liver metastases (NumberOfMetastases: 4; MaximumLesionDiameter: 3.5 cm) with no extra‑hepatic disease (all Extrahepatic items = False). However, critical anatomic information required to decide whether an R0 liver resection can be achieved is missing: hepatic segments involved, presence of vascular or biliary invasion, arterial anatomy, and FLRRatioCompatibilitySurgery. Without these data we cannot declare the lesions resectable upfront, but there is no evidence of unresectability; therefore the case is classified as “Potentially resectable” pending further imaging and functional assessment.

","Step 2 - Oncological strategy  
- Obtain high‑resolution liver MRI with hepatocyte‑specific contrast (or contrast‑enhanced CT) to define the exact segmental distribution of the four lesions, assess vascular/biliary contact, and calculate future liver remnant volume.  
- Perform a baseline thoraco‑abdominal CT (if not already done) to reconfirm absence of extra‑hepatic disease and to evaluate pulmonary and peritoneal status.  
- Initiate systemic chemotherapy (e.g., FOLFOXIRI ± bevacizumab) because the primary tumor was high‑risk (T4 N2) and KRAS‑mutated; neoadjuvant therapy serves to treat micrometastatic disease, assess tumor biology, and potentially downsize liver lesions.  
- Re‑stage with repeat imaging after 2–3 months of chemotherapy.  
   • If lesions remain confined to the liver, are still resectable based on the new imaging, and FLR is adequate (≥20 % of total liver volume in a normal liver or ≥30 % after chemotherapy), proceed to curative liver surgery.  
   • If lesions are bilobar or FLR is insufficient, plan a staged approach: portal vein embolization (PVE) to hypertrophy the future liver remnant, or a two‑stage hepatectomy/ALPPS if rapid hypertrophy is required.  
   • For lesions in locations unsuitable for anatomic resection, consider adjunctive percutaneous ablation (RFA/MWA) combined with limited resection to achieve R0 margins.  
- Perform liver resection aiming for negative margins (R0) with preservation of adequate FLR; intra‑operative ultrasound should be used to confirm lesion location and margins.  
- Post‑operative adjuvant chemotherapy (continuation of the pre‑operative regimen) for a total of 6 months of systemic therapy, as recommended for high‑risk colorectal liver metastases.  
- Follow‑up with serial CEA measurements and imaging (CT or MRI) every 3–6 months.

","Step 3 - Missing data  
- Hepatic segment(s) involved and pattern of distribution (unilobar vs. bilobar).  
- Presence and extent of vascular or biliary contact/invasion.  
- FLRRatioCompatibilitySurgery (future liver remnant volume).  
- Confirmation of prior systemic therapy (has any chemotherapy already been given?).  
- Baseline CEA level and liver function tests (to gauge baseline disease activity and hepatic reserve).  
These items are essential to move from “Potentially resectable” to a definitive surgical plan.","Step 1 - Potentially resectable  
Reasoning: The structured analysis confirms four liver metastases (1.5‑3.5 cm) with no extra‑hepatic disease (Extrahepatic False). However, critical technical information is missing: hepatic segments involved, presence of vascular or biliary contact, and the future liver remnant (FLR) ratio (FLRRatioCompatibilitySurgery Missing). Without these data the surgical team cannot determine whether an R0 resection preserving ≥2 contiguous segments and an adequate FLR (>30 % in a normal liver) is feasible. Therefore resection cannot be performed upfront and requires further assessment (imaging and possibly liver hypertrophy strategies) before a definitive surgical plan can be made.  

","Step 2 - Oncological and surgical sequence  
1. Baseline restaging imaging – obtain high‑quality contrast‑enhanced triphasic CT of the abdomen and liver MRI (gadolinium‑EOB) to define:  
   • exact segmental distribution of the four lesions,  
   • relationship to hepatic veins, portal pedicles and biliary ducts,  
   • calculate standardized FLR volume.  
2. Multidisciplinary review – liver surgeon, medical oncologist, radiologist, and MDT discuss imaging results and FLR.  
3. Neoadjuvant systemic therapy – because KRAS is mutated, initiate an oxaliplatin‑based doublet (FOLFOX) combined with bevacizumab (or an alternative anti‑VEGF regimen) for 2–3 months. This serves to:  
   • assess tumor biology (response vs progression),  
   • potentially downsize lesions, and  
   • allow time for FLR hypertrophy if portal vein embolization (PVE) is planned.  
4. Re‑assessment after chemotherapy – repeat CT/MRI and PET‑CT to evaluate:  
   • radiologic response of each metastasis,  
   • any new lesions,  
   • FLR volume (if PVE was performed).  
5. Decision point:  
   • If all lesions are resectable with an adequate FLR (≥30 % in chemotherapy‑naïve liver or ≥40 % after chemotherapy) and no vascular invasion, proceed to curative‑intent hepatectomy. Prefer parenchymal‑sparing, non‑anatomic or segmental resections to preserve liver tissue; aim for R0 margins.  
   • If FLR remains insufficient but lesions are otherwise resectable, schedule PVE (or ALPPS/2‑stage hepatectomy) followed by interval hypertrophy and second‑stage resection.  
   • If disease progresses (new lesions, >3 new lesions, or loss of resectability), continue systemic therapy and consider non‑surgical local therapies (RFA, SBRT) or palliative approach.  
6. Post‑operative management – after R0 resection, resume adjuvant chemotherapy (same regimen) for 6 months if tolerated, with regular surveillance (CEA, CT/MRI every 3–6 months).  

","Step 3 - Missing data most crucial for the recommendation  
- Hepatic segment involvement and vascular/biliary contact (to judge technical resectability).  
- Future liver remnant (FLR) volume or FLR‑to‑body‑weight ratio (to determine functional safety of resection).  
- Confirmation of whether any systemic chemotherapy has already been given since the detection of liver lesions.  
- Detailed abdominal imaging (contrast CT or MRI) results.  
- Baseline CEA level (useful for monitoring response).  

These missing items must be obtained before a definitive surgical plan can be finalized.","Step 1 – Resectability assessment
The patient presents with four metachronous liver metastases (1.5–3.5 cm) without evidence of extrahepatic disease. Although multiple, the limited number and size of lesions suggest that parenchymal-sparing resections could achieve R0 margins while preserving an adequate future liver remnant. According to hepatobiliary oncologic criteria for limited metachronous liver metastases, this pattern is considered potentially resectable.

","Step 2 – Recommended oncologic sequence
A. Preoperative staging
• Perform high-resolution liver MRI and contrast-enhanced CT to define precise segmental distribution and vascular/biliary relationships of the lesions and chest CT scan.
• Calculate the future liver remnant (FLR).
• CEA dosage

B. Consider short peri-operative systemic therapy
• Given the multiplicity of lesions and KRAS mutation, a short course (2–3 months) of peri-operative doublet chemotherapy (FOLFOX or FOLFIRI ± bevacizumab) is advisable to treat micrometastatic disease and assess tumor biology.
• KRAS mutation excludes anti-EGFR therapy.

C. Restaging before surgery
• Perform high-resolution liver MRI and enhanced CT-scan after chemotherapy to confirm maintained resectability and reassess lesion relationships.

D. Surgical management after restaging
• If resectability is confirmed, perform parenchymal-sparing resections of the four lesions guided by intra-operative ultrasound.
• Depending on distribution and FLR, a single-stage or staged approach may be selected.
• Aim for R0 resection while preserving maximal functional liver parenchyma.
• Use intra operative ultrasound to verify lesion location and margins. 
• Ideally, consider minimally invasive approach (laparoscopic or robotic) for liver resection.

E. Postoperative therapy
• Pathology report : confirmation of tumor type and origin, immunohistochemistry with tumor markers, histological growth pattern, margin status (R0, R1, R2), tumor grade, differentiation, pathologic response score (TRG), necrosis/fibrosis
• Complete a total of 6 months of systemic chemotherapy including pre-operative cycles.
• Close surveillance with CEA and imaging at 3-month intervals.

","Step 3 – Critical missing information
A. Exact segmental distribution of the four lesions on MRI and detailed vascular and biliary relationships of each lesion.
B. Future liver remnant (FLR) estimation.
C. Grade of differentiation and MSS/ MSI mutation of the primary rectal tumor : influences prognosis and need for intensified adjuvant therapy D. Details of any adjuvant chemotherapy received after the initial colectomy.
D. Details of any adjuvant chemotherapy received after the initial rectal cancer treatment.
E. chest CT scan
F. Exact CEA trend over time prior to detection of the lesions.
G. Liquid biopsies to search circulating tumor DNA (ctDNA) and circulating tumor cells (CTCs) in the bloodstream"
39,"Step 1 - Resectability assessment  
Resectable upfront  
- Solitary 2.8 cm lesion confined to segment V, well within size criteria for hepatic resection.  
- No radiologic evidence of additional intra‑ or extra‑hepatic disease.  
- Patient is described as having good general condition, suggesting adequate performance status and liver functional reserve.  
- A segmentectomy of segment V would preserve sufficient future liver remnant (>30 % in a non‑cirrhotic liver).  

","Step 2 - Oncological strategy  
- Pre‑operative phase  
  • Initiate systemic chemotherapy (FOLFOX) combined with anti‑EGFR therapy (cetuximab) for 2–3 months, given RAS wild‑type status and elevated CEA (high‑risk feature).  
  • Re‑stage with repeat liver MRI (or contrast‑enhanced CT) after chemotherapy to confirm disease stability or response.  

- Surgical phase  
  • Perform a curative‑intent anatomical segmentectomy of segment V with negative margins (R0).  
  • Intra‑operative ultrasound to verify lesion location and exclude occult additional metastases.  

- Post‑operative phase  
  • Complete a total of 6 months of peri‑operative systemic therapy (i.e., continue adjuvant chemotherapy after surgery to reach the planned duration).  
  • Resume standard colorectal cancer surveillance: CEA every 3–6 months, cross‑sectional imaging of the liver every 6 months for the first 2 years, then annually.  

","Step 3 - Missing data  
No essential data are missing to make a reliable resectability assessment and to formulate the above management plan.","Step 1 - Resectability assessment  
Resectable upfront  
- Single 2.8 cm metastasis confined to segment V, amenable to segmentectomy or wedge resection.  
- No radiologically evident extra‑hepatic disease; preservation of at least two contiguous liver segments and vascular inflow/outflow is feasible.  
- Expected future liver remnant >30 % in a non‑cirrhotic liver of a 71‑year‑old with good performance status.  
- No missing technical information that would preclude immediate surgery; therefore the case meets criteria for “Resectable upfront” as defined in the literature (ability to achieve R0 resection while preserving adequate FLR).

","Step 2 - Oncological strategy  
1. Pre‑operative confirmation  
   - Obtain chest CT (or PET‑CT) to rule out occult pulmonary or other extra‑hepatic disease.  
   - Perform colonoscopy or CT colonography to exclude recurrence at the primary site.  
   - Review liver function tests, bilirubin, INR, albumin and calculate FLR volumetry (CT‑based) to confirm adequacy.  
   - Verify MSI/MMR status (if not already known) to guide possible immunotherapy later.  

2. Surgical plan  
   - Proceed to curative‑intent hepatic resection within 2–4 weeks after staging confirmation.  
   - Preferred minimally invasive (laparoscopic) anatomical segment V resection or non‑anatomical wedge resection with intra‑operative ultrasound to ensure no additional lesions.  
   - Aim for R0 margin (≥1 mm, ideally ≥5 mm).  
   - Preserve at least segments IV and VIII (or any two contiguous segments) to guarantee adequate inflow/outflow and biliary drainage.  

3. Peri‑operative systemic therapy  
   - Given the elevated CEA (90 ng/mL) and RAS wild‑type status, recommend adjuvant chemotherapy after recovery from surgery (6 months FOLFOX ± anti‑EGFR monoclonal antibody).  
   - Neoadjuvant chemotherapy is not required because the lesion is resectable upfront; however, if postoperative pathology shows high‑risk features (e.g., lymphovascular invasion, positive margins), consider intensifying adjuvant regimen.  

4. Post‑operative surveillance  
   - CEA measurement every 3 months for the first 2 years, then every 6 months up to 5 years.  
   - Contrast‑enhanced MRI or CT of the liver at 6 months, then annually, or sooner if CEA rises.  
   - Clinical assessment of performance status and liver function at each follow‑up visit.  

","Step 3 - Missing data  
- Detailed chest imaging (CT or PET) to exclude pulmonary/extra‑hepatic metastases.  
- Full liver function panel and volumetric assessment to confirm FLR >30 %.  
- ECOG performance status and comorbidity index (e.g., Charlson) to ensure operative fitness.  
- Prior systemic therapy exposure (if any) and tolerance.  
- MSI/MMR status of the primary tumor.  
- Exact margin goal agreed upon by the surgical team (e.g., ≥5 mm).  

If any of the above information is unavailable, it should be obtained before finalizing the operative schedule.","Step 1 – Resectability assessment  
Potentially resectable  
- The liver lesion (2.8 cm, segment V) is solitary and technically amenable to a limited hepatic resection.  
- However, key staging information is missing: no thoraco‑abdominal CT (or PET‑CT) has been performed to exclude extra‑hepatic disease, and the FLR ratio and vascular contact/invasion are not documented.  
- Because confirmation of absence of extra‑hepatic metastases and adequate future liver remnant are decisive for proceeding to surgery, the case must be classified as “Potentially resectable” pending those data.

","Step 2 – Oncological strategy  
1. Complete staging work‑up  
   - Obtain contrast‑enhanced CT of chest, abdomen and pelvis (or PET‑CT) to rule out pulmonary, peritoneal, nodal or bone metastases.  
   - Review liver MRI in detail for vascular contact/invasion and assess arterial/portal anatomy.  
   - Calculate future liver remnant (FLR) volume; if FLR < 30 % in a non‑cirrhotic liver, consider portal vein embolisation.  
2. Multidisciplinary review of staging results.  
3. If staging confirms isolated hepatic disease and adequate FLR:  
   - Offer peri‑operative systemic therapy (e.g., 6 cycles of FOLFOX ± bevacizumab) given the elevated CEA (90 ng/mL) and prior disease‑free interval of 5 years, to assess tumor biology and potentially down‑size any occult disease.  
   - Re‑image after chemotherapy; if disease remains resectable, proceed to an anatomic segment V resection (segmentectomy or wedge) with negative margins.  
4. Post‑operative management  
   - Pathology review of resection margins and molecular profile.  
   - Consider adjuvant chemotherapy based on pathology (e.g., high‑risk features).  
   - Serial CEA monitoring and imaging surveillance per standard guidelines.

","Step 3 – Missing data  
- Thoraco‑abdominal CT (or PET‑CT) to exclude extra‑hepatic metastases.  
- Detailed assessment of vascular involvement of the liver lesion.  
- Future liver remnant (FLR) volume and functional assessment.  
- Confirmation of the number of hepatic metastases (single vs multiple).  
- Baseline liver function tests and assessment of underlying liver disease.  
These items are essential to move from “Potentially resectable” to a definitive “Resectable upfront” decision.","Step 1 – Resectability assessment  
Potentially resectable: the solitary 2.8 cm lesion in segment V is technically amenable to a limited anatomical or non‑anatomical resection with preservation of ≥2 contiguous liver segments. However, definitive surgical planning requires (a) confirmation that there is no extra‑hepatic disease (thoracic CT has not been performed) and (b) assessment of the future liver remnant (FLR) ratio, which is currently missing. Until these decisive pieces of information are obtained, the case cannot be classified as “Resectable upfront”.

","Step 2 – Oncological strategy  
- Complete staging: obtain a contrast‑enhanced thoraco‑abdominal CT (or PET‑CT) to exclude pulmonary, peritoneal, nodal or bone metastases; repeat liver MRI or CT to verify that no additional intra‑hepatic lesions are present.  
- Functional assessment: calculate the FLR volume (CT‑based volumetry) and ensure an FLR ≥ 30 % (or ≥ 0.5 % body‑weight ratio) for a patient with normal liver parenchyma. If FLR is insufficient, consider portal vein embolisation or a two‑stage approach, although this is unlikely for a single segment V lesion.  
- Multidisciplinary decision: if staging confirms liver‑only disease and FLR is adequate, proceed to curative‑intent hepatic surgery. Preferred operation is a segment V anatomical resection (or non‑anatomical wedge) aiming for an R0 margin (≥1 mm). Intra‑operative ultrasound should be used to rule out occult lesions.  
- Peri‑operative systemic therapy: given the high CEA (90 ng/mL) and RAS‑wild‑type status, a peri‑operative chemotherapy strategy is advisable. The most common approach is surgery first followed by adjuvant FOLFOX (± anti‑EGFR monoclonal antibody such as cetuximab) for 3–6 months, as supported by the EORTC 40983 trial for resectable CRLM. Neoadjuvant chemotherapy could be considered if postoperative pathology reveals adverse features (e.g., positive margins, high‑risk primary pathology), but is not mandatory for a solitary small metastasis.  
- Post‑operative surveillance: serial CEA measurements and imaging (CT or MRI) every 3–6 months for the first 2 years, then annually, to detect recurrence early.

","Step 3 – Missing data  
- Thoraco‑CT (or equivalent chest imaging) to rule out pulmonary metastases – decisive for confirming liver‑only disease.  
- Abdomen‑CT (or full‑body staging) to ensure no additional liver lesions or intra‑abdominal nodal disease.  
- Future liver remnant (FLR) ratio or volumetry – essential to verify that the planned segmentectomy will leave sufficient functional liver.  
- Detailed primary‑tumor pathology (T‑stage, N‑stage, margin status, perineural/vascular invasion) – important for overall prognosis and may influence the intensity of adjuvant systemic therapy, but not directly required for the immediate resectability decision.","Step 1 – Resectability assessment
The patient presents with a single metachronous liver metastasis in segment V (2.8 cm), without evidence of extrahepatic disease. The lesion is technically amenable to a parenchymal-sparing resection with preservation of an adequate future liver remnant. According to hepatobiliary oncologic criteria for solitary, metachronous, anatomically favorable metastasis, this pattern is considered resectable.

","Step 2 – Recommended oncologic sequence
A. Preoperative staging
• Perform high-resolution contrast-enhanced CT to define precise vascular and biliary relationships and a chest CT scan.

B. Surgical management upfront
• Given the long disease-free interval and isolated liver involvement, immediate surgical resection is appropriate without mandatory neoadjuvant chemotherapy.
• Perform a segment V wedge/segmentectomy or ablation guided by intra-operative ultrasound aiming.
• Aim for R0 resection while preserving maximal functional liver parenchyma.
• Use intra operative ultrasound to verify lesion location and margins. 
• Ideally, consider minimally invasive approach (laparoscopic or robotic) for liver resection.

C. Postoperative systemic therapy
• Pathology report : confirmation of tumor type and origin, immunohistochemistry with tumor markers, histological growth pattern, margin status (R0, R1, R2), tumor grade, differentiation, pathologic response score (TRG), necrosis/fibrosis
• Initiate adjuvant doublet chemotherapy (FOLFOX or CAPOX ± anti-EGFR given RAS wild-type status).
• Complete a total of 6 months of systemic treatment.

D. Surveillance
• Close postoperative follow-up with CEA and imaging every 3 months.

","Step 3 – Critical missing information
A. Detailed vascular and biliary relationships of the segment V lesion on MRI.
B. Grade of differentiation and MSS/ MSI mutation of the primary rectal tumor : influences prognosis and need for intensified adjuvant therapy 
C. Details of any adjuvant chemotherapy received after the initial surgery.
E. chest CT scan
F. Exact CEA trend over time prior to detection of the lesion.
G. Liquid biopsies to search circulating tumor DNA (ctDNA) and circulating tumor cells (CTCs) in the bloodstream"
40,"Step 1 - Resectable upfront  
- Both hepatic lesions are ≤3 cm, located in segments II and VIII, and are amenable to parenchymal‑sparing resections (segmentectomy or wedge).  
- No extra‑hepatic disease on thoracic CT.  
- No reported hepatic dysfunction, insufficient tumor burden to compromise future liver remnant.  
- Therefore the patient meets criteria for immediate surgical resection without prerequisite systemic therapy or additional diagnostic information.

","Step 2 - Oncological strategy  
- Stage 1: Surgical resection  
  • Perform a minimally invasive (laparoscopic or robotic) parenchymal‑sparing hepatectomy: segment II wedge/segmentectomy on the left and segment VIII wedge/segmentectomy on the right.  
  • Aim for R0 margins (≥1 cm when feasible).  
  • Intra‑operative ultrasound to confirm lesion location and exclude additional occult metastases.  
- Stage 2: Post‑operative systemic therapy  
  • Initiate adjuvant chemotherapy within 4–6 weeks after surgery. Preferred regimen: 6 months of FOLFOX or CAPOX, given prior exposure is unknown.  
  • Add bevacizumab (anti‑VEGF) to the regimen because KRAS mutation precludes anti‑EGFR agents.  
  • Monitor CEA every 6–8 weeks; target normalization as a response indicator.  
- Stage 3: Surveillance  
  • Contrast‑enhanced liver MRI and chest CT at 3‑month intervals for the first 2 years, then every 6 months up to 5 years.  
  • Serial CEA measurements concurrent with imaging.  
  • Consider enrollment in a clinical trial for KRAS‑mutated colorectal liver metastases if available.

","Step 3 - Missing data  
- No additional data are required to support the above recommendation; the provided information (lesion size, location, absence of extra‑hepatic disease, KRAS status, CEA level) is sufficient for a definitive management plan.","Step 1 - Resectability assessment  
Potentially resectable  
 Technical criteria are met: two lesions (2.5 cm in segment II, 3 cm in segment VIII) are amenable to non‑anatomic wedge resection with an expected future liver remnant >30 % (well above the 20‑30 % minimum).  
 Oncologic criteria raise concern: KRAS mutation and a markedly elevated CEA (240 ng/mL) place the patient in a high‑risk subgroup (Fong clinical risk score ≥3). Current guidelines advise a “proof of time” strategy – neoadjuvant systemic therapy to confirm disease stability before committing to curative surgery. Therefore a prerequisite action (pre‑operative chemotherapy) is required before definitive liver resection.

","Step 2 - Oncological strategy  
 Induction systemic therapy – 2–3 months of a doublet regimen (e.g., CAPOX or FOLFOX) combined with bevacizumab, given the KRAS‑mutated status. Goal: tumor down‑staging, assess chemosensitivity, and potentially lower CEA.  
 Restaging after induction: repeat liver MRI (or contrast‑enhanced CT) to evaluate response, confirm that both lesions remain resectable and calculate the future liver remnant volume.  
 Surgical plan (liver‑first approach, since the rectal primary has already been resected and there is no evidence of extra‑hepatic disease):  
  – Perform a non‑anatomic wedge resection of segment II and segment VIII lesions, using intra‑operative ultrasound to ensure negative margins (R0).  
  – Preserve at least two contiguous segments with adequate inflow/outflow and a FLR >30 % of total liver volume.  
  – No need for simultaneous colorectal surgery; a single hepatic operation is sufficient.  
 Post‑operative systemic therapy – complete a total of 6 months of peri‑operative chemotherapy (including the induction phase). Consider adding a biologic agent if not used pre‑operatively, based on tolerance and response.  
 Surveillance – CEA measurement every 3 months for the first 2 years, then every 6 months; cross‑sectional imaging (CT or MRI) of the liver and chest at 6‑month intervals for the first 2 years, then annually.

","Step 3 - Missing data  
 Current performance status / ASA classification and cardiopulmonary reserve (e.g., VO₂ max, echocardiogram) to confirm fitness for hepatic surgery.  
 Detailed liver function tests (bilirubin, INR, albumin, platelet count) and calculation of the future liver remnant volume.  
 Results of any prior adjuvant therapy after the original rectal resection (type, duration, response).  
 Pathologic margin status of the primary rectal resection (R0 vs. R1).  
 Comprehensive staging for occult extra‑hepatic disease (e.g., PET‑CT or abdominal‑pelvic MRI beyond chest CT).  
 Baseline LDH and other tumor markers that may influence risk stratification.","Step 1 - Resectability assessment  
Category: Potentially resectable  
Reasoning: The patient has two metachronous liver metastases (3 cm in segment VIII and 2.5 cm in segment II) with no radiologically evident extra‑hepatic disease, which are technically accessible. However, the structured analysis lacks critical information that directly determines surgical feasibility: (a) the future liver remnant (FLR) ratio compatibility with surgery, and (b) presence or extent of vascular (portal/ hepatic artery) or biliary involvement of the lesions. Without these data, a definitive “Resectable upfront” judgment cannot be made, thus the case is classified as potentially resectable pending clarification of these points.

","Step 2 - Oncological strategy  
- Initiate systemic chemotherapy (e.g., FOLFOX or FOLFOXIRI ± bevacizumab) as a neoadjuvant “down‑staging” approach, given the KRAS‑mutated status and elevated CEA, to assess tumor biology and potentially reduce lesion size.  
- Perform a repeat high‑resolution liver MRI (including hepatobiliary‑specific contrast) and a volumetric CT scan to:  
   • Confirm absence of vascular or biliary invasion,  
   • Calculate the FLR volume and ratio.  
- If FLR is ≥30 % in a non‑cirrhotic liver (or ≥40 % if borderline liver function) and no major vascular involvement is identified, proceed to curative‑intent liver resection. Preferred surgical plan: parenchymal‑sparing, anatomic segment II resection combined with segment VIII resection (either simultaneous or staged depending on intra‑operative assessment).  
- If FLR is insufficient, consider portal vein embolization (PVE) or associating liver partition and portal vein ligation for staged hepatectomy (ALPPS) to augment FLR before definitive resection.  
- After liver resection, continue adjuvant systemic therapy (same regimen as neoadjuvant) for a total of 6‑12 months, tailored to response and tolerance.  
- Throughout, monitor CEA trends and repeat imaging at 3‑month intervals to detect early recurrence.

","Step 3 - Missing data  
- Future liver remnant (FLR) ratio and volumetric assessment – essential to confirm that the patient can tolerate hepatic resection.  
- Detailed vascular and biliary anatomy of the lesions (presence of portal/hepatic artery contact or invasion, biliary involvement, arterial anatomy, portal thrombosis).  
- Status of prior systemic therapy (whether any chemotherapy has already been given for the recurrence).  
- Histopathologic details of the primary tumor (grade of differentiation, margin status, peritoneal invasion) that influence overall prognosis and need for intensified systemic treatment.  
- Evaluation for peritoneal or bone metastases (currently missing) to rule out occult extra‑hepatic disease.","Step 1 - Resectable upfront  
- The patient has two metachronous liver metastases (2.5 cm in segment II, 3 cm in segment VIII) with no radiologic evidence of extra‑hepatic disease.  
- Both lesions are small, peripheral and located in different lobes, making them amenable to limited anatomical or non‑anatomical resections while preserving a large future liver remnant.  
- No vascular or biliary invasion is reported; the MDT already judged the disease “technically accessible.”  
- Although the FLR ratio is missing, the planned resection would remove <15 % of total liver volume, which in a normal liver safely leaves >30 % FLR. Therefore the missing FLR data is unlikely to change feasibility.  
- Consequently the case meets technical and oncologic criteria for immediate curative surgery → Resectable upfront.

","Step 2 - Oncological strategy  
- Pre‑operative phase  
  • Because the CEA is markedly elevated (240 ng/mL) and the tumour is KRAS‑mutated (a poor‑prognosis marker), give a short course (2–3 months) of oxaliplatin‑based doublet chemotherapy (e.g., FOLFOX) ± bevacizumab to obtain a “proof of time” and potentially lower micrometastatic burden.  
  • Restage with contrast‑enhanced liver MRI (including hepatobiliary phase) and repeat thoraco‑abdominal CT after chemotherapy to confirm that no new lesions have appeared and that vascular anatomy remains favorable.  

- Surgical phase (performed after confirming stable disease)  
  • Proceed with a single‑stage, simultaneous liver operation: segment II wedge/segmentectomy and segment VIII wedge/segmentectomy (or non‑anatomical resections) using intra‑operative ultrasound to achieve R0 margins (≥1 cm where feasible).  
  • No need for portal vein embolisation or two‑stage approach because FLR will remain >30 % and the resections are minor.  
  • Ensure adequate inflow/outflow and biliary drainage; close the parenchymal transection with staplers or energy devices as per surgeon preference.  

- Post‑operative phase  
  • Pathology review of resection margins; if R0 achieved, start adjuvant systemic therapy (FOLFOX ± bevacizumab) for 3–6 months, given the high CEA and KRAS mutation.  
  • Serial CEA monitoring and imaging (CT or MRI) every 3–4 months for the first 2 years, then every 6 months thereafter.  

","Step 3 - Missing data  
- Future liver remnant (FLR) ratio – needed to confirm that the planned resections will leave a safe functional liver volume.  
- Presence of vascular or biliary contact/invasion – would affect the ability to obtain clear margins and might necessitate more complex resections or vascular reconstruction.  
- Details of the prior rectal resection (margin status, peritoneal involvement, TRG) – important for overall oncologic risk assessment and to decide whether any additional colorectal surveillance or treatment is required.  
- Patient performance status and liver function tests – essential to verify fitness for surgery and chemotherapy.","Step 1 – Resectability assessment
The patient presents with two metachronous liver metastases located in segments II and VIII (2.5 and 3 cm), without evidence of pulmonary disease. Although bilobar, both lesions are technically amenable to parenchymal-sparing resections or ablation while preserving an adequate future liver remnant. According to hepatobiliary oncologic criteria for limited bilobar metachronous metastases, this pattern is considered potentially resectable.

","Step 2 – Recommended oncologic sequence
A. Preoperative staging
• Perform high-resolution contrast-enhanced CT to define precise vascular and biliary relationships and to calculate the future liver remnant (FLR).
• Given the high CEA level (240 ng/mL), perform high-resolution 18FDG PET-CT to confirm absence of additional occult lesions.

B. Consider short peri-operative systemic therapy
• Given the elevated CEA level (240 ng/mL) and relatively early recurrence (2 years), a short course (2–3 months) of peri-operative doublet chemotherapy (FOLFOX or FOLFIRI ± bevacizumab) is advisable to treat micrometastatic disease and assess tumor biology.
• KRAS mutation excludes anti-EGFR therapy.

C. Restaging before surgery
• Perform high-resolution liver MRI and enhanced CT-scan after chemotherapy to confirm maintained resectability and reassess lesion relationships.

D. Surgical management after restaging
• If resectability is confirmed, perform parenchymal-sparing wedge/segmental resections or ablation of segments II and VIII guided by intra-operative ultrasound.
• Aim for R0 resection while preserving maximal functional liver parenchyma.
• Use intra operative ultrasound to verify lesion location and margins. 
• Ideally, consider minimally invasive approach (laparoscopic or robotic) for liver resection.

E. Postoperative therapy
• Pathology report : confirmation of tumor type and origin, immunohistochemistry with tumor markers, histological growth pattern, margin status (R0, R1, R2), tumor grade, differentiation, pathologic response score (TRG), necrosis/fibrosis
• Complete a total of 6 months of systemic chemotherapy including pre-operative cycles.
• Close surveillance with CEA and imaging at 3-month intervals.

","Step 3 – Critical missing information
A. Detailed vascular and biliary relationships of both lesions on MRI.
B. Future liver remnant (FLR) estimation.
C. Grade of differentiation and MSS/ MSI mutation of the primary rectal tumor : influences prognosis and need for intensified adjuvant therapy 
D. Details of any adjuvant chemotherapy received after the initial rectal surgery.
F. Exact CEA trend over time prior to detection of the lesions.
G. Liquid biopsies to search circulating tumor DNA (ctDNA) and circulating tumor cells (CTCs) in the bloodstream"
68,"Step 1 - Resectability assessment  
Potentially resectable: the presence of multiple bilobar liver metastases and a cerebellar metastasis precludes immediate curative surgery. Resection can only be contemplated after (a) effective systemic therapy to downsize hepatic disease and (b) definitive local treatment of the brain lesion, both of which are required to achieve an R0 hepatic resection and to meet oncologic safety criteria.

","Step 2 - Oncological strategy  
- Confirm performance status (ECOG 0‑1) and baseline organ function; assess cardiopulmonary reserve for major surgery.  
- Prioritize the cerebellar metastasis: if symptomatic or causing mass effect, proceed with neurosurgical resection or stereotactic radiosurgery (SRS) as soon as possible; otherwise, treat with SRS.  
- Initiate systemic chemotherapy with a conversion‑intention regimen (e.g., FOLFOXIRI ± bevacizumab) while monitoring CEA and radiologic response every 8‑10 weeks.  
- Re‑stage the liver after 2‑3 months of chemotherapy: obtain contrast‑enhanced MRI or CT, calculate future liver remnant (FLR) volume, and reassess number/size of lesions.  
- If imaging shows sufficient tumor shrinkage to allow an R0 resection with an adequate FLR (≥30 % in normal liver, ≥40 % after chemotherapy), plan a staged hepatic approach:  
   • Option A – two‑stage hepatectomy with portal vein embolization (PVE) to hypertrophy the FLR, followed by completion hepatectomy.  
   • Option B – single‑stage major hepatectomy if disease is limited to one hemi‑liver after downsizing.  
- Address the primary colon tumor: if obstructive, bleeding, or symptomatic, perform a right hemicolectomy either before or concurrently with the liver resection (simultaneous resection considered only if hepatic surgery is limited and patient condition permits).  
- Post‑operative systemic therapy: resume or switch to maintenance chemotherapy (e.g., fluoropyrimidine ± bevacizumab) for at least 6 months, with consideration of targeted agents based on molecular profile.  
- Ongoing surveillance: CEA every 3 months, cross‑sectional imaging of chest/abdomen/pelvis every 6 months, and brain MRI annually or as clinically indicated.

","Step 3 - Missing data  
- ECOG performance status and detailed comorbidities.  
- Baseline liver function tests (bilirubin, INR, albumin) and volumetric assessment of future liver remnant.  
- Exact number, size, and distribution of hepatic lesions.  
- Molecular profile of the tumor (KRAS/NRAS, BRAF, MSI/MMR status).  
- Neurological status and symptoms related to the cerebellar lesion; feasibility of surgical resection versus SRS.  
- Cardiopulmonary reserve (ejection fraction, pulmonary function tests) to tolerate major hepatectomy.","Step 1 – Resectability assessment  
Potentially resectable  
The patient has multiple bilobar liver metastases and a single cerebellar metastasis. Current imaging shows extra‑hepatic disease (brain) that must be controlled before any curative‑intent liver surgery. Moreover, the burden of liver disease is not quantified (number, size, future liver remnant). According to the literature, limited extra‑hepatic disease that can be durably controlled (e.g., with stereotactic radiosurgery) may allow hepatic resection, but this requires prior treatment of the brain lesion and systemic therapy to assess tumor biology and to possibly downsize the liver disease. Therefore a prerequisite action (brain‑metastasis control and systemic chemotherapy) is needed before a definitive resection plan can be made.

","Step 2 – Oncological strategy  
1. Immediate management of the cerebellar metastasis:  
   • If symptomatic or causing mass effect, stereotactic radiosurgery (SRS) or microsurgical resection, followed by postoperative steroids as needed.  
   • Obtain postoperative MRI to confirm local control.  

2. Initiate systemic therapy for metastatic colorectal cancer:  
   • Preferred regimen: intensive doublet or triplet chemotherapy (e.g., FOLFOXIRI) combined with a biologic agent (anti‑VEGF or anti‑EGFR according to RAS/BRAF status).  
   • Treat for 2–3 months (minimum 4–6 cycles) to assess disease biology and achieve possible downsizing of liver lesions.  

3. Restaging after systemic therapy:  
   • Contrast‑enhanced liver MRI (or CT) with volumetric analysis to calculate future liver remnant (FLR).  
   • Repeat brain MRI to ensure continued control.  
   • Chest‑abdomen‑pelvis CT to evaluate any new extra‑hepatic sites.  

4. Decision point based on restaging:  
   • If liver disease responds sufficiently and FLR ≥30 % (or ≥0.5 % body weight ratio), plan a curative‑intent hepatic resection.  
   • For marginal FLR, consider portal vein embolization (PVE) or a two‑stage hepatectomy (TSH) to induce hypertrophy.  

5. Sequence of surgical procedures:  
   • Preferred “liver‑first” approach: perform hepatic resection after confirming adequate FLR and stable extra‑hepatic disease, thereby avoiding unnecessary colon surgery if systemic progression occurs.  
   • If the primary colon tumor is symptomatic (obstruction, bleeding) or technically demanding (T4), address it first with right hemicolectomy (or extended resection) and then proceed to liver surgery after recovery.  
   • If the primary is asymptomatic and liver resection is feasible, consider simultaneous colon and liver resection only when the combined operative time and physiologic stress are acceptable (e.g., limited liver resection, good performance status).  

6. Post‑operative management:  
   • Continue systemic chemotherapy (adjuvant or maintenance) for at least 3–6 months, tailored to molecular profile and response.  
   • Consider postoperative radiotherapy to the cerebellar bed if surgical resection was performed.  
   • Regular surveillance with CEA, imaging of liver, chest, and brain every 3–4 months for the first 2 years.  

","Step 3 – Missing data  
• Exact number, size, and distribution of liver metastases; volumetric assessment of future liver remnant.  
• Performance status (ECOG/Karnofsky) and comorbidities (cardiopulmonary reserve).  
• Molecular profile of the tumor (RAS, BRAF, MSI‑H/dMMR) to select biologic agent.  
• Symptoms or complications related to the primary colon tumor (obstruction, bleeding).  
• Baseline liver function tests and bilirubin, albumin, coagulation profile.  
• Details of the cerebellar lesion (size, edema, symptomatic status) and planned local therapy.  
• Patient’s preferences regarding aggressive multimodal treatment.","Step 1 - Resectability assessment  
Potentially resectable  
Reasoning: The patient has a single cerebellar metastasis that requires immediate neurosurgical or radiosurgical treatment, and multiple bilobar liver metastases of unknown number, size, segmental distribution and vascular involvement. The absence of detailed hepatic imaging, FLR assessment, and information on prior systemic therapy prevents a definitive upfront resection plan. Therefore resection of the colon primary and liver disease can only be considered after (a) control of the brain lesion and (b) down‑staging of the liver metastases with systemic therapy and completion of the missing anatomic data.

","Step 2 - Oncological strategy  
- 1️⃣ Neurological priority:  
   • Obtain brain MRI (if not already done) to define lesion size, edema, mass effect.  
   • Initiate steroids if edema present.  
   • Proceed with stereotactic radiosurgery (SRS) or microsurgical resection of the cerebellar metastasis, depending on size and accessibility.  

- 2️⃣ Systemic therapy (concurrent with or immediately after brain treatment):  
   • Start intensive first‑line chemotherapy (e.g., FOLFOXIRI ± bevacizumab) while awaiting molecular profiling (RAS, BRAF, MSI).  
   • Re‑evaluate CEA trend after 2–3 cycles.  

- 3️⃣ Restaging and hepatic assessment (after 2–3 months of chemotherapy):  
   • Perform high‑resolution liver MRI with hepatobiliary contrast and CT‑based volumetry.  
   • Calculate future liver remnant (FLR) ratio; consider portal vein embolization if FLR <30 % (or <40 % in a cirrhotic liver).  

- 4️⃣ Surgical sequencing (if restaging shows sufficient response and resectability):  
   • Option A – “Colon first” approach: right hemicolectomy with primary tumor removal, followed by staged hepatic resection after recovery.  
   • Option B – “Combined” approach: simultaneous right hemicolectomy and liver resection if FLR adequate and operative risk acceptable.  
   • Option C – “Liver first” (rare) only if primary tumor is asymptomatic and liver disease is borderline resectable after down‑staging.  

- 5️⃣ Post‑operative adjuvant therapy:  
   • Continue systemic chemotherapy to complete a total of 6–8 cycles, adapting to molecular results (e.g., adding anti‑EGFR agents for RAS‑wild type, immunotherapy for MSI‑high).  

- 6️⃣ Ongoing surveillance:  
   • Serial CEA measurements, CT chest/abdomen/pelvis every 3 months, and brain MRI as indicated.

","Step 3 - Missing data  
- Grade of differentiation and molecular phenotype (RAS, BRAF, MSI) of the primary tumor – essential for selecting targeted or immunologic agents.  
- Confirmation whether the primary colon tumor has already been resected and any obstructive/perforation symptoms – determines urgency of colon surgery.  
- Detailed liver metastases data: exact number, maximum and minimum diameters, hepatic segments involved, vascular or biliary invasion, and arterial anatomy – decisive for hepatic resectability and need for portal vein embolization.  
- Results of thoraco‑abdominal CT and liver MRI, and FLR ratio – required to plan the extent of liver resection.  
- Information on any systemic therapy already administered – influences timing of further chemotherapy and surgical windows.  
- Precise size, edema, and mass effect of the cerebellar lesion, and whether FDG‑PET or amino‑acid PET has been performed – guides neurosurgical vs. radiosurgical decision and confirms solitary brain disease.","Step 1 – Resectability assessment  
Potentially resectable  
Reasoning: The patient has a right‑sided T4N2 colon cancer with multiple bilobar liver metastases and a single cerebellar metastasis. Presence of extra‑hepatic disease (brain) makes immediate liver‑first or simultaneous resection unsafe until the brain lesion is controlled and the extent of hepatic disease is fully defined. The structured analysis lacks critical information required to judge technical feasibility (number, size, segmental distribution of liver lesions, vascular/biliary involvement, future liver remnant ratio) and oncologic feasibility (grade, molecular profile, prior systemic therapy). These missing data constitute decisive prerequisites; therefore the case is classified as “Potentially resectable” pending brain‑directed therapy, systemic chemotherapy, and complete hepatic staging.

","Step 2 – Oncological strategy  
• Neurologic priority: Arrange urgent neurosurgical resection or stereotactic radiosurgery of the cerebellar metastasis, with peri‑operative steroids and seizure prophylaxis as indicated.  
• Primary colon tumor assessment: Determine whether the right‑sided primary is symptomatic (obstruction, perforation, bleeding). If symptomatic, perform diverting colostomy or resection before systemic therapy; if asymptomatic, it can be deferred.  
• Systemic therapy initiation: Start optimal first‑line chemotherapy (e.g., oxaliplatin‑based doublet ± anti‑VEGF or anti‑EGFR according to RAS/BRAF status once molecular profile is known). Deliver 4–6 cycles to assess tumor biology and achieve possible down‑staging of liver disease.  
• Comprehensive hepatic imaging: Obtain high‑resolution liver MRI with hepatobiliary contrast (or contrast‑enhanced CT if MRI unavailable) to define number, size, segmental involvement, vascular/biliary contact, and calculate FLR. Consider PET‑CT for occult extra‑hepatic disease.  
• Resectability reassessment after chemotherapy: If imaging shows that an R0 resection of all liver lesions is possible with ≥30 % FLR (or FLR/body‑weight ratio >0.5), plan a liver‑first approach. For bilobar disease, consider staged hepatectomy (two‑stage or ALPPS) or portal vein embolization to augment FLR.  
• Primary tumor resection: After successful hepatic clearance (or concurrently if technically feasible and the patient is fit), perform right hemicolectomy with oncologic lymphadenectomy. Simultaneous resection is acceptable only if the primary is asymptomatic and the liver resection can be performed safely (low central venous pressure, adequate hepatic inflow/outflow).  
• Post‑operative systemic therapy: Continue adjuvant chemotherapy (same regimen or adapted based on response) for a total of 6–12 months, incorporating targeted agents as indicated by molecular profile.  
• Surveillance: Serial CEA monitoring, periodic liver MRI/CT, and brain imaging to detect recurrence.

","Step 3 – Missing data (most crucial for the recommendation)  
- Grade of differentiation and molecular phenotype (RAS, BRAF, MSI) of the primary tumor.  
- Status of the primary tumor: whether it has already been resected and whether it is causing obstruction, perforation, or bleeding.  
- Detailed liver metastases data: exact number of lesions, maximum and minimum diameters, hepatic segments involved, presence of vascular or biliary invasion, and calculated future liver remnant ratio.  
- Confirmation of imaging studies performed (thoraco‑CT, abdomen‑CT, liver MRI) and their findings.  
- Information on any systemic chemotherapy already administered and response achieved.  
- Timing of liver metastases (synchronous vs metachronous).  
- Specific characteristics of the cerebellar lesion (size, edema, mass effect) and planned neurosurgical or radiosurgical treatment.  
- Results of FDG‑PET or amino‑acid PET for detection of additional occult disease.","Step 1 – Resectability assessment
The patient presents with multiple bilobar liver metastases associated with a cerebellar metastasis in the context of a right T4N2 colon cancer and markedly elevated CEA (860 ng/mL). The presence of brain metastasis indicates advanced systemic dissemination and excludes any curative hepatobiliary surgical strategy at this stage. From a hepatobiliary perspective, this situation is considered unresectable.

","Step 2 – Recommended oncologic sequence
A. Neurological priority (mandatory)
• Immediate neurosurgical and/or radiotherapy assessment of the cerebellar metastasis is required as the first therapeutic step.
• The objective is neurological control and symptom prevention.

B. Comprehensive staging and multidisciplinary planning
• Perform high-resolution liver MRI and thoraco-abdominal CT to confirm exact number, distribution, and resectability of liver lesions
• Calculate the future liver remnant (FLR).
• Given the high CEA level (860 ng/mL) and multifocal metastases, perform high-resolution 18FDG PET-CT

C. Systemic therapy after neurological stabilization
• Initiate or adapt systemic chemotherapy according to MDT decision once neurological status is stabilized.
• The objective is global disease control.

D. Radiologic reassessment
• Perform high-quality liver MRI and full-body imaging after 2–3 months to evaluate response.
• Monitor CEA kinetics.

E. Criteria for reconsidering liver-directed therapy (exceptional)
• Hepatobiliary surgical re-evaluation would be considered only in the rare situation of complete neurological control and major hepatic response, which remains highly unlikely.

","Step 3 – Critical missing information
A. Neurological status and resectability of the cerebellar metastasis.
B. Exact segmental distribution and vascular relationships of liver lesions.
D. Molecular profile to optimize systemic treatment.
E. Status and symptoms related to the primary colon tumor.
F. Presence or absence of additional extrahepatic disease on full staging.
G. Radiologic tumor response after systemic chemotherapy (decrease, stability or progression) and evolution of CEA.
H. Liquid biopsies to search circulating tumor DNA (ctDNA) and circulating tumor cells (CTCs) in the bloodstream"
72,"Step 1 – Resectability assessment  
Potentially resectable – Current imaging shows six bilobar liver metastases and pulmonary micronodules, which preclude immediate curative resection. Conversion to resectability will require (a) systemic chemotherapy/targeted therapy to achieve tumor downsizing and (b) definitive assessment of the pulmonary lesions (size, number, resectability) after systemic treatment. Until these prerequisites are fulfilled, surgery cannot be performed upfront.

","Step 2 – Oncological strategy  
1. Initiate systemic therapy aimed at both hepatic and pulmonary disease:  
   • Preferred regimen – intensive triplet chemotherapy (FOLFOXIRI) combined with an anti‑EGFR monoclonal antibody (cetuximab) because the tumor is RAS wild‑type.  
   • Duration – 8–12 cycles, with interim imaging after 4–6 cycles to evaluate response.  

2. Simultaneously address the primary rectal tumor:  
   • Because the lesion is T4N2, give long‑course neoadjuvant chemoradiotherapy (50.4 Gy with concurrent capecitabine or 5‑FU) either before or interleaved with systemic chemotherapy, depending on symptom burden and multidisciplinary consensus.  

3. Restaging after systemic therapy and chemoradiation:  
   • Contrast‑enhanced liver MRI with hepatobiliary phase to reassess number, size, and distribution of liver lesions; calculate future liver remnant (FLR).  
   • High‑resolution chest CT (or PET‑CT) to define pulmonary nodule size, number, laterality, and resectability.  
   • Repeat CEA to gauge biochemical response.  

4. Decision point based on restaging:  
   • If liver disease is reduced to ≤4 lesions confined to one lobe or amenable to a two‑stage/ALPPS approach with adequate FLR (>30 % in normal liver, >40 % after chemotherapy), proceed with liver‑first strategy.  
   • If pulmonary nodules are ≤5, ≤3 cm each, and surgically resectable, schedule pulmonary metastasectomy either concurrently with liver surgery (if feasible) or sequentially after hepatic clearance.  
   • If hepatic disease remains extensive or pulmonary disease is diffuse/unresectable, continue systemic therapy and consider clinical trial enrollment or best‑supportive care.  

5. Surgical sequence (when criteria met):  
   • Stage 1 – Portal vein embolization (PVE) or associating liver partition and portal vein ligation for staged hepatectomy (ALPPS) to induce hypertrophy of the future liver remnant.  
   • Stage 2 – Curative hepatectomy (e.g., right hepatectomy plus wedge resections or two‑stage left‑plus‑right resections) achieving R0 margins.  
   • Stage 3 – Pulmonary metastasectomy (wedge resection or segmentectomy) if lesions are resectable and patient’s pulmonary reserve is adequate.  
   • Stage 4 – Definitive rectal surgery (low anterior resection or abdominoperineal resection) after recovery from hepatic/pulmonary procedures, ensuring negative margins and sphincter preservation when possible.  

6. Adjuvant considerations:  
   • Post‑operative systemic therapy (e.g., continuation of FOLFOX or capecitabine) for 3–6 months based on pathology and residual disease.  
   • Consider adjuvant radiotherapy to the pelvis if margins are close or positive after rectal resection.  

","Step 3 – Missing data  
• Exact size, number, and segmental distribution of each liver metastasis; volumetric assessment of future liver remnant.  
• Detailed characteristics of pulmonary micronodules (size, number, laterality, metabolic activity on PET).  
• Patient’s performance status (ECOG), comorbidities, and cardiopulmonary reserve (e.g., FEV1, DLCO).  
• Baseline liver function tests (bilirubin, albumin, INR) and portal venous pressure.  
• Presence of symptoms from the rectal primary (bleeding, obstruction) that might dictate timing of local therapy.  
• Molecular profile beyond RAS (e.g., BRAF, MSI status) that could influence systemic regimen choice.","Step 1 - Potentially resectable  
Reasoning: The patient has six bilobar liver metastases and pulmonary micronodules. Current imaging does not define the size, number, anatomic location, or resectability of the lung lesions, nor does it provide a calculated future liver remnant (FLR). Both pieces of information are decisive for planning an R0 resection of all disease while preserving adequate hepatic and pulmonary function. Therefore the case cannot be classified as “Resectable upfront” and does not meet criteria for “Not resectable” because conversion strategies (systemic therapy, portal vein embolization, staged or combined resections) may render the disease operable once the missing data are clarified.

","Step 2 - Oncological strategy  
- Initiate intensive conversion systemic therapy: 6 cycles of FOLFOXIRI (or FOLFOX/FOLFIRI) combined with anti‑EGFR monoclonal antibody (cetuximab) given RAS‑wild‑type status; consider adding bevacizumab only after the first 2 cycles if rapid tumor shrinkage is needed and surgical timing permits.  
- Re‑stage after 2–3 months with high‑resolution liver MRI and thin‑slice chest CT (or PET‑CT) to:  
   • Quantify response of liver lesions, measure each metastasis, and calculate FLR (target >30 % in normal liver or >0.5 % body weight).  
   • Define number, size, and anatomic distribution of pulmonary nodules; assess pulmonary function tests (FEV1, DLCO) to confirm surgical tolerance.  
- If liver disease remains extensive but FLR is insufficient, plan portal vein embolization (PVE) of the future resected hemiliver or consider a two‑stage hepatectomy (first stage: clearance of lesions in one lobe + PVE; second stage: completion hepatectomy after hypertrophy). ALPPS may be an option if rapid hypertrophy is required and patient fitness permits.  
- If pulmonary nodules are ≤3 cm, peripheral, and limited in number, schedule curative‑intent pulmonary resection (wedge or segmentectomy) either simultaneously with liver resection (if operative risk acceptable) or in a staged fashion after hepatic surgery. If lesions are not surgically resectable but limited, consider stereotactic body radiotherapy (SBRT) or percutaneous ablation as definitive local therapy.  
- Address the primary rectal tumor after hepatic (and pulmonary, if staged) control:  
   • For T4 disease involving adjacent organs, deliver long‑course chemoradiotherapy (45 Gy with capecitabine) followed by an interval of 6–8 weeks.  
   • Perform an abdominoperineal resection or low anterior resection with partial prostatectomy as required, ensuring negative margins (R0).  
- Post‑operative management: complete a total of 6 months of systemic chemotherapy (continuing the same regimen or switching to maintenance anti‑EGFR) and consider hepatic arterial infusion pump or postoperative portal vein infusion if residual microscopic disease is suspected.  
- Surveillance: CEA every 3 months, contrast‑enhanced CT/MRI of abdomen and chest CT every 6 months for the first 2 years, then annually.

","Step 3 - Missing data  
- Detailed characteristics of pulmonary nodules (exact number, size, laterality, relationship to major bronchi/vessels).  
- Baseline pulmonary function tests (FEV1, DLCO) to gauge resection tolerance.  
- Precise dimensions of each liver metastasis and their relationship to major vascular/biliary structures.  
- Calculated future liver remnant volume (CT‑volumetry or MRI).  
- Liver function tests (bilirubin, INR, albumin, ICG clearance) and performance status (ECOG/ASA).  
- Prior systemic therapy (none reported) and any response to initial chemotherapy if already given.  
- Details of rectal tumor involvement (distance from sphincter, invasion of prostate, need for radiotherapy).  
- Patient comorbidities (cardiovascular, renal, diabetes) that could affect major hepato‑pulmonary surgery.","Step 1 - Resectability assessment  
Potentially resectable: the current disease burden (six bilobar liver metastases and pulmonary micronodules) precludes immediate surgery, but conversion to resectability is possible after systemic therapy and after obtaining missing anatomic data (future liver remnant volume, vascular involvement, lesion size, pulmonary nodule burden). The MDT already judged “not resectable upfront,” indicating that a prerequisite (effective down‑staging chemotherapy and complete staging work‑up) is required before any surgical attempt.

","Step 2 - Oncological strategy  
- Initiate systemic chemotherapy with an intensive regimen (e.g., FOLFOXIRI) combined with an anti‑EGFR antibody (cetuximab or panitumumab) because the tumor is RAS wild‑type.  
- Simultaneously deliver neoadjuvant chemoradiotherapy for the T4 rectal primary (long‑course radiotherapy with concurrent fluoropyrimidine).  
- After 8–12 weeks, restage with high‑resolution liver MRI (including diffusion‑weighted sequences) and a PET‑CT or contrast‑enhanced chest CT to define:  
   • Response of liver lesions, number of viable metastases, vascular/biliary involvement, and FLR calculation.  
   • Number, size and distribution of pulmonary nodules.  
- If imaging shows:  
   • ≤4 liver metastases confined to segments that allow an FLR ≥ 30 % (or ≥ 40 % after chemotherapy‑associated liver injury), and no major vascular invasion, and  
   • Pulmonary disease limited to ≤5 nodules ≤10 mm each without mediastinal/hilar nodes,  
  then proceed to a staged surgical plan:  
   1. Complete rectal resection (total mesorectal excision) after maximal tumor response.  
   2. Perform liver resection; if FLR is insufficient, consider portal vein embolization (PVE) or a two‑stage hepatectomy/ALPPS to augment FLR before the definitive liver operation.  
   3. Evaluate pulmonary nodules after liver surgery; resectable lung metastases can be removed (wedge resection or segmentectomy) either concurrently with liver surgery (if feasible) or in a separate thoracic operation.  
- If restaging shows persistent extensive bilobar disease, inadequate FLR, or diffuse pulmonary involvement, continue systemic therapy (maintenance biologic ± fluoropyrimidine) and reassess for further conversion attempts or enrolment in a clinical trial.  

","Step 3 - Missing data  
- Future liver remnant (FLR) ratio and volumetric assessment.  
- Detailed hepatic segment involvement, size of each metastasis, and presence of vascular or biliary invasion.  
- Results of liver MRI (characterization of lesions, detection of occult disease).  
- Exact number, size, and lobar distribution of pulmonary nodules.  
- Timing of metastases (synchronous vs metachronous) and prior systemic therapy exposure.  
- Status of the primary rectal tumor (resected or not) and presence of obstructive/bleeding symptoms.  
These items are essential to confirm conversion feasibility and to plan the operative sequence.","Step 1 – Resectability assessment  
Potentially resectable  
Reasoning: The MDT already judged the disease “not resectable upfront” because of six bilobar liver metastases and pulmonary micronodules. However, resectability could be achieved after (a) systemic down‑staging chemotherapy (and/or targeted therapy) and (b) clarification of key missing technical data (future liver remnant volume, lesion size, vascular involvement, hepatic segment distribution, and detailed pulmonary nodule characteristics). These prerequisites are required before a definitive surgical plan can be made, fulfilling the definition of “Potentially resectable.”

","Step 2 – Oncological strategy  
- Initiate total neoadjuvant therapy (TNT):  
  • Long‑course chemoradiation for the T4 rectal primary (45‑50 Gy with concurrent 5‑FU‑based chemotherapy).  
  • Systemic chemotherapy for metastatic disease: 6‑8 cycles of FOLFOXIRI + bevacizumab (RAS wild‑type) or FOLFOX + anti‑EGFR (cetuximab) to maximize tumor shrinkage and test disease biology.  
- Restaging after TNT:  
  • High‑resolution liver MRI with hepatobiliary contrast to define lesion size, number, vascular/biliary involvement, and to calculate FLR.  
  • Chest CT and FDG‑PET/CT to characterize pulmonary nodules (size, number, metabolic activity) and to exclude additional extra‑hepatic disease.  
- If imaging shows adequate FLR (>30 % in normal liver or >0.5 % / kg body weight) and disease control (≤ 20 % progression, RECIST response), proceed with a liver‑first conversion strategy:  
  • Consider portal vein embolization (PVE) or ALPPS if FLR is insufficient.  
  • Perform a two‑stage hepatectomy (or extended right/left hepatectomy with parenchymal‑sparing non‑anatomic resections) aiming for R0 margins while preserving at least two contiguous segments.  
- Address pulmonary disease:  
  • If pulmonary nodules are limited (≤ 4, peripheral, amenable to wedge resection) and pulmonary reserve is adequate, schedule simultaneous lung metastasectomy during the second liver stage or a staged thoracic resection after hepatic surgery.  
  • If nodules are more extensive or patient fitness dictates, consider stereotactic body radiotherapy (SBRT) or percutaneous ablation as alternative local control.  
- After hepatic (and pulmonary, if performed) clearance, complete rectal cancer treatment:  
  • If the primary tumor remains resectable after TNT, perform total mesorectal excision (low anterior resection) 6‑8 weeks after the last radiation dose, ensuring no residual liver disease.  
  • If the primary is still unresectable or symptomatic, consider a diverting stoma followed by reassessment.  
- Post‑operative management:  
  • Resume adjuvant systemic chemotherapy (e.g., 3‑6 months of FOLFOX or CAPOX) to eradicate micrometastatic disease.  
  • Enroll in intensive surveillance (CEA, CT/MRI, colonoscopy) every 3‑6 months for the first 2 years.

","Step 3 – Missing data (most crucial for decision‑making)  
- Future liver remnant (FLR) volume and functional assessment.  
- Detailed liver lesion characteristics: maximum/minimum diameter, hepatic segments involved, vascular or biliary invasion.  
- Results of liver MRI (contrast‑enhanced, hepatobiliary) to confirm above.  
- Status of the rectal primary: whether it has been resected, symptom burden (obstruction, bleeding, perforation).  
- Pulmonary metastasis specifics: number of nodules, maximum size, lobar distribution, relationship to bronchi/vessels, and presence of mediastinal/hilar nodes.  
- FDG‑PET/CT findings to rule out additional extra‑hepatic disease and to gauge metabolic response.  
- Confirmation of whether any systemic chemotherapy has already been administered.  
These items directly influence the feasibility of achieving an R0 resection with adequate liver reserve and safe simultaneous or staged lung surgery, and therefore must be obtained before proceeding.","Step 1 – Resectability assessment
The patient presents with six bilobar liver metastases and pulmonary micronodules in the context of a T4N2 rectal tumor and very high CEA (1250 ng/mL). The combination of extensive bilobar hepatic disease and extrahepatic pulmonary involvement reflects advanced systemic dissemination. From a hepatobiliary perspective, this situation is considered unresectable upfront.

","Step 2 – Recommended oncologic sequence
A. Comprehensive staging and multidisciplinary planning
• Perform high-resolution liver and pelvic MRI and chest CT to confirm exact number, distribution, and resectability of both liver and lung lesions.
• Thoracic surgical assessment of pulmonary nodules is required.
• Given the high CEA level (1250 ng/mL) and multifocal metastases, perform high-resolution 18FDG PET-CT

B. Initial systemic therapy (mandatory)
• Start systemic chemotherapy (FOLFOX/FOLFIRI ± anti-EGFR given RAS wild-type status).
• The objective is to assess tumor biology and confirm disease control at hepatic and pulmonary sites.

C. Close radiologic reassessment
• Perform high-resolution liver MRI, and thoraco-abdominal enhanced CT-scan every 2-3 months to evaluate response and detect any potential reduction in tumor burden that could open a limited local treatment window.
• Monitor CEA kinetics as a marker of treatment effect.

D. Criteria for secondary resectability
• Surgery can be considered only if chemotherapy induces:
– Significant reduction in lesion size and number in both liver and lung.
– Feasibility of staged or parenchymal-sparing resections with adequate future liver remnant.

E. Potential surgical strategies for liver metastases if response is favorable
• Hepatobiliary surgical re-evaluation would be considered only in the rare case of major response with significant reduction of both hepatic and pulmonary disease, allowing complete clearance of all sites.
• Two-stage hepatectomy or combined parenchymal-sparing resections depending on response pattern.
• Portal vein embolization / venous deprivation / ALPPS may be required if major hepatectomy becomes necessary.

F. Pelvic management integration
• Plan rectal treatment (short-course radiotherapy or chemoradiotherapy) according the MDT discussion if the primary tumor is symptomatic

G. If insufficient response and if disease remains disseminated
• Continue second-line systemic therapy according to MDT, and consider palliative or symptom-oriented strategies according to MDT.

H. Postoperative therapy and surveillance
• If resection, analysis ofpathology report : confirmation of tumor type and origin, immunohistochemistry with tumor markers, histological growth pattern, margin status (R0, R1, R2), tumor grade, differentiation, pathologic response score (TRG), necrosis/fibrosis
• Complete approximately 6 months of systemic therapy including pre-operative cycles.
• Close follow-up with CEA and imaging of both liver and lungs.

","Step 3 – Critical missing information
A. Exact segmental distribution and vascular relationships of the liver metastases.
B. Characterization of pulmonary micronodules on chest CT.
C. Future liver remnant (FLR) estimation.
D. Status and symptoms related to the primary rectum tumor : detailed pelvic MRI to plan rectal treatment.
E. Patient’s performance status for staged multimodal procedures.
F. Confirmation of absence of other extrahepatic disease on full staging.
G. Evolution of CEA and radiologic response over time.
H. Grade of differentiation, MSS/ MSI mutation and molecular status of the primary cancer: influences prognosis and need for intensified adjuvant therapy
I. Liquid biopsies to search circulating tumor DNA (ctDNA) and circulating tumor cells (CTCs) in the bloodstream"
73,"Step 1 - Resectability assessment  
Classification: Not resectable  
Reasoning: The presence of a confirmed right iliac bone metastasis represents extra‑hepatic disease that is not amenable to curative resection. Current guidelines consider colorectal cancer with synchronous bone metastasis a systemic disease, for which upfront hepatic resection is not indicated. Additionally, KRAS mutation precludes anti‑EGFR therapy but does not affect resectability; the decisive factor is the unresectable osseous lesion and the need for systemic disease control before any curative intent surgery can be contemplated.

","Step 2 - Oncological strategy  
- Initiate systemic chemotherapy appropriate for KRAS‑mutated left‑sided colorectal cancer (e.g., FOLFOX or FOLFOXIRI combined with bevacizumab).  
- Perform baseline assessment of tumor markers (CEA), liver function, and performance status.  
- After 2–3 months of chemotherapy, obtain restaging contrast‑enhanced CT of chest, abdomen, pelvis and MRI or PET‑CT of the pelvis to evaluate response of both hepatic lesions (segments IV, V, VIII) and the iliac bone metastasis.  
- If hepatic disease shows significant downsizing and the bone lesion is stable or responding to systemic therapy, discuss the feasibility of local ablative approaches (e.g., stereotactic body radiotherapy or radiofrequency ablation) for liver lesions and palliative radiotherapy for the bone lesion.  
- Should the liver disease become limited to ≤4 lesions with adequate future liver remnant (>30 % in a normal liver, >40 % if chemotherapy‑associated liver injury is suspected) and the bone lesion is controlled, reassess for a potentially curative hepatic resection combined with definitive bone‑directed therapy (radiotherapy or surgical stabilization if symptomatic).  
- If disease remains extensive or progresses, continue systemic therapy with possible inclusion in clinical trials, and provide best supportive care for symptom control.

","Step 3 - Missing data  
- Patient’s Eastern Cooperative Oncology Group (ECOG) performance status.  
- Detailed liver function tests (bilirubin, albumin, INR) and assessment of future liver remnant volume.  
- Exact size and number of hepatic metastases in each segment.  
- Metabolic activity and extent of the iliac bone lesion (MRI or PET‑CT findings).  
- Serum carcinoembryonic antigen (CEA) level.  
- Presence or absence of additional extra‑hepatic disease (lung, peritoneum, other bone sites).  
- Comorbidities and baseline cardiopulmonary reserve that could affect surgical candidacy.","Step 1 - Resectability assessment  
Potentially resectable – the hepatic disease (segments IV, V, VIII) could be removed with an adequate future liver remnant, but resection cannot be undertaken now because (a) a confirmed right‑iliac bone metastasis represents extra‑hepatic disease that must be controlled (systemic therapy ± local bone treatment) before a curative‑intent liver operation, and (b) essential technical data (future liver remnant volume, liver function, performance status) are not provided to confirm that a safe hepatectomy is feasible.

","Step 2 - Oncological strategy  
• Initiate systemic chemotherapy appropriate for KRAS‑mutated mCRC (e.g., FOLFOX + bevacizumab) as first‑line; consider adding a bone‑targeted agent (zoledronic acid or denosumab) and local radiotherapy/SBRT to the right iliac lesion to achieve local control.  
• Re‑stage after 2–3 months of therapy with triphasic CT or MRI of the liver, PET‑CT for extra‑hepatic disease, and volumetric CT to calculate future liver remnant (target ≥ 30 % in chemotherapy‑naïve liver, ≥ 40 % if chemotherapy‑exposed).  
• If imaging shows ≥ 30 % reduction of liver lesions and the bone metastasis is stable or treated, proceed with a liver‑first (reverse) approach:  
   – Perform anatomical resection of segments IV, V, VIII (non‑major or combined segmentectomy) ensuring R0 margins and adequate FLR.  
   – If the primary left‑colon tumor remains in situ and is asymptomatic, schedule simultaneous colon resection (left hemicolectomy) after confirming that operative time and physiologic stress are acceptable; otherwise, resect the primary after hepatic recovery (staged).  
• Post‑hepatectomy, resume systemic chemotherapy (same regimen or switch to second‑line if progression) for at least 3 months, and deliver definitive local therapy to the bone lesion (SBRT or surgical fixation if symptomatic).  
• Continue surveillance with CT/MRI every 3 months for the first 2 years, monitoring CEA and bone imaging; consider adjuvant targeted therapy per evolving guidelines.

","Step 3 - Missing data  
• Patient’s performance status (ECOG/Karnofsky) and comorbidity profile (cardiopulmonary reserve).  
• Baseline liver function tests and calculation of future liver remnant volume.  
• Detailed characteristics of the bone metastasis (size, cortical involvement, pain, need for stabilization).  
• Status of the primary colon tumor (resected vs. in‑situ, symptomatic vs. asymptomatic).  
• Full staging of extra‑hepatic disease (chest imaging for pulmonary mets, PET‑CT for other sites).  
• Baseline tumor markers (CEA, CA 19‑9) and LDH.  
These data are required to finalize resectability and to tailor the peri‑operative plan.","Step 1 - Resectability assessment  
Potentially resectable: the presence of a solitary right‑iliac bone metastasis and multiple liver lesions in segments IV, V and VIII precludes immediate curative surgery. Definitive resectability cannot be judged until (a) systemic chemotherapy is delivered and response assessed, (b) the primary colon tumor is either resected or proven resectable, (c) detailed liver imaging (MRI) defines the number, size and vascular relationship of the hepatic lesions, and (d) an FLR volume calculation is performed. These prerequisite actions are essential to determine whether a liver‑first, colon‑first, or combined approach can be pursued.

","Step 2 - Oncological strategy  
- Initiate systemic chemotherapy appropriate for KRAS‑mutated left‑sided colon cancer (e.g., FOLFOX or FOLFOXIRI with bevacizumab).  
- Concurrently obtain a high‑resolution liver MRI, a thoraco‑abdominal CT (including chest) and a bone scan or PET‑CT to fully stage extra‑hepatic disease and to characterize the iliac lesion (lytic vs blastic, fracture risk).  
- Evaluate the primary tumor for obstruction, perforation or bleeding; if symptomatic or technically resectable, schedule a colon resection (segmental colectomy) either before or after the first cycle of chemotherapy, depending on symptom burden.  
- After 2–3 months of systemic therapy, restage with repeat imaging; calculate future liver remnant (FLR) using volumetry.  
- If liver disease has responded to ≤4 lesions, no major vascular invasion, and FLR ≥30 % (≥40 % if underlying liver disease), plan curative intent liver resection (e.g., anatomical or parenchymal‑sparing resections of segments IV, V, VIII).  
- For the solitary iliac bone metastasis, consider stereotactic body radiotherapy or surgical fixation if fracture risk is high; systemic therapy will also address the bone lesion.  
- If restaging shows progression or unresectable liver disease, continue systemic therapy and consider palliative local measures (radiofrequency ablation, hepatic arterial therapy, bone radiotherapy).  

","Step 3 - Missing data  
- Primary tumor status (resected or not, presence of obstructive/bleeding symptoms).  
- Number, maximal diameter and vascular/biliary involvement of liver metastases.  
- FLR volumetric assessment.  
- Results of thoracic imaging to exclude pulmonary metastases.  
- Detailed characterization of the iliac bone lesion (lytic vs blastic, fracture risk, epidural extension).  
- Baseline CEA level and timing (synchronous vs metachronous) of liver and bone metastases.  
- Confirmation of whether any systemic therapy has already been administered.  

These items are critical to move from “potentially resectable” to a definitive surgical plan.","Step 1 – Resectability assessment  
Potentially resectable  
Reasoning: The presence of a single bone metastasis makes the disease oligometastatic but not curable without systemic control of the extra‑hepatic site. Curative hepatic resection therefore cannot be performed immediately; it requires (a) down‑staging of the liver lesions with systemic chemotherapy and (b) decisive information that is currently missing – namely the number, size and vascular/biliary involvement of the liver metastases and the future liver remnant (FLR) ratio. Until these data are obtained and a response is demonstrated, surgery cannot be planned.

","Step 2 – Oncological strategy  
- Initiate systemic chemotherapy tailored to KRAS‑mutated disease (e.g., oxaliplatin‑based doublet such as CAPOX or FOLFOX combined with bevacizumab).  
- Add bone‑directed therapy: palliative radiotherapy to the right iliac lesion (if symptomatic or at risk of fracture) and consider bisphosphonate or denosumab for skeletal protection.  
- Perform comprehensive restaging after 2–3 months of chemotherapy:  
   • Contrast‑enhanced liver MRI (or CT with liver protocol) to define number, maximal diameter, vascular/biliary contact, and to calculate FLR volume.  
   • Thoracic CT (or PET‑CT) to exclude pulmonary metastases.  
   • Repeat bone imaging (CT/MRI) to assess response of the iliac lesion.  
- If imaging shows a sufficient FLR (≥30 % in a normal liver or ≥40 % after chemotherapy‑induced liver injury) and all liver lesions are resectable with negative margins, proceed to a liver‑first (reverse) approach:  
   • Major hepatectomy encompassing segments IV, V and VIII (extended right hepatectomy) with intra‑operative ultrasound to confirm resectability.  
   • If FLR is inadequate, consider portal vein embolization (PVE) or a two‑stage hepatectomy before definitive resection.  
- After hepatic resection and recovery, address the primary colon tumor:  
   • If the primary is asymptomatic and no obstruction/perforation, schedule a delayed colectomy (segmental left‑colon resection) after hepatic recovery.  
   • If symptoms develop, consider simultaneous resection only when the hepatic procedure is limited (e.g., left lateral sectionectomy) and the patient’s physiologic reserve permits.  
- Continue adjuvant systemic therapy (same regimen as pre‑operative) for at least 6 months post‑resection, adapting to response and tolerability.  
- If liver disease remains unresectable after chemotherapy, discuss alternative locoregional options (e.g., hepatic arterial infusion, Y‑90 radioembolisation, or percutaneous ablation) and maintain systemic therapy.

","Step 3 – Missing data (most crucial for final decision)  
- Exact number, maximal and minimal diameters of the liver metastases.  
- Presence or extent of vascular (portal/hepatic artery) or biliary involvement.  
- Future liver remnant (FLR) volume or FLR‑to‑body‑weight ratio.  
- Status of the primary colorectal tumor (resected vs. intact, presence of obstruction, perforation or bleeding).  
- Baseline carcinoembryonic antigen (CEA) level and other tumor markers.  
- Thoraco‑abdominal imaging to confirm absence of pulmonary or additional extra‑hepatic disease.  
- Detailed characterization of the bone lesion (lytic vs. sclerotic, fracture risk, spinal/neurologic involvement).  
- Patient’s performance status, comorbidities and liver function tests (bilirubin, INR, albumin).  

These items must be obtained before a definitive surgical plan can be finalized.","Step 1 – Resectability assessment
The patient presents with liver metastases in segments IV, V, and VIII associated with a confirmed right iliac bone metastasis in the context of a left colon cancer. The presence of osseous metastatic disease indicates systemic dissemination beyond the liver and excludes any curative hepatobiliary surgical strategy. From a hepatobiliary perspective, this situation is considered unresectable.

","Step 2 – Recommended oncologic sequence
A. Systemic therapy as primary strategy (mandatory)
• Initiate or adapt systemic chemotherapy according to MDT decision (FOLFOX/FOLFIRI ± bevacizumab; KRAS mutation excludes anti-EGFR).
•Perform high-resolution 18FDG PET-CT

B. Management of bone metastasis
• Integrate radiotherapy and/or orthopedic evaluation for the right iliac lesion depending on symptoms and fracture risk.

C. Radiologic reassessment
• Perform periodic liver MRI and whole-body imaging to monitor response.
• Monitor CEA kinetics as a marker of treatment effect.

D. Role of liver-directed therapy
• Liver surgery is not indicated unless an exceptional systemic response with control of bone disease occurs, which remains unlikely.

E. If insufficient response and if disease remains disseminated
• Continue second-line systemic therapy according to MDT, and consider palliative or symptom-oriented strategies according to MDT.

","Step 3 – Critical missing information
A. Exact segmental distribution and vascular relationships of liver metastases.
B. Extent and symptoms related to the iliac bone metastasis.
C. chest CT scan
perform high-resolution 18FDG PET-CT
dosage CEA level 
D. Molecular profile beyond KRAS status to optimize treatment.
E. Status and symptoms related to the primary colon tumor.
F. Evolution of CEA and radiologic response over time.
G. Grade of differentiation, MSS/ MSI mutation and molecular status of the primary cancer: influences prognosis and need for intensified adjuvant therapy"
75,"Step 1 - Potentially resectable  
Reasoning: The patient harbors eight bilobar liver metastases and moderate peritoneal carcinomatosis, which preclude immediate curative surgery. However, conversion to resectability is possible if (a) systemic chemotherapy achieves sufficient tumor shrinkage and (b) restaging clarifies the extent of peritoneal disease and the future liver remnant (FLR). Therefore a prerequisite systemic treatment and reassessment are required before any surgical plan can be finalized.

","Step 2 - Oncological strategy  
- Initiate intensive conversion chemotherapy (e.g., FOLFOXIRI + bevacizumab) for 8–12 cycles, with close monitoring of CEA and tolerance.  
- Perform baseline molecular profiling (KRAS/NRAS, BRAF, MSI) to guide biologic choice and potential eligibility for targeted agents or immunotherapy.  
- After 2–3 months, obtain high‑resolution liver MRI (or contrast‑enhanced CT) and a dedicated peritoneal assessment (CT or diagnostic laparoscopy) to:  
   • Quantify response of liver lesions (size reduction, number of viable lesions).  
   • Determine the peritoneal cancer index (PCI) and assess feasibility of complete cytoreduction.  
- If imaging shows ≤5 liver metastases confined to one or two lobes with an FLR ≥ 30 % (or ≥ 40 % after portal vein embolization), plan a liver‑first or simultaneous approach:  
   • Consider portal vein embolization or ALPPS if FLR is marginal.  
   • Perform anatomical liver resection (e.g., right hepatectomy ± segmental resections) aiming for R0 margins.  
   • Follow with resection of the primary right colon tumor (right hemicolectomy) in the same operation if patient condition permits, otherwise schedule within 4–6 weeks.  
- If peritoneal disease is limited (PCI ≤ 10) and complete cytoreduction appears achievable, incorporate cytoreductive surgery with hyperthermic intraperitoneal chemotherapy (HIPEC) either concurrently with liver resection (if technically feasible) or as a staged procedure after hepatic surgery.  
- If response is inadequate (persistent extensive bilobar disease or high PCI), continue systemic therapy, consider liver‑directed modalities (radiofrequency ablation, stereotactic body radiotherapy) for residual lesions, and evaluate enrollment in clinical trials (e.g., immunotherapy for MSI‑high tumors).  
- Throughout treatment, maintain multidisciplinary review to adjust timing of surgery, assess liver function (ICG clearance, bilirubin, albumin), and ensure patient fitness (ECOG ≤ 2, adequate cardiopulmonary reserve).

","Step 3 - Missing data  
- Detailed size, exact location, and volumetric assessment of each liver metastasis.  
- Calculated future liver remnant volume and baseline liver function tests (bilirubin, INR, albumin, ICG clearance).  
- Precise peritoneal cancer index (PCI) and whether disease is resectable (e.g., involvement of small bowel mesentery, diaphragmatic surfaces).  
- Patient’s performance status, comorbidities, and cardiopulmonary reserve.  
- Molecular profile of the tumor (KRAS/NRAS, BRAF, MSI/MMR status).  
- Baseline and trend of CEA levels beyond the single value provided.  
- Prior treatments (neoadjuvant, radiation) and any contraindications to biologic agents.  
These data are essential to confirm conversion potential, plan hepatic resection strategy, and decide on the feasibility of cytoreductive surgery with HIPEC.","Step 1 - Resectability assessment  
Classification: Not resectable  
Reasoning: The patient has eight bilobar liver metastases together with moderate peritoneal carcinomatosis. Current consensus defines resectability primarily by the ability to achieve an R0 resection while preserving at least two contiguous liver segments, adequate inflow/outflow, biliary drainage and a future liver remnant (FLR) of ≥30 % (or >0.5 % liver/body‑weight ratio). Bilobar disease with eight lesions makes it unlikely that a sufficient FLR can be left, and the presence of moderate peritoneal disease represents extensive extra‑hepatic spread that is not amenable to curative resection in most cases. Consequently, curative‑intent hepatic and peritoneal surgery is excluded at this stage.

","Step 2 - Oncological strategy  
- Initiate intensive systemic therapy as first line (e.g., FOLFOXIRI + bevacizumab or FOLFIRI + bevacizumab) pending molecular profiling (RAS/BRAF status, MSI‑H).  
- Obtain baseline high‑resolution liver MRI with hepatobiliary contrast and a CT‑ or PET‑CT‑based assessment of peritoneal disease to calculate a Peritoneal Cancer Index (PCI).  
- Re‑image after 2–3 months of chemotherapy (or after 4–6 cycles) to evaluate radiologic response of both hepatic and peritoneal lesions (RECIST 1.1 and morphologic criteria).  
- If disease shows significant down‑staging (e.g., reduction in number/size of liver lesions, PCI ≤10, no new extra‑hepatic sites) and a satisfactory FLR can be projected (≥30 % after potential portal vein embolisation), discuss conversion to a staged hepatic approach:  
   • Consider portal vein embolisation (PVE) to hypertrophy the future liver remnant, followed by a two‑stage hepatectomy or ALPPS if hypertrophy is adequate and liver function remains acceptable.  
   • Simultaneous or sequential resection of the primary colon tumor should be planned based on symptomatology (obstruction, bleeding) and response to chemotherapy; a colon‑first approach is preferred for right‑sided T4 lesions unless urgent hepatic control is needed.  
- If peritoneal disease remains extensive (PCI > 15) or liver disease does not become resectable, continue systemic therapy with possible incorporation of targeted agents (anti‑EGFR for RAS‑wildtype) or immunotherapy (for MSI‑H). Consider enrollment in a clinical trial or palliative liver‑directed therapies (radiofrequency ablation, selective internal radiation therapy) for symptom control.  
- Throughout treatment, maintain multidisciplinary review, monitor CEA trends, and assess performance status and liver function before any surgical attempt.

","Step 3 - Missing data  
- Molecular profile of the tumor (KRAS, NRAS, BRAF mutation status, MSI‑H/dMMR).  
- Patient’s ECOG performance status and comorbidities (cardiopulmonary reserve).  
- Detailed liver function tests and baseline liver volumetry to calculate the future liver remnant.  
- Precise peritoneal disease burden (PCI score) and whether any lesions are resectable or amenable to HIPEC.  
- Presence of symptoms from the primary colon tumor (obstruction, bleeding, perforation).  
- Prior exposure to chemotherapy or radiotherapy (none reported yet).  
- Baseline imaging reports (size of each hepatic lesion, vascular involvement, proximity to major hepatic veins/portal structures).  
- Nutritional status and serum albumin.  

These data are essential to refine the conversion strategy and to determine whether a curative‑intent surgical plan can become feasible after systemic therapy.","Step 1 – Resectability assessment  
Classification: Not resectable  
Reasoning: The case describes eight bilobar liver metastases together with moderate peritoneal carcinomatosis on abdominal CT. Bilobar disease of this volume, in the presence of peritoneal spread, exceeds the anatomical and oncological limits for curative liver resection or combined cytoreductive surgery with HIPEC. No information is provided that would suggest the peritoneal disease is limited enough to permit complete cytoreduction, nor that the liver lesions are amenable to a limited‑resection strategy with an adequate future liver remnant. Consequently, curative‑intent surgery is excluded at this stage.

","Step 2 – Oncological strategy  
- Obtain full molecular profiling of the primary tumor (RAS, BRAF, MSI‑H status) and histologic grade; these results will guide targeted agents and immunotherapy.  
- Perform a thoraco‑abdominal CT (or PET‑CT) to confirm the absence of pulmonary or other extra‑hepatic disease beyond the known peritoneal implants.  
- Initiate systemic chemotherapy with a modern doublet or triplet regimen (e.g., FOLFOXIRI) combined with biologic therapy selected according to the molecular profile (anti‑VEGF if RAS‑mutated, anti‑EGFR if RAS‑wild type, pembrolizumab if MSI‑high).  
- Monitor response with interval imaging (contrast‑enhanced liver MRI preferred for lesion measurement) after 2–3 months of therapy.  
- Re‑assess resectability after systemic treatment: if there is a marked radiologic response with reduction of liver tumor burden to ≤4 lesions confined to ≤2 contiguous segments and peritoneal disease regresses to a low Peritoneal Cancer Index (PCI ≤10), consider conversion to staged liver resection followed by cytoreductive surgery + HIPEC.  
- If the primary tumor remains in situ and becomes symptomatic (obstruction, bleeding, perforation), address it promptly with either endoscopic stenting or surgical resection, preferably after initial systemic control.  
- Throughout treatment, provide supportive care, nutritional optimization, and discuss clinical‑trial enrollment for conversion‑therapy protocols or novel systemic agents.

","Step 3 – Missing data  
- Molecular phenotype of the primary tumor (RAS, BRAF, MSI) – essential for selecting targeted systemic therapy.  
- Histologic grade of differentiation – influences prognosis and aggressiveness of treatment.  
- Status of primary tumor resection and presence of obstructive/bleeding symptoms – determines need for urgent primary‑site surgery.  
- Detailed liver lesion characteristics (size of each metastasis, hepatic segments involved, vascular or biliary invasion) and FLR ratio – required to evaluate any future liver‑sparing approach.  
- Comprehensive thoraco‑abdominal imaging (including PET‑CT) – needed to rule out additional extra‑hepatic sites that would further preclude surgery.  
- Peritoneal Cancer Index (PCI) and specific peritoneal sites involved – critical to decide whether cytoreductive surgery + HIPEC could ever be feasible.  
These missing items are the most decisive for refining the treatment plan and any future consideration of surgical intervention.","Step 1 – Resectability assessment  
Potentially resectable: the current burden (8 bilobar liver metastases + moderate peritoneal carcinomatosis) precludes an R0 resection now, but resectability could be achieved after (a) systemic down‑staging chemotherapy and (b) acquisition of decisive missing information (PCI score, future liver remnant volume, vascular involvement). Both actions are required before a definitive surgical plan can be made.

","Step 2 – Oncological strategy  
- Initiate intensive systemic chemotherapy (e.g., FOLFOXIRI ± bevacizumab) as first‑line treatment to achieve tumor shrinkage and to test tumor biology.  
- Within 2–3 cycles, obtain restaging imaging: contrast‑enhanced abdominal CT + liver MRI, thoracic CT, and consider FDG‑PET to rule out occult extra‑hepatic disease.  
- Perform diagnostic laparoscopy to directly assess peritoneal disease, record the total peritoneal cancer index (PCI) and evaluate involvement of the hepatoduodenal and hilar ligaments.  
- If imaging/laparoscopy shows a limited peritoneal burden (PCI ≤ 10) and a good radiologic response of liver lesions (≥30 % shrinkage, no new lesions), proceed to a staged curative approach:  
   • Stage 1 – Cytoreductive surgery with HIPEC for peritoneal disease (if PCI acceptable).  
   • Re‑evaluate liver disease after HIPEC; calculate FLR. If FLR < 30 % or major hepatectomy is required, consider portal vein embolization (PVE) or a two‑stage hepatectomy (first stage clears the future remnant, second stage completes resection).  
   • Stage 2 – Curative liver resection aiming for R0 margins while preserving at least two contiguous segments and adequate inflow/outflow.  
- Address the primary right‑sided colon tumor: if symptomatic (obstruction, bleeding) or at high risk of complications, perform right hemicolectomy either before systemic therapy (to prevent obstruction) or after liver‑first approach, depending on clinical urgency.  
- After completion of all resections, give adjuvant systemic chemotherapy (e.g., 6 cycles of FOLFOX) and consider postoperative hepatic arterial infusion or targeted therapy based on molecular profile.  
- If response is inadequate, PCI is high, or FLR cannot be achieved, shift to a palliative intent: continue systemic therapy, consider liver‑directed therapies (radiofrequency ablation, hepatic arterial infusion) and/or best‑supportive care.

","Step 3 – Missing data  
- Total peritoneal cancer index (PCI) and detailed peritoneal involvement (ligament invasion, morphology).  
- Precise size, segmental distribution and vascular/biliary involvement of each liver metastasis.  
- Future liver remnant volume/ratio to confirm technical feasibility after planned resection.  
- Status of the primary tumor (resected or not, presence of obstruction/bleeding).  
- Molecular phenotype of the primary (KRAS, NRAS, BRAF, MSI‑H) to guide targeted agents.  
- Thoraco‑CT or PET‑CT results to exclude pulmonary metastases.  
- Whether any systemic chemotherapy has already been administered.  
These items are essential to move from “potentially resectable” to a definitive surgical plan.","Step 1 – Resectability assessment
The patient presents with eight bilobar liver metastases associated with moderate peritoneal carcinomatosis in the context of a right T4N2 colon cancer and markedly elevated CEA (970 ng/mL). The presence of peritoneal dissemination combined with extensive bilobar hepatic disease excludes any curative hepatobiliary surgical approach at this stage. From a hepatobiliary perspective, this situation is considered unresectable.

","Step 2 – Recommended oncologic sequence
A. Comprehensive staging and multidisciplinary planning
• Perform high-resolution liver MRI and enhanced CT to confirm exact number, distribution, and resectability of both liver and peritoneal lesions.
• Given the high CEA level (970 ng/mL) and multifocal metastases, perform high-resolution 18FDG PET-CT

B. Induction systemic therapy (mandatory)
• Administer 2–3 months of peri-operative doublet or triplet chemotherapy (FOLFOX or FOLFIRI ± bevacizumab) according to MDT decision to assess tumor biology and optimize oncologic control according to patient tolerance.
• This allows treatment of potential micrometastatic disease and assessment of tumor biology before surgery.

C. Close radiologic reassessment
• Perform high-resolution liver MRI and thoraco-abdominal enhanced CT-scan every 2-3 months to evaluate response and detect any potential reduction in tumor burden that could open a limited local treatment window.
• Monitor CEA kinetics as a marker of treatment effect.

D. Criteria for reconsidering surgical strategy
• Surgical re-evaluation may be considered only in the rare situation of major response with near-complete control of peritoneal disease and limited residual liver lesions.
• If disease control or response is observed:
	1.	Perform parenchymal-sparing liver resections guided by intra-operative ultrasound : 
• The goal is R0 resection while strictly preserving hepatic inflow/outflow.
2. Address the primary colon tumor if symptomatic or locally advanced : start with laparoscopic assessment to evaluate PCI score and consider en-bloc right hemicolectomy (standard oncologic resection of the right colon primary) with D2 lymphadectomy (at least 12 harvested lymph nodes) with cytoreductive surgery (i.e. excision of all peritoneal nodules) with or without HIPEC according to response and patient condition.
• The sequence (primary first vs liver-first) depends on technical considerations and necessity of HIPEC.

E. Postoperative therapy and surveillance
• Pathology report : confirmation of tumor type and origin, immunohistochemistry with tumor markers, histological growth pattern, margin status (R0, R1, R2), tumor grade, differentiation, pathologic response score (TRG), necrosis/fibrosis
• Complete approximately 6 months of systemic therapy including pre-operative cycles.
• Close follow-up with CEA and imaging of both liver and lungs.

F. If disease remains disseminated
• Continue systemic second-line chemotherapy and consider palliative or symptom-oriented strategies according to MDT.

","Step 3 – Critical missing information
A. Extent and distribution of peritoneal disease on imaging.
B. Exact segmental distribution and vascular relationships of liver lesions.
C. Molecular profile to optimize systemic treatment.
D. Status and symptoms related to the primary colon tumor.
E. Evolution of CEA and radiologic response over time.
F. Patient’s performance status for staged surgical procedures.
G. Confirmation of absence of other extrahepatic disease on full staging.
H. Grade of differentiation, MSS/ MSI mutation and molecular status of the primary cancer: influences prognosis and need for intensified adjuvant therapy
I. Liquid biopsies to search circulating tumor DNA (ctDNA) and circulating tumor cells (CTCs) in the bloodstream"
