Case_N,Source,Entity,Entity_Label,First_Position_Span
1.0,Text,segmental colectomy,Cancer_Surgery,"[85, 103]"
1.0,Text,systemic therapy,Therapy,"[349, 364]"
1.0,Text,volumetric CT,Imaging_Test,"[420, 432]"
1.0,Text,ultrasound,Imaging_Test,"[453, 462]"
1.0,Text,wedge resection,Cancer_Surgery,"[636, 650]"
1.0,Text,minor hepatectomy,Cancer_Surgery,"[808, 824]"
1.0,Text,surgery,Cancer_Surgery,"[840, 846]"
1.0,Text,FLR,Therapy,"[926, 928]"
1.0,Text,colon resection,Cancer_Surgery,"[1029, 1043]"
1.0,Text,liver resection,Cancer_Surgery,"[1109, 1123]"
1.0,Text,anatomical segmentectomy,Cancer_Surgery,"[1133, 1156]"
1.0,Text,parenchymal‑sparing wedge resections,Cancer_Surgery,"[1161, 1196]"
1.0,Text,FOLFOX,Therapy,"[1366, 1371]"
1.0,Text,5‑FU/leucovorin/oxaliplatin,Therapy,"[1374, 1400]"
1.0,Text,cetuximab,Therapy,"[1436, 1444]"
1.0,Text,MRI liver,Imaging_Test,"[1706, 1714]"
1.0,Ref_Text,liver MRI,Imaging_Test,"[89, 97]"
1.0,Ref_Text,contrast enhanced CT,Imaging_Test,"[103, 122]"
1.0,Ref_Text,chemotherapy,Therapy,"[340, 351]"
1.0,Ref_Text,FOLFOX,Therapy,"[354, 359]"
1.0,Ref_Text,bevacizumab,Therapy,"[363, 373]"
1.0,Ref_Text,right hemicolectomy,Cancer_Surgery,"[619, 637]"
1.0,Ref_Text,D2 lymphadectomy,Cancer_Surgery,"[702, 717]"
1.0,Ref_Text,segment VI wedge/segmentectomy,Cancer_Surgery,"[759, 788]"
1.0,Ref_Text,ultrasound,Imaging_Test,"[840, 849]"
1.0,Ref_Text,resection,Cancer_Surgery,"[904, 912]"
1.0,Ref_Text,liver resection,Cancer_Surgery,"[1086, 1100]"
1.0,Ref_Text,surgery,Cancer_Surgery,"[1279, 1285]"
1.0,Ref_Text,systemic chemotherapy,Therapy,"[1979, 1999]"
1.0,Ref_Text,imaging,Imaging_Test,"[2058, 2064]"
2.0,Text,contrast‑enhanced liver MRI,Imaging_Test,"[87, 113]"
2.0,Text,gadoxetate‑enhanced MRI,Imaging_Test,"[119, 141]"
2.0,Text,colonoscopy,Imaging_Test,"[263, 273]"
2.0,Text,Neoadjuvant systemic therapy,Therapy,"[508, 535]"
2.0,Text,fluoropyrimidine‑oxaliplatin doublet,Therapy,"[681, 716]"
2.0,Text,mFOLFOX6,Therapy,"[725, 732]"
2.0,Text,VEGF‑targeted agent,Therapy,"[742, 760]"
2.0,Text,bevacizumab,Therapy,"[763, 773]"
2.0,Text,chemotherapy,Therapy,"[864, 875]"
2.0,Text,ileocecal resection,Cancer_Surgery,"[1126, 1144]"
2.0,Text,segment VI wedge/segmentectomy,Cancer_Surgery,"[1193, 1222]"
2.0,Text,non‑anatomical resection,Cancer_Surgery,"[1227, 1250]"
2.0,Text,surgery,Cancer_Surgery,"[1379, 1385]"
2.0,Text,CT,Imaging_Test,"[1816, 1817]"
2.0,Text,MRI of liver,Imaging_Test,"[1822, 1833]"
2.0,Text,chest CT,Imaging_Test,"[1836, 1843]"
2.0,Ref_Text,liver MRI,Imaging_Test,"[89, 97]"
2.0,Ref_Text,contrast enhanced CT,Imaging_Test,"[103, 122]"
2.0,Ref_Text,chemotherapy,Therapy,"[340, 351]"
2.0,Ref_Text,FOLFOX,Therapy,"[354, 359]"
2.0,Ref_Text,bevacizumab,Therapy,"[363, 373]"
2.0,Ref_Text,right hemicolectomy,Cancer_Surgery,"[620, 638]"
2.0,Ref_Text,D2 lymphadectomy,Cancer_Surgery,"[703, 718]"
2.0,Ref_Text,segment VI wedge/segmentectomy,Cancer_Surgery,"[760, 789]"
2.0,Ref_Text,ultrasound,Imaging_Test,"[841, 850]"
2.0,Ref_Text,resection,Cancer_Surgery,"[905, 913]"
2.0,Ref_Text,liver resection,Cancer_Surgery,"[1087, 1101]"
2.0,Ref_Text,surgery,Cancer_Surgery,"[1280, 1286]"
2.0,Ref_Text,systemic chemotherapy,Therapy,"[1980, 2000]"
2.0,Ref_Text,imaging,Imaging_Test,"[2059, 2065]"
3.0,Text,radiotherapy,Therapy,"[48, 59]"
3.0,Text,abdominal surgery,Cancer_Surgery,"[138, 154]"
3.0,Text,contrast‑enhanced CT of chest and abdomen,Imaging_Test,"[187, 227]"
3.0,Text,liver MRI,Imaging_Test,"[230, 238]"
3.0,Text,laparoscopic low anterior resection,Cancer_Surgery,"[664, 698]"
3.0,Text,laparoscopic wedge/segment III resection,Cancer_Surgery,"[754, 793]"
3.0,Text,liver resection,Cancer_Surgery,"[830, 844]"
3.0,Text,rectal resection,Cancer_Surgery,"[868, 883]"
3.0,Text,rectal operation,Cancer_Surgery,"[1176, 1191]"
3.0,Text,Adjuvant systemic therapy,Therapy,"[1199, 1223]"
3.0,Text,FOLFOX,Therapy,"[1241, 1246]"
3.0,Text,CAPOX,Therapy,"[1252, 1256]"
3.0,Text,cetuximab,Therapy,"[1321, 1329]"
3.0,Ref_Text,liver MRI,Imaging_Test,"[89, 97]"
3.0,Ref_Text,contrast enhanced CT,Imaging_Test,"[103, 122]"
3.0,Ref_Text,chemotherapy,Therapy,"[275, 286]"
3.0,Ref_Text,FOLFOX,Therapy,"[289, 294]"
3.0,Ref_Text,bevacizumab,Therapy,"[298, 308]"
3.0,Ref_Text,cetuximab,Therapy,"[313, 321]"
3.0,Ref_Text,anti-EGFR therapy,Therapy,"[371, 387]"
3.0,Ref_Text,liver and rectum MRI,Imaging_Test,"[467, 486]"
3.0,Ref_Text,contrast-enhanced CT,Imaging_Test,"[493, 512]"
3.0,Ref_Text,radiotherapy,Therapy,"[717, 728]"
3.0,Ref_Text,surgical,Cancer_Surgery,"[793, 800]"
3.0,Ref_Text,CAPOX,Therapy,"[889, 893]"
3.0,Ref_Text,pelvic imaging,Imaging_Test,"[1245, 1258]"
3.0,Ref_Text,liver-first resection,Cancer_Surgery,"[1606, 1626]"
3.0,Ref_Text,rectal resection,Cancer_Surgery,"[1683, 1698]"
3.0,Ref_Text,oncologic resection of the upper rectum,Cancer_Surgery,"[1769, 1807]"
3.0,Ref_Text,low anterior resection,Cancer_Surgery,"[1810, 1831]"
3.0,Ref_Text,Parenchymal-sparing segment III wedge/segmentectomy,Cancer_Surgery,"[1857, 1907]"
3.0,Ref_Text,ultrasound,Imaging_Test,"[1959, 1968]"
3.0,Ref_Text,resection,Cancer_Surgery,"[2023, 2031]"
3.0,Ref_Text,liver resection,Cancer_Surgery,"[2204, 2218]"
3.0,Ref_Text,surgery,Cancer_Surgery,"[2397, 2403]"
3.0,Ref_Text,imaging,Imaging_Test,"[2827, 2833]"
4.0,Text,CT,Imaging_Test,"[181, 182]"
4.0,Text,thoracic CT,Imaging_Test,"[211, 221]"
4.0,Text,PET‑CT,Imaging_Test,"[227, 232]"
4.0,Text,chemotherapy,Therapy,"[532, 543]"
4.0,Text,FOLFOX,Therapy,"[673, 678]"
4.0,Text,bevacizumab,Therapy,"[695, 705]"
4.0,Text,liver MRI,Imaging_Test,"[1097, 1105]"
4.0,Text,triphasic CT of the chest/abdomen,Imaging_Test,"[1145, 1177]"
4.0,Text,Surgical resection,Cancer_Surgery,"[1405, 1422]"
4.0,Text,segmental colectomy,Cancer_Surgery,"[1611, 1629]"
4.0,Text,colorectal resection,Cancer_Surgery,"[1889, 1908]"
4.0,Text,Adjuvant therapy,Therapy,"[2047, 2062]"
4.0,Text,adjuvant immunotherapy,Therapy,"[2260, 2281]"
4.0,Ref_Text,systemic therapy,Therapy,"[56, 71]"
4.0,Ref_Text,chemotherapy,Therapy,"[363, 374]"
4.0,Ref_Text,FOLFOX,Therapy,"[377, 382]"
4.0,Ref_Text,FOLFIRI,Therapy,"[387, 393]"
4.0,Ref_Text,bevacizumab,Therapy,"[397, 407]"
4.0,Ref_Text,surgery,Cancer_Surgery,"[597, 603]"
4.0,Ref_Text,liver MRI,Imaging_Test,"[661, 669]"
4.0,Ref_Text,contrast-enhanced CT,Imaging_Test,"[675, 694]"
4.0,Ref_Text,intra-operative ultrasound,Imaging_Test,"[1051, 1076]"
4.0,Ref_Text,Segment IV wedge/segmentectomy,Cancer_Surgery,"[1081, 1110]"
4.0,Ref_Text,Segment V and VI wedge resections,Cancer_Surgery,"[1115, 1147]"
4.0,Ref_Text,R0 resection,Cancer_Surgery,"[1164, 1175]"
4.0,Ref_Text,ultrasound,Imaging_Test,"[1284, 1293]"
4.0,Ref_Text,liver resection,Cancer_Surgery,"[1413, 1427]"
4.0,Ref_Text,Transverse colectomy,Cancer_Surgery,"[1687, 1706]"
4.0,Ref_Text,extended right colectomy,Cancer_Surgery,"[1711, 1734]"
4.0,Ref_Text,oncological lymphadenectomy,Cancer_Surgery,"[1772, 1798]"
4.0,Ref_Text,resection,Cancer_Surgery,"[1919, 1927]"
4.0,Ref_Text,colectomy,Cancer_Surgery,"[1966, 1974]"
4.0,Ref_Text,imaging,Imaging_Test,"[2384, 2390]"
5.0,Text,Neoadjuvant systemic therapy,Therapy,"[35, 62]"
5.0,Text,FOLFOX,Therapy,"[74, 79]"
5.0,Text,chemotherapy,Therapy,"[252, 263]"
5.0,Text,Surgical resection,Cancer_Surgery,"[349, 366]"
5.0,Text,sigmoidectomy,Cancer_Surgery,"[401, 413]"
5.0,Text,liver surgery,Cancer_Surgery,"[621, 633]"
5.0,Text,neoadjuvant chemotherapy,Therapy,"[705, 728]"
5.0,Text,liver resection,Cancer_Surgery,"[741, 755]"
5.0,Text,Parenchymal‑sparing liver resection,Cancer_Surgery,"[789, 823]"
5.0,Text,segmental/wedge resections,Cancer_Surgery,"[826, 851]"
5.0,Text,imaging,Imaging_Test,"[966, 972]"
5.0,Text,hepatectomy,Cancer_Surgery,"[1029, 1039]"
5.0,Text,ultrasound,Imaging_Test,"[1128, 1137]"
5.0,Text,Adjuvant systemic therapy,Therapy,"[1213, 1237]"
5.0,Ref_Text,systemic therapy,Therapy,"[56, 71]"
5.0,Ref_Text,chemotherapy,Therapy,"[359, 370]"
5.0,Ref_Text,FOLFOX,Therapy,"[373, 378]"
5.0,Ref_Text,FOLFIRI,Therapy,"[383, 389]"
5.0,Ref_Text,anti-EGFR therapy,Therapy,"[440, 456]"
5.0,Ref_Text,surgery,Cancer_Surgery,"[580, 586]"
5.0,Ref_Text,liver MRI,Imaging_Test,"[614, 622]"
5.0,Ref_Text,contrast-enhanced CT,Imaging_Test,"[628, 647]"
5.0,Ref_Text,wedge/segmental resections,Cancer_Surgery,"[851, 876]"
5.0,Ref_Text,intra-operative ultrasound,Imaging_Test,"[888, 913]"
5.0,Ref_Text,Segments II–III resections,Cancer_Surgery,"[918, 943]"
5.0,Ref_Text,Segment V wedge resection,Cancer_Surgery,"[978, 1002]"
5.0,Ref_Text,Segment VIII wedge resection,Cancer_Surgery,"[1007, 1034]"
5.0,Ref_Text,R0 resection,Cancer_Surgery,"[1051, 1062]"
5.0,Ref_Text,ultrasound,Imaging_Test,"[1171, 1180]"
5.0,Ref_Text,liver resection,Cancer_Surgery,"[1300, 1314]"
5.0,Ref_Text,sigmoid colectomy,Cancer_Surgery,"[1637, 1653]"
5.0,Ref_Text,oncological lymphadenectomy,Cancer_Surgery,"[1691, 1717]"
5.0,Ref_Text,colectomy,Cancer_Surgery,"[1857, 1865]"
5.0,Ref_Text,resection,Cancer_Surgery,"[1981, 1989]"
5.0,Ref_Text,imaging,Imaging_Test,"[2379, 2385]"
6.0,Text,FOLFOXIRI,Therapy,"[88, 96]"
6.0,Text,anti‑VEGF,Therapy,"[100, 108]"
6.0,Text,right hemicolectomy,Cancer_Surgery,"[309, 327]"
6.0,Text,chemotherapy,Therapy,"[348, 359]"
6.0,Text,MDT,Therapy,"[453, 455]"
6.0,Text,resection,Cancer_Surgery,"[492, 500]"
6.0,Text,contrast‑enhanced CT chest/abdomen,Imaging_Test,"[596, 629]"
6.0,Text,liver MRI,Imaging_Test,"[632, 640]"
6.0,Text,volumetric CT,Imaging_Test,"[681, 693]"
6.0,Text,hepatic resection,Cancer_Surgery,"[856, 872]"
6.0,Text,segmental resection of segments II and IVa,Cancer_Surgery,"[911, 952]"
6.0,Text,Adjuvant systemic therapy,Therapy,"[1217, 1241]"
6.0,Text,portal vein embolization,Cancer_Surgery,"[1502, 1525]"
6.0,Text,two‑stage hepatectomy,Cancer_Surgery,"[1532, 1552]"
6.0,Text,liver surgery,Cancer_Surgery,"[1586, 1598]"
6.0,Ref_Text,oncologic right hemicolectomy,Cancer_Surgery,"[474, 502]"
6.0,Ref_Text,oncological lymphadenectomy,Cancer_Surgery,"[540, 566]"
6.0,Ref_Text,derivation ileostomy,Cancer_Surgery,"[675, 694]"
6.0,Ref_Text,chemotherapy,Therapy,"[770, 781]"
6.0,Ref_Text,FOLFOX,Therapy,"[832, 837]"
6.0,Ref_Text,FOLFIRI,Therapy,"[842, 848]"
6.0,Ref_Text,bevacizumab,Therapy,"[852, 862]"
6.0,Ref_Text,anti-EGFR therapy,Therapy,"[1015, 1031]"
6.0,Ref_Text,Liver surgery,Cancer_Surgery,"[1129, 1141]"
6.0,Ref_Text,parenchymal-sparing resections,Cancer_Surgery,"[1507, 1536]"
6.0,Ref_Text,intra-operative ultrasound,Imaging_Test,"[1548, 1573]"
6.0,Ref_Text,Segment II wedge/segmentectomy,Cancer_Surgery,"[1578, 1607]"
6.0,Ref_Text,Segment IVa wedge/segmentectomy,Cancer_Surgery,"[1612, 1642]"
6.0,Ref_Text,R0 resection,Cancer_Surgery,"[1812, 1823]"
6.0,Ref_Text,ultrasound,Imaging_Test,"[1932, 1941]"
6.0,Ref_Text,liver resection,Cancer_Surgery,"[2061, 2075]"
6.0,Ref_Text,surgery,Cancer_Surgery,"[2254, 2260]"
6.0,Ref_Text,imaging,Imaging_Test,"[2684, 2690]"
7.0,Text,Short‑course pelvic radiotherapy,Therapy,"[35, 66]"
7.0,Text,SCRT,Therapy,"[69, 72]"
7.0,Text,radiotherapy,Therapy,"[213, 224]"
7.0,Text,hepatic surgery,Cancer_Surgery,"[241, 255]"
7.0,Text,Neoadjuvant systemic chemotherapy,Therapy,"[263, 295]"
7.0,Text,FOLFOX,Therapy,"[330, 335]"
7.0,Text,cetuximab,Therapy,"[360, 368]"
7.0,Text,systemic therapy,Therapy,"[555, 570]"
7.0,Text,hepatic resection,Cancer_Surgery,"[633, 649]"
7.0,Text,right posterior segmentectomy,Cancer_Surgery,"[652, 680]"
7.0,Text,ultrasound,Imaging_Test,"[797, 806]"
7.0,Text,liver resection,Cancer_Surgery,"[891, 905]"
7.0,Text,total mesorectal excision,Cancer_Surgery,"[921, 945]"
7.0,Text,low anterior resection,Cancer_Surgery,"[982, 1003]"
7.0,Text,adjuvant chemotherapy,Therapy,"[1079, 1099]"
7.0,Ref_Text,contrast enhanced CT,Imaging_Test,"[104, 123]"
7.0,Ref_Text,chemotherapy,Therapy,"[313, 324]"
7.0,Ref_Text,FOLFOX,Therapy,"[327, 332]"
7.0,Ref_Text,bevacizumab,Therapy,"[336, 346]"
7.0,Ref_Text,cetuximab,Therapy,"[351, 359]"
7.0,Ref_Text,anti-EGFR therapy,Therapy,"[409, 425]"
7.0,Ref_Text,liver and pelvic MRI,Imaging_Test,"[505, 524]"
7.0,Ref_Text,contrast-enhanced CT,Imaging_Test,"[531, 550]"
7.0,Ref_Text,radiotherapy,Therapy,"[760, 771]"
7.0,Ref_Text,surgical,Cancer_Surgery,"[836, 843]"
7.0,Ref_Text,CAPOX,Therapy,"[932, 936]"
7.0,Ref_Text,liver MRI,Imaging_Test,"[1262, 1270]"
7.0,Ref_Text,pelvic imaging,Imaging_Test,"[1276, 1289]"
7.0,Ref_Text,liver-first resection,Cancer_Surgery,"[1665, 1685]"
7.0,Ref_Text,rectal resection,Cancer_Surgery,"[1749, 1764]"
7.0,Ref_Text,oncologic resection of the upper rectum,Cancer_Surgery,"[1835, 1873]"
7.0,Ref_Text,low anterior resection,Cancer_Surgery,"[1876, 1897]"
7.0,Ref_Text,Parenchymal-sparing segment III wedge/segmentectomy,Cancer_Surgery,"[1923, 1973]"
7.0,Ref_Text,ultrasound,Imaging_Test,"[2025, 2034]"
7.0,Ref_Text,liver resection,Cancer_Surgery,"[2153, 2167]"
7.0,Ref_Text,surgery,Cancer_Surgery,"[2346, 2352]"
7.0,Ref_Text,imaging,Imaging_Test,"[2776, 2782]"
8.0,Text,liver‑specific MRI,Imaging_Test,"[80, 97]"
8.0,Text,contrast‑enhanced MRI,Imaging_Test,"[103, 123]"
8.0,Text,colonoscopy,Imaging_Test,"[266, 276]"
8.0,Text,resection,Cancer_Surgery,"[658, 666]"
8.0,Text,left‑sided colectomy,Cancer_Surgery,"[669, 688]"
8.0,Text,hepatic resection,Cancer_Surgery,"[989, 1005]"
8.0,Text,systemic therapy,Therapy,"[1046, 1061]"
8.0,Text,chemotherapy,Therapy,"[1178, 1189]"
8.0,Text,FOLFOX,Therapy,"[1212, 1217]"
8.0,Text,imaging,Imaging_Test,"[1347, 1353]"
8.0,Text,neoadjuvant therapy,Therapy,"[1405, 1423]"
8.0,Text,surgery,Cancer_Surgery,"[1464, 1470]"
8.0,Text,adjuvant chemotherapy,Therapy,"[1654, 1674]"
8.0,Text,contrast‑enhanced CT,Imaging_Test,"[1825, 1844]"
8.0,Text,MRI of liver and chest,Imaging_Test,"[1849, 1870]"
8.0,Ref_Text,liver MRI,Imaging_Test,"[90, 98]"
8.0,Ref_Text,contrast-enhanced CT,Imaging_Test,"[104, 123]"
8.0,Ref_Text,parenchymal-sparing resection,Cancer_Surgery,"[269, 297]"
8.0,Ref_Text,chemotherapy,Therapy,"[365, 376]"
8.0,Ref_Text,FOLFOX,Therapy,"[379, 384]"
8.0,Ref_Text,bevacizumab,Therapy,"[388, 398]"
8.0,Ref_Text,left hemicolectomy,Cancer_Surgery,"[761, 778]"
8.0,Ref_Text,lymphadectomy,Cancer_Surgery,"[841, 853]"
8.0,Ref_Text,segment IVb wedge/segmentectomy,Cancer_Surgery,"[895, 925]"
8.0,Ref_Text,ultrasound,Imaging_Test,"[977, 986]"
8.0,Ref_Text,liver resection,Cancer_Surgery,"[1106, 1120]"
8.0,Ref_Text,surgery,Cancer_Surgery,"[1299, 1305]"
8.0,Ref_Text,colectomy,Cancer_Surgery,"[1781, 1789]"
8.0,Ref_Text,imaging,Imaging_Test,"[2190, 2196]"
9.0,Text,contrast‑enhanced liver MRI,Imaging_Test,"[90, 116]"
9.0,Text,CT,Imaging_Test,"[122, 123]"
9.0,Text,thoracic CT,Imaging_Test,"[259, 269]"
9.0,Text,PET‑CT,Imaging_Test,"[275, 280]"
9.0,Text,imaging,Imaging_Test,"[518, 524]"
9.0,Text,laparoscopic/open sigmoid colectomy,Cancer_Surgery,"[614, 648]"
9.0,Text,oncologic lymphadenectomy,Cancer_Surgery,"[655, 679]"
9.0,Text,liver resection,Cancer_Surgery,"[877, 891]"
9.0,Text,surgery,Cancer_Surgery,"[920, 926]"
9.0,Text,adjuvant FOLFOX,Therapy,"[1171, 1185]"
9.0,Text,bevacizumab,Therapy,"[1190, 1200]"
9.0,Text,adjuvant chemotherapy,Therapy,"[1329, 1349]"
9.0,Text,CEA,Imaging_Test,"[1474, 1476]"
9.0,Text,Contrast‑enhanced CT of chest/abdomen,Imaging_Test,"[1544, 1580]"
9.0,Text,MRI liver,Imaging_Test,"[1586, 1594]"
9.0,Text,salvage therapy,Therapy,"[1702, 1716]"
9.0,Ref_Text,liver MRI,Imaging_Test,"[90, 98]"
9.0,Ref_Text,contrast-enhanced CT,Imaging_Test,"[104, 123]"
9.0,Ref_Text,parenchymal-sparing resection,Cancer_Surgery,"[269, 297]"
9.0,Ref_Text,chemotherapy,Therapy,"[442, 453]"
9.0,Ref_Text,FOLFOX,Therapy,"[456, 461]"
9.0,Ref_Text,bevacizumab,Therapy,"[465, 475]"
9.0,Ref_Text,anti-EGFR therapy,Therapy,"[572, 588]"
9.0,Ref_Text,left hemicolectomy,Cancer_Surgery,"[775, 792]"
9.0,Ref_Text,lymphadectomy,Cancer_Surgery,"[855, 867]"
9.0,Ref_Text,segmentectomy VI,Cancer_Surgery,"[909, 924]"
9.0,Ref_Text,ultrasound,Imaging_Test,"[1020, 1029]"
9.0,Ref_Text,liver resection,Cancer_Surgery,"[1149, 1163]"
9.0,Ref_Text,surgery,Cancer_Surgery,"[1342, 1348]"
9.0,Ref_Text,colectomy,Cancer_Surgery,"[1422, 1430]"
9.0,Ref_Text,imaging,Imaging_Test,"[1996, 2002]"
10.0,Text,thoracic CT,Imaging_Test,"[74, 84]"
10.0,Text,PET‑CT,Imaging_Test,"[90, 95]"
10.0,Text,liver MRI,Imaging_Test,"[153, 161]"
10.0,Text,colonoscopy,Imaging_Test,"[287, 297]"
10.0,Text,fluoropyrimidine‑oxaliplatin doublet,Therapy,"[466, 501]"
10.0,Text,FOLFOX,Therapy,"[510, 515]"
10.0,Text,anti‑VEGF,Therapy,"[520, 528]"
10.0,Text,bevacizumab,Therapy,"[531, 541]"
10.0,Text,chemotherapy,Therapy,"[755, 766]"
10.0,Text,resection,Cancer_Surgery,"[984, 992]"
10.0,Text,right hemicolectomy,Cancer_Surgery,"[995, 1013]"
10.0,Text,segment VII resection,Cancer_Surgery,"[1017, 1037]"
10.0,Text,liver resection,Cancer_Surgery,"[1179, 1193]"
10.0,Text,hepatic resection,Cancer_Surgery,"[1290, 1306]"
10.0,Text,colon resection,Cancer_Surgery,"[1321, 1335]"
10.0,Text,Adjuvant therapy,Therapy,"[1359, 1374]"
10.0,Text,systemic chemotherapy,Therapy,"[1406, 1426]"
10.0,Text,anti‑EGFR therapy,Therapy,"[1548, 1564]"
10.0,Text,cetuximab,Therapy,"[1567, 1575]"
10.0,Ref_Text,liver MRI,Imaging_Test,"[90, 98]"
10.0,Ref_Text,contrast-enhanced CT,Imaging_Test,"[104, 123]"
10.0,Ref_Text,parenchymal-sparing resection,Cancer_Surgery,"[305, 333]"
10.0,Ref_Text,chemotherapy,Therapy,"[519, 530]"
10.0,Ref_Text,FOLFOX,Therapy,"[533, 538]"
10.0,Ref_Text,bevacizumab,Therapy,"[542, 552]"
10.0,Ref_Text,cetuximab,Therapy,"[557, 565]"
10.0,Ref_Text,liver resection,Cancer_Surgery,"[919, 933]"
10.0,Ref_Text,ultrasound,Imaging_Test,"[1187, 1196]"
10.0,Ref_Text,surgery,Cancer_Surgery,"[1509, 1515]"
10.0,Ref_Text,right hemicolectomy,Cancer_Surgery,"[1578, 1596]"
10.0,Ref_Text,D2-D3 lymphadectomy,Cancer_Surgery,"[1660, 1678]"
10.0,Ref_Text,oncologic right hemicolectomy,Cancer_Surgery,"[1745, 1773]"
10.0,Ref_Text,imaging,Imaging_Test,"[2213, 2219]"
11.0,Text,Neoadjuvant systemic therapy,Therapy,"[35, 62]"
11.0,Text,FOLFOX,Therapy,"[78, 83]"
11.0,Text,CAPOX,Therapy,"[89, 93]"
11.0,Text,bevacizumab,Therapy,"[110, 120]"
11.0,Text,chemotherapy,Therapy,"[370, 381]"
11.0,Text,volumetry,Imaging_Test,"[590, 598]"
11.0,Text,sigmoid colectomy,Cancer_Surgery,"[828, 844]"
11.0,Text,segmental resection,Cancer_Surgery,"[847, 865]"
11.0,Text,lymphadenectomy,Cancer_Surgery,"[881, 895]"
11.0,Text,left‑lobe hepatectomy,Cancer_Surgery,"[903, 923]"
11.0,Text,anatomic left hepatectomy,Cancer_Surgery,"[926, 950]"
11.0,Text,left lateral segmentectomy,Cancer_Surgery,"[955, 980]"
11.0,Text,liver resection,Cancer_Surgery,"[1179, 1193]"
11.0,Text,colorectal resection,Cancer_Surgery,"[1236, 1255]"
11.0,Text,Adjuvant systemic therapy,Therapy,"[1325, 1349]"
11.0,Ref_Text,liver MRI,Imaging_Test,"[90, 98]"
11.0,Ref_Text,contrast-enhanced CT,Imaging_Test,"[104, 123]"
11.0,Ref_Text,parenchymal-sparing resection,Cancer_Surgery,"[278, 306]"
11.0,Ref_Text,systemic therapy,Therapy,"[403, 418]"
11.0,Ref_Text,chemotherapy,Therapy,"[566, 577]"
11.0,Ref_Text,FOLFOX,Therapy,"[580, 585]"
11.0,Ref_Text,bevacizumab,Therapy,"[589, 599]"
11.0,Ref_Text,anti-EGFR therapy,Therapy,"[696, 712]"
11.0,Ref_Text,surgery,Cancer_Surgery,"[810, 816]"
11.0,Ref_Text,left hemicolectomy,Cancer_Surgery,"[1075, 1092]"
11.0,Ref_Text,lymphadectomy,Cancer_Surgery,"[1155, 1167]"
11.0,Ref_Text,left lateral sectionectomy,Cancer_Surgery,"[1209, 1234]"
11.0,Ref_Text,wedge resection,Cancer_Surgery,"[1293, 1307]"
11.0,Ref_Text,ultrasound,Imaging_Test,"[1448, 1457]"
11.0,Ref_Text,liver resection,Cancer_Surgery,"[1582, 1596]"
11.0,Ref_Text,colectomy,Cancer_Surgery,"[1602, 1610]"
11.0,Ref_Text,imaging,Imaging_Test,"[2613, 2619]"
12.0,Text,chemoradiation,Therapy,"[112, 125]"
12.0,Text,systemic chemotherapy,Therapy,"[152, 172]"
12.0,Text,CRT,Therapy,"[327, 329]"
12.0,Text,surgery,Cancer_Surgery,"[338, 344]"
12.0,Text,systemic therapy,Therapy,"[358, 373]"
12.0,Text,high‑resolution pelvic MRI,Imaging_Test,"[454, 479]"
12.0,Text,liver‑specific MRI,Imaging_Test,"[482, 499]"
12.0,Text,diffusion‑weighted imaging,Imaging_Test,"[506, 531]"
12.0,Text,chest CT,Imaging_Test,"[538, 545]"
12.0,Text,PET‑CT,Imaging_Test,"[551, 556]"
12.0,Text,imaging,Imaging_Test,"[720, 726]"
12.0,Text,laparoscopic low anterior resection,Cancer_Surgery,"[960, 994]"
12.0,Text,non‑anatomic wedge resection,Cancer_Surgery,"[1062, 1089]"
12.0,Text,liver resection,Cancer_Surgery,"[1160, 1174]"
12.0,Text,rectal resection,Cancer_Surgery,"[1190, 1205]"
12.0,Text,Adjuvant systemic therapy,Therapy,"[1313, 1337]"
12.0,Text,adjuvant FOLFOX,Therapy,"[1418, 1432]"
12.0,Text,CAPOX,Therapy,"[1438, 1442]"
12.0,Ref_Text,contrast enhanced CT,Imaging_Test,"[104, 123]"
12.0,Ref_Text,chemotherapy,Therapy,"[313, 324]"
12.0,Ref_Text,FOLFOX,Therapy,"[327, 332]"
12.0,Ref_Text,bevacizumab,Therapy,"[336, 346]"
12.0,Ref_Text,cetuximab,Therapy,"[351, 359]"
12.0,Ref_Text,anti-EGFR therapy,Therapy,"[409, 425]"
12.0,Ref_Text,liver and pelvic MRI,Imaging_Test,"[505, 524]"
12.0,Ref_Text,contrast-enhanced CT,Imaging_Test,"[531, 550]"
12.0,Ref_Text,radiotherapy,Therapy,"[760, 771]"
12.0,Ref_Text,surgical,Cancer_Surgery,"[836, 843]"
12.0,Ref_Text,CAPOX,Therapy,"[963, 967]"
12.0,Ref_Text,liver MRI,Imaging_Test,"[1293, 1301]"
12.0,Ref_Text,pelvic imaging,Imaging_Test,"[1307, 1320]"
12.0,Ref_Text,liver-first resection,Cancer_Surgery,"[1666, 1686]"
12.0,Ref_Text,rectal resection,Cancer_Surgery,"[1735, 1750]"
12.0,Ref_Text,oncologic resection of the upper rectum,Cancer_Surgery,"[1821, 1859]"
12.0,Ref_Text,low anterior resection,Cancer_Surgery,"[1862, 1883]"
12.0,Ref_Text,Parenchymal-sparing segment II wedge/segmentectomy,Cancer_Surgery,"[1909, 1958]"
12.0,Ref_Text,ultrasound,Imaging_Test,"[2010, 2019]"
12.0,Ref_Text,liver resection,Cancer_Surgery,"[2138, 2152]"
12.0,Ref_Text,surgery,Cancer_Surgery,"[2331, 2337]"
12.0,Ref_Text,surgeries,Cancer_Surgery,"[2415, 2423]"
12.0,Ref_Text,imaging,Imaging_Test,"[2862, 2868]"
13.0,Text,thoracic CT,Imaging_Test,"[66, 76]"
13.0,Text,PET‑CT,Imaging_Test,"[82, 87]"
13.0,Text,liver MRI,Imaging_Test,"[138, 146]"
13.0,Text,colonoscopy,Imaging_Test,"[300, 310]"
13.0,Text,CT‑colonography,Imaging_Test,"[313, 327]"
13.0,Text,Neoadjuvant systemic therapy,Therapy,"[424, 451]"
13.0,Text,FOLFOX,Therapy,"[505, 510]"
13.0,Text,bevacizumab,Therapy,"[527, 537]"
13.0,Text,R0 resection,Cancer_Surgery,"[738, 749]"
13.0,Text,chemotherapy,Therapy,"[778, 789]"
13.0,Text,triphasic CT,Imaging_Test,"[819, 830]"
13.0,Text,hepatic surgery,Cancer_Surgery,"[992, 1006]"
13.0,Text,portal vein embolization,Cancer_Surgery,"[1049, 1072]"
13.0,Text,hepatectomy,Cancer_Surgery,"[1095, 1105]"
13.0,Text,anatomical or non‑anatomical resections,Cancer_Surgery,"[1295, 1333]"
13.0,Text,segmental colectomy,Cancer_Surgery,"[1571, 1589]"
13.0,Text,adjuvant chemotherapy,Therapy,"[1645, 1665]"
13.0,Ref_Text,liver MRI,Imaging_Test,"[90, 98]"
13.0,Ref_Text,contrast-enhanced CT,Imaging_Test,"[104, 123]"
13.0,Ref_Text,parenchymal-sparing resection,Cancer_Surgery,"[282, 310]"
13.0,Ref_Text,systemic therapy,Therapy,"[407, 422]"
13.0,Ref_Text,chemotherapy,Therapy,"[612, 623]"
13.0,Ref_Text,FOLFOX,Therapy,"[626, 631]"
13.0,Ref_Text,bevacizumab,Therapy,"[635, 645]"
13.0,Ref_Text,anti-EGFR therapy,Therapy,"[742, 758]"
13.0,Ref_Text,surgery,Cancer_Surgery,"[856, 862]"
13.0,Ref_Text,intra-operative ultrasound,Imaging_Test,"[1184, 1209]"
13.0,Ref_Text,Segment IV wedge/segmentectomy,Cancer_Surgery,"[1242, 1271]"
13.0,Ref_Text,Segment V wedge resection,Cancer_Surgery,"[1276, 1300]"
13.0,Ref_Text,Segment VIII wedge resection,Cancer_Surgery,"[1305, 1332]"
13.0,Ref_Text,ultrasound,Imaging_Test,"[1357, 1366]"
13.0,Ref_Text,liver resection,Cancer_Surgery,"[1486, 1500]"
13.0,Ref_Text,left hemicolectomy,Cancer_Surgery,"[1776, 1793]"
13.0,Ref_Text,lymphadectomy,Cancer_Surgery,"[1856, 1868]"
13.0,Ref_Text,colectomy,Cancer_Surgery,"[2001, 2009]"
13.0,Ref_Text,imaging,Imaging_Test,"[2390, 2396]"
14.0,Text,liver‑specific MRI,Imaging_Test,"[68, 85]"
14.0,Text,diffusion‑weighted imaging,Imaging_Test,"[92, 117]"
14.0,Text,PET‑CT,Imaging_Test,"[211, 216]"
14.0,Text,Systemic therapy,Therapy,"[264, 279]"
14.0,Text,FOLFOX,Therapy,"[345, 350]"
14.0,Text,bevacizumab,Therapy,"[354, 364]"
14.0,Text,chemotherapy,Therapy,"[516, 527]"
14.0,Text,MRI,Imaging_Test,"[547, 549]"
14.0,Text,curative‑intent surgery,Cancer_Surgery,"[690, 712]"
14.0,Text,segmental resections,Cancer_Surgery,"[793, 812]"
14.0,Text,liver surgery,Cancer_Surgery,"[992, 1004]"
14.0,Text,hepatic resection,Cancer_Surgery,"[1051, 1067]"
14.0,Text,resection,Cancer_Surgery,"[1123, 1131]"
14.0,Text,Adjuvant therapy,Therapy,"[1262, 1277]"
14.0,Text,cross‑sectional imaging,Imaging_Test,"[1538, 1560]"
14.0,Text,CT,Imaging_Test,"[1563, 1564]"
14.0,Ref_Text,liver MRI,Imaging_Test,"[91, 99]"
14.0,Ref_Text,contrast-enhanced CT,Imaging_Test,"[105, 124]"
14.0,Ref_Text,parenchymal-sparing resection,Cancer_Surgery,"[277, 305]"
14.0,Ref_Text,chemotherapy,Therapy,"[491, 502]"
14.0,Ref_Text,FOLFOX,Therapy,"[505, 510]"
14.0,Ref_Text,bevacizumab,Therapy,"[514, 524]"
14.0,Ref_Text,cetuximab,Therapy,"[529, 537]"
14.0,Ref_Text,right hemicolectomy,Cancer_Surgery,"[1132, 1150]"
14.0,Ref_Text,ultrasound,Imaging_Test,"[1293, 1302]"
14.0,Ref_Text,liver resection,Cancer_Surgery,"[1427, 1441]"
14.0,Ref_Text,colectomy,Cancer_Surgery,"[1447, 1455]"
14.0,Ref_Text,surgery,Cancer_Surgery,"[1634, 1640]"
14.0,Ref_Text,D2-D3 lymphadectomy,Cancer_Surgery,"[1865, 1883]"
14.0,Ref_Text,imaging,Imaging_Test,"[2299, 2305]"
15.0,Text,thoracic CT,Imaging_Test,"[66, 76]"
15.0,Text,PET‑CT,Imaging_Test,"[82, 87]"
15.0,Text,liver MRI,Imaging_Test,"[138, 146]"
15.0,Text,MRI,Imaging_Test,"[315, 317]"
15.0,Text,chemotherapy,Therapy,"[365, 376]"
15.0,Text,radiotherapy,Therapy,"[511, 522]"
15.0,Text,FOLFOX,Therapy,"[590, 595]"
15.0,Text,CAPOX,Therapy,"[600, 604]"
15.0,Text,TNT,Therapy,"[817, 819]"
15.0,Text,pelvic MRI,Imaging_Test,"[835, 844]"
15.0,Text,surgery,Cancer_Surgery,"[1015, 1021]"
15.0,Text,Surgical phase,Cancer_Surgery,"[1030, 1043]"
15.0,Text,Low anterior resection,Cancer_Surgery,"[1077, 1098]"
15.0,Text,liver resection,Cancer_Surgery,"[1312, 1326]"
15.0,Text,segment V resection,Cancer_Surgery,"[1392, 1410]"
15.0,Text,TME,Therapy,"[1447, 1449]"
15.0,Text,Adjuvant systemic therapy,Therapy,"[1630, 1654]"
15.0,Ref_Text,contrast enhanced CT,Imaging_Test,"[104, 123]"
15.0,Ref_Text,chemotherapy,Therapy,"[313, 324]"
15.0,Ref_Text,FOLFOX,Therapy,"[327, 332]"
15.0,Ref_Text,bevacizumab,Therapy,"[336, 346]"
15.0,Ref_Text,cetuximab,Therapy,"[351, 359]"
15.0,Ref_Text,anti-EGFR therapy,Therapy,"[387, 403]"
15.0,Ref_Text,liver and pelvic MRI,Imaging_Test,"[531, 550]"
15.0,Ref_Text,contrast-enhanced CT,Imaging_Test,"[557, 576]"
15.0,Ref_Text,radiotherapy,Therapy,"[780, 791]"
15.0,Ref_Text,surgical,Cancer_Surgery,"[856, 863]"
15.0,Ref_Text,CAPOX,Therapy,"[982, 986]"
15.0,Ref_Text,liver MRI,Imaging_Test,"[1317, 1325]"
15.0,Ref_Text,pelvic imaging,Imaging_Test,"[1331, 1344]"
15.0,Ref_Text,liver-first resection,Cancer_Surgery,"[1688, 1708]"
15.0,Ref_Text,rectal resection,Cancer_Surgery,"[1756, 1771]"
15.0,Ref_Text,oncologic resection of the upper rectum,Cancer_Surgery,"[1842, 1880]"
15.0,Ref_Text,low anterior resection,Cancer_Surgery,"[1883, 1904]"
15.0,Ref_Text,Parenchymal-sparing segment II wedge/segmentectomy,Cancer_Surgery,"[1930, 1979]"
15.0,Ref_Text,ultrasound,Imaging_Test,"[2031, 2040]"
15.0,Ref_Text,liver resection,Cancer_Surgery,"[2159, 2173]"
15.0,Ref_Text,surgery,Cancer_Surgery,"[2352, 2358]"
15.0,Ref_Text,surgeries,Cancer_Surgery,"[2436, 2444]"
15.0,Ref_Text,oncologic low anterior resection,Cancer_Surgery,"[2592, 2623]"
15.0,Ref_Text,imaging,Imaging_Test,"[3032, 3038]"
16.0,Text,Induction,Therapy,"[35, 43]"
16.0,Text,FOLFOX,Therapy,"[88, 93]"
16.0,Text,bevacizumab,Therapy,"[97, 107]"
16.0,Text,anti‑VEGF,Therapy,"[132, 140]"
16.0,Text,FOLFOXIRI,Therapy,"[182, 190]"
16.0,Text,contrast‑enhanced liver MRI,Imaging_Test,"[458, 484]"
16.0,Text,thoraco‑abdominal CT,Imaging_Test,"[529, 548]"
16.0,Text,R0 resection,Cancer_Surgery,"[789, 800]"
16.0,Text,staged hepatectomy,Cancer_Surgery,"[1022, 1039]"
16.0,Text,curative‑intent hepatectomy,Cancer_Surgery,"[1193, 1219]"
16.0,Text,extended right hepatectomy,Cancer_Surgery,"[1256, 1281]"
16.0,Text,colectomy,Cancer_Surgery,"[1664, 1672]"
16.0,Text,liver resection,Cancer_Surgery,"[1680, 1694]"
16.0,Text,staged colectomy,Cancer_Surgery,"[1852, 1867]"
16.0,Ref_Text,Conversion systemic therapy,Therapy,"[145, 171]"
16.0,Ref_Text,FOLFIRINOX,Therapy,"[235, 244]"
16.0,Ref_Text,bevacizumab,Therapy,"[248, 258]"
16.0,Ref_Text,anti-EGFR therapy,Therapy,"[286, 302]"
16.0,Ref_Text,liver MRI,Imaging_Test,"[532, 540]"
16.0,Ref_Text,surgery,Cancer_Surgery,"[781, 787]"
16.0,Ref_Text,chemotherapy,Therapy,"[792, 803]"
16.0,Ref_Text,parenchymal-sparing resections,Cancer_Surgery,"[861, 890]"
16.0,Ref_Text,staged hepatectomy,Cancer_Surgery,"[895, 912]"
16.0,Ref_Text,R0 resection,Cancer_Surgery,"[1013, 1024]"
16.0,Ref_Text,Two-stage hepatectomy,Cancer_Surgery,"[1123, 1143]"
16.0,Ref_Text,Portal vein embolization,Therapy,"[1240, 1263]"
16.0,Ref_Text,hepatectomy,Cancer_Surgery,"[1290, 1300]"
16.0,Ref_Text,liver resection,Cancer_Surgery,"[1399, 1413]"
16.0,Ref_Text,systemic therapy,Therapy,"[1686, 1701]"
16.0,Ref_Text,intra-arterial chemotherapy,Therapy,"[1749, 1775]"
16.0,Ref_Text,resection,Cancer_Surgery,"[1783, 1791]"
17.0,Text,mFOLFOX6,Therapy,"[97, 104]"
17.0,Text,anti‑EGFR antibody,Therapy,"[124, 141]"
17.0,Text,cetuximab,Therapy,"[144, 152]"
17.0,Text,FOLFOXIRI,Therapy,"[197, 205]"
17.0,Text,liver‑specific MRI,Imaging_Test,"[384, 401]"
17.0,Text,curative liver resection,Cancer_Surgery,"[896, 919]"
17.0,Text,multi‑segmental resections,Cancer_Surgery,"[968, 993]"
17.0,Text,hepatectomy,Cancer_Surgery,"[1128, 1138]"
17.0,Text,sigmoid resection,Cancer_Surgery,"[1603, 1619]"
17.0,Text,liver operation,Cancer_Surgery,"[1649, 1663]"
17.0,Text,primary resection,Cancer_Surgery,"[1744, 1760]"
17.0,Text,hepatic surgery,Cancer_Surgery,"[1787, 1801]"
17.0,Text,systemic therapy,Therapy,"[1840, 1855]"
17.0,Text,chemotherapy,Therapy,"[1875, 1886]"
17.0,Text,FOLFIRI,Therapy,"[1910, 1916]"
17.0,Text,anti‑VEGF,Therapy,"[1920, 1928]"
17.0,Text,adjuvant treatment,Therapy,"[1971, 1988]"
17.0,Ref_Text,liver MRI,Imaging_Test,"[89, 97]"
17.0,Ref_Text,Conversion systemic therapy,Therapy,"[287, 313]"
17.0,Ref_Text,chemotherapy,Therapy,"[357, 368]"
17.0,Ref_Text,FOLFOX,Therapy,"[371, 376]"
17.0,Ref_Text,FOLFIRI,Therapy,"[381, 387]"
17.0,Ref_Text,FOLFIRINOX,Therapy,"[392, 401]"
17.0,Ref_Text,anti-EGFR therapy,Therapy,"[418, 434]"
17.0,Ref_Text,parenchymal-sparing resections,Cancer_Surgery,"[855, 884]"
17.0,Ref_Text,Surgery,Cancer_Surgery,"[930, 936]"
17.0,Ref_Text,imaging,Imaging_Test,"[959, 965]"
17.0,Ref_Text,staged hepatectomy,Cancer_Surgery,"[1077, 1094]"
17.0,Ref_Text,resections,Cancer_Surgery,"[1143, 1152]"
17.0,Ref_Text,hepatectomy,Cancer_Surgery,"[1319, 1329]"
17.0,Ref_Text,liver resection,Cancer_Surgery,"[1472, 1486]"
17.0,Ref_Text,surgery,Cancer_Surgery,"[1665, 1671]"
17.0,Ref_Text,systemic therapy,Therapy,"[1748, 1763]"
17.0,Ref_Text,intra-arterial chemotherapy,Therapy,"[1791, 1817]"
17.0,Ref_Text,resection,Cancer_Surgery,"[1825, 1833]"
18.0,Text,systemic therapy,Therapy,"[53, 68]"
18.0,Text,FOLFOXIRI,Therapy,"[86, 94]"
18.0,Text,anti‑VEGF,Therapy,"[99, 107]"
18.0,Text,anti‑EGFR,Therapy,"[112, 120]"
18.0,Text,contrast‑enhanced liver MRI,Imaging_Test,"[478, 504]"
18.0,Text,thoracic CT,Imaging_Test,"[661, 671]"
18.0,Text,PET‑CT,Imaging_Test,"[677, 682]"
18.0,Text,bone scan/MRI,Imaging_Test,"[689, 701]"
18.0,Text,PVE,Therapy,"[1010, 1012]"
18.0,Text,ALPPS,Therapy,"[1015, 1019]"
18.0,Text,surgery,Cancer_Surgery,"[1060, 1066]"
18.0,Text,imaging,Imaging_Test,"[1078, 1084]"
18.0,Text,hepatic surgery,Cancer_Surgery,"[1229, 1243]"
18.0,Text,Two‑stage hepatectomy,Cancer_Surgery,"[1280, 1300]"
18.0,Text,portal vein embolization,Cancer_Surgery,"[1307, 1330]"
18.0,Text,Staged hepatectomy,Cancer_Surgery,"[1510, 1527]"
18.0,Text,Parenchymal‑sparing resections,Cancer_Surgery,"[1608, 1637]"
18.0,Text,IVC resection/reconstruction,Cancer_Surgery,"[1653, 1680]"
18.0,Text,R0 resection,Cancer_Surgery,"[1795, 1806]"
18.0,Text,vascular reconstruction,Cancer_Surgery,"[1824, 1846]"
18.0,Text,resected,Cancer_Surgery,"[1954, 1961]"
18.0,Text,colectomy,Cancer_Surgery,"[2153, 2161]"
18.0,Text,hepatic resection,Cancer_Surgery,"[2226, 2242]"
18.0,Text,oncologic resection,Cancer_Surgery,"[2327, 2345]"
18.0,Text,adjuvant therapy,Therapy,"[2479, 2494]"
18.0,Text,FOLFOX,Therapy,"[2556, 2561]"
18.0,Text,CAPOX,Therapy,"[2566, 2570]"
18.0,Text,cross‑sectional imaging,Imaging_Test,"[2710, 2732]"
18.0,Text,CT,Imaging_Test,"[2735, 2736]"
18.0,Text,MRI,Imaging_Test,"[2741, 2743]"
18.0,Ref_Text,liver MRI,Imaging_Test,"[89, 97]"
18.0,Ref_Text,FOLFOXIRI,Therapy,"[346, 354]"
18.0,Ref_Text,anti-EGFR therapy,Therapy,"[370, 386]"
18.0,Ref_Text,Surgery,Cancer_Surgery,"[965, 971]"
18.0,Ref_Text,chemotherapy,Therapy,"[999, 1010]"
18.0,Ref_Text,Separation from the IVC,Cancer_Surgery,"[1069, 1091]"
18.0,Ref_Text,R0 resection,Cancer_Surgery,"[1111, 1122]"
18.0,Ref_Text,staged hepatectomy,Cancer_Surgery,"[1184, 1201]"
18.0,Ref_Text,portal vein embolization,Therapy,"[1219, 1242]"
18.0,Ref_Text,Two-stage hepatectomy,Cancer_Surgery,"[1306, 1326]"
18.0,Ref_Text,extensive parenchymal-sparing resections,Cancer_Surgery,"[1331, 1370]"
18.0,Ref_Text,ALPPS,Therapy,"[1466, 1470]"
18.0,Ref_Text,hepatectomy,Cancer_Surgery,"[1497, 1507]"
18.0,Ref_Text,liver resection,Cancer_Surgery,"[1598, 1612]"
18.0,Ref_Text,surgery,Cancer_Surgery,"[1791, 1797]"
18.0,Ref_Text,systemic therapy,Therapy,"[1874, 1889]"
18.0,Ref_Text,intra-arterial chemotherapy,Therapy,"[1917, 1943]"
18.0,Ref_Text,resection,Cancer_Surgery,"[1951, 1959]"
19.0,Text,FOLFOXIRI,Therapy,"[131, 139]"
19.0,Text,bevacizumab,Therapy,"[143, 153]"
19.0,Text,anti‑EGFR agents,Therapy,"[196, 211]"
19.0,Text,liver MRI,Imaging_Test,"[439, 447]"
19.0,Text,triphasic CT,Imaging_Test,"[481, 492]"
19.0,Text,volumetric analysis,Imaging_Test,"[581, 599]"
19.0,Text,chemotherapy,Therapy,"[839, 850]"
19.0,Text,portal vein embolization,Cancer_Surgery,"[978, 1001]"
19.0,Text,liver‑venous deprivation,Therapy,"[1041, 1064]"
19.0,Text,hepatectomy,Cancer_Surgery,"[1152, 1162]"
19.0,Text,ALPPS,Cancer_Surgery,"[1328, 1332]"
19.0,Text,parenchymal‑sparing hepatectomy,Cancer_Surgery,"[1527, 1557]"
19.0,Text,R0 resection,Cancer_Surgery,"[1570, 1581]"
19.0,Text,R1 vascular resection,Cancer_Surgery,"[1637, 1657]"
19.0,Text,reconstruction,Cancer_Surgery,"[1664, 1677]"
19.0,Text,limited segmental resection,Cancer_Surgery,"[1684, 1710]"
19.0,Text,liver surgery,Cancer_Surgery,"[2029, 2041]"
19.0,Text,neoadjuvant long‑course chemoradiotherapy,Therapy,"[2063, 2103]"
19.0,Text,total mesorectal excision,Cancer_Surgery,"[2208, 2232]"
19.0,Text,low anterior resection,Cancer_Surgery,"[2249, 2270]"
19.0,Text,abdominoperineal resection,Cancer_Surgery,"[2275, 2300]"
19.0,Text,CRT,Therapy,"[2435, 2437]"
19.0,Text,Adjuvant systemic therapy,Therapy,"[2569, 2593]"
19.0,Text,adjuvant therapy,Therapy,"[2848, 2863]"
19.0,Ref_Text,Conversion systemic therapy,Therapy,"[145, 171]"
19.0,Ref_Text,chemotherapy,Therapy,"[225, 236]"
19.0,Ref_Text,FOLFOXIRI,Therapy,"[245, 253]"
19.0,Ref_Text,bevacizumab,Therapy,"[257, 267]"
19.0,Ref_Text,anti-EGFR therapy,Therapy,"[316, 332]"
19.0,Ref_Text,enhanced CT-scan,Imaging_Test,"[535, 550]"
19.0,Ref_Text,Surgery,Cancer_Surgery,"[764, 770]"
19.0,Ref_Text,Two-stage hepatectomy,Cancer_Surgery,"[1069, 1089]"
19.0,Ref_Text,venous deprivation,Therapy,"[1194, 1211]"
19.0,Ref_Text,ALPPS,Therapy,"[1215, 1219]"
19.0,Ref_Text,liver resection,Cancer_Surgery,"[1355, 1369]"
19.0,Ref_Text,surgery,Cancer_Surgery,"[1548, 1554]"
19.0,Ref_Text,radiotherapy,Therapy,"[1654, 1665]"
19.0,Ref_Text,pelvic MRI,Imaging_Test,"[1838, 1847]"
19.0,Ref_Text,rectal resection,Cancer_Surgery,"[2074, 2089]"
19.0,Ref_Text,oncologic resection of the upper rectum,Cancer_Surgery,"[2119, 2157]"
19.0,Ref_Text,low anterior resection,Cancer_Surgery,"[2160, 2181]"
19.0,Ref_Text,systemic therapy,Therapy,"[2560, 2575]"
19.0,Ref_Text,intra-arterial chemotherapy,Therapy,"[2603, 2629]"
19.0,Ref_Text,resection,Cancer_Surgery,"[2637, 2645]"
20.0,Text,thoracic CT,Imaging_Test,"[70, 80]"
20.0,Text,PET‑CT,Imaging_Test,"[86, 91]"
20.0,Text,liver MRI,Imaging_Test,"[144, 152]"
20.0,Text,systemic therapy,Therapy,"[445, 460]"
20.0,Text,chemotherapy,Therapy,"[486, 497]"
20.0,Text,FOLFOX,Therapy,"[506, 511]"
20.0,Text,imaging,Imaging_Test,"[586, 592]"
20.0,Text,hepatic resection,Cancer_Surgery,"[901, 917]"
20.0,Text,extended right hepatectomy,Cancer_Surgery,"[930, 955]"
20.0,Text,portal vein embolization,Therapy,"[1020, 1043]"
20.0,Text,R0 resection,Cancer_Surgery,"[1149, 1160]"
20.0,Text,right colectomy,Cancer_Surgery,"[1443, 1457]"
20.0,Text,hepatic surgery,Cancer_Surgery,"[1559, 1573]"
20.0,Text,Adjuvant/maintenance therapy,Therapy,"[1748, 1775]"
20.0,Text,systemic chemotherapy,Therapy,"[1791, 1811]"
20.0,Text,anti‑EGFR therapy,Therapy,"[1899, 1915]"
20.0,Ref_Text,liver MRI,Imaging_Test,"[89, 97]"
20.0,Ref_Text,Conversion systemic therapy,Therapy,"[285, 311]"
20.0,Ref_Text,chemotherapy,Therapy,"[355, 366]"
20.0,Ref_Text,FOLFOX,Therapy,"[369, 374]"
20.0,Ref_Text,FOLFIRI,Therapy,"[379, 385]"
20.0,Ref_Text,anti-EGFR therapy,Therapy,"[402, 418]"
20.0,Ref_Text,Surgery,Cancer_Surgery,"[814, 820]"
20.0,Ref_Text,imaging,Imaging_Test,"[843, 849]"
20.0,Ref_Text,parenchymal-sparing resections,Cancer_Surgery,"[894, 923]"
20.0,Ref_Text,R0 resection,Cancer_Surgery,"[943, 954]"
20.0,Ref_Text,ultrasound,Imaging_Test,"[1152, 1161]"
20.0,Ref_Text,hepatectomy,Cancer_Surgery,"[1204, 1214]"
20.0,Ref_Text,venous deprivation,Therapy,"[1249, 1266]"
20.0,Ref_Text,ALPPS,Therapy,"[1270, 1274]"
20.0,Ref_Text,liver resection,Cancer_Surgery,"[1383, 1397]"
20.0,Ref_Text,surgery,Cancer_Surgery,"[1576, 1582]"
20.0,Ref_Text,Right hemicolectomy,Cancer_Surgery,"[1657, 1675]"
20.0,Ref_Text,D2 lymphadectomy,Cancer_Surgery,"[1740, 1755]"
20.0,Ref_Text,liver surgery,Cancer_Surgery,"[1874, 1886]"
20.0,Ref_Text,colectomy,Cancer_Surgery,"[1968, 1976]"
20.0,Ref_Text,systemic therapy,Therapy,"[2238, 2253]"
20.0,Ref_Text,intra-arterial chemotherapy,Therapy,"[2281, 2307]"
20.0,Ref_Text,resection,Cancer_Surgery,"[2315, 2323]"
21.0,Text,FOLFOXIRI,Therapy,"[78, 86]"
21.0,Text,5‑FU,Therapy,"[89, 92]"
21.0,Text,leucovorin,Therapy,"[95, 104]"
21.0,Text,oxaliplatin,Therapy,"[107, 117]"
21.0,Text,irinotecan,Therapy,"[120, 129]"
21.0,Text,bevacizumab,Therapy,"[134, 144]"
21.0,Text,FOLFOX,Therapy,"[150, 155]"
21.0,Text,imaging,Imaging_Test,"[245, 251]"
21.0,Text,anti‑EGFR agents,Therapy,"[400, 415]"
21.0,Text,contrast‑enhanced liver MRI,Imaging_Test,"[522, 548]"
21.0,Text,triphasic CT,Imaging_Test,"[586, 597]"
21.0,Text,CT,Imaging_Test,"[629, 630]"
21.0,Text,surgery,Cancer_Surgery,"[936, 942]"
21.0,Text,Portal vein embolization,Cancer_Surgery,"[1102, 1125]"
21.0,Text,resected,Cancer_Surgery,"[1162, 1169]"
21.0,Text,Staged Hepatectomy,Cancer_Surgery,"[1305, 1322]"
21.0,Text,hepatectomy,Cancer_Surgery,"[1418, 1428]"
21.0,Text,resection,Cancer_Surgery,"[1526, 1534]"
21.0,Text,FLR,Therapy,"[1563, 1565]"
21.0,Text,Surgical resection,Cancer_Surgery,"[1653, 1670]"
21.0,Text,right hemicolectomy,Cancer_Surgery,"[1799, 1817]"
21.0,Text,liver surgery,Cancer_Surgery,"[1836, 1848]"
21.0,Text,Parenchymal‑sparing hepatectomy,Cancer_Surgery,"[1869, 1899]"
21.0,Text,R1 vascular resection,Cancer_Surgery,"[1963, 1983]"
21.0,Text,vascular reconstruction,Cancer_Surgery,"[1988, 2010]"
21.0,Text,FOLFIRI,Therapy,"[2296, 2302]"
21.0,Text,liver MRI/CT,Imaging_Test,"[2443, 2454]"
21.0,Ref_Text,Conversion systemic therapy,Therapy,"[287, 313]"
21.0,Ref_Text,chemotherapy,Therapy,"[367, 378]"
21.0,Ref_Text,FOLFOXIRI,Therapy,"[387, 395]"
21.0,Ref_Text,bevacizumab,Therapy,"[399, 409]"
21.0,Ref_Text,anti-EGFR therapy,Therapy,"[438, 454]"
21.0,Ref_Text,liver MRI,Imaging_Test,"[647, 655]"
21.0,Ref_Text,Surgery,Cancer_Surgery,"[858, 864]"
21.0,Ref_Text,Two-stage hepatectomy,Cancer_Surgery,"[1153, 1173]"
21.0,Ref_Text,venous deprivation,Therapy,"[1278, 1295]"
21.0,Ref_Text,ALPPS,Therapy,"[1299, 1303]"
21.0,Ref_Text,liver resection,Cancer_Surgery,"[1439, 1453]"
21.0,Ref_Text,surgery,Cancer_Surgery,"[1632, 1638]"
21.0,Ref_Text,oncologic extended right colectomy,Cancer_Surgery,"[1786, 1819]"
21.0,Ref_Text,intra-arterial chemotherapy,Therapy,"[1911, 1937]"
21.0,Ref_Text,extended right hemicolectomy,Cancer_Surgery,"[1949, 1976]"
21.0,Ref_Text,D2 lymphadectomy,Cancer_Surgery,"[2041, 2056]"
21.0,Ref_Text,colectomy,Cancer_Surgery,"[2269, 2277]"
21.0,Ref_Text,systemic therapy,Therapy,"[2539, 2554]"
21.0,Ref_Text,resection,Cancer_Surgery,"[2616, 2624]"
22.0,Text,contrast‑enhanced liver MRI,Imaging_Test,"[73, 99]"
22.0,Text,thoraco‑abdominal CT,Imaging_Test,"[130, 149]"
22.0,Text,PET‑CT,Imaging_Test,"[155, 160]"
22.0,Text,FOLFOX,Therapy,"[430, 435]"
22.0,Text,cetuximab,Therapy,"[439, 447]"
22.0,Text,anti‑EGFR therapy,Therapy,"[547, 563]"
22.0,Text,R0 resection,Cancer_Surgery,"[663, 674]"
22.0,Text,liver MRI,Imaging_Test,"[725, 733]"
22.0,Text,chest imaging,Imaging_Test,"[739, 751]"
22.0,Text,colorectal resection,Cancer_Surgery,"[1136, 1155]"
22.0,Text,low anterior resection,Cancer_Surgery,"[1158, 1179]"
22.0,Text,liver resection,Cancer_Surgery,"[1186, 1200]"
22.0,Text,portal vein embolization,Cancer_Surgery,"[1380, 1403]"
22.0,Text,staged hepatectomy,Cancer_Surgery,"[1463, 1480]"
22.0,Ref_Text,liver MRI,Imaging_Test,"[166, 174]"
22.0,Ref_Text,Conversion systemic therapy,Therapy,"[285, 311]"
22.0,Ref_Text,FOLFOX,Therapy,"[336, 341]"
22.0,Ref_Text,cetuximab,Therapy,"[357, 365]"
22.0,Ref_Text,Surgery,Cancer_Surgery,"[765, 771]"
22.0,Ref_Text,imaging,Imaging_Test,"[794, 800]"
22.0,Ref_Text,parenchymal-sparing resections,Cancer_Surgery,"[845, 874]"
22.0,Ref_Text,ablations,Therapy,"[887, 895]"
22.0,Ref_Text,R0 resection,Cancer_Surgery,"[915, 926]"
22.0,Ref_Text,ultrasound,Imaging_Test,"[1113, 1122]"
22.0,Ref_Text,hepatectomy,Cancer_Surgery,"[1148, 1158]"
22.0,Ref_Text,liver resection,Cancer_Surgery,"[1291, 1305]"
22.0,Ref_Text,surgery,Cancer_Surgery,"[1484, 1490]"
22.0,Ref_Text,oncologic left colectomy,Cancer_Surgery,"[1638, 1661]"
22.0,Ref_Text,intra-arterial chemotherapy,Therapy,"[1753, 1779]"
22.0,Ref_Text,left hemicolectomy,Cancer_Surgery,"[1791, 1808]"
22.0,Ref_Text,D2 lymphadectomy,Cancer_Surgery,"[1872, 1887]"
22.0,Ref_Text,colectomy,Cancer_Surgery,"[2100, 2108]"
22.0,Ref_Text,systemic therapy,Therapy,"[2370, 2385]"
22.0,Ref_Text,resection,Cancer_Surgery,"[2447, 2455]"
23.0,Text,Systemic therapy,Therapy,"[35, 50]"
23.0,Text,neoadjuvant chemotherapy,Therapy,"[53, 76]"
23.0,Text,FOLFOXIRI,Therapy,"[123, 131]"
23.0,Text,bevacizumab,Therapy,"[135, 145]"
23.0,Text,chemotherapy,Therapy,"[396, 407]"
23.0,Text,liver‑specific MRI,Imaging_Test,"[425, 442]"
23.0,Text,diffusion‑weighted imaging,Imaging_Test,"[449, 474]"
23.0,Text,MRI,Imaging_Test,"[687, 689]"
23.0,Text,CT,Imaging_Test,"[714, 715]"
23.0,Text,portal vein embolization,Cancer_Surgery,"[883, 906]"
23.0,Text,hepatectomy,Cancer_Surgery,"[1062, 1072]"
23.0,Text,Two‑stage hepatectomy,Cancer_Surgery,"[1081, 1101]"
23.0,Text,imaging,Imaging_Test,"[1383, 1389]"
23.0,Text,R0 resection,Cancer_Surgery,"[1561, 1572]"
23.0,Text,primary resection,Cancer_Surgery,"[1965, 1981]"
23.0,Text,adjuvant chemotherapy,Therapy,"[2092, 2112]"
23.0,Ref_Text,liver MRI,Imaging_Test,"[166, 174]"
23.0,Ref_Text,chemotherapy,Therapy,"[365, 376]"
23.0,Ref_Text,FOLFOXIRI,Therapy,"[385, 393]"
23.0,Ref_Text,bevacizumab,Therapy,"[397, 407]"
23.0,Ref_Text,anti-EGFR therapy,Therapy,"[436, 452]"
23.0,Ref_Text,Surgery,Cancer_Surgery,"[875, 881]"
23.0,Ref_Text,parenchymal-sparing resections,Cancer_Surgery,"[1294, 1323]"
23.0,Ref_Text,Portal vein embolization,Cancer_Surgery,"[1328, 1351]"
23.0,Ref_Text,venous deprivation,Therapy,"[1355, 1372]"
23.0,Ref_Text,ALPPS,Therapy,"[1376, 1380]"
23.0,Ref_Text,major hepatectomy,Cancer_Surgery,"[1411, 1427]"
23.0,Ref_Text,liver resection,Cancer_Surgery,"[1536, 1550]"
23.0,Ref_Text,surgery,Cancer_Surgery,"[1729, 1735]"
23.0,Ref_Text,oncologic left colectomy,Cancer_Surgery,"[1883, 1906]"
23.0,Ref_Text,intra-arterial chemotherapy,Therapy,"[1998, 2024]"
23.0,Ref_Text,left hemicolectomy,Cancer_Surgery,"[2036, 2053]"
23.0,Ref_Text,D2 lymphadectomy,Cancer_Surgery,"[2117, 2132]"
23.0,Ref_Text,colectomy,Cancer_Surgery,"[2345, 2353]"
23.0,Ref_Text,systemic therapy,Therapy,"[2615, 2630]"
23.0,Ref_Text,resection,Cancer_Surgery,"[2692, 2700]"
24.0,Text,FOLFOXIRI,Therapy,"[136, 144]"
24.0,Text,bevacizumab,Therapy,"[148, 158]"
24.0,Text,liver MRI,Imaging_Test,"[451, 459]"
24.0,Text,CT of the chest,Imaging_Test,"[592, 606]"
24.0,Text,bone scan,Imaging_Test,"[628, 636]"
24.0,Text,brain MRI,Imaging_Test,"[641, 649]"
24.0,Text,volumetric CT,Imaging_Test,"[711, 723]"
24.0,Text,MRI,Imaging_Test,"[728, 730]"
24.0,Text,portal vein embolisation,Therapy,"[803, 826]"
24.0,Text,resection,Cancer_Surgery,"[976, 984]"
24.0,Text,hepatic resection,Cancer_Surgery,"[1139, 1155]"
24.0,Text,two‑stage hepatectomy,Cancer_Surgery,"[1241, 1261]"
24.0,Text,Vascular reconstruction,Cancer_Surgery,"[1354, 1376]"
24.0,Text,systemic therapy,Therapy,"[1531, 1546]"
24.0,Text,hepatic surgery,Cancer_Surgery,"[1657, 1671]"
24.0,Text,right hemicolectomy,Cancer_Surgery,"[1697, 1715]"
24.0,Ref_Text,systemic therapy,Therapy,"[311, 326]"
24.0,Ref_Text,triplet chemotherapy,Therapy,"[396, 415]"
24.0,Ref_Text,FOLFOXIRI,Therapy,"[424, 432]"
24.0,Ref_Text,bevacizumab,Therapy,"[436, 446]"
24.0,Ref_Text,liver MRI,Imaging_Test,"[720, 728]"
24.0,Ref_Text,Surgery,Cancer_Surgery,"[916, 922]"
24.0,Ref_Text,chemotherapy,Therapy,"[950, 961]"
24.0,Ref_Text,Two-stage hepatectomy,Cancer_Surgery,"[1213, 1233]"
24.0,Ref_Text,extensive parenchymal-sparing resections,Cancer_Surgery,"[1238, 1277]"
24.0,Ref_Text,tumor ablation,Therapy,"[1304, 1317]"
24.0,Ref_Text,imaging,Imaging_Test,"[1329, 1335]"
24.0,Ref_Text,venous deprivation,Therapy,"[1397, 1414]"
24.0,Ref_Text,ALPPS,Therapy,"[1418, 1422]"
24.0,Ref_Text,Right hemicolectomy,Cancer_Surgery,"[1518, 1536]"
24.0,Ref_Text,D2 lymphadectomy,Cancer_Surgery,"[1601, 1616]"
24.0,Ref_Text,liver surgery,Cancer_Surgery,"[1735, 1747]"
24.0,Ref_Text,colectomy,Cancer_Surgery,"[1829, 1837]"
24.0,Ref_Text,surgery,Cancer_Surgery,"[2016, 2022]"
24.0,Ref_Text,intra-arterial chemotherapy,Therapy,"[2142, 2168]"
24.0,Ref_Text,resection,Cancer_Surgery,"[2176, 2184]"
25.0,Text,"contrast‑enhanced CT of chest, abdomen, pelvis",Imaging_Test,"[73, 118]"
25.0,Text,liver‑specific MRI,Imaging_Test,"[126, 143]"
25.0,Text,volumetric CT,Imaging_Test,"[340, 352]"
25.0,Text,MRI,Imaging_Test,"[357, 359]"
25.0,Text,FOLFOXIRI,Therapy,"[566, 574]"
25.0,Text,bevacizumab,Therapy,"[578, 588]"
25.0,Text,RECIST 1.1,Therapy,"[746, 755]"
25.0,Text,imaging,Imaging_Test,"[819, 825]"
25.0,Text,portal vein embolization,Cancer_Surgery,"[1165, 1188]"
25.0,Text,chemotherapy,Therapy,"[1243, 1254]"
25.0,Text,total mesorectal excision,Cancer_Surgery,"[1428, 1452]"
25.0,Text,neoadjuvant long‑course chemoradiotherapy,Therapy,"[1514, 1554]"
25.0,Text,CRT,Therapy,"[1557, 1559]"
25.0,Text,total‑neoadjuvant therapy,Therapy,"[1565, 1589]"
25.0,Text,TNT,Therapy,"[1592, 1594]"
25.0,Text,adjuvant systemic therapy,Therapy,"[1684, 1708]"
25.0,Ref_Text,liver MRI,Imaging_Test,"[166, 174]"
25.0,Ref_Text,Conversion systemic therapy,Therapy,"[285, 311]"
25.0,Ref_Text,chemotherapy,Therapy,"[365, 376]"
25.0,Ref_Text,FOLFOXIRI,Therapy,"[385, 393]"
25.0,Ref_Text,bevacizumab,Therapy,"[397, 407]"
25.0,Ref_Text,anti-EGFR therapy,Therapy,"[456, 472]"
25.0,Ref_Text,Surgery,Cancer_Surgery,"[816, 822]"
25.0,Ref_Text,Two-stage hepatectomy,Cancer_Surgery,"[1137, 1157]"
25.0,Ref_Text,venous deprivation,Therapy,"[1262, 1279]"
25.0,Ref_Text,ALPPS,Therapy,"[1283, 1287]"
25.0,Ref_Text,liver resection,Cancer_Surgery,"[1423, 1437]"
25.0,Ref_Text,surgery,Cancer_Surgery,"[1616, 1622]"
25.0,Ref_Text,radiotherapy,Therapy,"[1722, 1733]"
25.0,Ref_Text,pelvic MRI,Imaging_Test,"[1884, 1893]"
25.0,Ref_Text,rectal resection,Cancer_Surgery,"[2120, 2135]"
25.0,Ref_Text,oncologic resection of the upper rectum,Cancer_Surgery,"[2165, 2203]"
25.0,Ref_Text,low anterior resection,Cancer_Surgery,"[2206, 2227]"
25.0,Ref_Text,systemic therapy,Therapy,"[2606, 2621]"
25.0,Ref_Text,intra-arterial chemotherapy,Therapy,"[2649, 2675]"
25.0,Ref_Text,resection,Cancer_Surgery,"[2683, 2691]"
26.0,Text,Neoadjuvant systemic therapy,Therapy,"[35, 62]"
26.0,Text,FOLFOX,Therapy,"[77, 82]"
26.0,Text,bevacizumab,Therapy,"[86, 96]"
26.0,Text,neoadjuvant therapy,Therapy,"[306, 324]"
26.0,Text,contrast‑enhanced liver MRI,Imaging_Test,"[327, 353]"
26.0,Text,CT,Imaging_Test,"[359, 360]"
26.0,Text,Surgical resection,Cancer_Surgery,"[491, 508]"
26.0,Text,segmental resection of segments V and VIII,Cancer_Surgery,"[511, 552]"
26.0,Text,right hepatectomy,Cancer_Surgery,"[558, 574]"
26.0,Text,ultrasound,Imaging_Test,"[664, 673]"
26.0,Text,adjuvant,Therapy,"[836, 843]"
26.0,Text,Contrast‑enhanced CT,Imaging_Test,"[1101, 1120]"
26.0,Text,MRI of the chest/abdomen,Imaging_Test,"[1125, 1148]"
26.0,Ref_Text,systemic therapy,Therapy,"[158, 173]"
26.0,Ref_Text,chemotherapy,Therapy,"[239, 250]"
26.0,Ref_Text,FOLFOX,Therapy,"[253, 258]"
26.0,Ref_Text,FOLFIRI,Therapy,"[263, 269]"
26.0,Ref_Text,anti-EGFR therapy,Therapy,"[298, 314]"
26.0,Ref_Text,surgical resection,Cancer_Surgery,"[509, 526]"
26.0,Ref_Text,neoadjuvant chemotherapy,Therapy,"[561, 584]"
26.0,Ref_Text,surgery,Cancer_Surgery,"[628, 634]"
26.0,Ref_Text,liver MRI,Imaging_Test,"[662, 670]"
26.0,Ref_Text,wedge/segmental resections,Cancer_Surgery,"[861, 886]"
26.0,Ref_Text,Segment V wedge resection,Cancer_Surgery,"[892, 916]"
26.0,Ref_Text,Segment VIII wedge resection,Cancer_Surgery,"[921, 948]"
26.0,Ref_Text,R0 resection,Cancer_Surgery,"[965, 976]"
26.0,Ref_Text,ultrasound,Imaging_Test,"[1085, 1094]"
26.0,Ref_Text,liver resection,Cancer_Surgery,"[1214, 1228]"
26.0,Ref_Text,imaging,Imaging_Test,"[1837, 1843]"
27.0,Text,contrast‑enhanced thoraco‑abdominal CT,Imaging_Test,"[87, 124]"
27.0,Text,PET‑CT,Imaging_Test,"[130, 135]"
27.0,Text,liver MRI,Imaging_Test,"[149, 157]"
27.0,Text,systemic therapy,Therapy,"[411, 426]"
27.0,Text,imaging,Imaging_Test,"[453, 459]"
27.0,Text,surgery,Cancer_Surgery,"[555, 561]"
27.0,Text,chemotherapy,Therapy,"[688, 699]"
27.0,Text,FOLFOX,Therapy,"[708, 713]"
27.0,Text,Hepatic resection,Cancer_Surgery,"[835, 851]"
27.0,Text,parenchyma‑sparing resection,Cancer_Surgery,"[888, 915]"
27.0,Text,radiofrequency ablation,Therapy,"[970, 992]"
27.0,Text,ultrasound,Imaging_Test,"[1032, 1041]"
27.0,Text,anti‑EGFR therapy,Therapy,"[1413, 1429]"
27.0,Text,cetuximab,Therapy,"[1432, 1440]"
27.0,Text,adjuvant,Therapy,"[1450, 1457]"
27.0,Text,CEA,Imaging_Test,"[1542, 1544]"
27.0,Ref_Text,surgical resection,Cancer_Surgery,"[185, 202]"
27.0,Ref_Text,wedge resection,Cancer_Surgery,"[288, 302]"
27.0,Ref_Text,intra-operative ultrasound,Imaging_Test,"[375, 400]"
27.0,Ref_Text,R0 resection,Cancer_Surgery,"[440, 451]"
27.0,Ref_Text,ultrasound,Imaging_Test,"[560, 569]"
27.0,Ref_Text,liver resection,Cancer_Surgery,"[689, 703]"
27.0,Ref_Text,surgery,Cancer_Surgery,"[882, 888]"
27.0,Ref_Text,adjuvant doublet chemotherapy,Therapy,"[1210, 1238]"
27.0,Ref_Text,FOLFOX,Therapy,"[1241, 1246]"
27.0,Ref_Text,CAPOX,Therapy,"[1251, 1255]"
27.0,Ref_Text,anti-EGFR therapy,Therapy,"[1306, 1322]"
27.0,Ref_Text,systemic treatment,Therapy,"[1385, 1402]"
27.0,Ref_Text,imaging,Imaging_Test,"[1467, 1473]"
28.0,Text,contrast‑enhanced thoraco‑abdominal CT,Imaging_Test,"[61, 98]"
28.0,Text,liver‑specific MRI,Imaging_Test,"[104, 121]"
28.0,Text,volumetric analysis,Imaging_Test,"[365, 383]"
28.0,Text,portal vein embolization,Cancer_Surgery,"[452, 475]"
28.0,Text,PVE,Cancer_Surgery,"[478, 480]"
28.0,Text,Neoadjuvant systemic therapy,Therapy,"[499, 526]"
28.0,Text,chemotherapy,Therapy,"[554, 565]"
28.0,Text,FOLFOX,Therapy,"[586, 591]"
28.0,Text,CAPOX,Therapy,"[596, 600]"
28.0,Text,bevacizumab,Therapy,"[650, 660]"
28.0,Text,liver surgery,Cancer_Surgery,"[1062, 1074]"
28.0,Text,parenchymal‑sparing hepatectomy,Cancer_Surgery,"[1117, 1147]"
28.0,Text,staged resection,Cancer_Surgery,"[1223, 1238]"
28.0,Text,systemic therapy,Therapy,"[1356, 1371]"
28.0,Text,cross‑sectional imaging,Imaging_Test,"[1454, 1476]"
28.0,Text,CT,Imaging_Test,"[1479, 1480]"
28.0,Text,MRI,Imaging_Test,"[1485, 1487]"
28.0,Ref_Text,surgical resection,Cancer_Surgery,"[185, 202]"
28.0,Ref_Text,wedge resection,Cancer_Surgery,"[288, 302]"
28.0,Ref_Text,intra-operative ultrasound,Imaging_Test,"[375, 400]"
28.0,Ref_Text,R0 resection,Cancer_Surgery,"[440, 451]"
28.0,Ref_Text,ultrasound,Imaging_Test,"[560, 569]"
28.0,Ref_Text,liver resection,Cancer_Surgery,"[689, 703]"
28.0,Ref_Text,surgery,Cancer_Surgery,"[882, 888]"
28.0,Ref_Text,adjuvant doublet chemotherapy,Therapy,"[1210, 1238]"
28.0,Ref_Text,FOLFOX,Therapy,"[1241, 1246]"
28.0,Ref_Text,CAPOX,Therapy,"[1251, 1255]"
28.0,Ref_Text,anti-EGFR therapy,Therapy,"[1306, 1322]"
28.0,Ref_Text,systemic treatment,Therapy,"[1385, 1402]"
28.0,Ref_Text,imaging,Imaging_Test,"[1467, 1473]"
29.0,Text,contrast‑enhanced thoraco‑abdominal CT,Imaging_Test,"[73, 110]"
29.0,Text,PET‑CT,Imaging_Test,"[116, 121]"
29.0,Text,volumetric CT,Imaging_Test,"[281, 293]"
29.0,Text,hepatic resection,Cancer_Surgery,"[539, 555]"
29.0,Text,segment VI anatomical resection,Cancer_Surgery,"[558, 588]"
29.0,Text,wedge excision,Cancer_Surgery,"[593, 606]"
29.0,Text,ultrasound,Imaging_Test,"[665, 674]"
29.0,Text,adjuvant FOLFOX,Therapy,"[822, 836]"
29.0,Text,CAPOX,Therapy,"[842, 846]"
29.0,Text,bevacizumab,Therapy,"[863, 873]"
29.0,Text,anti‑VEGF therapy,Therapy,"[960, 976]"
29.0,Text,systemic therapy,Therapy,"[1114, 1129]"
29.0,Text,Imaging,Imaging_Test,"[1251, 1257]"
29.0,Text,MRI,Imaging_Test,"[1284, 1286]"
29.0,Text,FOLFOX,Therapy,"[1504, 1509]"
29.0,Text,portal vein embolization,Cancer_Surgery,"[1586, 1609]"
29.0,Ref_Text,surgical resection,Cancer_Surgery,"[152, 169]"
29.0,Ref_Text,neoadjuvant chemotherapy,Therapy,"[204, 227]"
29.0,Ref_Text,segment VI wedge/segmentectomy,Cancer_Surgery,"[242, 271]"
29.0,Ref_Text,intra-operative ultrasound,Imaging_Test,"[283, 308]"
29.0,Ref_Text,R0 resection,Cancer_Surgery,"[347, 358]"
29.0,Ref_Text,ultrasound,Imaging_Test,"[467, 476]"
29.0,Ref_Text,liver resection,Cancer_Surgery,"[596, 610]"
29.0,Ref_Text,surgery,Cancer_Surgery,"[789, 795]"
29.0,Ref_Text,adjuvant doublet chemotherapy,Therapy,"[1117, 1145]"
29.0,Ref_Text,FOLFOX,Therapy,"[1148, 1153]"
29.0,Ref_Text,CAPOX,Therapy,"[1158, 1162]"
29.0,Ref_Text,bevacizumab,Therapy,"[1166, 1176]"
29.0,Ref_Text,anti-EGFR therapy,Therapy,"[1205, 1221]"
29.0,Ref_Text,systemic treatment,Therapy,"[1258, 1275]"
29.0,Ref_Text,imaging,Imaging_Test,"[1340, 1346]"
30.0,Text,systemic therapy,Therapy,"[49, 64]"
30.0,Text,doublet,Therapy,"[114, 120]"
30.0,Text,FOLFOX,Therapy,"[129, 134]"
30.0,Text,cetuximab,Therapy,"[159, 167]"
30.0,Text,surgery,Cancer_Surgery,"[308, 314]"
30.0,Text,neoadjuvant therapy,Therapy,"[339, 357]"
30.0,Text,liver MRI,Imaging_Test,"[373, 381]"
30.0,Text,thoraco‑abdominal CT,Imaging_Test,"[422, 441]"
30.0,Text,volumetric analysis,Imaging_Test,"[536, 554]"
30.0,Text,Surgical resection,Cancer_Surgery,"[631, 648]"
30.0,Text,segment IV resection,Cancer_Surgery,"[754, 773]"
30.0,Text,segment V resection,Cancer_Surgery,"[787, 805]"
30.0,Text,segment VII resection,Cancer_Surgery,"[812, 832]"
30.0,Text,ultrasound,Imaging_Test,"[885, 894]"
30.0,Text,resected,Cancer_Surgery,"[1019, 1026]"
30.0,Text,thermal ablation,Therapy,"[1049, 1064]"
30.0,Text,adjuvant,Therapy,"[1089, 1096]"
30.0,Text,chemotherapy,Therapy,"[1147, 1158]"
30.0,Ref_Text,liver MRI,Imaging_Test,"[90, 98]"
30.0,Ref_Text,contrast-enhanced CT,Imaging_Test,"[104, 123]"
30.0,Ref_Text,chemotherapy,Therapy,"[502, 513]"
30.0,Ref_Text,FOLFOX,Therapy,"[516, 521]"
30.0,Ref_Text,FOLFIRI,Therapy,"[526, 532]"
30.0,Ref_Text,anti-EGFR,Therapy,"[536, 544]"
30.0,Ref_Text,surgery,Cancer_Surgery,"[671, 677]"
30.0,Ref_Text,CT-scan,Imaging_Test,"[728, 734]"
30.0,Ref_Text,intra-operative ultrasound,Imaging_Test,"[944, 969]"
30.0,Ref_Text,Segment IV wedge/segmentectomy,Cancer_Surgery,"[974, 1003]"
30.0,Ref_Text,ablation,Therapy,"[1008, 1015]"
30.0,Ref_Text,Segment V wedge resection,Cancer_Surgery,"[1020, 1044]"
30.0,Ref_Text,ablation,Cancer_Surgery,"[1049, 1056]"
30.0,Ref_Text,Segment VII wedge resection,Cancer_Surgery,"[1061, 1087]"
30.0,Ref_Text,R0 resection,Cancer_Surgery,"[1116, 1127]"
30.0,Ref_Text,ultrasound,Imaging_Test,"[1236, 1245]"
30.0,Ref_Text,liver resection,Cancer_Surgery,"[1365, 1379]"
30.0,Ref_Text,imaging,Imaging_Test,"[2021, 2027]"
31.0,Text,contrast‑enhanced thoraco‑abdominal CT,Imaging_Test,"[76, 113]"
31.0,Text,PET/CT,Imaging_Test,"[126, 131]"
31.0,Text,CT,Imaging_Test,"[220, 221]"
31.0,Text,MRI,Imaging_Test,"[226, 228]"
31.0,Text,chemotherapy,Therapy,"[284, 295]"
31.0,Text,FOLFOX,Therapy,"[623, 628]"
31.0,Text,bevacizumab,Therapy,"[632, 642]"
31.0,Text,Surgical resection,Cancer_Surgery,"[802, 819]"
31.0,Text,ultrasound,Imaging_Test,"[975, 984]"
31.0,Text,vascular reconstruction,Cancer_Surgery,"[1142, 1164]"
31.0,Text,systemic chemotherapy,Therapy,"[1365, 1385]"
31.0,Text,adjuvant therapy,Therapy,"[1427, 1442]"
31.0,Ref_Text,liver MRI,Imaging_Test,"[90, 98]"
31.0,Ref_Text,contrast-enhanced CT,Imaging_Test,"[104, 123]"
31.0,Ref_Text,CEA,Therapy,"[228, 230]"
31.0,Ref_Text,surgical resection,Cancer_Surgery,"[353, 370]"
31.0,Ref_Text,neoadjuvant chemotherapy,Therapy,"[405, 428]"
31.0,Ref_Text,ultrasound,Imaging_Test,"[544, 553]"
31.0,Ref_Text,liver resection,Cancer_Surgery,"[673, 687]"
31.0,Ref_Text,surgery,Cancer_Surgery,"[866, 872]"
31.0,Ref_Text,adjuvant doublet chemotherapy,Therapy,"[1194, 1222]"
31.0,Ref_Text,FOLFOX,Therapy,"[1225, 1230]"
31.0,Ref_Text,CAPOX,Therapy,"[1235, 1239]"
31.0,Ref_Text,bevacizumab,Therapy,"[1243, 1253]"
31.0,Ref_Text,anti-EGFR therapy,Therapy,"[1282, 1298]"
31.0,Ref_Text,systemic treatment,Therapy,"[1335, 1352]"
31.0,Ref_Text,imaging,Imaging_Test,"[1417, 1423]"
32.0,Text,Neoadjuvant systemic therapy,Therapy,"[35, 62]"
32.0,Text,FOLFOXIRI,Therapy,"[85, 93]"
32.0,Text,bevacizumab,Therapy,"[97, 107]"
32.0,Text,biologic,Therapy,"[127, 134]"
32.0,Text,contrast‑enhanced liver MRI,Imaging_Test,"[390, 416]"
32.0,Text,chemotherapy,Therapy,"[442, 453]"
32.0,Text,staged hepatectomy,Cancer_Surgery,"[661, 678]"
32.0,Text,liver surgery,Cancer_Surgery,"[733, 745]"
32.0,Text,parenchymal‑sparing anatomical resections,Cancer_Surgery,"[798, 838]"
32.0,Text,thermal ablation,Therapy,"[909, 924]"
32.0,Text,hepatectomy,Cancer_Surgery,"[1056, 1066]"
32.0,Text,completion hepatectomy,Cancer_Surgery,"[1145, 1166]"
32.0,Text,systemic therapy,Therapy,"[1191, 1206]"
32.0,Text,adjuvant chemotherapy,Therapy,"[1242, 1262]"
32.0,Ref_Text,high-resolution contrast-enhanced CT,Imaging_Test,"[100, 135]"
32.0,Ref_Text,chemotherapy,Therapy,"[509, 520]"
32.0,Ref_Text,FOLFOX,Therapy,"[523, 528]"
32.0,Ref_Text,FOLFIRI,Therapy,"[533, 539]"
32.0,Ref_Text,bevacizumab,Therapy,"[543, 553]"
32.0,Ref_Text,surgery,Cancer_Surgery,"[707, 713]"
32.0,Ref_Text,CT-scan,Imaging_Test,"[764, 770]"
32.0,Ref_Text,parenchymal-sparing resections,Cancer_Surgery,"[961, 990]"
32.0,Ref_Text,ablation,Cancer_Surgery,"[995, 1002]"
32.0,Ref_Text,ultrasound,Imaging_Test,"[1050, 1059]"
32.0,Ref_Text,liver resection,Cancer_Surgery,"[1339, 1353]"
32.0,Ref_Text,imaging,Imaging_Test,"[1962, 1968]"
33.0,Text,FOLFOXIRI,Therapy,"[85, 93]"
33.0,Text,bevacizumab,Therapy,"[97, 107]"
33.0,Text,systemic therapy,Therapy,"[256, 271]"
33.0,Text,chemotherapy,Therapy,"[363, 374]"
33.0,Text,Contrast‑enhanced triphasic liver CT,Imaging_Test,"[384, 419]"
33.0,Text,gadolinium‑enhanced liver MRI,Imaging_Test,"[423, 451]"
33.0,Text,Thoracic CT,Imaging_Test,"[552, 562]"
33.0,Text,PET‑CT,Imaging_Test,"[568, 573]"
33.0,Text,bone scan,Imaging_Test,"[633, 641]"
33.0,Text,MRI,Imaging_Test,"[646, 648]"
33.0,Text,surgery,Cancer_Surgery,"[723, 729]"
33.0,Text,Segment II wedge/segmentectomy,Cancer_Surgery,"[932, 961]"
33.0,Text,segment VI non‑anatomic resection,Cancer_Surgery,"[967, 999]"
33.0,Text,ultrasound,Imaging_Test,"[1081, 1090]"
33.0,Text,parenchyma‑sparing resections,Cancer_Surgery,"[1173, 1201]"
33.0,Text,systemic chemotherapy,Therapy,"[1299, 1319]"
33.0,Text,adjuvant therapy,Therapy,"[1354, 1369]"
33.0,Text,CT chest/abdomen,Imaging_Test,"[1449, 1464]"
33.0,Ref_Text,liver MRI,Imaging_Test,"[90, 98]"
33.0,Ref_Text,contrast-enhanced CT,Imaging_Test,"[104, 123]"
33.0,Ref_Text,chemotherapy,Therapy,"[505, 516]"
33.0,Ref_Text,FOLFOX,Therapy,"[519, 524]"
33.0,Ref_Text,FOLFIRI,Therapy,"[529, 535]"
33.0,Ref_Text,bevacizumab,Therapy,"[539, 549]"
33.0,Ref_Text,anti-EGFR therapy,Therapy,"[649, 665]"
33.0,Ref_Text,surgery,Cancer_Surgery,"[689, 695]"
33.0,Ref_Text,CT-scan,Imaging_Test,"[746, 752]"
33.0,Ref_Text,parenchymal-sparing wedge/segmental resections,Cancer_Surgery,"[932, 977]"
33.0,Ref_Text,ablation of segments II and VI,Cancer_Surgery,"[982, 1011]"
33.0,Ref_Text,intra-operative ultrasound,Imaging_Test,"[1023, 1048]"
33.0,Ref_Text,R0 resection,Cancer_Surgery,"[1061, 1072]"
33.0,Ref_Text,ultrasound,Imaging_Test,"[1139, 1148]"
33.0,Ref_Text,liver resection,Cancer_Surgery,"[1268, 1282]"
33.0,Ref_Text,imaging,Imaging_Test,"[1891, 1897]"
34.0,Text,contrast‑enhanced thoraco‑abdominal CT,Imaging_Test,"[82, 119]"
34.0,Text,PET‑CT,Imaging_Test,"[125, 130]"
34.0,Text,volumetric liver CT/MRI,Imaging_Test,"[139, 161]"
34.0,Text,imaging,Imaging_Test,"[283, 289]"
34.0,Text,systemic therapy,Therapy,"[379, 394]"
34.0,Text,Neoadjuvant systemic therapy,Therapy,"[402, 429]"
34.0,Text,FOLFOX,Therapy,"[483, 488]"
34.0,Text,chemotherapy,Therapy,"[764, 775]"
34.0,Text,surgery,Cancer_Surgery,"[846, 852]"
34.0,Text,Surgical resection,Cancer_Surgery,"[860, 877]"
34.0,Text,parenchymal‑sparing liver surgery,Cancer_Surgery,"[889, 921]"
34.0,Text,segmental resections,Cancer_Surgery,"[924, 943]"
34.0,Text,ultrasound,Imaging_Test,"[1138, 1147]"
34.0,Text,adjuvant,Therapy,"[1199, 1206]"
34.0,Ref_Text,high-resolution contrast-enhanced CT,Imaging_Test,"[74, 109]"
34.0,Ref_Text,chemotherapy,Therapy,"[530, 541]"
34.0,Ref_Text,FOLFOX,Therapy,"[544, 549]"
34.0,Ref_Text,FOLFIRI,Therapy,"[554, 560]"
34.0,Ref_Text,anti-EGFR,Therapy,"[564, 572]"
34.0,Ref_Text,surgery,Cancer_Surgery,"[700, 706]"
34.0,Ref_Text,CT-scan,Imaging_Test,"[757, 763]"
34.0,Ref_Text,parenchymal-sparing resections,Cancer_Surgery,"[920, 949]"
34.0,Ref_Text,intra-operative ultrasound,Imaging_Test,"[999, 1024]"
34.0,Ref_Text,R0 resection,Cancer_Surgery,"[1037, 1048]"
34.0,Ref_Text,ultrasound,Imaging_Test,"[1126, 1135]"
34.0,Ref_Text,liver resection,Cancer_Surgery,"[1255, 1269]"
34.0,Ref_Text,imaging,Imaging_Test,"[1894, 1900]"
35.0,Text,liver‑specific MRI,Imaging_Test,"[85, 102]"
35.0,Text,volumetric CT,Imaging_Test,"[270, 282]"
35.0,Text,MRI,Imaging_Test,"[287, 289]"
35.0,Text,portal vein embolisation,Therapy,"[585, 608]"
35.0,Text,Neoadjuvant systemic therapy,Therapy,"[659, 686]"
35.0,Text,chemotherapy,Therapy,"[704, 715]"
35.0,Text,FOLFOX,Therapy,"[775, 780]"
35.0,Text,bevacizumab,Therapy,"[785, 795]"
35.0,Text,neoadjuvant therapy,Therapy,"[1025, 1043]"
35.0,Text,liver MRI,Imaging_Test,"[1059, 1067]"
35.0,Text,CT chest/abdomen,Imaging_Test,"[1073, 1088]"
35.0,Text,RECIST,Therapy,"[1126, 1131]"
35.0,Text,Surgical resection,Cancer_Surgery,"[1266, 1283]"
35.0,Text,anatomical segment IVa resection,Cancer_Surgery,"[1303, 1334]"
35.0,Text,segmentectomy,Cancer_Surgery,"[1337, 1349]"
35.0,Text,limited left hepatectomy,Cancer_Surgery,"[1357, 1380]"
35.0,Text,ultrasound,Imaging_Test,"[1448, 1457]"
35.0,Text,cross‑sectional imaging,Imaging_Test,"[1877, 1899]"
35.0,Text,CT,Imaging_Test,"[1902, 1903]"
35.0,Ref_Text,liver MRI,Imaging_Test,"[90, 98]"
35.0,Ref_Text,surgical resection,Cancer_Surgery,"[395, 412]"
35.0,Ref_Text,neoadjuvant chemotherapy,Therapy,"[447, 470]"
35.0,Ref_Text,segment IVa wedge/segmentectomy,Cancer_Surgery,"[485, 515]"
35.0,Ref_Text,intra-operative ultrasound,Imaging_Test,"[527, 552]"
35.0,Ref_Text,R0 resection,Cancer_Surgery,"[587, 598]"
35.0,Ref_Text,ultrasound,Imaging_Test,"[676, 685]"
35.0,Ref_Text,liver resection,Cancer_Surgery,"[805, 819]"
35.0,Ref_Text,surgery,Cancer_Surgery,"[998, 1004]"
35.0,Ref_Text,adjuvant doublet chemotherapy,Therapy,"[1326, 1354]"
35.0,Ref_Text,FOLFOX,Therapy,"[1357, 1362]"
35.0,Ref_Text,CAPOX,Therapy,"[1367, 1371]"
35.0,Ref_Text,bevacizumab,Therapy,"[1375, 1385]"
35.0,Ref_Text,anti-EGFR therapy,Therapy,"[1414, 1430]"
35.0,Ref_Text,systemic treatment,Therapy,"[1467, 1484]"
35.0,Ref_Text,imaging,Imaging_Test,"[1549, 1555]"
36.0,Text,contrast‑enhanced CT of chest/abdomen/pelvis,Imaging_Test,"[68, 111]"
36.0,Text,PET‑CT,Imaging_Test,"[117, 122]"
36.0,Text,liver MRI,Imaging_Test,"[136, 144]"
36.0,Text,Neoadjuvant systemic therapy,Therapy,"[308, 335]"
36.0,Text,fluoropyrimidine‑oxaliplatin doublet,Therapy,"[364, 399]"
36.0,Text,FOLFOX,Therapy,"[408, 413]"
36.0,Text,anti‑VEGF,Therapy,"[418, 426]"
36.0,Text,bevacizumab,Therapy,"[429, 439]"
36.0,Text,chemotherapy,Therapy,"[509, 520]"
36.0,Text,imaging,Imaging_Test,"[660, 666]"
36.0,Text,parenchymal‑sparing hepatectomy,Cancer_Surgery,"[757, 787]"
36.0,Text,segment VII resection,Cancer_Surgery,"[790, 810]"
36.0,Text,segmentectomy,Cancer_Surgery,"[839, 851]"
36.0,Text,segment V wedge/segmentectomy,Cancer_Surgery,"[859, 887]"
36.0,Text,ultrasound,Imaging_Test,"[929, 938]"
36.0,Text,hepatic resection,Cancer_Surgery,"[1084, 1100]"
36.0,Text,surgery,Cancer_Surgery,"[1257, 1263]"
36.0,Text,percutaneous ablation,Therapy,"[1270, 1290]"
36.0,Text,RFA,Therapy,"[1293, 1295]"
36.0,Text,microwave,Therapy,"[1300, 1308]"
36.0,Text,stereotactic body radiotherapy,Therapy,"[1314, 1343]"
36.0,Ref_Text,liver contrast-enhanced CT,Imaging_Test,"[90, 115]"
36.0,Ref_Text,chemotherapy,Therapy,"[510, 521]"
36.0,Ref_Text,FOLFOX,Therapy,"[524, 529]"
36.0,Ref_Text,FOLFIRI,Therapy,"[534, 540]"
36.0,Ref_Text,bevacizumab,Therapy,"[544, 554]"
36.0,Ref_Text,surgery,Cancer_Surgery,"[807, 813]"
36.0,Ref_Text,CT-scan,Imaging_Test,"[864, 870]"
36.0,Ref_Text,intra-operative ultrasound,Imaging_Test,"[1129, 1154]"
36.0,Ref_Text,R0 resection,Cancer_Surgery,"[1167, 1178]"
36.0,Ref_Text,ultrasound,Imaging_Test,"[1256, 1265]"
36.0,Ref_Text,liver resection,Cancer_Surgery,"[1385, 1399]"
36.0,Ref_Text,imaging,Imaging_Test,"[2008, 2014]"
37.0,Text,contrast‑enhanced thoraco‑abdominal CT,Imaging_Test,"[87, 124]"
37.0,Text,PET‑CT,Imaging_Test,"[130, 135]"
37.0,Text,surgery,Cancer_Surgery,"[399, 405]"
37.0,Text,Surgical resection,Cancer_Surgery,"[414, 431]"
37.0,Text,segment III wedge/segmentectomy,Cancer_Surgery,"[532, 562]"
37.0,Text,segment VI wedge/segmentectomy,Cancer_Surgery,"[568, 597]"
37.0,Text,resection,Cancer_Surgery,"[810, 818]"
37.0,Text,Adjuvant systemic therapy,Therapy,"[892, 916]"
37.0,Text,chemotherapy,Therapy,"[948, 959]"
37.0,Text,FOLFOX,Therapy,"[980, 985]"
37.0,Text,CAPOX,Therapy,"[990, 994]"
37.0,Text,hepatectomy,Cancer_Surgery,"[1020, 1030]"
37.0,Text,MRI of the liver,Imaging_Test,"[1295, 1310]"
37.0,Text,Colonoscopic surveillance,Imaging_Test,"[1394, 1418]"
37.0,Text,salvage therapy,Therapy,"[1505, 1519]"
37.0,Ref_Text,high-resolution contrast-enhanced CT,Imaging_Test,"[74, 109]"
37.0,Ref_Text,intra-operative ultrasound,Imaging_Test,"[327, 352]"
37.0,Ref_Text,R0 resection,Cancer_Surgery,"[365, 376]"
37.0,Ref_Text,ultrasound,Imaging_Test,"[454, 463]"
37.0,Ref_Text,liver resection,Cancer_Surgery,"[583, 597]"
37.0,Ref_Text,surgery,Cancer_Surgery,"[776, 782]"
37.0,Ref_Text,FOLFOX,Therapy,"[1149, 1154]"
37.0,Ref_Text,CAPOX,Therapy,"[1159, 1163]"
37.0,Ref_Text,bevacizumab,Therapy,"[1167, 1177]"
37.0,Ref_Text,imaging,Imaging_Test,"[1240, 1246]"
38.0,Text,liver‑specific MRI,Imaging_Test,"[116, 133]"
38.0,Text,chemotherapy,Therapy,"[299, 310]"
38.0,Text,chest CT,Imaging_Test,"[329, 336]"
38.0,Text,PET‑CT,Imaging_Test,"[342, 347]"
38.0,Text,FOLFOX,Therapy,"[634, 639]"
38.0,Text,FOLFOXIRI,Therapy,"[654, 662]"
38.0,Text,bevacizumab,Therapy,"[679, 689]"
38.0,Text,anti‑VEGF,Therapy,"[692, 700]"
38.0,Text,therapy,Therapy,"[805, 811]"
38.0,Text,portal vein embolization,Cancer_Surgery,"[1103, 1126]"
38.0,Text,R0 resection,Cancer_Surgery,"[1197, 1208]"
38.0,Text,parenchymal‑sparing resection,Cancer_Surgery,"[1415, 1443]"
38.0,Text,hepatectomy,Cancer_Surgery,"[1582, 1592]"
38.0,Text,ultrasound,Imaging_Test,"[1795, 1804]"
38.0,Text,resection,Cancer_Surgery,"[1841, 1849]"
38.0,Text,systemic therapy,Therapy,"[1891, 1906]"
38.0,Ref_Text,liver MRI,Imaging_Test,"[90, 98]"
38.0,Ref_Text,contrast-enhanced CT,Imaging_Test,"[104, 123]"
38.0,Ref_Text,chemotherapy,Therapy,"[434, 445]"
38.0,Ref_Text,FOLFOX,Therapy,"[448, 453]"
38.0,Ref_Text,FOLFIRI,Therapy,"[458, 464]"
38.0,Ref_Text,bevacizumab,Therapy,"[468, 478]"
38.0,Ref_Text,anti-EGFR therapy,Therapy,"[578, 594]"
38.0,Ref_Text,surgery,Cancer_Surgery,"[618, 624]"
38.0,Ref_Text,CT-scan,Imaging_Test,"[675, 681]"
38.0,Ref_Text,parenchymal-sparing resections,Cancer_Surgery,"[854, 883]"
38.0,Ref_Text,intra-operative ultrasound,Imaging_Test,"[915, 940]"
38.0,Ref_Text,R0 resection,Cancer_Surgery,"[1041, 1052]"
38.0,Ref_Text,ultrasound,Imaging_Test,"[1130, 1139]"
38.0,Ref_Text,liver resection,Cancer_Surgery,"[1259, 1273]"
38.0,Ref_Text,imaging,Imaging_Test,"[1882, 1888]"
39.0,Text,"contrast‑enhanced CT of chest, abdomen, and pelvis",Imaging_Test,"[73, 122]"
39.0,Text,PET‑CT,Imaging_Test,"[128, 133]"
39.0,Text,MRI,Imaging_Test,"[356, 358]"
39.0,Text,surgery,Cancer_Surgery,"[467, 473]"
39.0,Text,imaging,Imaging_Test,"[540, 546]"
39.0,Text,hepatic surgery,Cancer_Surgery,"[689, 703]"
39.0,Text,portal vein embolization,Cancer_Surgery,"[746, 769]"
39.0,Text,ultrasound,Imaging_Test,"[1163, 1172]"
39.0,Text,Parenchymal‑sparing resection,Cancer_Surgery,"[1241, 1269]"
39.0,Text,R0 resection,Cancer_Surgery,"[1330, 1341]"
39.0,Text,chemotherapy,Therapy,"[1447, 1458]"
39.0,Text,FOLFOX,Therapy,"[1467, 1472]"
39.0,Text,anti‑EGFR agents,Therapy,"[1714, 1729]"
39.0,Text,cross‑sectional imaging,Imaging_Test,"[1863, 1885]"
39.0,Text,CT,Imaging_Test,"[1888, 1889]"
39.0,Text,salvage therapy,Therapy,"[2011, 2025]"
39.0,Ref_Text,high-resolution contrast-enhanced CT,Imaging_Test,"[74, 109]"
39.0,Ref_Text,surgical resection,Cancer_Surgery,"[278, 295]"
39.0,Ref_Text,neoadjuvant chemotherapy,Therapy,"[330, 353]"
39.0,Ref_Text,segment V wedge/segmentectomy,Cancer_Surgery,"[368, 396]"
39.0,Ref_Text,ablation,Therapy,"[401, 408]"
39.0,Ref_Text,ultrasound,Imaging_Test,"[436, 445]"
39.0,Ref_Text,R0 resection,Cancer_Surgery,"[465, 476]"
39.0,Ref_Text,liver resection,Cancer_Surgery,"[683, 697]"
39.0,Ref_Text,surgery,Cancer_Surgery,"[876, 882]"
39.0,Ref_Text,adjuvant doublet chemotherapy,Therapy,"[1204, 1232]"
39.0,Ref_Text,FOLFOX,Therapy,"[1235, 1240]"
39.0,Ref_Text,CAPOX,Therapy,"[1245, 1249]"
39.0,Ref_Text,anti-EGFR,Therapy,"[1253, 1261]"
39.0,Ref_Text,systemic treatment,Therapy,"[1326, 1343]"
39.0,Ref_Text,imaging,Imaging_Test,"[1408, 1414]"
40.0,Text,Neoadjuvant systemic therapy,Therapy,"[35, 62]"
40.0,Text,FOLFOX,Therapy,"[85, 90]"
40.0,Text,bevacizumab,Therapy,"[94, 104]"
40.0,Text,chemotherapy,Therapy,"[333, 344]"
40.0,Text,thoraco‑CT,Imaging_Test,"[417, 426]"
40.0,Text,Surgical resection,Cancer_Surgery,"[591, 608]"
40.0,Text,portal vein embolization,Therapy,"[867, 890]"
40.0,Text,hepatectomy,Cancer_Surgery,"[929, 939]"
40.0,Text,Adjuvant systemic therapy,Therapy,"[1048, 1072]"
40.0,Text,cross‑sectional imaging,Imaging_Test,"[1330, 1352]"
40.0,Text,CT,Imaging_Test,"[1355, 1356]"
40.0,Text,MRI,Imaging_Test,"[1361, 1363]"
40.0,Ref_Text,high-resolution contrast-enhanced CT,Imaging_Test,"[74, 109]"
40.0,Ref_Text,chemotherapy,Therapy,"[530, 541]"
40.0,Ref_Text,FOLFOX,Therapy,"[544, 549]"
40.0,Ref_Text,FOLFIRI,Therapy,"[554, 560]"
40.0,Ref_Text,bevacizumab,Therapy,"[564, 574]"
40.0,Ref_Text,anti-EGFR therapy,Therapy,"[674, 690]"
40.0,Ref_Text,surgery,Cancer_Surgery,"[714, 720]"
40.0,Ref_Text,CT-scan,Imaging_Test,"[771, 777]"
40.0,Ref_Text,parenchymal-sparing wedge/segmental resections,Cancer_Surgery,"[950, 995]"
40.0,Ref_Text,ablation of segments II and VIII,Cancer_Surgery,"[1000, 1031]"
40.0,Ref_Text,intra-operative ultrasound,Imaging_Test,"[1043, 1068]"
40.0,Ref_Text,R0 resection,Cancer_Surgery,"[1081, 1092]"
40.0,Ref_Text,ultrasound,Imaging_Test,"[1170, 1179]"
40.0,Ref_Text,liver resection,Cancer_Surgery,"[1299, 1313]"
40.0,Ref_Text,imaging,Imaging_Test,"[1922, 1928]"
41.0,Text,contrast‑enhanced thoraco‑abdominal‑pelvic CT,Imaging_Test,"[86, 130]"
41.0,Text,PET‑CT,Imaging_Test,"[136, 141]"
41.0,Text,liver MRI,Imaging_Test,"[261, 269]"
41.0,Text,surgery,Cancer_Surgery,"[913, 919]"
41.0,Text,liver‑first hepatectomy,Cancer_Surgery,"[1204, 1226]"
41.0,Text,hepatectomy,Cancer_Surgery,"[1390, 1400]"
41.0,Text,portal vein embolization,Therapy,"[1507, 1530]"
41.0,Text,bevacizumab,Therapy,"[1937, 1947]"
41.0,Text,liver surgery,Cancer_Surgery,"[1965, 1977]"
41.0,Text,FOLFOX,Therapy,"[2092, 2097]"
41.0,Text,chemotherapy,Therapy,"[2301, 2312]"
41.0,Text,CT,Imaging_Test,"[2444, 2445]"
41.0,Text,MRI,Imaging_Test,"[2450, 2452]"
41.0,Text,conversion‑therapy,Therapy,"[2564, 2581]"
41.0,Text,adjuvant targeted‑therapy,Therapy,"[2586, 2610]"
41.0,Ref_Text,liver MRI,Imaging_Test,"[102, 110]"
41.0,Ref_Text,contrast-enhanced CT,Imaging_Test,"[116, 135]"
41.0,Ref_Text,imaging,Imaging_Test,"[320, 326]"
41.0,Ref_Text,parenchymal-sparing resections,Cancer_Surgery,"[361, 390]"
41.0,Ref_Text,ablation,Cancer_Surgery,"[395, 402]"
41.0,Ref_Text,hepatectomy,Cancer_Surgery,"[549, 559]"
41.0,Ref_Text,R0 resection,Cancer_Surgery,"[673, 684]"
41.0,Ref_Text,ultrasound,Imaging_Test,"[762, 771]"
41.0,Ref_Text,liver resection,Cancer_Surgery,"[891, 905]"
41.0,Ref_Text,surgery,Cancer_Surgery,"[1084, 1090]"
41.0,Ref_Text,Left colectomy,Cancer_Surgery,"[1165, 1178]"
41.0,Ref_Text,oncological lymphadenectomy,Cancer_Surgery,"[1216, 1242]"
41.0,Ref_Text,resection,Cancer_Surgery,"[1363, 1371]"
41.0,Ref_Text,colectomy,Cancer_Surgery,"[1399, 1407]"
41.0,Ref_Text,systemic therapy,Therapy,"[1447, 1462]"
42.0,Text,liver MRI,Imaging_Test,"[91, 99]"
42.0,Text,contrast‑enhanced CT of abdomen/pelvis,Imaging_Test,"[252, 289]"
42.0,Text,PET‑CT,Imaging_Test,"[326, 331]"
42.0,Text,FOLFOXIRI,Therapy,"[739, 747]"
42.0,Text,bevacizumab,Therapy,"[751, 761]"
42.0,Text,targeted agent,Therapy,"[773, 786]"
42.0,Text,anti‑EGFR,Therapy,"[816, 824]"
42.0,Text,anti‑VEGF,Therapy,"[863, 871]"
42.0,Text,surgical conversion,Cancer_Surgery,"[998, 1016]"
42.0,Text,imaging,Imaging_Test,"[1028, 1034]"
42.0,Text,portal vein embolization,Cancer_Surgery,"[1189, 1212]"
42.0,Text,staged hepatectomy,Cancer_Surgery,"[1280, 1297]"
42.0,Text,hepatectomy,Cancer_Surgery,"[1375, 1385]"
42.0,Text,R0 resection,Cancer_Surgery,"[1432, 1443]"
42.0,Text,resected,Cancer_Surgery,"[1598, 1605]"
42.0,Text,primary tumor resection,Cancer_Surgery,"[1827, 1849]"
42.0,Text,hepatic surgery,Cancer_Surgery,"[1883, 1897]"
42.0,Text,radiofrequency ablation,Cancer_Surgery,"[2031, 2053]"
42.0,Text,hepatic arterial infusion chemotherapy,Therapy,"[2056, 2093]"
42.0,Text,stereotactic body radiotherapy,Therapy,"[2099, 2128]"
42.0,Ref_Text,systemic therapy,Therapy,"[74, 89]"
42.0,Ref_Text,parenchymal-sparing resections,Cancer_Surgery,"[712, 741]"
42.0,Ref_Text,staged hepatectomy,Cancer_Surgery,"[769, 786]"
42.0,Ref_Text,intra-arterial chemotherapy,Therapy,"[949, 975]"
42.0,Ref_Text,resection,Cancer_Surgery,"[983, 991]"
43.0,Text,contrast‑enhanced liver MRI,Imaging_Test,"[74, 100]"
43.0,Text,thoraco‑abdominal‑pelvic CT,Imaging_Test,"[134, 160]"
43.0,Text,PET‑CT,Imaging_Test,"[166, 171]"
43.0,Text,imaging,Imaging_Test,"[522, 528]"
43.0,Text,single‑stage hepatectomy,Cancer_Surgery,"[706, 729]"
43.0,Text,two‑stage hepatectomy,Cancer_Surgery,"[734, 754]"
43.0,Text,portal vein embolization,Therapy,"[760, 783]"
43.0,Text,hepatic resection,Cancer_Surgery,"[993, 1009]"
43.0,Text,hepatectomy,Cancer_Surgery,"[1193, 1203]"
43.0,Text,systemic therapy,Therapy,"[1248, 1263]"
43.0,Text,hepatic surgery,Cancer_Surgery,"[1278, 1292]"
43.0,Text,total mesorectal excision,Cancer_Surgery,"[1347, 1371]"
43.0,Text,sphincter‑preserving surgery,Cancer_Surgery,"[1382, 1409]"
43.0,Text,FOLFOXIRI,Therapy,"[1600, 1608]"
43.0,Text,targeted agents,Therapy,"[1678, 1692]"
43.0,Ref_Text,liver MRI,Imaging_Test,"[113, 121]"
43.0,Ref_Text,parenchymal-sparing resections,Cancer_Surgery,"[555, 584]"
43.0,Ref_Text,staged hepatectomy,Cancer_Surgery,"[587, 604]"
43.0,Ref_Text,ultrasound,Imaging_Test,"[657, 666]"
43.0,Ref_Text,R0 resection,Cancer_Surgery,"[1020, 1031]"
43.0,Ref_Text,liver resection,Cancer_Surgery,"[1238, 1252]"
43.0,Ref_Text,systemic therapy,Therapy,"[1310, 1325]"
44.0,Text,resected,Cancer_Surgery,"[142, 149]"
44.0,Text,right hemicolectomy,Cancer_Surgery,"[167, 185]"
44.0,Text,second‑line,Therapy,"[315, 325]"
44.0,Text,FOLFIRI,Therapy,"[360, 366]"
44.0,Text,bevacizumab,Therapy,"[370, 380]"
44.0,Text,FOLFOXIRI,Therapy,"[395, 403]"
44.0,Text,curative intent surgery,Cancer_Surgery,"[979, 1001]"
44.0,Text,right posterior sectorectomy,Cancer_Surgery,"[1004, 1031]"
44.0,Text,extended right hepatectomy,Cancer_Surgery,"[1036, 1061]"
44.0,Text,portal vein embolization,Therapy,"[1085, 1108]"
44.0,Text,radio‑embolization,Cancer_Surgery,"[1255, 1272]"
44.0,Text,stereotactic body radiotherapy,Therapy,"[1284, 1313]"
44.0,Text,Percutaneous ablation,Cancer_Surgery,"[1348, 1368]"
44.0,Text,systemic therapy,Therapy,"[1457, 1472]"
44.0,Ref_Text,systemic therapy,Therapy,"[57, 72]"
44.0,Ref_Text,FOLFOX,Therapy,"[109, 114]"
44.0,Ref_Text,FOLFIRI,Therapy,"[201, 207]"
44.0,Ref_Text,bevacizumab,Therapy,"[211, 221]"
44.0,Ref_Text,anti-EGFR therapy,Therapy,"[250, 266]"
44.0,Ref_Text,liver MRI,Imaging_Test,"[423, 431]"
44.0,Ref_Text,surgery,Cancer_Surgery,"[576, 582]"
44.0,Ref_Text,parenchymal-sparing resection,Cancer_Surgery,"[686, 714]"
44.0,Ref_Text,intra-arterial chemotherapy,Therapy,"[858, 884]"
44.0,Ref_Text,resection,Cancer_Surgery,"[892, 900]"
44.0,Ref_Text,MDT,Therapy,"[987, 989]"
45.0,Text,liver MRI,Imaging_Test,"[66, 74]"
45.0,Text,diffusion‑weighted imaging,Imaging_Test,"[87, 112]"
45.0,Text,MRI,Imaging_Test,"[421, 423]"
45.0,Text,parenchymal‑sparing resection,Cancer_Surgery,"[490, 518]"
45.0,Text,curative‑intent surgery,Cancer_Surgery,"[571, 593]"
45.0,Text,ultrasound,Imaging_Test,"[924, 933]"
45.0,Text,FOLFOX,Therapy,"[1207, 1212]"
45.0,Text,panitumumab,Therapy,"[1279, 1289]"
45.0,Text,CT,Imaging_Test,"[1406, 1407]"
45.0,Text,bevacizumab,Therapy,"[1659, 1669]"
45.0,Text,FOLFOXIRI,Therapy,"[1691, 1699]"
45.0,Text,resection,Cancer_Surgery,"[1765, 1773]"
45.0,Ref_Text,resection,Cancer_Surgery,"[449, 457]"
45.0,Ref_Text,ablation,Cancer_Surgery,"[462, 469]"
45.0,Ref_Text,ultrasound,Imaging_Test,"[561, 570]"
45.0,Ref_Text,Left colectomy,Cancer_Surgery,"[732, 745]"
45.0,Ref_Text,oncological lymphadenectomy,Cancer_Surgery,"[783, 809]"
45.0,Ref_Text,colectomy,Cancer_Surgery,"[966, 974]"
45.0,Ref_Text,systemic therapy,Therapy,"[1014, 1029]"
45.0,Ref_Text,surgery,Cancer_Surgery,"[1302, 1308]"
46.0,Text,contrast‑enhanced liver MRI,Imaging_Test,"[86, 112]"
46.0,Text,hepatobiliary agent,Therapy,"[119, 137]"
46.0,Text,"triphasic CT of chest, abdomen and pelvis",Imaging_Test,"[144, 184]"
46.0,Text,PET‑CT,Imaging_Test,"[190, 195]"
46.0,Text,volumetric CT,Imaging_Test,"[270, 282]"
46.0,Text,MRI,Imaging_Test,"[287, 289]"
46.0,Text,resected,Cancer_Surgery,"[500, 507]"
46.0,Text,neoadjuvant chemoradiotherapy,Therapy,"[557, 585]"
46.0,Text,CRT,Therapy,"[588, 590]"
46.0,Text,MRI of the pelvis,Imaging_Test,"[602, 618]"
46.0,Text,surgery,Cancer_Surgery,"[948, 954]"
46.0,Text,Surgical intervention,Cancer_Surgery,"[990, 1010]"
46.0,Text,Liver surgery,Cancer_Surgery,"[1019, 1031]"
46.0,Text,Rectal primary,Cancer_Surgery,"[1226, 1239]"
46.0,Text,total mesorectal excision,Cancer_Surgery,"[1251, 1275]"
46.0,Text,liver resection,Cancer_Surgery,"[1289, 1303]"
46.0,Text,systemic chemotherapy,Therapy,"[1586, 1606]"
46.0,Text,targeted therapy,Therapy,"[1689, 1704]"
46.0,Text,anti‑EGFR,Therapy,"[1707, 1715]"
46.0,Text,cross‑sectional liver imaging,Imaging_Test,"[1842, 1870]"
46.0,Text,chest CT,Imaging_Test,"[1882, 1889]"
46.0,Ref_Text,staged hepatectomy,Cancer_Surgery,"[628, 645]"
46.0,Ref_Text,R0 resection,Cancer_Surgery,"[736, 747]"
46.0,Ref_Text,ultrasound,Imaging_Test,"[825, 834]"
46.0,Ref_Text,liver resection,Cancer_Surgery,"[954, 968]"
46.0,Ref_Text,radiotherapy,Therapy,"[1044, 1055]"
46.0,Ref_Text,surgery,Cancer_Surgery,"[1059, 1065]"
46.0,Ref_Text,pelvic MRI,Imaging_Test,"[1228, 1237]"
46.0,Ref_Text,resection,Cancer_Surgery,"[1321, 1329]"
46.0,Ref_Text,rectal resection,Cancer_Surgery,"[1562, 1577]"
46.0,Ref_Text,oncologic resection of the upper rectum,Cancer_Surgery,"[1607, 1645]"
46.0,Ref_Text,low anterior resection,Cancer_Surgery,"[1648, 1669]"
46.0,Ref_Text,pelvic treatment,Therapy,"[1754, 1769]"
46.0,Ref_Text,systemic therapy,Therapy,"[2206, 2221]"
47.0,Text,systemic therapy,Therapy,"[73, 88]"
47.0,Text,anti‑EGFR agent,Therapy,"[216, 230]"
47.0,Text,cetuximab,Therapy,"[233, 241]"
47.0,Text,panitumumab,Therapy,"[246, 256]"
47.0,Text,FOLFOXIRI,Therapy,"[294, 302]"
47.0,Text,anti‑VEGF,Therapy,"[362, 370]"
47.0,Text,bevacizumab,Therapy,"[373, 383]"
47.0,Text,liver MRI,Imaging_Test,"[610, 618]"
47.0,Text,thoraco‑abdominal CT/PET‑CT,Imaging_Test,"[771, 797]"
47.0,Text,brain MRI,Imaging_Test,"[853, 861]"
47.0,Text,resected,Cancer_Surgery,"[1267, 1274]"
47.0,Text,portal vein embolization,Therapy,"[1508, 1531]"
47.0,Text,hepatectomy,Cancer_Surgery,"[1554, 1564]"
47.0,Text,colon and liver resection,Cancer_Surgery,"[1827, 1851]"
47.0,Text,hepatic resection,Cancer_Surgery,"[1884, 1900]"
47.0,Text,chemotherapy,Therapy,"[2069, 2080]"
47.0,Ref_Text,systemic therapy,Therapy,"[57, 72]"
47.0,Ref_Text,FOLFOX,Therapy,"[124, 129]"
47.0,Ref_Text,FOLFIRI,Therapy,"[263, 269]"
47.0,Ref_Text,targeted therapy,Therapy,"[273, 288]"
47.0,Ref_Text,liver MRI,Imaging_Test,"[477, 485]"
47.0,Ref_Text,surgery,Cancer_Surgery,"[630, 636]"
47.0,Ref_Text,parenchymal-sparing resection,Cancer_Surgery,"[740, 768]"
47.0,Ref_Text,intra-arterial chemotherapy,Therapy,"[912, 938]"
47.0,Ref_Text,resection,Cancer_Surgery,"[946, 954]"
47.0,Ref_Text,MDT,Therapy,"[1041, 1043]"
48.0,Text,contrast‑enhanced thoraco‑abdominal CT,Imaging_Test,"[77, 114]"
48.0,Text,PET‑CT,Imaging_Test,"[120, 125]"
48.0,Text,liver MRI,Imaging_Test,"[198, 206]"
48.0,Text,surgical resection,Cancer_Surgery,"[673, 690]"
48.0,Text,segmental colectomy,Cancer_Surgery,"[693, 711]"
48.0,Text,liver surgery,Cancer_Surgery,"[742, 754]"
48.0,Text,colorectal surgery,Cancer_Surgery,"[844, 861]"
48.0,Text,mFOLFOX,Therapy,"[983, 989]"
48.0,Text,bevacizumab,Therapy,"[993, 1003]"
48.0,Text,anti‑VEGF therapy,Therapy,"[1049, 1065]"
48.0,Text,FOLFIRI,Therapy,"[1228, 1234]"
48.0,Text,hepatic resection,Cancer_Surgery,"[1432, 1448]"
48.0,Text,segmentectomy of segment VII,Cancer_Surgery,"[1451, 1478]"
48.0,Text,parenchymal‑sparing resections,Cancer_Surgery,"[1485, 1514]"
48.0,Text,resection,Cancer_Surgery,"[1645, 1653]"
48.0,Text,percutaneous radiofrequency ablation,Therapy,"[1698, 1733]"
48.0,Text,stereotactic body radiotherapy,Therapy,"[1738, 1767]"
48.0,Text,ablation,Cancer_Surgery,"[1926, 1933]"
48.0,Text,systemic chemotherapy,Therapy,"[2037, 2057]"
48.0,Text,second‑line,Therapy,"[2109, 2119]"
48.0,Text,CT,Imaging_Test,"[2146, 2147]"
48.0,Text,MRI,Imaging_Test,"[2152, 2154]"
48.0,Ref_Text,chemotherapy,Therapy,"[154, 165]"
48.0,Ref_Text,systemic therapy,Therapy,"[184, 199]"
48.0,Ref_Text,MDT,Therapy,"[224, 226]"
48.0,Ref_Text,liver MRI,Imaging_Test,"[323, 331]"
48.0,Ref_Text,Parenchymal-sparing resection,Cancer_Surgery,"[703, 731]"
48.0,Ref_Text,cytoreduction,Cancer_Surgery,"[863, 875]"
48.0,Ref_Text,intra-arterial chemotherapy,Therapy,"[1217, 1243]"
48.0,Ref_Text,resection,Cancer_Surgery,"[1251, 1259]"
49.0,Text,liver MRI,Imaging_Test,"[90, 98]"
49.0,Text,PET‑CT,Imaging_Test,"[140, 145]"
49.0,Text,pelvic MRI,Imaging_Test,"[232, 241]"
49.0,Text,flexible endoscopy of the rectum,Imaging_Test,"[247, 278]"
49.0,Text,biopsies,Imaging_Test,"[331, 338]"
49.0,Text,Imaging,Imaging_Test,"[388, 394]"
49.0,Text,surgery,Cancer_Surgery,"[499, 505]"
49.0,Text,surgical intervention,Cancer_Surgery,"[630, 650]"
49.0,Text,total mesorectal excision,Cancer_Surgery,"[940, 964]"
49.0,Text,local excision,Cancer_Surgery,"[1002, 1015]"
49.0,Text,MRI,Imaging_Test,"[1076, 1078]"
49.0,Text,ultrasound,Imaging_Test,"[1162, 1171]"
49.0,Text,parenchymal‑sparing resection,Cancer_Surgery,"[1187, 1215]"
49.0,Text,ablative therapy,Therapy,"[1220, 1235]"
49.0,Text,R0 resection,Cancer_Surgery,"[1365, 1376]"
49.0,Text,ablation,Therapy,"[1390, 1397]"
49.0,Text,adjuvant therapy,Therapy,"[1453, 1468]"
49.0,Text,adjuvant systemic therapy,Therapy,"[1629, 1653]"
49.0,Ref_Text,ultrasound,Imaging_Test,"[549, 558]"
49.0,Ref_Text,systemic therapy,Therapy,"[746, 761]"
49.0,Ref_Text,imaging,Imaging_Test,"[773, 779]"
49.0,Ref_Text,radiotherapy,Therapy,"[939, 950]"
49.0,Ref_Text,surgery,Cancer_Surgery,"[954, 960]"
49.0,Ref_Text,pelvic MRI,Imaging_Test,"[1123, 1132]"
49.0,Ref_Text,resection,Cancer_Surgery,"[1216, 1224]"
49.0,Ref_Text,rectal resection,Cancer_Surgery,"[1457, 1472]"
49.0,Ref_Text,oncologic resection of the upper rectum,Cancer_Surgery,"[1502, 1540]"
49.0,Ref_Text,low anterior resection,Cancer_Surgery,"[1543, 1564]"
49.0,Ref_Text,pelvic treatment,Therapy,"[1649, 1664]"
50.0,Text,contrast‑enhanced liver MRI,Imaging_Test,"[63, 89]"
50.0,Text,chest CT,Imaging_Test,"[136, 143]"
50.0,Text,PET‑CT,Imaging_Test,"[149, 154]"
50.0,Text,targeted agents,Therapy,"[462, 476]"
50.0,Text,systemic therapy,Therapy,"[492, 507]"
50.0,Text,second‑line,Therapy,"[599, 609]"
50.0,Text,FOLFIRI,Therapy,"[626, 632]"
50.0,Text,anti‑VEGF,Therapy,"[636, 644]"
50.0,Text,anti‑EGFR,Therapy,"[649, 657]"
50.0,Text,RECIST,Therapy,"[744, 749]"
50.0,Text,imaging,Imaging_Test,"[885, 891]"
50.0,Text,single‑stage resection,Cancer_Surgery,"[906, 927]"
50.0,Text,portal vein embolization,Therapy,"[994, 1017]"
50.0,Text,staged hepatectomy,Cancer_Surgery,"[1085, 1102]"
50.0,Text,hepatectomy,Cancer_Surgery,"[1193, 1203]"
50.0,Text,colectomy,Cancer_Surgery,"[1510, 1518]"
50.0,Text,resection,Cancer_Surgery,"[1582, 1590]"
50.0,Text,liver surgery,Cancer_Surgery,"[1639, 1651]"
50.0,Text,adjuvant systemic therapy,Therapy,"[1759, 1783]"
50.0,Ref_Text,systemic therapy,Therapy,"[57, 72]"
50.0,Ref_Text,chemotherapy,Therapy,"[125, 136]"
50.0,Ref_Text,intra arterial chemotherapy,Therapy,"[196, 222]"
50.0,Ref_Text,resection,Cancer_Surgery,"[230, 238]"
50.0,Ref_Text,liver MRI,Imaging_Test,"[450, 458]"
50.0,Ref_Text,surgery,Cancer_Surgery,"[729, 735]"
50.0,Ref_Text,parenchymal-sparing resection,Cancer_Surgery,"[864, 892]"
51.0,Text,Systemic therapy,Therapy,"[35, 50]"
51.0,Text,oxaliplatin‑based doublet,Therapy,"[92, 116]"
51.0,Text,mFOLFOX6,Therapy,"[125, 132]"
51.0,Text,bevacizumab,Therapy,"[140, 150]"
51.0,Text,MRI,Imaging_Test,"[341, 343]"
51.0,Text,chemotherapy,Therapy,"[390, 401]"
51.0,Text,functional imaging,Imaging_Test,"[490, 507]"
51.0,Text,99mTc‑mebrofenin,Therapy,"[510, 525]"
51.0,Text,parenchymal‑sparing left‑lateral segmentectomy,Cancer_Surgery,"[655, 700]"
51.0,Text,R0 resection,Cancer_Surgery,"[733, 744]"
51.0,Text,percutaneous radiofrequency,Therapy,"[847, 873]"
51.0,Text,microwave ablation,Therapy,"[878, 895]"
51.0,Text,resection,Cancer_Surgery,"[1055, 1063]"
51.0,Text,adjuvant systemic therapy,Therapy,"[1106, 1130]"
51.0,Text,CT chest/abdomen,Imaging_Test,"[1211, 1226]"
51.0,Text,MRI liver,Imaging_Test,"[1231, 1239]"
51.0,Ref_Text,liver MRI,Imaging_Test,"[127, 135]"
51.0,Ref_Text,contrast-enhanced CT,Imaging_Test,"[141, 160]"
51.0,Ref_Text,chemotherapy,Therapy,"[575, 586]"
51.0,Ref_Text,FOLFOX,Therapy,"[589, 594]"
51.0,Ref_Text,FOLFIRI,Therapy,"[599, 605]"
51.0,Ref_Text,bevacizumab,Therapy,"[609, 619]"
51.0,Ref_Text,anti-EGFR therapy,Therapy,"[666, 682]"
51.0,Ref_Text,surgery,Cancer_Surgery,"[706, 712]"
51.0,Ref_Text,CT-scan,Imaging_Test,"[763, 769]"
51.0,Ref_Text,parenchymal-sparing resections,Cancer_Surgery,"[960, 989]"
51.0,Ref_Text,ablation,Cancer_Surgery,"[994, 1001]"
51.0,Ref_Text,extended resection,Cancer_Surgery,"[1105, 1122]"
51.0,Ref_Text,ultrasound,Imaging_Test,"[1251, 1260]"
51.0,Ref_Text,liver resection,Cancer_Surgery,"[1380, 1394]"
51.0,Ref_Text,imaging,Imaging_Test,"[2028, 2034]"
52.0,Text,contrast‑enhanced thoraco‑abdominal CT,Imaging_Test,"[66, 103]"
52.0,Text,PET‑CT,Imaging_Test,"[109, 114]"
52.0,Text,chemotherapy,Therapy,"[397, 408]"
52.0,Text,FOLFOX,Therapy,"[417, 422]"
52.0,Text,bevacizumab,Therapy,"[426, 436]"
52.0,Text,portal vein embolization,Cancer_Surgery,"[868, 891]"
52.0,Text,imaging,Imaging_Test,"[1149, 1155]"
52.0,Text,FLR,Therapy,"[1200, 1202]"
52.0,Text,curative‑intent resection,Cancer_Surgery,"[1292, 1316]"
52.0,Text,anatomic segment VIII resection,Cancer_Surgery,"[1322, 1352]"
52.0,Text,segmentectomy,Cancer_Surgery,"[1355, 1367]"
52.0,Text,reconstruct IVC,Cancer_Surgery,"[1403, 1417]"
52.0,Text,primary repair,Cancer_Surgery,"[1441, 1454]"
52.0,Text,ultrasound,Imaging_Test,"[1485, 1494]"
52.0,Text,systemic chemotherapy,Therapy,"[1702, 1722]"
52.0,Text,adjuvant therapy,Therapy,"[1772, 1787]"
52.0,Text,stereotactic body radiotherapy,Therapy,"[2063, 2092]"
52.0,Text,SBRT,Therapy,"[2095, 2098]"
52.0,Text,percutaneous ablation of the hepatic lesion,Cancer_Surgery,"[2104, 2146]"
52.0,Ref_Text,liver MRI,Imaging_Test,"[118, 126]"
52.0,Ref_Text,contrast-enhanced CT,Imaging_Test,"[132, 151]"
52.0,Ref_Text,R0 resection,Cancer_Surgery,"[366, 377]"
52.0,Ref_Text,caval reconstruction,Cancer_Surgery,"[403, 422]"
52.0,Ref_Text,chemotherapy,Therapy,"[583, 594]"
52.0,Ref_Text,FOLFOX,Therapy,"[597, 602]"
52.0,Ref_Text,FOLFIRI,Therapy,"[607, 613]"
52.0,Ref_Text,anti-EGFR,Therapy,"[617, 625]"
52.0,Ref_Text,surgery,Cancer_Surgery,"[753, 759]"
52.0,Ref_Text,CT-scan,Imaging_Test,"[810, 816]"
52.0,Ref_Text,ultrasound,Imaging_Test,"[1173, 1182]"
52.0,Ref_Text,liver resection,Cancer_Surgery,"[1276, 1290]"
52.0,Ref_Text,imaging,Imaging_Test,"[1925, 1931]"
53.0,Text,MRI,Imaging_Test,"[135, 137]"
53.0,Text,Neoadjuvant systemic therapy,Therapy,"[447, 474]"
53.0,Text,FOLFOX,Therapy,"[523, 528]"
53.0,Text,bevacizumab,Therapy,"[532, 542]"
53.0,Text,FOLFIRI,Therapy,"[547, 553]"
53.0,Text,imaging,Imaging_Test,"[856, 862]"
53.0,Text,chemotherapy,Therapy,"[870, 881]"
53.0,Text,portal vein embolization,Therapy,"[1252, 1275]"
53.0,Text,staged right‑lobe resection,Cancer_Surgery,"[1361, 1387]"
53.0,Text,adjuvant systemic therapy,Therapy,"[1480, 1504]"
53.0,Text,liver MRI/CT,Imaging_Test,"[1676, 1687]"
53.0,Ref_Text,liver MRI,Imaging_Test,"[118, 126]"
53.0,Ref_Text,contrast-enhanced CT,Imaging_Test,"[132, 151]"
53.0,Ref_Text,FOLFOX,Therapy,"[637, 642]"
53.0,Ref_Text,FOLFIRI,Therapy,"[647, 653]"
53.0,Ref_Text,bevacizumab,Therapy,"[657, 667]"
53.0,Ref_Text,anti-EGFR therapy,Therapy,"[709, 725]"
53.0,Ref_Text,resection,Cancer_Surgery,"[1016, 1024]"
53.0,Ref_Text,ultrasound,Imaging_Test,"[1088, 1097]"
53.0,Ref_Text,R0 resection,Cancer_Surgery,"[1127, 1138]"
53.0,Ref_Text,liver resection,Cancer_Surgery,"[1311, 1325]"
53.0,Ref_Text,surgery,Cancer_Surgery,"[1504, 1510]"
53.0,Ref_Text,imaging,Imaging_Test,"[1967, 1973]"
54.0,Text,chest CT,Imaging_Test,"[63, 70]"
54.0,Text,PET‑CT,Imaging_Test,"[76, 81]"
54.0,Text,contrast‑enhanced abdominal CT,Imaging_Test,"[88, 117]"
54.0,Text,liver MRI,Imaging_Test,"[168, 176]"
54.0,Text,Neoadjuvant systemic therapy,Therapy,"[305, 332]"
54.0,Text,FOLFOX,Therapy,"[385, 390]"
54.0,Text,CAPEOX,Therapy,"[395, 400]"
54.0,Text,bevacizumab,Therapy,"[421, 431]"
54.0,Text,chemotherapy,Therapy,"[573, 584]"
54.0,Text,FLR,Therapy,"[752, 754]"
54.0,Text,Surgical resection,Cancer_Surgery,"[779, 796]"
54.0,Text,left lateral segmentectomy,Cancer_Surgery,"[839, 864]"
54.0,Text,ultrasound,Imaging_Test,"[905, 914]"
54.0,Text,Adjuvant therapy,Therapy,"[1023, 1038]"
54.0,Text,systemic chemotherapy,Therapy,"[1080, 1100]"
54.0,Text,CEA,Imaging_Test,"[1169, 1171]"
54.0,Text,imaging,Imaging_Test,"[1177, 1183]"
54.0,Ref_Text,liver MRI,Imaging_Test,"[127, 135]"
54.0,Ref_Text,contrast-enhanced CT,Imaging_Test,"[141, 160]"
54.0,Ref_Text,chemotherapy,Therapy,"[504, 515]"
54.0,Ref_Text,FOLFOX,Therapy,"[518, 523]"
54.0,Ref_Text,FOLFIRI,Therapy,"[528, 534]"
54.0,Ref_Text,bevacizumab,Therapy,"[538, 548]"
54.0,Ref_Text,ultrasound-guided,Imaging_Test,"[686, 702]"
54.0,Ref_Text,resection,Cancer_Surgery,"[854, 862]"
54.0,Ref_Text,ultrasound,Imaging_Test,"[926, 935]"
54.0,Ref_Text,R0 resection,Cancer_Surgery,"[965, 976]"
54.0,Ref_Text,liver resection,Cancer_Surgery,"[1149, 1163]"
54.0,Ref_Text,surgery,Cancer_Surgery,"[1342, 1348]"
54.0,Ref_Text,imaging,Imaging_Test,"[1805, 1811]"
55.0,Text,liver MRI/CT,Imaging_Test,"[101, 112]"
55.0,Text,imaging,Imaging_Test,"[273, 279]"
55.0,Text,Neoadjuvant systemic therapy,Therapy,"[301, 328]"
55.0,Text,chemotherapy,Therapy,"[370, 381]"
55.0,Text,FOLFOXIRI,Therapy,"[390, 398]"
55.0,Text,bevacizumab,Therapy,"[402, 412]"
55.0,Text,parenchymal‑sparing surgery,Cancer_Surgery,"[725, 751]"
55.0,Text,anatomical segment IVa resection,Cancer_Surgery,"[755, 786]"
55.0,Text,radiofrequency ablation,Therapy,"[898, 920]"
55.0,Text,percutaneous ablation,Therapy,"[926, 946]"
55.0,Text,right‑portal vein embolization,Cancer_Surgery,"[1108, 1137]"
55.0,Text,PVE,Cancer_Surgery,"[1140, 1142]"
55.0,Text,segment IVa resection,Cancer_Surgery,"[1262, 1282]"
55.0,Text,limited left‑lateral resection,Cancer_Surgery,"[1288, 1317]"
55.0,Text,therapy,Therapy,"[1371, 1377]"
55.0,Text,FOLFOX,Therapy,"[1489, 1494]"
55.0,Text,CT,Imaging_Test,"[1589, 1590]"
55.0,Text,MRI,Imaging_Test,"[1595, 1597]"
55.0,Ref_Text,liver MRI,Imaging_Test,"[127, 135]"
55.0,Ref_Text,contrast-enhanced CT,Imaging_Test,"[141, 160]"
55.0,Ref_Text,chemotherapy,Therapy,"[648, 659]"
55.0,Ref_Text,FOLFOX,Therapy,"[662, 667]"
55.0,Ref_Text,FOLFIRI,Therapy,"[672, 678]"
55.0,Ref_Text,bevacizumab,Therapy,"[682, 692]"
55.0,Ref_Text,Parenchymal-sparing wedge/segmental resection,Cancer_Surgery,"[889, 933]"
55.0,Ref_Text,Thermo-ablation,Therapy,"[985, 999]"
55.0,Ref_Text,resection,Cancer_Surgery,"[1078, 1086]"
55.0,Ref_Text,ultrasound,Imaging_Test,"[1142, 1151]"
55.0,Ref_Text,ablation,Therapy,"[1194, 1201]"
55.0,Ref_Text,R0 resection,Cancer_Surgery,"[1261, 1272]"
55.0,Ref_Text,liver resection,Cancer_Surgery,"[1402, 1416]"
55.0,Ref_Text,surgery,Cancer_Surgery,"[1595, 1601]"
55.0,Ref_Text,systemic therapy,Therapy,"[1957, 1972]"
55.0,Ref_Text,imaging,Imaging_Test,"[2053, 2059]"
56.0,Text,thoraco‑abdominal contrast‑enhanced CT,Imaging_Test,"[77, 114]"
56.0,Text,PET‑CT,Imaging_Test,"[120, 125]"
56.0,Text,MRI,Imaging_Test,"[132, 134]"
56.0,Text,fluoropyrimidine‑oxaliplatin,Therapy,"[545, 572]"
56.0,Text,mFOLFOX6,Therapy,"[589, 596]"
56.0,Text,bevacizumab,Therapy,"[613, 623]"
56.0,Text,segment III resection,Cancer_Surgery,"[894, 914]"
56.0,Text,ALPPS,Cancer_Surgery,"[1246, 1250]"
56.0,Text,radiofrequency,Therapy,"[1482, 1495]"
56.0,Text,chemotherapy,Therapy,"[1769, 1780]"
56.0,Text,imaging,Imaging_Test,"[1954, 1960]"
56.0,Text,CT,Imaging_Test,"[1970, 1971]"
56.0,Ref_Text,liver MRI,Imaging_Test,"[127, 135]"
56.0,Ref_Text,contrast-enhanced CT,Imaging_Test,"[141, 160]"
56.0,Ref_Text,resection,Cancer_Surgery,"[336, 344]"
56.0,Ref_Text,chemotherapy,Therapy,"[505, 516]"
56.0,Ref_Text,FOLFOX,Therapy,"[519, 524]"
56.0,Ref_Text,FOLFIRI,Therapy,"[529, 535]"
56.0,Ref_Text,bevacizumab,Therapy,"[539, 549]"
56.0,Ref_Text,anti-EGFR therapy,Therapy,"[591, 607]"
56.0,Ref_Text,wedge/segmental resection,Cancer_Surgery,"[780, 804]"
56.0,Ref_Text,ablation of segment III,Cancer_Surgery,"[811, 833]"
56.0,Ref_Text,ultrasound,Imaging_Test,"[960, 969]"
56.0,Ref_Text,R0 resection,Cancer_Surgery,"[999, 1010]"
56.0,Ref_Text,liver resection,Cancer_Surgery,"[1140, 1154]"
56.0,Ref_Text,surgery,Cancer_Surgery,"[1333, 1339]"
56.0,Ref_Text,imaging,Imaging_Test,"[1796, 1802]"
57.0,Text,contrast‑enhanced triphasic CT of the abdomen/pelvis,Imaging_Test,"[74, 125]"
57.0,Text,high‑quality MRI,Imaging_Test,"[138, 153]"
57.0,Text,PET‑CT,Imaging_Test,"[322, 327]"
57.0,Text,chemotherapy,Therapy,"[601, 612]"
57.0,Text,FOLFOX,Therapy,"[641, 646]"
57.0,Text,bevacizumab,Therapy,"[650, 660]"
57.0,Text,parenchymal‑sparing resection,Cancer_Surgery,"[874, 902]"
57.0,Text,segmental resection,Cancer_Surgery,"[1172, 1190]"
57.0,Text,anatomical resection,Cancer_Surgery,"[1233, 1252]"
57.0,Text,wedge excision,Cancer_Surgery,"[1257, 1270]"
57.0,Text,intra‑operative ultrasound,Imaging_Test,"[1303, 1328]"
57.0,Text,Portal vein embolization,Therapy,"[1399, 1422]"
57.0,Text,two‑stage hepatectomy,Cancer_Surgery,"[1502, 1522]"
57.0,Text,Local ablative therapy,Therapy,"[1536, 1557]"
57.0,Text,RFA/MWA,Therapy,"[1560, 1566]"
57.0,Text,Adjuvant therapy,Therapy,"[1644, 1659]"
57.0,Text,systemic chemotherapy,Therapy,"[1708, 1728]"
57.0,Text,cross‑sectional imaging,Imaging_Test,"[1819, 1841]"
57.0,Text,CT,Imaging_Test,"[1844, 1845]"
57.0,Text,MRI,Imaging_Test,"[1850, 1852]"
57.0,Ref_Text,contrast-enhanced CT,Imaging_Test,"[141, 160]"
57.0,Ref_Text,FOLFOX,Therapy,"[633, 638]"
57.0,Ref_Text,FOLFIRI,Therapy,"[643, 649]"
57.0,Ref_Text,bevacizumab,Therapy,"[653, 663]"
57.0,Ref_Text,Parenchymal-sparing resection,Cancer_Surgery,"[873, 901]"
57.0,Ref_Text,thermo-ablation,Cancer_Surgery,"[906, 920]"
57.0,Ref_Text,ultrasound,Imaging_Test,"[1094, 1103]"
57.0,Ref_Text,R0 resection,Cancer_Surgery,"[1158, 1169]"
57.0,Ref_Text,liver resection,Cancer_Surgery,"[1299, 1313]"
57.0,Ref_Text,surgery,Cancer_Surgery,"[1492, 1498]"
57.0,Ref_Text,systemic therapy,Therapy,"[1854, 1869]"
57.0,Ref_Text,imaging,Imaging_Test,"[1950, 1956]"
58.0,Text,thoraco‑abdominal CT,Imaging_Test,"[76, 95]"
58.0,Text,PET‑CT,Imaging_Test,"[101, 106]"
58.0,Text,CT,Imaging_Test,"[209, 210]"
58.0,Text,MRI,Imaging_Test,"[215, 217]"
58.0,Text,systemic therapy,Therapy,"[452, 467]"
58.0,Text,chemotherapy,Therapy,"[530, 541]"
58.0,Text,FOLFOXIRI,Therapy,"[550, 558]"
58.0,Text,cetuximab,Therapy,"[598, 606]"
58.0,Text,imaging,Imaging_Test,"[746, 752]"
58.0,Text,liver MRI,Imaging_Test,"[833, 841]"
58.0,Text,portal vein embolization,Cancer_Surgery,"[980, 1003]"
58.0,Text,Surgical resection,Cancer_Surgery,"[1124, 1141]"
58.0,Text,ultrasound,Imaging_Test,"[1475, 1484]"
58.0,Text,adjuvant systemic therapy,Therapy,"[1588, 1612]"
58.0,Text,FOLFOX,Therapy,"[1633, 1638]"
58.0,Text,CAPEOX,Therapy,"[1643, 1648]"
58.0,Ref_Text,Systemic therapy,Therapy,"[208, 223]"
58.0,Ref_Text,systemic chemotherapy,Therapy,"[277, 297]"
58.0,Ref_Text,anti-EGFR therapy,Therapy,"[373, 389]"
58.0,Ref_Text,liver MRI,Imaging_Test,"[582, 590]"
58.0,Ref_Text,parenchymal-sparing resections,Cancer_Surgery,"[874, 903]"
58.0,Ref_Text,surgical,Cancer_Surgery,"[956, 963]"
58.0,Ref_Text,systemic therapy,Therapy,"[1081, 1096]"
58.0,Ref_Text,intra-arterial chemotherapy,Therapy,"[1144, 1170]"
58.0,Ref_Text,resection,Cancer_Surgery,"[1178, 1186]"
59.0,Text,Neoadjuvant systemic therapy,Therapy,"[36, 63]"
59.0,Text,mFOLFOX6,Therapy,"[117, 124]"
59.0,Text,bevacizumab,Therapy,"[141, 151]"
59.0,Text,liver MRI,Imaging_Test,"[383, 391]"
59.0,Text,thoraco‑abdominal CT,Imaging_Test,"[431, 450]"
59.0,Text,FLR,Therapy,"[575, 577]"
59.0,Text,Surgical resection,Cancer_Surgery,"[603, 620]"
59.0,Text,ultrasound,Imaging_Test,"[842, 851]"
59.0,Text,ablation,Therapy,"[919, 926]"
59.0,Text,resection,Cancer_Surgery,"[931, 939]"
59.0,Text,adjuvant,Therapy,"[1104, 1111]"
59.0,Text,chemotherapy,Therapy,"[1154, 1165]"
59.0,Text,second‑line,Therapy,"[1191, 1201]"
59.0,Text,systemic therapy,Therapy,"[1462, 1477]"
59.0,Ref_Text,liver MRI,Imaging_Test,"[127, 135]"
59.0,Ref_Text,contrast-enhanced CT,Imaging_Test,"[141, 160]"
59.0,Ref_Text,FOLFOX,Therapy,"[637, 642]"
59.0,Ref_Text,FOLFIRI,Therapy,"[647, 653]"
59.0,Ref_Text,bevacizumab,Therapy,"[657, 667]"
59.0,Ref_Text,anti-EGFR therapy,Therapy,"[709, 725]"
59.0,Ref_Text,Parenchymal-sparing resection,Cancer_Surgery,"[1060, 1088]"
59.0,Ref_Text,ultrasound,Imaging_Test,"[1223, 1232]"
59.0,Ref_Text,R0 resection,Cancer_Surgery,"[1287, 1298]"
59.0,Ref_Text,liver resection,Cancer_Surgery,"[1428, 1442]"
59.0,Ref_Text,surgery,Cancer_Surgery,"[1621, 1627]"
59.0,Ref_Text,imaging,Imaging_Test,"[2084, 2090]"
60.0,Text,contrast‑enhanced thoraco‑abdominal CT,Imaging_Test,"[80, 117]"
60.0,Text,PET‑CT,Imaging_Test,"[123, 128]"
60.0,Text,chemotherapy,Therapy,"[305, 316]"
60.0,Text,neoadjuvant therapy,Therapy,"[510, 528]"
60.0,Text,surgery,Cancer_Surgery,"[617, 623]"
60.0,Text,upfront resection,Cancer_Surgery,"[626, 642]"
60.0,Text,FOLFOX,Therapy,"[826, 831]"
60.0,Text,parenchymal‑sparing left‑lateral sectionectomy,Cancer_Surgery,"[959, 1004]"
60.0,Text,ultrasound,Imaging_Test,"[1112, 1121]"
60.0,Text,anatomic resection,Cancer_Surgery,"[1236, 1253]"
60.0,Text,R0 resection,Cancer_Surgery,"[1376, 1387]"
60.0,Text,adjuvant systemic chemotherapy,Therapy,"[1490, 1519]"
60.0,Text,CEA,Imaging_Test,"[1635, 1637]"
60.0,Text,contrast‑enhanced liver MRI,Imaging_Test,"[1688, 1714]"
60.0,Text,CT,Imaging_Test,"[1719, 1720]"
60.0,Ref_Text,liver MRI,Imaging_Test,"[117, 125]"
60.0,Ref_Text,contrast-enhanced CT,Imaging_Test,"[131, 150]"
60.0,Ref_Text,chemotherapy,Therapy,"[453, 464]"
60.0,Ref_Text,FOLFOX,Therapy,"[467, 472]"
60.0,Ref_Text,FOLFIRI,Therapy,"[477, 483]"
60.0,Ref_Text,bevacizumab,Therapy,"[487, 497]"
60.0,Ref_Text,wedge/segmental resection,Cancer_Surgery,"[937, 961]"
60.0,Ref_Text,wedge resection,Cancer_Surgery,"[982, 996]"
60.0,Ref_Text,ultrasound,Imaging_Test,"[1066, 1075]"
60.0,Ref_Text,R0 resection,Cancer_Surgery,"[1130, 1141]"
60.0,Ref_Text,liver resection,Cancer_Surgery,"[1271, 1285]"
60.0,Ref_Text,surgery,Cancer_Surgery,"[1464, 1470]"
60.0,Ref_Text,therapy,Therapy,"[1525, 1531]"
60.0,Ref_Text,imaging,Imaging_Test,"[1820, 1826]"
61.0,Text,contrast‑enhanced thoraco‑abdominal CT,Imaging_Test,"[73, 110]"
61.0,Text,PET‑CT,Imaging_Test,"[116, 121]"
61.0,Text,liver MRI,Imaging_Test,"[135, 143]"
61.0,Text,MRI,Imaging_Test,"[327, 329]"
61.0,Text,segment VIII resection,Cancer_Surgery,"[398, 419]"
61.0,Text,Systemic therapy,Therapy,"[557, 572]"
61.0,Text,chemotherapy,Therapy,"[695, 706]"
61.0,Text,FOLFOX,Therapy,"[715, 720]"
61.0,Text,FOLFIRI,Therapy,"[725, 731]"
61.0,Text,targeted agent,Therapy,"[739, 752]"
61.0,Text,surgery,Cancer_Surgery,"[916, 922]"
61.0,Text,imaging,Imaging_Test,"[981, 987]"
61.0,Text,parenchymal‑sparing resection,Cancer_Surgery,"[1089, 1117]"
61.0,Text,primary repair,Cancer_Surgery,"[1290, 1303]"
61.0,Text,patch reconstruction,Cancer_Surgery,"[1308, 1327]"
61.0,Text,ultrasound,Imaging_Test,"[1353, 1362]"
61.0,Text,R0 resection,Cancer_Surgery,"[1433, 1444]"
61.0,Text,adjuvant,Therapy,"[1586, 1593]"
61.0,Text,CT,Imaging_Test,"[1705, 1706]"
61.0,Text,local ablative therapy,Therapy,"[1802, 1823]"
61.0,Ref_Text,liver MRI,Imaging_Test,"[118, 126]"
61.0,Ref_Text,contrast-enhanced CT,Imaging_Test,"[132, 151]"
61.0,Ref_Text,chemotherapy,Therapy,"[511, 522]"
61.0,Ref_Text,FOLFOX,Therapy,"[525, 530]"
61.0,Ref_Text,FOLFIRI,Therapy,"[535, 541]"
61.0,Ref_Text,bevacizumab,Therapy,"[545, 555]"
61.0,Ref_Text,ultrasound,Imaging_Test,"[1170, 1179]"
61.0,Ref_Text,R0 resection,Cancer_Surgery,"[1234, 1245]"
61.0,Ref_Text,liver resection,Cancer_Surgery,"[1375, 1389]"
61.0,Ref_Text,surgery,Cancer_Surgery,"[1568, 1574]"
61.0,Ref_Text,imaging,Imaging_Test,"[2031, 2037]"
62.0,Text,chemotherapy,Therapy,"[253, 264]"
62.0,Text,colonoscopy,Imaging_Test,"[304, 314]"
62.0,Text,imaging,Imaging_Test,"[319, 325]"
62.0,Text,resected,Cancer_Surgery,"[378, 385]"
62.0,Text,Neoadjuvant systemic therapy,Therapy,"[485, 512]"
62.0,Text,oxaliplatin‑based chemotherapy,Therapy,"[621, 650]"
62.0,Text,mFOLFOX,Therapy,"[659, 665]"
62.0,Text,bevacizumab,Therapy,"[669, 679]"
62.0,Text,surgery,Cancer_Surgery,"[785, 791]"
62.0,Text,Surgical resection,Cancer_Surgery,"[824, 841]"
62.0,Text,ultrasound,Imaging_Test,"[1112, 1121]"
62.0,Text,R0 resection,Cancer_Surgery,"[1374, 1385]"
62.0,Text,adjuvant chemotherapy,Therapy,"[1406, 1426]"
62.0,Text,FOLFOX,Therapy,"[1447, 1452]"
62.0,Text,contrast‑enhanced liver MRI,Imaging_Test,"[1580, 1606]"
62.0,Text,CT,Imaging_Test,"[1611, 1612]"
62.0,Ref_Text,liver MRI,Imaging_Test,"[117, 125]"
62.0,Ref_Text,contrast-enhanced CT,Imaging_Test,"[131, 150]"
62.0,Ref_Text,chemotherapy,Therapy,"[485, 496]"
62.0,Ref_Text,FOLFOX,Therapy,"[499, 504]"
62.0,Ref_Text,FOLFIRI,Therapy,"[509, 515]"
62.0,Ref_Text,bevacizumab,Therapy,"[519, 529]"
62.0,Ref_Text,ultrasound-guided,Imaging_Test,"[869, 885]"
62.0,Ref_Text,ultrasound,Imaging_Test,"[1016, 1025]"
62.0,Ref_Text,R0 resection,Cancer_Surgery,"[1080, 1091]"
62.0,Ref_Text,liver resection,Cancer_Surgery,"[1221, 1235]"
62.0,Ref_Text,surgery,Cancer_Surgery,"[1414, 1420]"
62.0,Ref_Text,imaging,Imaging_Test,"[1877, 1883]"
63.0,Text,contrast‑enhanced thoraco‑abdominal CT,Imaging_Test,"[107, 144]"
63.0,Text,PET‑CT,Imaging_Test,"[150, 155]"
63.0,Text,CT,Imaging_Test,"[228, 229]"
63.0,Text,MRI,Imaging_Test,"[234, 236]"
63.0,Text,segment III resection,Cancer_Surgery,"[277, 297]"
63.0,Text,Neoadjuvant systemic therapy,Therapy,"[449, 476]"
63.0,Text,FOLFOX,Therapy,"[519, 524]"
63.0,Text,cetuximab,Therapy,"[564, 572]"
63.0,Text,chemotherapy,Therapy,"[774, 785]"
63.0,Text,curative‑intent surgery,Cancer_Surgery,"[949, 971]"
63.0,Text,ultrasound,Imaging_Test,"[1114, 1123]"
63.0,Text,portal vein embolization,Therapy,"[1227, 1250]"
63.0,Text,resection,Cancer_Surgery,"[1397, 1405]"
63.0,Text,systemic chemotherapy,Therapy,"[1510, 1530]"
63.0,Text,imaging,Imaging_Test,"[1644, 1650]"
63.0,Ref_Text,liver MRI,Imaging_Test,"[127, 135]"
63.0,Ref_Text,contrast-enhanced CT,Imaging_Test,"[141, 160]"
63.0,Ref_Text,FOLFOX,Therapy,"[598, 603]"
63.0,Ref_Text,FOLFIRI,Therapy,"[608, 614]"
63.0,Ref_Text,anti-EGFR,Therapy,"[618, 626]"
63.0,Ref_Text,Parenchymal-sparing wedge/limited resections,Cancer_Surgery,"[1093, 1136]"
63.0,Ref_Text,Thermo-ablation,Cancer_Surgery,"[1164, 1178]"
63.0,Ref_Text,ultrasound,Imaging_Test,"[1273, 1282]"
63.0,Ref_Text,resection,Cancer_Surgery,"[1311, 1319]"
63.0,Ref_Text,ablation,Therapy,"[1325, 1332]"
63.0,Ref_Text,R0 resection,Cancer_Surgery,"[1349, 1360]"
63.0,Ref_Text,liver resection,Cancer_Surgery,"[1490, 1504]"
63.0,Ref_Text,surgery,Cancer_Surgery,"[1683, 1689]"
63.0,Ref_Text,systemic therapy,Therapy,"[2045, 2060]"
63.0,Ref_Text,imaging,Imaging_Test,"[2141, 2147]"
64.0,Text,FOLFOX,Therapy,"[139, 144]"
64.0,Text,bevacizumab,Therapy,"[161, 171]"
64.0,Text,anti‑VEGF,Therapy,"[174, 182]"
64.0,Text,induction therapy,Therapy,"[348, 364]"
64.0,Text,Multiphasic liver MRI,Imaging_Test,"[381, 401]"
64.0,Text,High‑resolution chest CT,Imaging_Test,"[521, 544]"
64.0,Text,PET‑CT,Imaging_Test,"[550, 555]"
64.0,Text,FLR,Therapy,"[947, 949]"
64.0,Text,portal vein embolization,Therapy,"[989, 1012]"
64.0,Text,hepatic resection,Cancer_Surgery,"[1024, 1040]"
64.0,Text,hepatectomy,Cancer_Surgery,"[1080, 1090]"
64.0,Text,portal vein embolization,Cancer_Surgery,"[1131, 1154]"
64.0,Text,segmental colectomy,Cancer_Surgery,"[1749, 1767]"
64.0,Text,liver and lung resections,Cancer_Surgery,"[1775, 1799]"
64.0,Ref_Text,liver MRI,Imaging_Test,"[122, 130]"
64.0,Ref_Text,enhanced CT,Imaging_Test,"[136, 146]"
64.0,Ref_Text,systemic therapy,Therapy,"[461, 476]"
64.0,Ref_Text,bevacizumab,Therapy,"[625, 635]"
64.0,Ref_Text,anti-EGFR,Therapy,"[663, 671]"
64.0,Ref_Text,thoraco-abdominal enhanced CT-scan,Imaging_Test,"[834, 867]"
64.0,Ref_Text,left hemicolectomy,Cancer_Surgery,"[1231, 1248]"
64.0,Ref_Text,lymphadectomy,Cancer_Surgery,"[1312, 1324]"
64.0,Ref_Text,colectomy,Cancer_Surgery,"[1537, 1545]"
64.0,Ref_Text,parenchymal-sparing liver resections,Cancer_Surgery,"[1561, 1596]"
64.0,Ref_Text,intra-operative ultrasound,Imaging_Test,"[1608, 1633]"
64.0,Ref_Text,Intra-operative ultrasound,Imaging_Test,"[1640, 1665]"
64.0,Ref_Text,resection,Cancer_Surgery,"[1694, 1702]"
64.0,Ref_Text,ablation,Therapy,"[1708, 1715]"
64.0,Ref_Text,R0 resection,Cancer_Surgery,"[1732, 1743]"
64.0,Ref_Text,liver resection,Cancer_Surgery,"[1873, 1887]"
64.0,Ref_Text,surgery,Cancer_Surgery,"[2066, 2072]"
64.0,Ref_Text,pulmonary metastasectomy,Cancer_Surgery,"[2118, 2141]"
64.0,Ref_Text,ablative treatment,Therapy,"[2146, 2163]"
64.0,Ref_Text,imaging of both liver and lungs,Imaging_Test,"[2677, 2707]"
65.0,Text,liver MRI,Imaging_Test,"[111, 119]"
65.0,Text,colonoscopy,Imaging_Test,"[244, 254]"
65.0,Text,neoadjuvant chemotherapy,Therapy,"[471, 494]"
65.0,Text,FOLFOXIRI,Therapy,"[503, 511]"
65.0,Text,bevacizumab,Therapy,"[515, 525]"
65.0,Text,CT/MRI,Imaging_Test,"[786, 791]"
65.0,Text,PET/CT,Imaging_Test,"[797, 802]"
65.0,Text,staged hepatectomy,Cancer_Surgery,"[953, 970]"
65.0,Text,systemic therapy,Therapy,"[1076, 1091]"
65.0,Text,Cytoreductive surgery,Cancer_Surgery,"[1258, 1278]"
65.0,Text,parenchymal‑sparing hepatectomy,Cancer_Surgery,"[1330, 1360]"
65.0,Text,R0 resection,Cancer_Surgery,"[1397, 1408]"
65.0,Text,second‑line,Therapy,"[1530, 1540]"
65.0,Text,surgery,Cancer_Surgery,"[1585, 1591]"
65.0,Text,chemotherapy,Therapy,"[1715, 1726]"
65.0,Text,FOLFOX,Therapy,"[1747, 1752]"
65.0,Text,targeted agents,Therapy,"[1768, 1782]"
65.0,Text,imaging,Imaging_Test,"[1870, 1876]"
65.0,Ref_Text,liver MRI,Imaging_Test,"[122, 130]"
65.0,Ref_Text,enhanced CT,Imaging_Test,"[136, 146]"
65.0,Ref_Text,systemic therapy,Therapy,"[404, 419]"
65.0,Ref_Text,chemotherapy,Therapy,"[494, 505]"
65.0,Ref_Text,FOLFOX,Therapy,"[508, 513]"
65.0,Ref_Text,FOLFIRI,Therapy,"[518, 524]"
65.0,Ref_Text,bevacizumab,Therapy,"[528, 538]"
65.0,Ref_Text,surgery,Cancer_Surgery,"[754, 760]"
65.0,Ref_Text,thoraco-abdominal enhanced CT-scan,Imaging_Test,"[938, 971]"
65.0,Ref_Text,parenchymal-sparing liver resections,Cancer_Surgery,"[1448, 1483]"
65.0,Ref_Text,intra-operative ultrasound,Imaging_Test,"[1495, 1520]"
65.0,Ref_Text,Intra-operative ultrasound,Imaging_Test,"[1527, 1552]"
65.0,Ref_Text,resection,Cancer_Surgery,"[1581, 1589]"
65.0,Ref_Text,ablation,Therapy,"[1595, 1602]"
65.0,Ref_Text,R0 resection,Cancer_Surgery,"[1619, 1630]"
65.0,Ref_Text,liver resection,Cancer_Surgery,"[1760, 1774]"
65.0,Ref_Text,en-bloc right hemicolectomy,Cancer_Surgery,"[2138, 2164]"
65.0,Ref_Text,D2 lymphadectomy,Cancer_Surgery,"[2229, 2244]"
65.0,Ref_Text,cytoreductive surgery,Cancer_Surgery,"[2287, 2307]"
65.0,Ref_Text,HIPEC,Therapy,"[2367, 2371]"
65.0,Ref_Text,imaging of both liver and lungs,Imaging_Test,"[2923, 2953]"
66.0,Text,Neoadjuvant systemic therapy,Therapy,"[35, 62]"
66.0,Text,FOLFOX,Therapy,"[83, 88]"
66.0,Text,anti‑VEGF,Therapy,"[92, 100]"
66.0,Text,anti‑EGFR,Therapy,"[105, 113]"
66.0,Text,chemotherapy,Therapy,"[344, 355]"
66.0,Text,Multiphasic liver MRI,Imaging_Test,"[365, 385]"
66.0,Text,High‑resolution chest CT,Imaging_Test,"[506, 529]"
66.0,Text,PET‑CT,Imaging_Test,"[535, 540]"
66.0,Text,lung resection,Cancer_Surgery,"[677, 690]"
66.0,Text,liver surgery,Cancer_Surgery,"[869, 881]"
66.0,Text,vein embolisation,Therapy,"[988, 1004]"
66.0,Text,ALPPS,Therapy,"[1009, 1013]"
66.0,Text,pulmonary metastasectomy,Cancer_Surgery,"[1052, 1075]"
66.0,Text,liver resection,Cancer_Surgery,"[1129, 1143]"
66.0,Text,radiotherapy,Therapy,"[1389, 1400]"
66.0,Text,total mesorectal excision,Cancer_Surgery,"[1425, 1449]"
66.0,Text,chemoradiotherapy,Therapy,"[1541, 1557]"
66.0,Text,TME,Cancer_Surgery,"[1566, 1568]"
66.0,Text,adjuvant chemotherapy,Therapy,"[1593, 1613]"
66.0,Ref_Text,liver and pelvic MRI,Imaging_Test,"[122, 141]"
66.0,Ref_Text,chest CT,Imaging_Test,"[147, 154]"
66.0,Ref_Text,Pelvic MRI,Imaging_Test,"[358, 367]"
66.0,Ref_Text,systemic therapy,Therapy,"[524, 539]"
66.0,Ref_Text,chemotherapy,Therapy,"[589, 600]"
66.0,Ref_Text,anti-EGFR,Therapy,"[620, 628]"
66.0,Ref_Text,thoraco-abdominal enhanced CT-scan,Imaging_Test,"[848, 881]"
66.0,Ref_Text,Surgery,Cancer_Surgery,"[1121, 1127]"
66.0,Ref_Text,Two-stage hepatectomy,Cancer_Surgery,"[1427, 1447]"
66.0,Ref_Text,parenchymal-sparing resections,Cancer_Surgery,"[1461, 1490]"
66.0,Ref_Text,venous deprivation,Therapy,"[1552, 1569]"
66.0,Ref_Text,ALPPS,Therapy,"[1573, 1577]"
66.0,Ref_Text,liver resection,Cancer_Surgery,"[1713, 1727]"
66.0,Ref_Text,surgery,Cancer_Surgery,"[1906, 1912]"
66.0,Ref_Text,radiotherapy,Therapy,"[2012, 2023]"
66.0,Ref_Text,pelvic MRI,Imaging_Test,"[2192, 2201]"
66.0,Ref_Text,rectal resection,Cancer_Surgery,"[2428, 2443]"
66.0,Ref_Text,oncologic resection of the upper rectum,Cancer_Surgery,"[2473, 2511]"
66.0,Ref_Text,low anterior resection,Cancer_Surgery,"[2514, 2535]"
66.0,Ref_Text,pulmonary metastasectomy,Cancer_Surgery,"[2925, 2948]"
66.0,Ref_Text,ablative treatment,Therapy,"[2953, 2970]"
66.0,Ref_Text,intra-arterial chemotherapy,Therapy,"[3173, 3199]"
66.0,Ref_Text,resection,Cancer_Surgery,"[3207, 3215]"
66.0,Ref_Text,imaging of both liver and lungs,Imaging_Test,"[3831, 3861]"
67.0,Text,mFOLFOX6,Therapy,"[115, 122]"
67.0,Text,bevacizumab,Therapy,"[139, 149]"
67.0,Text,CT of chest/abdomen,Imaging_Test,"[469, 487]"
67.0,Text,FDG‑PET/CT,Imaging_Test,"[504, 513]"
67.0,Text,portal vein embolization,Therapy,"[698, 721]"
67.0,Text,two‑stage hepatectomy,Cancer_Surgery,"[743, 763]"
67.0,Text,R0 resection,Cancer_Surgery,"[834, 845]"
67.0,Text,major hepatectomy,Cancer_Surgery,"[932, 948]"
67.0,Text,en‑bloc nodal dissection,Cancer_Surgery,"[952, 975]"
67.0,Text,resection,Cancer_Surgery,"[999, 1007]"
67.0,Text,resect the colon,Cancer_Surgery,"[1170, 1185]"
67.0,Text,targeted agents,Therapy,"[1435, 1449]"
67.0,Text,systemic therapy,Therapy,"[1605, 1620]"
67.0,Text,curative surgery,Cancer_Surgery,"[1654, 1669]"
67.0,Ref_Text,liver MRI,Imaging_Test,"[122, 130]"
67.0,Ref_Text,thoraco-abdominal CT,Imaging_Test,"[136, 155]"
67.0,Ref_Text,Systemic therapy,Therapy,"[425, 440]"
67.0,Ref_Text,bevacizumab,Therapy,"[560, 570]"
67.0,Ref_Text,anti-EGFR,Therapy,"[598, 606]"
67.0,Ref_Text,abdominal CT,Imaging_Test,"[766, 777]"
67.0,Ref_Text,surgery,Cancer_Surgery,"[924, 930]"
67.0,Ref_Text,wedge/segmental resections,Cancer_Surgery,"[1342, 1367]"
67.0,Ref_Text,ablation,Cancer_Surgery,"[1372, 1379]"
67.0,Ref_Text,intra-operative ultrasound,Imaging_Test,"[1391, 1416]"
67.0,Ref_Text,R0 resection,Cancer_Surgery,"[1433, 1444]"
67.0,Ref_Text,ultrasound,Imaging_Test,"[1612, 1621]"
67.0,Ref_Text,liver resection,Cancer_Surgery,"[1741, 1755]"
67.0,Ref_Text,sigmoid colectomy,Cancer_Surgery,"[2078, 2094]"
67.0,Ref_Text,oncological lymphadenectomy,Cancer_Surgery,"[2132, 2158]"
67.0,Ref_Text,colectomy,Cancer_Surgery,"[2298, 2306]"
67.0,Ref_Text,resection,Cancer_Surgery,"[2422, 2430]"
67.0,Ref_Text,systemic therapy,Therapy,"[2752, 2767]"
67.0,Ref_Text,imaging of both liver and lungs,Imaging_Test,"[2832, 2862]"
68.0,Text,stereotactic radiosurgery,Therapy,"[71, 95]"
68.0,Text,surgical resection,Cancer_Surgery,"[101, 118]"
68.0,Text,chemotherapy,Therapy,"[288, 299]"
68.0,Text,FOLFOX,Therapy,"[308, 313]"
68.0,Text,CAPOX,Therapy,"[318, 322]"
68.0,Text,biologic agent,Therapy,"[341, 354]"
68.0,Text,anti‑VEGF,Therapy,"[357, 365]"
68.0,Text,anti‑EGFR,Therapy,"[370, 378]"
68.0,Text,induction therapy,Therapy,"[567, 583]"
68.0,Text,Contrast‑enhanced liver MRI,Imaging_Test,"[601, 627]"
68.0,Text,CT,Imaging_Test,"[633, 634]"
68.0,Text,brain MRI,Imaging_Test,"[750, 758]"
68.0,Text,Full thoraco‑abdominal CT,Imaging_Test,"[812, 836]"
68.0,Text,PET‑CT,Imaging_Test,"[841, 846]"
68.0,Text,imaging,Imaging_Test,"[1036, 1042]"
68.0,Text,hepatic surgery,Cancer_Surgery,"[1179, 1193]"
68.0,Text,systemic therapy,Therapy,"[1215, 1230]"
68.0,Text,portal vein embolization,Therapy,"[1403, 1426]"
68.0,Text,R0 resection,Cancer_Surgery,"[1469, 1480]"
68.0,Text,Primary colon resection,Cancer_Surgery,"[1514, 1536]"
68.0,Text,oncologic right hemicolectomy,Cancer_Surgery,"[1650, 1678]"
68.0,Text,systemic chemotherapy,Therapy,"[1726, 1746]"
68.0,Text,targeted therapy,Therapy,"[1750, 1765]"
68.0,Text,liver‑directed ablative techniques,Cancer_Surgery,"[1968, 2001]"
68.0,Ref_Text,neurosurgical,Imaging_Test,"[89, 101]"
68.0,Ref_Text,radiotherapy,Therapy,"[110, 121]"
68.0,Ref_Text,liver MRI,Imaging_Test,"[353, 361]"
68.0,Ref_Text,thoraco-abdominal CT,Imaging_Test,"[367, 386]"
68.0,Ref_Text,Systemic therapy,Therapy,"[613, 628]"
68.0,Ref_Text,systemic chemotherapy,Therapy,"[683, 703]"
68.0,Ref_Text,full-body imaging,Imaging_Test,"[879, 895]"
68.0,Ref_Text,liver-directed therapy,Therapy,"[991, 1012]"
69.0,Text,Neoadjuvant systemic therapy,Therapy,"[35, 62]"
69.0,Text,chemotherapy,Therapy,"[102, 113]"
69.0,Text,FOLFOX,Therapy,"[116, 121]"
69.0,Text,FOLFIRI,Therapy,"[126, 132]"
69.0,Text,anti‑VEGF,Therapy,"[158, 166]"
69.0,Text,anti‑EGFR,Therapy,"[171, 179]"
69.0,Text,liver MRI,Imaging_Test,"[423, 431]"
69.0,Text,chest CT,Imaging_Test,"[576, 583]"
69.0,Text,PET‑CT,Imaging_Test,"[589, 594]"
69.0,Text,pelvic MRI,Imaging_Test,"[646, 655]"
69.0,Text,PCI,Therapy,"[688, 690]"
69.0,Text,HIPEC,Therapy,"[760, 764]"
69.0,Text,imaging,Imaging_Test,"[905, 911]"
69.0,Text,R0 resection,Cancer_Surgery,"[956, 967]"
69.0,Text,cytoreduction,Cancer_Surgery,"[1044, 1056]"
69.0,Text,portal vein embolization,Therapy,"[1158, 1181]"
69.0,Text,resection,Cancer_Surgery,"[1211, 1219]"
69.0,Text,Hepatectomy,Cancer_Surgery,"[1251, 1261]"
69.0,Text,ultrasound,Imaging_Test,"[1344, 1353]"
69.0,Text,low anterior resection,Cancer_Surgery,"[1470, 1491]"
69.0,Text,rectal surgery,Cancer_Surgery,"[1508, 1521]"
69.0,Text,liver surgery,Cancer_Surgery,"[1586, 1598]"
69.0,Text,Peritoneal cytoreduction,Cancer_Surgery,"[1609, 1632]"
69.0,Text,CRS,Cancer_Surgery,"[1687, 1689]"
69.0,Ref_Text,liver MRI,Imaging_Test,"[122, 130]"
69.0,Ref_Text,enhanced CT,Imaging_Test,"[136, 146]"
69.0,Ref_Text,systemic therapy,Therapy,"[404, 419]"
69.0,Ref_Text,chemotherapy,Therapy,"[494, 505]"
69.0,Ref_Text,FOLFOX,Therapy,"[508, 513]"
69.0,Ref_Text,FOLFIRI,Therapy,"[518, 524]"
69.0,Ref_Text,bevacizumab,Therapy,"[528, 538]"
69.0,Ref_Text,surgery,Cancer_Surgery,"[754, 760]"
69.0,Ref_Text,thoraco-abdominal enhanced CT-scan,Imaging_Test,"[938, 971]"
69.0,Ref_Text,parenchymal-sparing liver resections,Cancer_Surgery,"[1448, 1483]"
69.0,Ref_Text,intra-operative ultrasound,Imaging_Test,"[1495, 1520]"
69.0,Ref_Text,Intra-operative ultrasound,Imaging_Test,"[1527, 1552]"
69.0,Ref_Text,resection,Cancer_Surgery,"[1581, 1589]"
69.0,Ref_Text,ablation,Therapy,"[1595, 1602]"
69.0,Ref_Text,R0 resection,Cancer_Surgery,"[1619, 1630]"
69.0,Ref_Text,liver resection,Cancer_Surgery,"[1760, 1774]"
69.0,Ref_Text,en-bloc left hemicolectomy,Cancer_Surgery,"[2138, 2163]"
69.0,Ref_Text,lymphadectomy,Cancer_Surgery,"[2227, 2239]"
69.0,Ref_Text,cytoreductive surgery,Cancer_Surgery,"[2282, 2302]"
69.0,Ref_Text,HIPEC,Therapy,"[2362, 2366]"
69.0,Ref_Text,imaging of both liver and lungs,Imaging_Test,"[2918, 2948]"
70.0,Text,FOLFOXIRI,Therapy,"[83, 91]"
70.0,Text,bevacizumab,Therapy,"[95, 105]"
70.0,Text,FOLFOX,Therapy,"[110, 115]"
70.0,Text,cetuximab,Therapy,"[119, 127]"
70.0,Text,parenchymal‑sparing resection,Cancer_Surgery,"[280, 308]"
70.0,Text,liver MRI,Imaging_Test,"[417, 425]"
70.0,Text,thoraco‑abdominal CT,Imaging_Test,"[463, 482]"
70.0,Text,portal vein embolization,Cancer_Surgery,"[594, 617]"
70.0,Text,staged hepatectomy,Cancer_Surgery,"[685, 702]"
70.0,Text,parenchymal‑sparing hepatectomy,Cancer_Surgery,"[925, 955]"
70.0,Text,non‑anatomic resections,Cancer_Surgery,"[964, 986]"
70.0,Text,limited segmental resections,Cancer_Surgery,"[991, 1018]"
70.0,Text,ultrasound,Imaging_Test,"[1069, 1078]"
70.0,Text,systemic therapy,Therapy,"[1119, 1134]"
70.0,Text,adjuvant,Therapy,"[1154, 1161]"
70.0,Text,consolidation,Therapy,"[1166, 1178]"
70.0,Text,segmental colectomy,Cancer_Surgery,"[1482, 1500]"
70.0,Text,extended right hemicolectomy,Cancer_Surgery,"[1505, 1532]"
70.0,Text,liver surgery,Cancer_Surgery,"[1571, 1583]"
70.0,Text,pulmonary metastasectomy,Cancer_Surgery,"[1645, 1668]"
70.0,Text,segmentectomies,Cancer_Surgery,"[1701, 1715]"
70.0,Text,colon resection,Cancer_Surgery,"[1762, 1776]"
70.0,Text,colonic surgery,Cancer_Surgery,"[1851, 1865]"
70.0,Ref_Text,liver MRI,Imaging_Test,"[122, 130]"
70.0,Ref_Text,chest CT,Imaging_Test,"[136, 143]"
70.0,Ref_Text,systemic therapy,Therapy,"[458, 473]"
70.0,Ref_Text,systemic chemotherapy,Therapy,"[495, 515]"
70.0,Ref_Text,anti-EGFR,Therapy,"[535, 543]"
70.0,Ref_Text,thoraco-abdominal enhanced CT-scan,Imaging_Test,"[752, 785]"
70.0,Ref_Text,Surgery,Cancer_Surgery,"[1025, 1031]"
70.0,Ref_Text,chemotherapy,Therapy,"[1059, 1070]"
70.0,Ref_Text,Two-stage hepatectomy,Cancer_Surgery,"[1331, 1351]"
70.0,Ref_Text,parenchymal-sparing resections,Cancer_Surgery,"[1365, 1394]"
70.0,Ref_Text,venous deprivation,Therapy,"[1456, 1473]"
70.0,Ref_Text,ALPPS,Therapy,"[1477, 1481]"
70.0,Ref_Text,liver resection,Cancer_Surgery,"[1617, 1631]"
70.0,Ref_Text,surgery,Cancer_Surgery,"[1810, 1816]"
70.0,Ref_Text,Extended right hemicolectomy,Cancer_Surgery,"[1891, 1918]"
70.0,Ref_Text,D2 lymphadectomy,Cancer_Surgery,"[1983, 1998]"
70.0,Ref_Text,colectomy,Cancer_Surgery,"[2211, 2219]"
70.0,Ref_Text,pulmonary metastasectomy,Cancer_Surgery,"[2486, 2509]"
70.0,Ref_Text,ablative treatment,Therapy,"[2514, 2531]"
70.0,Ref_Text,intra-arterial chemotherapy,Therapy,"[2734, 2760]"
70.0,Ref_Text,resection,Cancer_Surgery,"[2768, 2776]"
70.0,Ref_Text,imaging of both liver and lungs,Imaging_Test,"[3392, 3422]"
71.0,Text,oxaliplatin‑based doublet,Therapy,"[81, 105]"
71.0,Text,FOLFOX,Therapy,"[114, 119]"
71.0,Text,bevacizumab,Therapy,"[136, 146]"
71.0,Text,anti‑VEGF,Therapy,"[149, 157]"
71.0,Text,chemotherapy,Therapy,"[395, 406]"
71.0,Text,contrast‑enhanced liver MRI,Imaging_Test,"[431, 457]"
71.0,Text,CT,Imaging_Test,"[463, 464]"
71.0,Text,thoraco‑abdominal PET‑CT,Imaging_Test,"[478, 501]"
71.0,Text,imaging,Imaging_Test,"[857, 863]"
71.0,Text,portal vein embolization,Cancer_Surgery,"[1211, 1234]"
71.0,Text,two‑stage hepatectomy,Cancer_Surgery,"[1239, 1259]"
71.0,Text,systemic therapy,Therapy,"[1349, 1364]"
71.0,Text,second‑line,Therapy,"[1377, 1387]"
71.0,Text,FOLFIRI,Therapy,"[1405, 1411]"
71.0,Text,radiofrequency ablation,Cancer_Surgery,"[1483, 1505]"
71.0,Text,stereotactic body radiotherapy,Therapy,"[1508, 1537]"
71.0,Text,surgically,Cancer_Surgery,"[1621, 1630]"
71.0,Text,resection,Cancer_Surgery,"[1706, 1714]"
71.0,Ref_Text,liver MRI,Imaging_Test,"[122, 130]"
71.0,Ref_Text,chest CT,Imaging_Test,"[136, 143]"
71.0,Ref_Text,systemic therapy,Therapy,"[461, 476]"
71.0,Ref_Text,systemic chemotherapy,Therapy,"[498, 518]"
71.0,Ref_Text,anti-bevacizumab,Therapy,"[538, 553]"
71.0,Ref_Text,anti-EGFR,Therapy,"[612, 620]"
71.0,Ref_Text,thoraco-abdominal enhanced CT-scan,Imaging_Test,"[802, 835]"
71.0,Ref_Text,Surgery,Cancer_Surgery,"[1075, 1081]"
71.0,Ref_Text,chemotherapy,Therapy,"[1109, 1120]"
71.0,Ref_Text,Two-stage hepatectomy,Cancer_Surgery,"[1381, 1401]"
71.0,Ref_Text,parenchymal-sparing resections,Cancer_Surgery,"[1415, 1444]"
71.0,Ref_Text,venous deprivation,Therapy,"[1506, 1523]"
71.0,Ref_Text,ALPPS,Therapy,"[1527, 1531]"
71.0,Ref_Text,liver resection,Cancer_Surgery,"[1667, 1681]"
71.0,Ref_Text,surgery,Cancer_Surgery,"[1860, 1866]"
71.0,Ref_Text,Right hemicolectomy,Cancer_Surgery,"[1941, 1959]"
71.0,Ref_Text,D2 lymphadectomy,Cancer_Surgery,"[2024, 2039]"
71.0,Ref_Text,liver surgery,Cancer_Surgery,"[2158, 2170]"
71.0,Ref_Text,colectomy,Cancer_Surgery,"[2252, 2260]"
71.0,Ref_Text,mediatinal lymphadenectomy,Cancer_Surgery,"[2534, 2559]"
71.0,Ref_Text,imaging of both liver and lungs,Imaging_Test,"[3267, 3297]"
72.0,Text,FOLFOXIRI,Therapy,"[142, 150]"
72.0,Text,anti‑EGFR monoclonal antibody,Therapy,"[167, 195]"
72.0,Text,cetuximab,Therapy,"[198, 206]"
72.0,Text,chemoradiation,Therapy,"[324, 337]"
72.0,Text,chemotherapy,Therapy,"[365, 376]"
72.0,Text,liver MRI,Imaging_Test,"[531, 539]"
72.0,Text,thoraco‑abdominal CT,Imaging_Test,"[686, 705]"
72.0,Text,PET‑CT,Imaging_Test,"[711, 716]"
72.0,Text,portal vein embolization,Cancer_Surgery,"[943, 966]"
72.0,Text,staged hepatectomy,Cancer_Surgery,"[1043, 1060]"
72.0,Text,Surgical sequencing,Cancer_Surgery,"[1099, 1117]"
72.0,Text,Liver‑first or two‑stage hepatectomy,Cancer_Surgery,"[1151, 1186]"
72.0,Text,resection,Cancer_Surgery,"[1435, 1443]"
72.0,Text,wedge resections,Cancer_Surgery,"[1650, 1665]"
72.0,Text,stereotactic body radiotherapy,Therapy,"[1670, 1699]"
72.0,Text,SBRT,Therapy,"[1702, 1705]"
72.0,Text,surgery,Cancer_Surgery,"[1854, 1860]"
72.0,Text,systemic chemotherapy,Therapy,"[1989, 2009]"
72.0,Text,fluoropyrimidine,Therapy,"[2030, 2045]"
72.0,Text,radiotherapy,Therapy,"[2123, 2134]"
72.0,Text,surgically,Cancer_Surgery,"[2217, 2226]"
72.0,Ref_Text,liver and pelvic MRI,Imaging_Test,"[122, 141]"
72.0,Ref_Text,chest CT,Imaging_Test,"[147, 154]"
72.0,Ref_Text,systemic therapy,Therapy,"[426, 441]"
72.0,Ref_Text,systemic chemotherapy,Therapy,"[463, 483]"
72.0,Ref_Text,anti-EGFR,Therapy,"[503, 511]"
72.0,Ref_Text,thoraco-abdominal enhanced CT-scan,Imaging_Test,"[720, 753]"
72.0,Ref_Text,Surgery,Cancer_Surgery,"[993, 999]"
72.0,Ref_Text,chemotherapy,Therapy,"[1027, 1038]"
72.0,Ref_Text,Two-stage hepatectomy,Cancer_Surgery,"[1506, 1526]"
72.0,Ref_Text,venous deprivation,Therapy,"[1631, 1648]"
72.0,Ref_Text,ALPPS,Therapy,"[1652, 1656]"
72.0,Ref_Text,radiotherapy,Therapy,"[1786, 1797]"
72.0,Ref_Text,chemoradiotherapy,Therapy,"[1802, 1818]"
72.0,Ref_Text,resection,Cancer_Surgery,"[2130, 2138]"
72.0,Ref_Text,imaging of both liver and lungs,Imaging_Test,"[2506, 2536]"
73.0,Text,oxaliplatin‑based doublet,Therapy,"[86, 110]"
73.0,Text,FOLFOX,Therapy,"[119, 124]"
73.0,Text,VEGF‑targeted agent,Therapy,"[143, 161]"
73.0,Text,bevacizumab,Therapy,"[164, 174]"
73.0,Text,radiotherapy,Therapy,"[459, 470]"
73.0,Text,stereotactic body radiotherapy,Therapy,"[514, 543]"
73.0,Text,bone scan,Imaging_Test,"[579, 587]"
73.0,Text,PET‑CT,Imaging_Test,"[592, 597]"
73.0,Text,contrast‑enhanced liver MRI,Imaging_Test,"[652, 678]"
73.0,Text,thoraco‑abdominal imaging,Imaging_Test,"[713, 737]"
73.0,Text,bone imaging,Imaging_Test,"[743, 754]"
73.0,Text,Surgical sequencing,Cancer_Surgery,"[1016, 1034]"
73.0,Text,liver surgery,Cancer_Surgery,"[1209, 1221]"
73.0,Text,segmental colectomy,Cancer_Surgery,"[1362, 1380]"
73.0,Text,Adjuvant systemic therapy,Therapy,"[1443, 1467]"
73.0,Text,chemotherapy,Therapy,"[1528, 1539]"
73.0,Ref_Text,Systemic therapy,Therapy,"[43, 58]"
73.0,Ref_Text,bevacizumab,Therapy,"[178, 188]"
73.0,Ref_Text,anti-EGFR,Therapy,"[214, 222]"
73.0,Ref_Text,radiotherapy,Therapy,"[315, 326]"
73.0,Ref_Text,liver MRI,Imaging_Test,"[472, 480]"
73.0,Ref_Text,whole-body imaging,Imaging_Test,"[486, 503]"
73.0,Ref_Text,liver-directed therapy,Therapy,"[594, 615]"
73.0,Ref_Text,Liver surgery,Cancer_Surgery,"[619, 631]"
73.0,Ref_Text,systemic therapy,Therapy,"[839, 854]"
73.0,Ref_Text,MDT,Therapy,"[869, 871]"
74.0,Text,liver MRI,Imaging_Test,"[89, 97]"
74.0,Text,rectal MRI,Imaging_Test,"[225, 234]"
74.0,Text,endorectal ultrasound,Imaging_Test,"[240, 260]"
74.0,Text,sphincter‑preserving surgery,Cancer_Surgery,"[342, 369]"
74.0,Text,volumetric CT,Imaging_Test,"[542, 554]"
74.0,Text,MRI,Imaging_Test,"[559, 561]"
74.0,Text,portal vein embolization,Cancer_Surgery,"[573, 596]"
74.0,Text,lung resection,Cancer_Surgery,"[720, 733]"
74.0,Text,Neoadjuvant systemic therapy,Therapy,"[742, 769]"
74.0,Text,chemotherapy,Therapy,"[797, 808]"
74.0,Text,FOLFOX,Therapy,"[825, 830]"
74.0,Text,CAPOX,Therapy,"[835, 839]"
74.0,Text,cetuximab,Therapy,"[879, 887]"
74.0,Text,chemoradiotherapy,Therapy,"[969, 985]"
74.0,Text,total‑neoadjuvant therapy,Therapy,"[991, 1015]"
74.0,Text,CT,Imaging_Test,"[1171, 1172]"
74.0,Text,PET,Imaging_Test,"[1175, 1177]"
74.0,Text,Surgical sequencing,Cancer_Surgery,"[1261, 1279]"
74.0,Text,Liver resection,Cancer_Surgery,"[1341, 1355]"
74.0,Text,liver + lung resection,Cancer_Surgery,"[1370, 1391]"
74.0,Text,parenchymal‑sparing hepatectomy,Cancer_Surgery,"[1432, 1462]"
74.0,Text,Pulmonary metastasectomy,Cancer_Surgery,"[1561, 1584]"
74.0,Text,segmentectomy,Cancer_Surgery,"[1661, 1673]"
74.0,Text,Rectal cancer resection,Cancer_Surgery,"[1725, 1747]"
74.0,Text,Low anterior resection,Cancer_Surgery,"[1751, 1772]"
74.0,Text,total mesorectal excision,Cancer_Surgery,"[1779, 1803]"
74.0,Text,hepatic/ pulmonary surgery,Cancer_Surgery,"[1822, 1847]"
74.0,Text,Adjuvant therapy,Therapy,"[2167, 2182]"
74.0,Text,systemic chemotherapy,Therapy,"[2231, 2251]"
74.0,Text,adjuvant radiotherapy,Therapy,"[2337, 2357]"
74.0,Text,CT chest/abdomen,Imaging_Test,"[2424, 2439]"
74.0,Text,colonoscopy,Imaging_Test,"[2446, 2456]"
74.0,Ref_Text,liver and pelvic MRI,Imaging_Test,"[122, 141]"
74.0,Ref_Text,chest CT,Imaging_Test,"[147, 154]"
74.0,Ref_Text,Pelvic MRI,Imaging_Test,"[358, 367]"
74.0,Ref_Text,systemic therapy,Therapy,"[524, 539]"
74.0,Ref_Text,chemotherapy,Therapy,"[589, 600]"
74.0,Ref_Text,anti-EGFR,Therapy,"[620, 628]"
74.0,Ref_Text,thoraco-abdominal enhanced CT-scan,Imaging_Test,"[848, 881]"
74.0,Ref_Text,Surgery,Cancer_Surgery,"[1121, 1127]"
74.0,Ref_Text,Parenchymal-sparing resections,Cancer_Surgery,"[1427, 1456]"
74.0,Ref_Text,ablation,Cancer_Surgery,"[1461, 1468]"
74.0,Ref_Text,liver resection,Cancer_Surgery,"[1579, 1593]"
74.0,Ref_Text,surgery,Cancer_Surgery,"[1772, 1778]"
74.0,Ref_Text,radiotherapy,Therapy,"[1878, 1889]"
74.0,Ref_Text,pelvic MRI,Imaging_Test,"[2058, 2067]"
74.0,Ref_Text,rectal resection,Cancer_Surgery,"[2294, 2309]"
74.0,Ref_Text,oncologic resection of the upper rectum,Cancer_Surgery,"[2339, 2377]"
74.0,Ref_Text,low anterior resection,Cancer_Surgery,"[2380, 2401]"
74.0,Ref_Text,pulmonary metastasectomy,Cancer_Surgery,"[2791, 2814]"
74.0,Ref_Text,ablative treatment,Therapy,"[2819, 2836]"
74.0,Ref_Text,imaging of both liver and lungs,Imaging_Test,"[3505, 3535]"
75.0,Text,thoracic CT,Imaging_Test,"[73, 83]"
75.0,Text,PET‑CT,Imaging_Test,"[89, 94]"
75.0,Text,liver MRI,Imaging_Test,"[146, 154]"
75.0,Text,laparoscopy,Imaging_Test,"[329, 339]"
75.0,Text,PCI,Therapy,"[374, 376]"
75.0,Text,chemotherapy,Therapy,"[678, 689]"
75.0,Text,FOLFOXIRI,Therapy,"[698, 706]"
75.0,Text,bevacizumab,Therapy,"[710, 720]"
75.0,Text,FOLFOX/FOLFIRI,Therapy,"[726, 739]"
75.0,Text,CT chest,Imaging_Test,"[997, 1004]"
75.0,Text,portal vein embolization,Therapy,"[1135, 1158]"
75.0,Text,two‑stage hepatectomy,Cancer_Surgery,"[1171, 1191]"
75.0,Text,cytoreductive surgery,Cancer_Surgery,"[1309, 1329]"
75.0,Text,staged liver resection,Cancer_Surgery,"[1351, 1372]"
75.0,Text,primary colon resection,Cancer_Surgery,"[1557, 1579]"
75.0,Text,liver resection,Cancer_Surgery,"[1582, 1596]"
75.0,Text,peritoneal cytoreduction,Cancer_Surgery,"[1619, 1642]"
75.0,Text,HIPEC,Therapy,"[1646, 1650]"
75.0,Text,systemic therapy,Therapy,"[1727, 1742]"
75.0,Text,fluoropyrimidine,Therapy,"[1768, 1783]"
75.0,Ref_Text,liver MRI,Imaging_Test,"[122, 130]"
75.0,Ref_Text,enhanced CT,Imaging_Test,"[136, 146]"
75.0,Ref_Text,systemic therapy,Therapy,"[360, 375]"
75.0,Ref_Text,chemotherapy,Therapy,"[450, 461]"
75.0,Ref_Text,FOLFOX,Therapy,"[464, 469]"
75.0,Ref_Text,FOLFIRI,Therapy,"[474, 480]"
75.0,Ref_Text,bevacizumab,Therapy,"[484, 494]"
75.0,Ref_Text,surgery,Cancer_Surgery,"[710, 716]"
75.0,Ref_Text,thoraco-abdominal enhanced CT-scan,Imaging_Test,"[793, 826]"
75.0,Ref_Text,parenchymal-sparing liver resections,Cancer_Surgery,"[1303, 1338]"
75.0,Ref_Text,intra-operative ultrasound,Imaging_Test,"[1350, 1375]"
75.0,Ref_Text,R0 resection,Cancer_Surgery,"[1394, 1405]"
75.0,Ref_Text,en-bloc right hemicolectomy,Cancer_Surgery,"[1599, 1625]"
75.0,Ref_Text,D2 lymphadectomy,Cancer_Surgery,"[1690, 1705]"
75.0,Ref_Text,cytoreductive surgery,Cancer_Surgery,"[1748, 1768]"
75.0,Ref_Text,HIPEC,Therapy,"[1828, 1832]"
75.0,Ref_Text,imaging of both liver and lungs,Imaging_Test,"[2384, 2414]"
76.0,Text,CT,Imaging_Test,"[201, 202]"
76.0,Text,MRI,Imaging_Test,"[217, 219]"
76.0,Text,thoraco‑abdominal CT,Imaging_Test,"[238, 257]"
76.0,Text,PET‑CT,Imaging_Test,"[263, 268]"
76.0,Text,CT angiography,Imaging_Test,"[425, 438]"
76.0,Text,resection,Cancer_Surgery,"[449, 457]"
76.0,Text,Neoadjuvant systemic therapy,Therapy,"[496, 523]"
76.0,Text,conversion chemotherapy,Therapy,"[526, 548]"
76.0,Text,FOLFOX,Therapy,"[586, 591]"
76.0,Text,bevacizumab,Therapy,"[608, 618]"
76.0,Text,anti‑VEGF,Therapy,"[621, 629]"
76.0,Text,neoadjuvant therapy,Therapy,"[961, 979]"
76.0,Text,liver MRI,Imaging_Test,"[995, 1003]"
76.0,Text,CT chest,Imaging_Test,"[1034, 1041]"
76.0,Text,surgery,Cancer_Surgery,"[1108, 1114]"
76.0,Text,RECIST,Therapy,"[1201, 1206]"
76.0,Text,portal vein embolization,Therapy,"[1358, 1381]"
76.0,Text,two‑stage hepatectomy,Cancer_Surgery,"[1394, 1414]"
76.0,Text,hepatic vein reconstruction,Cancer_Surgery,"[1471, 1497]"
76.0,Text,R0 resection,Cancer_Surgery,"[1536, 1547]"
76.0,Text,colon resection,Cancer_Surgery,"[1844, 1858]"
76.0,Text,ultrasound,Imaging_Test,"[1990, 1999]"
76.0,Text,FOLFIRI,Therapy,"[2148, 2154]"
76.0,Text,chemotherapy,Therapy,"[2213, 2224]"
76.0,Ref_Text,liver MRI,Imaging_Test,"[90, 98]"
76.0,Ref_Text,contrast-enhanced CT,Imaging_Test,"[104, 123]"
76.0,Ref_Text,parenchymal-sparing resection,Cancer_Surgery,"[273, 301]"
76.0,Ref_Text,systemic therapy,Therapy,"[399, 414]"
76.0,Ref_Text,chemotherapy,Therapy,"[561, 572]"
76.0,Ref_Text,FOLFOX,Therapy,"[575, 580]"
76.0,Ref_Text,bevacizumab,Therapy,"[584, 594]"
76.0,Ref_Text,anti-EGFR therapy,Therapy,"[691, 707]"
76.0,Ref_Text,surgery,Cancer_Surgery,"[805, 811]"
76.0,Ref_Text,segmentectomy 8,Cancer_Surgery,"[1178, 1192]"
76.0,Ref_Text,ultrasound,Imaging_Test,"[1444, 1453]"
76.0,Ref_Text,liver resection,Cancer_Surgery,"[1578, 1592]"
76.0,Ref_Text,colectomy,Cancer_Surgery,"[1598, 1606]"
76.0,Ref_Text,left hemicolectomy,Cancer_Surgery,"[1854, 1871]"
76.0,Ref_Text,lymphadectomy,Cancer_Surgery,"[1934, 1946]"
76.0,Ref_Text,systemic chemotherapy,Therapy,"[2309, 2329]"
76.0,Ref_Text,imaging,Imaging_Test,"[2388, 2394]"
77.0,Text,liver MRI,Imaging_Test,"[89, 97]"
77.0,Text,PET‑CT,Imaging_Test,"[223, 228]"
77.0,Text,brain MRI,Imaging_Test,"[234, 242]"
77.0,Text,CT,Imaging_Test,"[419, 420]"
77.0,Text,Neoadjuvant systemic therapy,Therapy,"[440, 467]"
77.0,Text,FOLFOXIRI,Therapy,"[542, 550]"
77.0,Text,bevacizumab,Therapy,"[554, 564]"
77.0,Text,encorafenib,Therapy,"[606, 616]"
77.0,Text,cetuximab,Therapy,"[620, 628]"
77.0,Text,binimetinib,Therapy,"[632, 642]"
77.0,Text,imaging,Imaging_Test,"[813, 819]"
77.0,Text,hepatic resection,Cancer_Surgery,"[912, 928]"
77.0,Text,portal vein embolization,Cancer_Surgery,"[967, 990]"
77.0,Text,staged hepatectomy,Cancer_Surgery,"[1058, 1075]"
77.0,Text,resection,Cancer_Surgery,"[1165, 1173]"
77.0,Text,hepatectomy,Cancer_Surgery,"[1205, 1215]"
77.0,Text,resect,Cancer_Surgery,"[1394, 1399]"
77.0,Text,colectomy,Cancer_Surgery,"[1511, 1519]"
77.0,Text,systemic therapy,Therapy,"[1555, 1570]"
77.0,Text,targeted systemic therapy,Therapy,"[1588, 1612]"
77.0,Text,BRAF/EGFR inhibition,Therapy,"[1615, 1634]"
77.0,Ref_Text,liver MRI,Imaging_Test,"[90, 98]"
77.0,Ref_Text,contrast-enhanced CT,Imaging_Test,"[104, 123]"
77.0,Ref_Text,parenchymal-sparing resection,Cancer_Surgery,"[260, 288]"
77.0,Ref_Text,Systemic therapy,Therapy,"[373, 388]"
77.0,Ref_Text,chemotherapy,Therapy,"[667, 678]"
77.0,Ref_Text,FOLFOX,Therapy,"[681, 686]"
77.0,Ref_Text,bevacizumab,Therapy,"[690, 700]"
77.0,Ref_Text,surgery,Cancer_Surgery,"[941, 947]"
77.0,Ref_Text,resections,Cancer_Surgery,"[1406, 1415]"
77.0,Ref_Text,ablation,Therapy,"[1421, 1428]"
77.0,Ref_Text,ultrasound,Imaging_Test,"[1440, 1449]"
77.0,Ref_Text,surgical,Cancer_Surgery,"[1492, 1499]"
77.0,Ref_Text,systemic therapy,Therapy,"[1590, 1605]"
78.0,Text,first‑line,Therapy,"[70, 79]"
78.0,Text,anti‑PD‑1 immunotherapy,Therapy,"[81, 103]"
78.0,Text,pembrolizumab,Therapy,"[112, 124]"
78.0,Text,chemotherapy,Therapy,"[190, 201]"
78.0,Text,FOLFOX,Therapy,"[204, 209]"
78.0,Text,CAPOX,Therapy,"[214, 218]"
78.0,Text,Immunotherapy,Therapy,"[306, 318]"
78.0,Text,cytoreduction,Cancer_Surgery,"[447, 459]"
78.0,Text,chemoradiotherapy,Therapy,"[569, 585]"
78.0,Text,total‑neoadjuvant therapy,Therapy,"[608, 632]"
78.0,Text,TNT,Therapy,"[635, 637]"
78.0,Text,liver MRI,Imaging_Test,"[977, 985]"
78.0,Text,pelvic MRI,Imaging_Test,"[1025, 1034]"
78.0,Text,DRE,Imaging_Test,"[1260, 1262]"
78.0,Text,endoscopy,Imaging_Test,"[1265, 1273]"
78.0,Text,upfront resection,Cancer_Surgery,"[1349, 1365]"
78.0,Text,portal‑vein embolization,Cancer_Surgery,"[1368, 1391]"
78.0,Text,staged hepatectomy,Cancer_Surgery,"[1403, 1420]"
78.0,Text,systemic therapy,Therapy,"[1442, 1457]"
78.0,Text,hepatectomy,Cancer_Surgery,"[1779, 1789]"
78.0,Text,parenchymal‑sparing resections,Cancer_Surgery,"[1826, 1855]"
78.0,Text,local ablative therapies,Therapy,"[1993, 2016]"
78.0,Text,thermal ablation,Therapy,"[2019, 2034]"
78.0,Text,stereotactic body radiotherapy,Therapy,"[2039, 2068]"
78.0,Text,resection,Cancer_Surgery,"[2098, 2106]"
78.0,Text,hepatic surgery,Cancer_Surgery,"[2142, 2156]"
78.0,Text,rectal resection,Cancer_Surgery,"[2208, 2223]"
78.0,Text,total mesorectal excision,Cancer_Surgery,"[2226, 2250]"
78.0,Text,immunotherapy,Therapy,"[2414, 2426]"
78.0,Text,adjuvant chemotherapy,Therapy,"[2558, 2578]"
78.0,Ref_Text,liver MRI,Imaging_Test,"[90, 98]"
78.0,Ref_Text,contrast-enhanced CT,Imaging_Test,"[104, 123]"
78.0,Ref_Text,parenchymal-sparing resection,Cancer_Surgery,"[260, 288]"
78.0,Ref_Text,systemic immunotherapy,Therapy,"[383, 404]"
78.0,Ref_Text,immunotherapy,Therapy,"[429, 441]"
78.0,Ref_Text,imaging,Imaging_Test,"[1504, 1510]"
79.0,Text,contrast‑enhanced thoracic CT,Imaging_Test,"[76, 104]"
79.0,Text,PET‑CT,Imaging_Test,"[110, 115]"
79.0,Text,liver MRI,Imaging_Test,"[166, 174]"
79.0,Text,resected,Cancer_Surgery,"[464, 471]"
79.0,Text,trastuzumab,Therapy,"[639, 649]"
79.0,Text,pertuzumab,Therapy,"[653, 662]"
79.0,Text,lapatinib,Therapy,"[681, 689]"
79.0,Text,chemotherapy,Therapy,"[725, 736]"
79.0,Text,FOLFOX,Therapy,"[739, 744]"
79.0,Text,CAPOX,Therapy,"[749, 753]"
79.0,Text,neoadjuvant,Therapy,"[784, 794]"
79.0,Text,resection,Cancer_Surgery,"[1203, 1211]"
79.0,Text,colon resection,Cancer_Surgery,"[1214, 1228]"
79.0,Text,left‑lateral hepatectomy,Cancer_Surgery,"[1232, 1255]"
79.0,Text,hepatic resection,Cancer_Surgery,"[1487, 1503]"
79.0,Text,ultrasound,Imaging_Test,"[1625, 1634]"
79.0,Text,Adjuvant/maintenance therapy,Therapy,"[1686, 1713]"
79.0,Text,HER2‑targeted therapy,Therapy,"[1731, 1751]"
79.0,Text,adjuvant chemotherapy,Therapy,"[1866, 1886]"
79.0,Text,HER2‑directed therapy,Therapy,"[2062, 2082]"
79.0,Ref_Text,liver MRI,Imaging_Test,"[114, 122]"
79.0,Ref_Text,contrast-enhanced CT,Imaging_Test,"[128, 147]"
79.0,Ref_Text,systemic therapy,Therapy,"[314, 329]"
79.0,Ref_Text,targeted therapies,Therapy,"[684, 701]"
79.0,Ref_Text,trastuzumab,Therapy,"[708, 718]"
79.0,Ref_Text,tucatinib,Therapy,"[734, 742]"
79.0,Ref_Text,trastuzumab deruxtecan,Therapy,"[747, 768]"
79.0,Ref_Text,ultrasound,Imaging_Test,"[1096, 1105]"
79.0,Ref_Text,liver resection,Cancer_Surgery,"[1199, 1213]"
79.0,Ref_Text,surgery,Cancer_Surgery,"[1392, 1398]"
79.0,Ref_Text,left hemicolectomy,Cancer_Surgery,"[1506, 1523]"
79.0,Ref_Text,lymphadectomy,Cancer_Surgery,"[1586, 1598]"
79.0,Ref_Text,colectomy,Cancer_Surgery,"[1765, 1773]"
79.0,Ref_Text,imaging,Imaging_Test,"[2408, 2414]"
80.0,Text,first line,Therapy,"[69, 78]"
80.0,Text,oxaliplatin‑based doublet,Therapy,"[100, 124]"
80.0,Text,FOLFOX,Therapy,"[127, 132]"
80.0,Text,bevacizumab,Therapy,"[149, 159]"
80.0,Text,anti‑VEGF,Therapy,"[162, 170]"
80.0,Text,irinotecan,Therapy,"[246, 255]"
80.0,Text,FOLFOXIRI,Therapy,"[258, 266]"
80.0,Text,RECIST,Therapy,"[677, 682]"
80.0,Text,Portal vein embolization,Cancer_Surgery,"[872, 895]"
80.0,Text,chemotherapy,Therapy,"[961, 972]"
80.0,Text,anatomic or parenchymal‑sparing hepatectomy,Cancer_Surgery,"[1275, 1317]"
80.0,Text,R0 resection,Cancer_Surgery,"[1330, 1341]"
80.0,Text,vascular reconstruction,Cancer_Surgery,"[1483, 1505]"
80.0,Text,portal vein resection,Cancer_Surgery,"[1514, 1534]"
80.0,Text,hepatic resection,Cancer_Surgery,"[1665, 1681]"
80.0,Text,segmental colectomy,Cancer_Surgery,"[1761, 1779]"
80.0,Text,FOLFIRI,Therapy,"[1963, 1969]"
80.0,Text,systemic therapy,Therapy,"[2181, 2196]"
80.0,Text,second‑line,Therapy,"[2222, 2232]"
80.0,Text,stereotactic body radiotherapy,Therapy,"[2348, 2377]"
80.0,Text,resection,Cancer_Surgery,"[2408, 2416]"
80.0,Ref_Text,liver MRI,Imaging_Test,"[114, 122]"
80.0,Ref_Text,contrast-enhanced CT,Imaging_Test,"[128, 147]"
80.0,Ref_Text,Systemic therapy,Therapy,"[285, 300]"
80.0,Ref_Text,chemotherapy,Therapy,"[364, 375]"
80.0,Ref_Text,bevacizumab,Therapy,"[421, 431]"
80.0,Ref_Text,anti-EGFR,Therapy,"[457, 465]"
80.0,Ref_Text,reconstruction,Cancer_Surgery,"[786, 799]"
80.0,Ref_Text,surgery,Cancer_Surgery,"[857, 863]"
80.0,Ref_Text,surgical,Cancer_Surgery,"[1051, 1058]"
80.0,Ref_Text,systemic therapy,Therapy,"[1216, 1231]"
80.0,Ref_Text,intra-arterial chemotherapy,Therapy,"[1279, 1305]"
80.0,Ref_Text,resection,Cancer_Surgery,"[1313, 1321]"
80.0,Ref_Text,MDT,Therapy,"[1442, 1444]"
81.0,Text,neoadjuvant chemotherapy,Therapy,"[83, 106]"
81.0,Text,FOLFOXIRI,Therapy,"[115, 123]"
81.0,Text,R0 resection,Cancer_Surgery,"[321, 332]"
81.0,Text,liver MRI,Imaging_Test,"[430, 438]"
81.0,Text,contrast‑enhanced CT,Imaging_Test,"[444, 463]"
81.0,Text,volumetric CT,Imaging_Test,"[479, 491]"
81.0,Text,CT‑based chest/abdomen/pelvis,Imaging_Test,"[519, 547]"
81.0,Text,portal vein embolization,Cancer_Surgery,"[840, 863]"
81.0,Text,staged hepatectomy,Cancer_Surgery,"[931, 948]"
81.0,Text,hepatectomy,Cancer_Surgery,"[1055, 1065]"
81.0,Text,liver resection,Cancer_Surgery,"[1132, 1146]"
81.0,Text,extended right hepatectomy,Cancer_Surgery,"[1149, 1174]"
81.0,Text,liver‑first approach,Cancer_Surgery,"[1386, 1405]"
81.0,Text,neoadjuvant chemoradiotherapy,Therapy,"[1632, 1660]"
81.0,Text,total mesorectal excision,Cancer_Surgery,"[1702, 1726]"
81.0,Text,chemoradiation,Therapy,"[1844, 1857]"
81.0,Text,Adjuvant systemic therapy,Therapy,"[2021, 2045]"
81.0,Text,chemotherapy,Therapy,"[2072, 2083]"
81.0,Ref_Text,liver MRI,Imaging_Test,"[114, 122]"
81.0,Ref_Text,contrast-enhanced CT,Imaging_Test,"[128, 147]"
81.0,Ref_Text,FOLFOX,Therapy,"[448, 453]"
81.0,Ref_Text,FOLFIRI,Therapy,"[458, 464]"
81.0,Ref_Text,chemotherapy,Therapy,"[648, 659]"
81.0,Ref_Text,reconstruction,Cancer_Surgery,"[829, 842]"
81.0,Ref_Text,ultrasound-guided,Imaging_Test,"[946, 962]"
81.0,Ref_Text,parenchymal-sparing resection,Cancer_Surgery,"[964, 992]"
81.0,Ref_Text,venous reconstruction,Cancer_Surgery,"[1017, 1037]"
81.0,Ref_Text,ultrasound,Imaging_Test,"[1086, 1095]"
81.0,Ref_Text,parenchymal-sparing resections,Cancer_Surgery,"[1139, 1168]"
81.0,Ref_Text,radiotherapy,Therapy,"[1336, 1347]"
81.0,Ref_Text,surgery,Cancer_Surgery,"[1351, 1357]"
81.0,Ref_Text,systemic therapy,Therapy,"[1539, 1554]"
81.0,Ref_Text,imaging,Imaging_Test,"[1619, 1625]"
82.0,Text,thoraco‑abdominal CT,Imaging_Test,"[73, 92]"
82.0,Text,PET‑CT,Imaging_Test,"[98, 103]"
82.0,Text,volumetric CT,Imaging_Test,"[268, 280]"
82.0,Text,IVC reconstruction,Cancer_Surgery,"[465, 482]"
82.0,Text,neoadjuvant chemotherapy,Therapy,"[544, 567]"
82.0,Text,FOLFOXIRI,Therapy,"[576, 584]"
82.0,Text,bevacizumab,Therapy,"[588, 598]"
82.0,Text,therapy,Therapy,"[837, 843]"
82.0,Text,liver MRI,Imaging_Test,"[860, 868]"
82.0,Text,portal vein embolization,Cancer_Surgery,"[912, 935]"
82.0,Text,PVE,Cancer_Surgery,"[938, 940]"
82.0,Text,en‑bloc IVC segmental resection,Cancer_Surgery,"[1033, 1063]"
82.0,Text,colon resection,Cancer_Surgery,"[1445, 1459]"
82.0,Text,liver resection,Cancer_Surgery,"[1465, 1479]"
82.0,Text,chemotherapy,Therapy,"[1667, 1678]"
82.0,Text,colon surgery,Cancer_Surgery,"[1687, 1699]"
82.0,Text,Extended right hepatectomy,Cancer_Surgery,"[1736, 1761]"
82.0,Text,IVC segmental resection,Cancer_Surgery,"[1804, 1826]"
82.0,Text,ultrasound,Imaging_Test,"[1909, 1918]"
82.0,Text,ablation,Cancer_Surgery,"[1970, 1977]"
82.0,Text,imaging,Imaging_Test,"[2205, 2211]"
82.0,Ref_Text,liver MRI,Imaging_Test,"[89, 97]"
82.0,Ref_Text,FOLFOXIRI,Therapy,"[346, 354]"
82.0,Ref_Text,anti-EGFR therapy,Therapy,"[370, 386]"
82.0,Ref_Text,Surgery,Cancer_Surgery,"[952, 958]"
82.0,Ref_Text,chemotherapy,Therapy,"[986, 997]"
82.0,Ref_Text,Separation from the IVC,Cancer_Surgery,"[1056, 1078]"
82.0,Ref_Text,R0 resection,Cancer_Surgery,"[1098, 1109]"
82.0,Ref_Text,partial IVC resection,Cancer_Surgery,"[1127, 1147]"
82.0,Ref_Text,staged hepatectomy,Cancer_Surgery,"[1209, 1226]"
82.0,Ref_Text,portal vein embolization,Therapy,"[1244, 1267]"
82.0,Ref_Text,vascular surgery,Cancer_Surgery,"[1306, 1321]"
82.0,Ref_Text,One or two-stage hepatectomy,Cancer_Surgery,"[1462, 1489]"
82.0,Ref_Text,extensive parenchymal-sparing resections,Cancer_Surgery,"[1494, 1533]"
82.0,Ref_Text,parenchymal-sparing resection,Cancer_Surgery,"[1671, 1699]"
82.0,Ref_Text,IVC tangential resection,Cancer_Surgery,"[1739, 1762]"
82.0,Ref_Text,graft reconstruction,Cancer_Surgery,"[1767, 1786]"
82.0,Ref_Text,ultrasound,Imaging_Test,"[1807, 1816]"
82.0,Ref_Text,liver resection,Cancer_Surgery,"[1910, 1924]"
82.0,Ref_Text,surgery,Cancer_Surgery,"[2103, 2109]"
82.0,Ref_Text,left hemicolectomy,Cancer_Surgery,"[2217, 2234]"
82.0,Ref_Text,lymphadectomy,Cancer_Surgery,"[2297, 2309]"
82.0,Ref_Text,colectomy,Cancer_Surgery,"[2476, 2484]"
82.0,Ref_Text,systemic therapy,Therapy,"[2746, 2761]"
82.0,Ref_Text,intra-arterial chemotherapy,Therapy,"[2789, 2815]"
82.0,Ref_Text,resection,Cancer_Surgery,"[2823, 2831]"
83.0,Text,FOLFOXIRI,Therapy,"[138, 146]"
83.0,Text,anti‑VEGF agent,Therapy,"[166, 180]"
83.0,Text,bevacizumab,Therapy,"[183, 193]"
83.0,Text,liver MRI,Imaging_Test,"[480, 488]"
83.0,Text,diffusion‑weighted imaging,Imaging_Test,"[495, 520]"
83.0,Text,hepatic venous phase CT,Imaging_Test,"[526, 548]"
83.0,Text,resection,Cancer_Surgery,"[828, 836]"
83.0,Text,portal vein embolization,Therapy,"[1016, 1039]"
83.0,Text,hepatic resection,Cancer_Surgery,"[1338, 1354]"
83.0,Text,ultrasound,Imaging_Test,"[1572, 1581]"
83.0,Text,ablation,Therapy,"[1607, 1614]"
83.0,Ref_Text,liver MRI,Imaging_Test,"[89, 97]"
83.0,Ref_Text,FOLFOX,Therapy,"[371, 376]"
83.0,Ref_Text,FOLFIRI,Therapy,"[381, 387]"
83.0,Ref_Text,bevacizumab,Therapy,"[391, 401]"
83.0,Ref_Text,anti-EGFR,Therapy,"[427, 435]"
83.0,Ref_Text,contrast-enhanced CT,Imaging_Test,"[619, 638]"
83.0,Ref_Text,chemotherapy,Therapy,"[646, 657]"
83.0,Ref_Text,parenchymal-sparing resection,Cancer_Surgery,"[884, 912]"
83.0,Ref_Text,intra-operative ultrasound,Imaging_Test,"[924, 949]"
83.0,Ref_Text,reconstruction,Cancer_Surgery,"[997, 1010]"
83.0,Ref_Text,wedge/segmental resections,Cancer_Surgery,"[1077, 1102]"
83.0,Ref_Text,right hemicolectomy,Cancer_Surgery,"[1176, 1194]"
83.0,Ref_Text,D2 lymphadectomy,Cancer_Surgery,"[1258, 1273]"
83.0,Ref_Text,liver resection,Cancer_Surgery,"[1420, 1434]"
83.0,Ref_Text,colectomy,Cancer_Surgery,"[1440, 1448]"
83.0,Ref_Text,surgery,Cancer_Surgery,"[1627, 1633]"
83.0,Ref_Text,systemic therapy,Therapy,"[1710, 1725]"
83.0,Ref_Text,intra-arterial chemotherapy,Therapy,"[1753, 1779]"
83.0,Ref_Text,resection,Cancer_Surgery,"[1787, 1795]"
83.0,Ref_Text,imaging,Imaging_Test,"[2294, 2300]"
84.0,Text,liver MRI,Imaging_Test,"[86, 94]"
84.0,Text,PET‑CT,Imaging_Test,"[224, 229]"
84.0,Text,Neoadjuvant systemic therapy,Therapy,"[452, 479]"
84.0,Text,chemotherapy,Therapy,"[576, 587]"
84.0,Text,FOLFOX,Therapy,"[590, 595]"
84.0,Text,FOLFIRI,Therapy,"[600, 606]"
84.0,Text,cetuximab,Therapy,"[646, 654]"
84.0,Text,curative‑intent resection,Cancer_Surgery,"[953, 977]"
84.0,Text,segmental colectomy,Cancer_Surgery,"[1047, 1065]"
84.0,Text,liver resection,Cancer_Surgery,"[1110, 1124]"
84.0,Text,portal vein embolization,Cancer_Surgery,"[1272, 1295]"
84.0,Text,two‑stage hepatectomy,Cancer_Surgery,"[1398, 1418]"
84.0,Text,staged hepatectomy,Cancer_Surgery,"[1480, 1497]"
84.0,Text,Adjuvant therapy,Therapy,"[1552, 1567]"
84.0,Text,R0 liver resection,Cancer_Surgery,"[1582, 1599]"
84.0,Text,primary tumor resection,Cancer_Surgery,"[1606, 1628]"
84.0,Text,neoadjuvant,Therapy,"[1693, 1703]"
84.0,Text,contrast‑enhanced CT,Imaging_Test,"[1789, 1808]"
84.0,Text,MRI of the liver,Imaging_Test,"[1813, 1828]"
84.0,Ref_Text,liver MRI,Imaging_Test,"[114, 122]"
84.0,Ref_Text,contrast-enhanced CT,Imaging_Test,"[128, 147]"
84.0,Ref_Text,chemotherapy,Therapy,"[365, 376]"
84.0,Ref_Text,FOLFOX,Therapy,"[379, 384]"
84.0,Ref_Text,FOLFIRI,Therapy,"[389, 395]"
84.0,Ref_Text,cetuximab,Therapy,"[399, 407]"
84.0,Ref_Text,surgery,Cancer_Surgery,"[597, 603]"
84.0,Ref_Text,hepatectomy,Cancer_Surgery,"[871, 881]"
84.0,Ref_Text,intra-operative ultrasound,Imaging_Test,"[1051, 1076]"
84.0,Ref_Text,R0 resection,Cancer_Surgery,"[1093, 1104]"
84.0,Ref_Text,ultrasound,Imaging_Test,"[1213, 1222]"
84.0,Ref_Text,liver resection,Cancer_Surgery,"[1342, 1356]"
84.0,Ref_Text,extended right colectomy,Cancer_Surgery,"[1666, 1689]"
84.0,Ref_Text,oncological lymphadenectomy,Cancer_Surgery,"[1727, 1753]"
84.0,Ref_Text,resection,Cancer_Surgery,"[1874, 1882]"
84.0,Ref_Text,colectomy,Cancer_Surgery,"[1921, 1929]"
84.0,Ref_Text,imaging,Imaging_Test,"[2339, 2345]"
85.0,Text,thoracic CT,Imaging_Test,"[66, 76]"
85.0,Text,PET‑CT,Imaging_Test,"[82, 87]"
85.0,Text,liver MRI,Imaging_Test,"[138, 146]"
85.0,Text,FOLFOX,Therapy,"[421, 426]"
85.0,Text,bevacizumab,Therapy,"[443, 453]"
85.0,Text,imaging,Imaging_Test,"[521, 527]"
85.0,Text,curative‑intent hepatectomy,Cancer_Surgery,"[793, 819]"
85.0,Text,FLR,Therapy,"[954, 956]"
85.0,Text,hepatectomy,Cancer_Surgery,"[978, 988]"
85.0,Text,portal vein embolization,Therapy,"[995, 1018]"
85.0,Text,resection,Cancer_Surgery,"[1089, 1097]"
85.0,Text,colon resection,Cancer_Surgery,"[1221, 1235]"
85.0,Text,liver surgery,Cancer_Surgery,"[1268, 1280]"
85.0,Text,chemotherapy,Therapy,"[1387, 1398]"
85.0,Text,adjuvant therapy,Therapy,"[1450, 1465]"
85.0,Text,FOLFIRI,Therapy,"[1481, 1487]"
85.0,Text,KRAS‑G12C inhibitor,Therapy,"[1617, 1635]"
85.0,Text,sotorasib,Therapy,"[1644, 1652]"
85.0,Ref_Text,liver MRI,Imaging_Test,"[114, 122]"
85.0,Ref_Text,contrast-enhanced CT,Imaging_Test,"[128, 147]"
85.0,Ref_Text,Systemic therapy,Therapy,"[285, 300]"
85.0,Ref_Text,bevacizumab,Therapy,"[421, 431]"
85.0,Ref_Text,targeted strategies,Therapy,"[531, 549]"
85.0,Ref_Text,surgery,Cancer_Surgery,"[819, 825]"
85.0,Ref_Text,parenchymal-sparing resections,Cancer_Surgery,"[1008, 1037]"
85.0,Ref_Text,oncological lymphadenectomy,Cancer_Surgery,"[1163, 1189]"
85.0,Ref_Text,intra-arterial chemotherapy,Therapy,"[1262, 1288]"
85.0,Ref_Text,systemic therapy,Therapy,"[1347, 1362]"
85.0,Ref_Text,resection,Cancer_Surgery,"[1444, 1452]"
85.0,Ref_Text,MDT,Therapy,"[1573, 1575]"
86.0,Text,FOLFOXIRI,Therapy,"[84, 92]"
86.0,Text,cetuximab,Therapy,"[96, 104]"
86.0,Text,liver MRI,Imaging_Test,"[332, 340]"
86.0,Text,thoraco‑abdominal CT,Imaging_Test,"[376, 395]"
86.0,Text,portal vein embolization,Therapy,"[560, 583]"
86.0,Text,two‑stage hepatectomy,Cancer_Surgery,"[596, 616]"
86.0,Text,imaging,Imaging_Test,"[640, 646]"
86.0,Text,R0 liver resection,Cancer_Surgery,"[665, 682]"
86.0,Text,hepatic resection,Cancer_Surgery,"[809, 825]"
86.0,Text,FLR,Therapy,"[844, 846]"
86.0,Text,neoadjuvant chemoradiation,Therapy,"[1119, 1144]"
86.0,Text,total mesorectal excision,Cancer_Surgery,"[1205, 1229]"
86.0,Text,adjuvant systemic therapy,Therapy,"[1352, 1376]"
86.0,Ref_Text,liver MRI,Imaging_Test,"[129, 137]"
86.0,Ref_Text,contrast-enhanced CT,Imaging_Test,"[143, 162]"
86.0,Ref_Text,Pelvic MRI,Imaging_Test,"[257, 266]"
86.0,Ref_Text,chemoradiotherapy,Therapy,"[294, 310]"
86.0,Ref_Text,induction chemotherapy,Therapy,"[473, 494]"
86.0,Ref_Text,anti-EGFR,Therapy,"[514, 522]"
86.0,Ref_Text,radiotherapy,Therapy,"[922, 933]"
86.0,Ref_Text,chemotherapy,Therapy,"[1070, 1081]"
86.0,Ref_Text,FOLFOX,Therapy,"[1084, 1089]"
86.0,Ref_Text,CAPOX,Therapy,"[1094, 1098]"
86.0,Ref_Text,parenchymal-sparing wedge/segmentectomy,Cancer_Surgery,"[1247, 1285]"
86.0,Ref_Text,ultrasound,Imaging_Test,"[1391, 1400]"
86.0,Ref_Text,liver resection,Cancer_Surgery,"[1519, 1533]"
86.0,Ref_Text,rectal resection,Cancer_Surgery,"[1816, 1831]"
86.0,Ref_Text,oncologic resection of the upper rectum,Cancer_Surgery,"[1902, 1940]"
86.0,Ref_Text,low anterior resection,Cancer_Surgery,"[1943, 1964]"
86.0,Ref_Text,surgery,Cancer_Surgery,"[2260, 2266]"
86.0,Ref_Text,systemic therapy,Therapy,"[2633, 2648]"
86.0,Ref_Text,imaging,Imaging_Test,"[2716, 2722]"
87.0,Text,oxaliplatin‑based doublet,Therapy,"[84, 108]"
87.0,Text,mFOLFOX6,Therapy,"[117, 124]"
87.0,Text,bevacizumab,Therapy,"[141, 151]"
87.0,Text,liver MRI,Imaging_Test,"[389, 397]"
87.0,Text,thoraco‑abdominal CT,Imaging_Test,"[444, 463]"
87.0,Text,imaging,Imaging_Test,"[620, 626]"
87.0,Text,hepatic resection,Cancer_Surgery,"[738, 754]"
87.0,Text,portal vein embolization,Cancer_Surgery,"[887, 910]"
87.0,Text,staged hepatectomy,Cancer_Surgery,"[978, 995]"
87.0,Text,systemic therapy,Therapy,"[1115, 1130]"
87.0,Text,FOLFIRI,Therapy,"[1152, 1158]"
87.0,Text,colectomy,Cancer_Surgery,"[1571, 1579]"
87.0,Text,liver resection,Cancer_Surgery,"[1600, 1614]"
87.0,Text,R0 liver resection,Cancer_Surgery,"[1740, 1757]"
87.0,Text,primary resection,Cancer_Surgery,"[1764, 1780]"
87.0,Text,chemotherapy,Therapy,"[1814, 1825]"
87.0,Ref_Text,liver MRI,Imaging_Test,"[114, 122]"
87.0,Ref_Text,contrast-enhanced CT,Imaging_Test,"[128, 147]"
87.0,Ref_Text,Systemic therapy,Therapy,"[285, 300]"
87.0,Ref_Text,chemotherapy,Therapy,"[364, 375]"
87.0,Ref_Text,bevacizumab,Therapy,"[421, 431]"
87.0,Ref_Text,anti-EGFR,Therapy,"[457, 465]"
87.0,Ref_Text,surgery,Cancer_Surgery,"[715, 721]"
87.0,Ref_Text,parenchymal-sparing resections,Cancer_Surgery,"[917, 946]"
87.0,Ref_Text,systemic therapy,Therapy,"[1005, 1020]"
88.0,Text,Neoadjuvant systemic therapy,Therapy,"[35, 62]"
88.0,Text,fluoropyrimidine‑oxaliplatin doublet,Therapy,"[98, 133]"
88.0,Text,FOLFOX,Therapy,"[136, 141]"
88.0,Text,anti‑VEGF,Therapy,"[146, 154]"
88.0,Text,bevacizumab,Therapy,"[157, 167]"
88.0,Text,anti‑EGFR,Therapy,"[173, 181]"
88.0,Text,contrast‑enhanced chest CT,Imaging_Test,"[392, 417]"
88.0,Text,PET/CT,Imaging_Test,"[423, 428]"
88.0,Text,liver MRI,Imaging_Test,"[478, 486]"
88.0,Text,portal vein embolization,Cancer_Surgery,"[681, 704]"
88.0,Text,chemotherapy,Therapy,"[810, 821]"
88.0,Text,parenchymal‑sparing hepatectomy,Cancer_Surgery,"[872, 902]"
88.0,Text,ultrasound,Imaging_Test,"[1018, 1027]"
88.0,Text,R0 resection,Cancer_Surgery,"[1057, 1068]"
88.0,Text,left‑sided colectomy,Cancer_Surgery,"[1371, 1390]"
88.0,Text,segmental or left hemicolectomy,Cancer_Surgery,"[1393, 1423]"
88.0,Text,liver surgery,Cancer_Surgery,"[1510, 1522]"
88.0,Text,minor resection,Cancer_Surgery,"[1536, 1550]"
88.0,Text,colon‑liver resection,Cancer_Surgery,"[1569, 1589]"
88.0,Ref_Text,liver MRI,Imaging_Test,"[90, 98]"
88.0,Ref_Text,contrast-enhanced CT,Imaging_Test,"[104, 123]"
88.0,Ref_Text,parenchymal-sparing resection,Cancer_Surgery,"[260, 288]"
88.0,Ref_Text,systemic therapy,Therapy,"[385, 400]"
88.0,Ref_Text,chemotherapy,Therapy,"[548, 559]"
88.0,Ref_Text,FOLFOX,Therapy,"[562, 567]"
88.0,Ref_Text,bevacizumab,Therapy,"[571, 581]"
88.0,Ref_Text,surgery,Cancer_Surgery,"[773, 779]"
88.0,Ref_Text,parenchymal-sparing liver resection,Cancer_Surgery,"[1073, 1107]"
88.0,Ref_Text,ultrasound,Imaging_Test,"[1184, 1193]"
88.0,Ref_Text,liver resection,Cancer_Surgery,"[1318, 1332]"
88.0,Ref_Text,colectomy,Cancer_Surgery,"[1338, 1346]"
88.0,Ref_Text,left hemicolectomy,Cancer_Surgery,"[1626, 1643]"
88.0,Ref_Text,lymphadectomy,Cancer_Surgery,"[1706, 1718]"
88.0,Ref_Text,imaging,Imaging_Test,"[2493, 2499]"
89.0,Text,liver MRI,Imaging_Test,"[81, 89]"
89.0,Text,volumetric analysis,Imaging_Test,"[151, 169]"
89.0,Text,chemotherapy,Therapy,"[458, 469]"
89.0,Text,FOLFOXIRI,Therapy,"[478, 486]"
89.0,Text,anti‑EGFR antibody,Therapy,"[506, 523]"
89.0,Text,cetuximab,Therapy,"[526, 534]"
89.0,Text,panitumumab,Therapy,"[539, 549]"
89.0,Text,MRI,Imaging_Test,"[706, 708]"
89.0,Text,hepatic surgery,Cancer_Surgery,"[843, 857]"
89.0,Text,portal vein embolization,Therapy,"[893, 916]"
89.0,Text,major right hepatectomy,Cancer_Surgery,"[1208, 1230]"
89.0,Text,extended segmental resection,Cancer_Surgery,"[1235, 1262]"
89.0,Text,IVC reconstruction,Cancer_Surgery,"[1278, 1295]"
89.0,Text,segment VIII non‑anatomical resection,Cancer_Surgery,"[1334, 1370]"
89.0,Text,patch repair,Cancer_Surgery,"[1456, 1467]"
89.0,Text,graft reconstruction,Cancer_Surgery,"[1472, 1491]"
89.0,Text,primary tumor resection,Cancer_Surgery,"[1587, 1609]"
89.0,Text,adjuvant chemotherapy,Therapy,"[1662, 1682]"
89.0,Ref_Text,liver MRI,Imaging_Test,"[89, 97]"
89.0,Ref_Text,anti-EGFR,Therapy,"[400, 408]"
89.0,Ref_Text,Surgical management,Cancer_Surgery,"[902, 920]"
89.0,Ref_Text,contrast-enhanced CT,Imaging_Test,"[989, 1008]"
89.0,Ref_Text,chemotherapy,Therapy,"[1016, 1027]"
89.0,Ref_Text,ultrasound-guided,Imaging_Test,"[1173, 1189]"
89.0,Ref_Text,IVC tangential resection,Cancer_Surgery,"[1288, 1311]"
89.0,Ref_Text,vascular surgery,Cancer_Surgery,"[1370, 1385]"
89.0,Ref_Text,ultrasound,Imaging_Test,"[1470, 1479]"
89.0,Ref_Text,surgery,Cancer_Surgery,"[1697, 1703]"
89.0,Ref_Text,right hemicolectomy,Cancer_Surgery,"[1798, 1816]"
89.0,Ref_Text,D2 lymphadectomy,Cancer_Surgery,"[1880, 1895]"
89.0,Ref_Text,liver resection,Cancer_Surgery,"[2042, 2056]"
89.0,Ref_Text,colectomy,Cancer_Surgery,"[2062, 2070]"
89.0,Ref_Text,systemic therapy,Therapy,"[2332, 2347]"
89.0,Ref_Text,intra-arterial chemotherapy,Therapy,"[2375, 2401]"
89.0,Ref_Text,resection,Cancer_Surgery,"[2409, 2417]"
89.0,Ref_Text,imaging,Imaging_Test,"[2916, 2922]"
90.0,Text,liver‑specific MRI,Imaging_Test,"[73, 90]"
90.0,Text,resected,Cancer_Surgery,"[437, 444]"
90.0,Text,Neoadjuvant systemic therapy,Therapy,"[453, 480]"
90.0,Text,chemotherapy,Therapy,"[508, 519]"
90.0,Text,FOLFOXIRI,Therapy,"[528, 536]"
90.0,Text,bevacizumab,Therapy,"[540, 550]"
90.0,Text,encorafenib,Therapy,"[592, 602]"
90.0,Text,cetuximab,Therapy,"[606, 614]"
90.0,Text,binimetinib,Therapy,"[618, 628]"
90.0,Text,treatment,Therapy,"[720, 728]"
90.0,Text,imaging,Imaging_Test,"[775, 781]"
90.0,Text,neoadjuvant therapy,Therapy,"[888, 906]"
90.0,Text,portal vein embolization,Cancer_Surgery,"[1028, 1051]"
90.0,Text,staged hepatectomy,Cancer_Surgery,"[1119, 1136]"
90.0,Text,liver‑first or staged hepatectomy,Cancer_Surgery,"[1187, 1219]"
90.0,Text,R0 resection,Cancer_Surgery,"[1232, 1243]"
90.0,Text,colorectal resection,Cancer_Surgery,"[1491, 1510]"
90.0,Text,adjuvant systemic therapy,Therapy,"[1642, 1666]"
90.0,Ref_Text,liver MRI,Imaging_Test,"[90, 98]"
90.0,Ref_Text,contrast-enhanced CT,Imaging_Test,"[104, 123]"
90.0,Ref_Text,parenchymal-sparing resection,Cancer_Surgery,"[260, 288]"
90.0,Ref_Text,FOLFOX,Therapy,"[552, 557]"
90.0,Ref_Text,bevacizumab,Therapy,"[561, 571]"
90.0,Ref_Text,surgery,Cancer_Surgery,"[763, 769]"
90.0,Ref_Text,chemotherapy,Therapy,"[838, 849]"
90.0,Ref_Text,parenchymal-sparing resections,Cancer_Surgery,"[1161, 1190]"
90.0,Ref_Text,left hemicolectomy,Cancer_Surgery,"[1251, 1268]"
90.0,Ref_Text,lymphadectomy,Cancer_Surgery,"[1331, 1343]"
90.0,Ref_Text,liver resection,Cancer_Surgery,"[1490, 1504]"
90.0,Ref_Text,colectomy,Cancer_Surgery,"[1510, 1518]"
90.0,Ref_Text,systemic therapy,Therapy,"[1780, 1795]"
90.0,Ref_Text,intra-arterial chemotherapy,Therapy,"[1823, 1849]"
90.0,Ref_Text,resection,Cancer_Surgery,"[1857, 1865]"
90.0,Ref_Text,imaging,Imaging_Test,"[2364, 2370]"
91.0,Text,liver MRI,Imaging_Test,"[84, 92]"
91.0,Text,pelvic MRI,Imaging_Test,"[129, 138]"
91.0,Text,chest CT,Imaging_Test,"[168, 175]"
91.0,Text,PET‑CT,Imaging_Test,"[181, 186]"
91.0,Text,pembrolizumab,Therapy,"[330, 342]"
91.0,Text,chemotherapy,Therapy,"[364, 375]"
91.0,Text,Neoadjuvant chemoradiation,Therapy,"[489, 514]"
91.0,Text,chemoradiotherapy,Therapy,"[561, 577]"
91.0,Text,RT,Therapy,"[596, 597]"
91.0,Text,systemic therapy,Therapy,"[611, 626]"
91.0,Text,abdominal surgery,Cancer_Surgery,"[689, 705]"
91.0,Text,systemic/locoregional therapy,Therapy,"[733, 761]"
91.0,Text,FLR,Therapy,"[924, 926]"
91.0,Text,portal vein embolization,Cancer_Surgery,"[954, 977]"
91.0,Text,two‑stage hepatectomy,Cancer_Surgery,"[984, 1004]"
91.0,Text,liver resection,Cancer_Surgery,"[1031, 1045]"
91.0,Text,total mesorectal excision,Cancer_Surgery,"[1216, 1240]"
91.0,Text,abdominoperineal resection,Cancer_Surgery,"[1289, 1314]"
91.0,Text,Adjuvant therapy,Therapy,"[1346, 1361]"
91.0,Text,immunotherapy,Therapy,"[1428, 1440]"
91.0,Ref_Text,liver MRI,Imaging_Test,"[90, 98]"
91.0,Ref_Text,contrast-enhanced CT,Imaging_Test,"[104, 123]"
91.0,Ref_Text,parenchymal-sparing resection,Cancer_Surgery,"[260, 288]"
91.0,Ref_Text,systemic immunotherapy,Therapy,"[306, 327]"
91.0,Ref_Text,immunotherapy,Therapy,"[352, 364]"
91.0,Ref_Text,imaging,Imaging_Test,"[1427, 1433]"
92.0,Text,FOLFOXIRI,Therapy,"[120, 128]"
92.0,Text,bevacizumab,Therapy,"[145, 155]"
92.0,Text,triphasic CT,Imaging_Test,"[408, 419]"
92.0,Text,liver‑specific MRI,Imaging_Test,"[425, 442]"
92.0,Text,single‑stage resection,Cancer_Surgery,"[754, 775]"
92.0,Text,portal vein embolization,Therapy,"[783, 806]"
92.0,Text,right hepatectomy,Cancer_Surgery,"[826, 842]"
92.0,Text,hepatectomy,Cancer_Surgery,"[864, 874]"
92.0,Text,R0 right hepatectomy,Cancer_Surgery,"[1025, 1044]"
92.0,Text,vascular reconstruction,Cancer_Surgery,"[1051, 1073]"
92.0,Text,ultrasound,Imaging_Test,"[1316, 1325]"
92.0,Text,colectomy,Cancer_Surgery,"[1491, 1499]"
92.0,Text,hepatic resection,Cancer_Surgery,"[1507, 1523]"
92.0,Text,adjuvant therapy,Therapy,"[1809, 1824]"
92.0,Text,systemic therapy,Therapy,"[1884, 1899]"
92.0,Text,FOLFIRI,Therapy,"[1948, 1954]"
92.0,Ref_Text,liver MRI,Imaging_Test,"[90, 98]"
92.0,Ref_Text,contrast-enhanced CT,Imaging_Test,"[104, 123]"
92.0,Ref_Text,parenchymal-sparing resection,Cancer_Surgery,"[260, 288]"
92.0,Ref_Text,Systemic therapy,Therapy,"[401, 416]"
92.0,Ref_Text,chemotherapy,Therapy,"[480, 491]"
92.0,Ref_Text,bevacizumab,Therapy,"[537, 547]"
92.0,Ref_Text,anti-EGFR,Therapy,"[575, 583]"
92.0,Ref_Text,surgery,Cancer_Surgery,"[883, 889]"
92.0,Ref_Text,parenchymal-sparing resections,Cancer_Surgery,"[1078, 1107]"
92.0,Ref_Text,right hemicolectomy,Cancer_Surgery,"[1199, 1217]"
92.0,Ref_Text,D2 lymphadectomy,Cancer_Surgery,"[1281, 1296]"
92.0,Ref_Text,liver resection,Cancer_Surgery,"[1443, 1457]"
92.0,Ref_Text,colectomy,Cancer_Surgery,"[1463, 1471]"
92.0,Ref_Text,imaging,Imaging_Test,"[2072, 2078]"
93.0,Text,Systemic therapy,Therapy,"[35, 50]"
93.0,Text,trastuzumab,Therapy,"[109, 119]"
93.0,Text,pertuzumab,Therapy,"[123, 132]"
93.0,Text,chemotherapy,Therapy,"[168, 179]"
93.0,Text,FOLFOX,Therapy,"[191, 196]"
93.0,Text,FOLFIRI,Therapy,"[201, 207]"
93.0,Text,targeted therapy,Therapy,"[349, 364]"
93.0,Text,multiphase abdominal CT,Imaging_Test,"[600, 622]"
93.0,Text,thoracic CT,Imaging_Test,"[631, 641]"
93.0,Text,PET‑CT,Imaging_Test,"[647, 652]"
93.0,Text,portal vein embolization,Cancer_Surgery,"[807, 830]"
93.0,Text,two‑stage hepatectomy,Cancer_Surgery,"[843, 863]"
93.0,Text,hepatic resection,Cancer_Surgery,"[953, 969]"
93.0,Text,imaging,Imaging_Test,"[1039, 1045]"
93.0,Text,R0 resection,Cancer_Surgery,"[1106, 1117]"
93.0,Text,hepatic surgery,Cancer_Surgery,"[1169, 1183]"
93.0,Text,resection,Cancer_Surgery,"[1273, 1281]"
93.0,Text,thermal ablation,Therapy,"[1327, 1342]"
93.0,Text,SBRT,Therapy,"[1347, 1350]"
93.0,Text,colorectal resection,Cancer_Surgery,"[1709, 1728]"
93.0,Text,low anterior resection,Cancer_Surgery,"[1731, 1752]"
93.0,Text,segmental colectomy,Cancer_Surgery,"[1757, 1775]"
93.0,Text,liver surgery,Cancer_Surgery,"[1967, 1979]"
93.0,Text,R0 liver resection,Cancer_Surgery,"[2181, 2198]"
93.0,Text,HER2‑targeted therapy,Therapy,"[2232, 2252]"
93.0,Text,HER2‑directed therapy,Therapy,"[2379, 2399]"
93.0,Text,systemic therapy,Therapy,"[2489, 2504]"
93.0,Ref_Text,liver MRI,Imaging_Test,"[114, 122]"
93.0,Ref_Text,contrast-enhanced CT,Imaging_Test,"[128, 147]"
93.0,Ref_Text,systemic therapy,Therapy,"[315, 330]"
93.0,Ref_Text,targeted therapies,Therapy,"[686, 703]"
93.0,Ref_Text,trastuzumab,Therapy,"[710, 720]"
93.0,Ref_Text,tucatinib,Therapy,"[736, 744]"
93.0,Ref_Text,trastuzumab deruxtecan,Therapy,"[749, 770]"
93.0,Ref_Text,ultrasound,Imaging_Test,"[1098, 1107]"
93.0,Ref_Text,liver resection,Cancer_Surgery,"[1201, 1215]"
93.0,Ref_Text,surgery,Cancer_Surgery,"[1394, 1400]"
93.0,Ref_Text,left hemicolectomy,Cancer_Surgery,"[1508, 1525]"
93.0,Ref_Text,lymphadectomy,Cancer_Surgery,"[1588, 1600]"
93.0,Ref_Text,colectomy,Cancer_Surgery,"[1767, 1775]"
93.0,Ref_Text,imaging,Imaging_Test,"[2410, 2416]"
93.0,Ref_Text,targeted therapy,Therapy,"[2491, 2506]"
94.0,Text,chemotherapy,Therapy,"[80, 91]"
94.0,Text,FOLFOX,Therapy,"[108, 113]"
94.0,Text,CAPOX,Therapy,"[118, 122]"
94.0,Text,R0 resection,Cancer_Surgery,"[271, 282]"
94.0,Text,chemoradiotherapy,Therapy,"[403, 419]"
94.0,Text,RT,Therapy,"[438, 439]"
94.0,Text,colorectal resection,Cancer_Surgery,"[618, 637]"
94.0,Text,liver MRI,Imaging_Test,"[689, 697]"
94.0,Text,thoraco‑abdominal CT,Imaging_Test,"[739, 758]"
94.0,Text,systemic therapy,Therapy,"[780, 795]"
94.0,Text,volumetric analysis,Imaging_Test,"[806, 824]"
94.0,Text,portal vein embolization,Therapy,"[948, 971]"
94.0,Text,venous reconstruction,Cancer_Surgery,"[982, 1002]"
94.0,Text,Surgical sequencing,Cancer_Surgery,"[1010, 1028]"
94.0,Text,liver‑first approach,Cancer_Surgery,"[1031, 1050]"
94.0,Text,hepatectomy,Cancer_Surgery,"[1160, 1170]"
94.0,Text,IVC/right hepatic vein reconstruction,Cancer_Surgery,"[1215, 1251]"
94.0,Text,PVE,Cancer_Surgery,"[1306, 1308]"
94.0,Text,hepatic resection,Cancer_Surgery,"[1358, 1374]"
94.0,Text,hepatic surgery,Cancer_Surgery,"[1413, 1427]"
94.0,Text,total mesorectal excision,Cancer_Surgery,"[1451, 1475]"
94.0,Text,low anterior resection,Cancer_Surgery,"[1795, 1816]"
94.0,Ref_Text,contrast-enhanced CT,Imaging_Test,"[139, 158]"
94.0,Ref_Text,chemotherapy,Therapy,"[577, 588]"
94.0,Ref_Text,parenchymal-sparing resection,Cancer_Surgery,"[1077, 1105]"
94.0,Ref_Text,IVC and/or hepatic vein reconstruction,Cancer_Surgery,"[1156, 1193]"
94.0,Ref_Text,ultrasound,Imaging_Test,"[1214, 1223]"
94.0,Ref_Text,radiotherapy,Therapy,"[1379, 1390]"
94.0,Ref_Text,rectal resection,Cancer_Surgery,"[1754, 1769]"
94.0,Ref_Text,oncologic resection of the upper rectum,Cancer_Surgery,"[1840, 1878]"
94.0,Ref_Text,low anterior resection,Cancer_Surgery,"[1881, 1902]"
94.0,Ref_Text,surgery,Cancer_Surgery,"[2198, 2204]"
94.0,Ref_Text,systemic therapy,Therapy,"[2560, 2575]"
94.0,Ref_Text,imaging,Imaging_Test,"[2640, 2646]"
94.0,Ref_Text,targeted therapy,Therapy,"[2721, 2736]"
95.0,Text,systemic therapy,Therapy,"[43, 58]"
95.0,Text,FOLFOXIRI,Therapy,"[150, 158]"
95.0,Text,anti‑VEGF,Therapy,"[175, 183]"
95.0,Text,bevacizumab,Therapy,"[186, 196]"
95.0,Text,liver MRI,Imaging_Test,"[431, 439]"
95.0,Text,MRI,Imaging_Test,"[497, 499]"
95.0,Text,R0 resection,Cancer_Surgery,"[812, 823]"
95.0,Text,portal vein embolization,Therapy,"[885, 908]"
95.0,Text,hepatic resection,Cancer_Surgery,"[1253, 1269]"
95.0,Text,segmental colectomy,Cancer_Surgery,"[1342, 1360]"
95.0,Text,adjuvant systemic therapy,Therapy,"[1413, 1437]"
95.0,Text,neoadjuvant,Therapy,"[1456, 1466]"
95.0,Ref_Text,contrast-enhanced CT,Imaging_Test,"[139, 158]"
95.0,Ref_Text,Systemic therapy,Therapy,"[314, 329]"
95.0,Ref_Text,bevacizumab,Therapy,"[440, 450]"
95.0,Ref_Text,anti-EGFR,Therapy,"[476, 484]"
95.0,Ref_Text,liver MRI,Imaging_Test,"[621, 629]"
95.0,Ref_Text,imaging,Imaging_Test,"[707, 713]"
95.0,Ref_Text,surgery,Cancer_Surgery,"[805, 811]"
95.0,Ref_Text,parenchymal-sparing resections,Cancer_Surgery,"[967, 996]"
95.0,Ref_Text,lymphadectomy,Cancer_Surgery,"[1136, 1148]"
95.0,Ref_Text,liver resection,Cancer_Surgery,"[1295, 1309]"
95.0,Ref_Text,colectomy,Cancer_Surgery,"[1315, 1323]"
95.0,Ref_Text,systemic therapy,Therapy,"[1859, 1874]"
96.0,Text,liver MRI,Imaging_Test,"[75, 83]"
96.0,Text,PET‑CT,Imaging_Test,"[241, 246]"
96.0,Text,thoraco‑abdominal CT,Imaging_Test,"[269, 288]"
96.0,Text,Neoadjuvant systemic therapy,Therapy,"[508, 535]"
96.0,Text,oxaliplatin‑based doublet,Therapy,"[556, 580]"
96.0,Text,FOLFOX,Therapy,"[589, 594]"
96.0,Text,cetuximab,Therapy,"[634, 642]"
96.0,Text,checkpoint inhibitor,Therapy,"[860, 879]"
96.0,Text,pembrolizumab,Therapy,"[882, 894]"
96.0,Text,systemic therapy,Therapy,"[1093, 1108]"
96.0,Text,MRI,Imaging_Test,"[1118, 1120]"
96.0,Text,portal vein embolization,Cancer_Surgery,"[1182, 1205]"
96.0,Text,two‑stage hepatectomy,Cancer_Surgery,"[1218, 1238]"
96.0,Text,resection,Cancer_Surgery,"[1485, 1493]"
96.0,Text,liver resection,Cancer_Surgery,"[1684, 1698]"
96.0,Text,ultrasound,Imaging_Test,"[1779, 1788]"
96.0,Text,segmental colectomy,Cancer_Surgery,"[1902, 1920]"
96.0,Text,extended resection,Cancer_Surgery,"[1926, 1943]"
96.0,Text,colon‑liver resection,Cancer_Surgery,"[2074, 2094]"
96.0,Text,Adjuvant/maintenance therapy,Therapy,"[2121, 2148]"
96.0,Text,neoadjuvant,Therapy,"[2214, 2224]"
96.0,Text,immunotherapy,Therapy,"[2379, 2391]"
96.0,Ref_Text,liver MRI,Imaging_Test,"[114, 122]"
96.0,Ref_Text,contrast-enhanced CT,Imaging_Test,"[128, 147]"
96.0,Ref_Text,immunotherapy,Therapy,"[421, 433]"
96.0,Ref_Text,surgery,Cancer_Surgery,"[555, 561]"
96.0,Ref_Text,ultrasound-guided,Imaging_Test,"[825, 841]"
96.0,Ref_Text,parenchymal-sparing resections,Cancer_Surgery,"[843, 872]"
96.0,Ref_Text,lymphadectomy,Cancer_Surgery,"[1084, 1096]"
96.0,Ref_Text,liver resection,Cancer_Surgery,"[1243, 1257]"
96.0,Ref_Text,colectomy,Cancer_Surgery,"[1263, 1271]"
96.0,Ref_Text,systemic therapy,Therapy,"[1807, 1822]"
97.0,Text,thoraco‑abdominal CT,Imaging_Test,"[89, 108]"
97.0,Text,PET‑CT,Imaging_Test,"[113, 118]"
97.0,Text,liver MRI,Imaging_Test,"[190, 198]"
97.0,Text,chemotherapy,Therapy,"[545, 556]"
97.0,Text,FOLFOXIRI,Therapy,"[609, 617]"
97.0,Text,bevacizumab,Therapy,"[621, 631]"
97.0,Text,mFOLFOX6,Therapy,"[636, 643]"
97.0,Text,liver MRI/CT,Imaging_Test,"[879, 890]"
97.0,Text,portal vein embolization,Cancer_Surgery,"[1010, 1033]"
97.0,Text,two‑stage hepatectomy,Cancer_Surgery,"[1046, 1066]"
97.0,Text,liver resection,Cancer_Surgery,"[1289, 1303]"
97.0,Text,ultrasound,Imaging_Test,"[1352, 1361]"
97.0,Text,colorectal resection,Cancer_Surgery,"[1519, 1538]"
97.0,Text,segmental colectomy,Cancer_Surgery,"[1541, 1559]"
97.0,Text,liver surgery,Cancer_Surgery,"[1567, 1579]"
97.0,Text,systemic therapy,Therapy,"[1808, 1823]"
97.0,Text,adjuvant,Therapy,"[1826, 1833]"
97.0,Ref_Text,liver MRI,Imaging_Test,"[114, 122]"
97.0,Ref_Text,contrast-enhanced CT,Imaging_Test,"[128, 147]"
97.0,Ref_Text,Systemic therapy,Therapy,"[300, 315]"
97.0,Ref_Text,bevacizumab,Therapy,"[426, 436]"
97.0,Ref_Text,anti-EGFR therapy,Therapy,"[474, 490]"
97.0,Ref_Text,surgery,Cancer_Surgery,"[733, 739]"
97.0,Ref_Text,parenchymal-sparing resections,Cancer_Surgery,"[922, 951]"
97.0,Ref_Text,intra arterial chemotherapy,Therapy,"[1041, 1067]"
97.0,Ref_Text,extended right hemicolectomy,Cancer_Surgery,"[1078, 1105]"
97.0,Ref_Text,lymphadectomy,Cancer_Surgery,"[1184, 1196]"
97.0,Ref_Text,liver resection,Cancer_Surgery,"[1343, 1357]"
97.0,Ref_Text,colectomy,Cancer_Surgery,"[1363, 1371]"
97.0,Ref_Text,systemic therapy,Therapy,"[1923, 1938]"
97.0,Ref_Text,imaging,Imaging_Test,"[2006, 2012]"
98.0,Text,FOLFOXIRI,Therapy,"[127, 135]"
98.0,Text,liver MRI,Imaging_Test,"[427, 435]"
98.0,Text,chemotherapy,Therapy,"[700, 711]"
98.0,Text,en‑bloc resection,Cancer_Surgery,"[997, 1013]"
98.0,Text,portal vein embolization,Cancer_Surgery,"[1152, 1175]"
98.0,Text,systemic therapy,Therapy,"[1348, 1363]"
98.0,Text,radiofrequency ablation,Cancer_Surgery,"[1406, 1428]"
98.0,Text,stereotactic body radiotherapy,Therapy,"[1431, 1460]"
98.0,Text,induction therapy,Therapy,"[1643, 1659]"
98.0,Text,resection,Cancer_Surgery,"[1858, 1866]"
98.0,Text,hepatic surgery,Cancer_Surgery,"[1890, 1904]"
98.0,Text,adjuvant therapy,Therapy,"[1991, 2006]"
98.0,Text,systemic chemotherapy,Therapy,"[2051, 2071]"
98.0,Text,CT,Imaging_Test,"[2158, 2159]"
98.0,Text,MRI,Imaging_Test,"[2164, 2166]"
98.0,Ref_Text,liver MRI,Imaging_Test,"[114, 122]"
98.0,Ref_Text,contrast-enhanced CT,Imaging_Test,"[128, 147]"
98.0,Ref_Text,anti-EGFR,Therapy,"[402, 410]"
98.0,Ref_Text,chemotherapy,Therapy,"[779, 790]"
98.0,Ref_Text,reconstruction,Cancer_Surgery,"[967, 980]"
98.0,Ref_Text,ultrasound-guided,Imaging_Test,"[1079, 1095]"
98.0,Ref_Text,parenchymal-sparing resection,Cancer_Surgery,"[1097, 1125]"
98.0,Ref_Text,venous reconstruction,Cancer_Surgery,"[1176, 1196]"
98.0,Ref_Text,ultrasound,Imaging_Test,"[1245, 1254]"
98.0,Ref_Text,intra arterial chemotherapy,Therapy,"[1342, 1368]"
98.0,Ref_Text,left hemicolectomy,Cancer_Surgery,"[1379, 1396]"
98.0,Ref_Text,lymphadectomy,Cancer_Surgery,"[1459, 1471]"
98.0,Ref_Text,liver resection,Cancer_Surgery,"[1618, 1632]"
98.0,Ref_Text,colectomy,Cancer_Surgery,"[1638, 1646]"
98.0,Ref_Text,surgery,Cancer_Surgery,"[1825, 1831]"
98.0,Ref_Text,systemic therapy,Therapy,"[2198, 2213]"
98.0,Ref_Text,imaging,Imaging_Test,"[2281, 2287]"
99.0,Text,chemotherapy,Therapy,"[88, 99]"
99.0,Text,FOLFOXIRI,Therapy,"[108, 116]"
99.0,Text,bevacizumab,Therapy,"[133, 143]"
99.0,Text,portal vein embolization,Therapy,"[356, 379]"
99.0,Text,liver MRI,Imaging_Test,"[469, 477]"
99.0,Text,thoraco‑abdominal CT,Imaging_Test,"[524, 543]"
99.0,Text,liver resection,Cancer_Surgery,"[840, 854]"
99.0,Text,hepatectomy,Cancer_Surgery,"[918, 928]"
99.0,Text,portal vein embolization,Cancer_Surgery,"[941, 964]"
99.0,Text,hepatic surgery,Cancer_Surgery,"[1165, 1179]"
99.0,Text,Adjuvant/maintenance therapy,Therapy,"[1188, 1215]"
99.0,Text,systemic therapy,Therapy,"[1271, 1286]"
99.0,Ref_Text,liver MRI,Imaging_Test,"[114, 122]"
99.0,Ref_Text,contrast-enhanced CT,Imaging_Test,"[128, 147]"
99.0,Ref_Text,systemic therapy,Therapy,"[287, 302]"
99.0,Ref_Text,induction chemotherapy,Therapy,"[385, 406]"
99.0,Ref_Text,bevacizumab,Therapy,"[426, 436]"
99.0,Ref_Text,parenchymal-sparing resections,Cancer_Surgery,"[768, 797]"
99.0,Ref_Text,ultrasound,Imaging_Test,"[838, 847]"
99.0,Ref_Text,liver resection,Cancer_Surgery,"[985, 999]"
99.0,Ref_Text,right hemicolectomy,Cancer_Surgery,"[1044, 1062]"
99.0,Ref_Text,D2 lymphadectomy,Cancer_Surgery,"[1126, 1141]"
99.0,Ref_Text,colectomy,Cancer_Surgery,"[1283, 1291]"
99.0,Ref_Text,surgery,Cancer_Surgery,"[1470, 1476]"
99.0,Ref_Text,imaging,Imaging_Test,"[1926, 1932]"
100.0,Text,oxaliplatin‑based doublet,Therapy,"[87, 111]"
100.0,Text,FOLFOX,Therapy,"[114, 119]"
100.0,Text,cetuximab,Therapy,"[156, 164]"
100.0,Text,CT,Imaging_Test,"[260, 261]"
100.0,Text,liver MRI,Imaging_Test,"[347, 355]"
100.0,Text,PET‑CT,Imaging_Test,"[495, 500]"
100.0,Text,brain MRI,Imaging_Test,"[505, 513]"
100.0,Text,resection,Cancer_Surgery,"[717, 725]"
100.0,Text,liver surgery,Cancer_Surgery,"[732, 744]"
100.0,Text,imaging,Imaging_Test,"[875, 881]"
100.0,Text,curative‑intent hepatectomy,Cancer_Surgery,"[977, 1003]"
100.0,Text,two‑stage hepatectomy,Cancer_Surgery,"[1100, 1120]"
100.0,Text,ultrasound,Imaging_Test,"[1202, 1211]"
100.0,Text,Adjuvant therapy,Therapy,"[1336, 1351]"
100.0,Text,FOLFIRI,Therapy,"[1465, 1471]"
100.0,Text,adjuvant treatment,Therapy,"[1507, 1524]"
100.0,Ref_Text,liver MRI,Imaging_Test,"[114, 122]"
100.0,Ref_Text,contrast-enhanced CT,Imaging_Test,"[128, 147]"
100.0,Ref_Text,induction chemotherapy,Therapy,"[407, 428]"
100.0,Ref_Text,anti-EGFR,Therapy,"[448, 456]"
100.0,Ref_Text,parenchymal-sparing resections,Cancer_Surgery,"[815, 844]"
100.0,Ref_Text,ultrasound,Imaging_Test,"[884, 893]"
100.0,Ref_Text,intra arterial chemotherapy,Therapy,"[981, 1007]"
100.0,Ref_Text,left hemicolectomy,Cancer_Surgery,"[1018, 1035]"
100.0,Ref_Text,lymphadectomy,Cancer_Surgery,"[1098, 1110]"
100.0,Ref_Text,liver resection,Cancer_Surgery,"[1257, 1271]"
100.0,Ref_Text,colectomy,Cancer_Surgery,"[1277, 1285]"
100.0,Ref_Text,surgery,Cancer_Surgery,"[1464, 1470]"
100.0,Ref_Text,systemic therapy,Therapy,"[1837, 1852]"
100.0,Ref_Text,imaging,Imaging_Test,"[1920, 1926]"
