Case_Number,Case_Content,Response,Reference
1,"Man, 64 years old, no significant medical history, presenting with a left colon tumor revealed by subocclusive syndrome.  Thoraco-abdominal CT scan shows a 6 cm colonic mass and two liver metastases in segments II and V measuring 2.2 and 3 cm. CEA: 120 ng/mL. RAS wild-type, MSS. No extra-hepatic disease.
MDT Discussion: Metastases considered primarily resectable, symptomatic colonic lesion is the priority.","Step 1 – Resectability Assessment  
• Classification: Resectable (potentially resectable but no factor currently limits resection).  
• Rationale:  
  – Two liver metastases, each ≤3 cm, located in separate, non‑adjacent segments (II and V).  
  – No radiologic evidence of major vascular or biliary invasion reported.  
  – No extra‑hepatic disease on thoraco‑abdominal CT.  
  – Primary tumor is symptomatic (obstruction) and can be addressed surgically; removal of segments II and V would leave a sufficient future liver remnant in a normal liver.  
  – RAS wild‑type status and low tumor burden meet current criteria for curative intent surgery.

Step 2 – Recommended strategy  
A. Urgent primary tumor control – Perform a left‑sided colectomy (segmental resection or left hemicolectomy) to relieve obstruction. Rationale: symptomatic primary lesion is priority; resection eliminates source of complications and provides pathology for grading.  
B. Post‑operative recovery and systemic therapy – After adequate wound healing (≈2 weeks), initiate peri‑operative chemotherapy (e.g., 6 cycles of FOLFOX ± anti‑VEGF). Rationale: standard of care for resectable synchronous liver metastases to treat micrometastatic disease and improve disease‑free survival.  
C. Curative liver resection – Plan a staged or simultaneous hepatic resection of segment II (left lateral segmentectomy) and segment V (segmentectomy or wedge resection). If intra‑operative assessment confirms adequate FLR and no unexpected vascular involvement, a simultaneous colon‑liver operation can be performed; otherwise, schedule liver surgery after completion of chemotherapy. Rationale: both lesions are amenable to anatomic or non‑anatomic resection with clear margins while preserving liver function.  
D. Adjuvant follow‑up – Continue surveillance with serial CEA, cross‑sectional imaging, and consider additional systemic therapy based on final pathology (grade, margins, nodal status). Rationale: to detect recurrence early and provide further systemic control if indicated.

","Step 1 – Resectability assessment
The patient has a single 2.5 cm peripheral metastasis in segment VI, no radiologically evident extra hepatic disease, and the lesion is amenable to a non anatomic wedge resection with an expected R0 margin. According to current hepatobiliary oncologic criteria, this pattern is considered to be resectable.

Step 2 – Recommended oncologic sequence
A. Preoperative staging
• Obtain high resolution liver MRI and contrast enhanced CT to confirm absence of vascular/biliary involvement, evaluate arterial anatomy. Precise anatomic mapping is required to avoid intra operative surprise.

B. Systemic therapy
• Give 2–3 months of peri operative doublet chemotherapy (FOLFOX ± bevacizumab) because the tumor is KRAS mutated (no anti EGFR benefit).
• Re stage after chemotherapy with high resolution liver MRI (and contrast-enhanced CT).

C. Surgical management
• If restaging confirms continued resectability, perform a simultaneous right hemicolectomy (standard oncologic resection of the right colon primary) with D2 lymphadectomy (at least 12 harvested lymph nodes) + a segment VI wedge/segmentectomy aiming for ≥1 mm R0 margin.
• Use intra operative ultrasound to verify lesion location and margins. (Simultaneous resection for solitary peripheral metastases is safe and oncologically equivalent to staged procedures.
• Ideally, consider minimally invasive approach (laparoscopic or robotic) for liver resection.
• Preoperative prehabilitation and ERAS (Enhanced Recovery After Surgery) protocols are evidence-based, multidisciplinary strategies designed to optimize patient health before surgery and accelerate recovery afterward.
• Alternative : consider two-stage surgical resection of primary and liver tumors / consider right hemicolectomy (standard oncologic resection of the right colon primary) with D2 lymphadectomy (at least 12 harvested lymph nodes) + an image-guided ablation using high-energy radio waves to generate heat via a probe (if no biliary or large vessels proximity)

D. Postoperative therapy
• Pathology report : confirmation of tumor type and origin, immunohistochemistry with tumor markers, histological growth pattern, margin status (R0, R1, R2), tumor grade, differentiation, pathologic response score (TRG), necrosis/fibrosis
• Complete a total of 6 months of systemic chemotherapy (including the pre operative cycles). 
• Monitor CEA and imaging at 3 month intervals. A level of 35 ng/mL is acceptable but warrants close surveillance (Minagawa et al.)

"
2,"Woman, 56 years old, incidental discovery of a right colon tumor during a workup for iron deficiency anemia. Thoraco-Abdominal CT scan shows an ileocecal mass and a single 2.5 cm metastasis in segment VI. CEA 35 ng/mL, KRAS mutation present. No other lesions on FDG-PET.
MDT Discussion: Single peripheral metastasis, situation suitable for combined surgical treatment.","Step 1 – Resectability Assessment  
- Classification: Potentially resectable (borderline resectable but likely resectable after confirmation of hepatic functional reserve).  
- Justification:  
  • Single liver lesion, 2.5 cm, located peripherally in segment VI – meets size and number criteria for hepatic resection.  
  • No radiologic evidence of major vascular (portal or hepatic vein) invasion or biliary involvement reported.  
  • No extra‑hepatic disease identified on thoraco‑abdominal CT and FDG‑PET.  
  • Assuming adequate future liver remnant (FLR) – typical for a solitary peripheral lesion in the right liver.  
  • Primary colorectal tumor still present; resection of the colon primary is required before or in conjunction with liver surgery, influencing timing but not the intrinsic resectability of the metastasis.

Step 2 – Recommended strategy  
A. Comprehensive restaging  
   – Obtain high‑resolution liver MRI with hepatobiliary contrast to confirm lesion characteristics, vascular anatomy, and FLR volume.  
   – Perform colonoscopy with biopsy to grade differentiation and assess obstruction/perforation risk.  
   – Baseline labs (CEA trend, liver function, carcino‑embryonic antigen, KRAS confirmed).  

B. Neoadjuvant systemic therapy (6 cycles)  
   – Regimen: FOLFOX (or CAPOX) combined with bevacizumab (anti‑VEGF) given KRAS mutation precludes anti‑EGFR agents.  
   – Rationale: Assess tumor biology, potential down‑staging, and treat micrometastatic disease; also allows time to complete staging work‑up and optimize patient’s nutritional/functional status.  

C. Surgical resection (performed after restaging post‑chemotherapy)  
   – Option 1 (preferred if patient is fit): Simultaneous resection – right hemicolectomy with primary anastomosis plus anatomical segment VI resection (segmentectomy or wedge) in the same operation.  
   – Option 2 (if concern for operative time or liver quality): Staged approach – first right hemicolectomy, recover 4–6 weeks, then liver resection.  
   – Rationale: Single peripheral metastasis allows limited hepatic resection with low morbidity; simultaneous surgery reduces total hospital stay and avoids delay in oncologic control.  

D. Adjuvant therapy  
   – Resume or complete a total of 12 cycles of systemic chemotherapy (including the neoadjuvant cycles) post‑operatively, adjusting based on pathologic response and tolerance.  
   – Consider enrollment in clinical trial or use of maintenance bevacizumab if indicated.  

","Step 1 – Resectability assessment
The patient has a single 2.5 cm peripheral metastasis in segment VI, no radiologically evident extra hepatic disease, and the lesion is amenable to a non anatomic wedge resection with an expected R0 margin. According to current hepatobiliary oncologic criteria, this pattern is considered to be resectable.

Step 2 – Recommended oncologic sequence
A. Preoperative staging
• Obtain high resolution liver MRI and contrast enhanced CT to confirm absence of vascular/biliary involvement, evaluate arterial anatomy. Precise anatomic mapping is required to avoid intra operative surprise.

B. Systemic therapy
• Give 2–3 months of peri operative doublet chemotherapy (FOLFOX ± bevacizumab) because the tumor is KRAS mutated (no anti EGFR benefit).
• Re stage after chemotherapy with high resolution liver MRI (and contrast-enhanced CT). 

C. Surgical management
• If restaging confirms continued resectability, perform a simultaneous right hemicolectomy (standard oncologic resection of the right colon primary) with D2 lymphadectomy (at least 12 harvested lymph nodes) + a segment VI wedge/segmentectomy aiming for ≥1 mm R0 margin.
• Use intra operative ultrasound to verify lesion location and margins. (Simultaneous resection for solitary peripheral metastases is safe and oncologically equivalent to staged procedures)
• Ideally, consider minimally invasive approach (laparoscopic or robotic) for liver resection.
• Preoperative prehabilitation and ERAS (Enhanced Recovery After Surgery) protocols are evidence-based, multidisciplinary strategies designed to optimize patient health before surgery and accelerate recovery afterward.
• Alternative : consider two-stage surgical resection of primary and liver tumors / consider right hemicolectomy (standard oncologic resection of the right colon primary) with D2 lymphadectomy (at least 12 harvested lymph nodes) + an image-guided ablation using high-energy radio waves to generate heat via a probe (if no biliary or large vessels proximity)

D. Postoperative therapy
• Pathology report : confirmation of tumor type and origin, immunohistochemistry with tumor markers, histological growth pattern, margin status (R0, R1, R2), tumor grade, differentiation, pathologic response score (TRG), necrosis/fibrosis
• Complete a total of 6 months of systemic chemotherapy (including the pre operative cycles). 
• Monitor CEA and imaging at 3 month intervals. A level of 35 ng/mL is acceptable but warrants close surveillance 

"
3,"Man, 68 years old, history of smoking, presenting with T3N1 upper rectal adenocarcinoma with a single 1.8 cm liver metastasis in segment III. Pelvic MRI: limited parietal invasion. CEA 45 ng/mL. RAS wild-type.
MDT Discussion: Single resectable metastasis, possibility of coordinated surgical treatment after short-course radiotherapy.","Step 1 – Resectability Assessment  
- Classification: Potentially resectable.  
- Justification:  
  • Single liver metastasis, 1.8 cm, located in segment III – amenable to wedge resection with preservation of an adequate future liver remnant.  
  • No documented extra‑hepatic disease; however, thoraco‑abdominal imaging has not been performed, so distant spread cannot be excluded.  
  • Primary rectal tumor is T3N1 without obstruction, perforation or bleeding, making it suitable for curative‑intent resection after neoadjuvant radiotherapy.  
  • RAS wild‑type status supports use of anti‑EGFR agents if systemic therapy is indicated.  
  • Definitive assessment of vascular involvement, FLR ratio, and extra‑hepatic sites is lacking; therefore the case remains “potentially” rather than definitively resectable.

Step 2 – Recommended strategy  
A. Comprehensive restaging  
   – Obtain contrast‑enhanced thoraco‑abdominal CT and liver MRI with liver‑specific contrast.  
   – Rationale: Confirm absence of extra‑hepatic metastases, delineate hepatic vasculature, assess FLR, and verify that the lesion has no major vascular or biliary invasion.  

B. Neoadjuvant treatment of the rectal primary  
   – Deliver short‑course radiotherapy (5 × 5 Gy) followed by a 4‑week interval.  
   – Consider adding systemic chemotherapy (e.g., 4 cycles of FOLFOX) during the interval because of synchronous liver disease and N‑positive status.  
   – Rationale: Improves local control of the rectal tumor, allows down‑staging, and treats micrometastatic disease systemically.  

C. Liver‑directed surgery (simultaneous or staged)  
   – If FLR ≥ 30 % (or ≥ 40 % in a steatotic liver) and no major vascular involvement, plan a simultaneous low anterior resection of the rectum with a non‑anatomical segment III resection (wedge or segmentectomy).  
   – If FLR is marginal or vascular anatomy is unfavorable, perform staged approach: first rectal resection after radiotherapy, then liver resection after recovery.  
   – Rationale: Single small peripheral metastasis can be removed safely; simultaneous resection reduces overall treatment time and hospitalizations when technically feasible.  

D. Adjuvant systemic therapy  
   – After recovery, administer postoperative chemotherapy (FOLFOX ± anti‑EGFR monoclonal antibody given RAS wild‑type) for 6 months.  
   – Rationale: Consolidates disease control, addresses potential occult micrometastases, and follows standard guidelines for stage III rectal cancer with synchronous liver metastasis.  

","Step 1 – Resectability assessment
The patient presents with a single 1.8 cm liver metastasis located in segment III, without evidence of extrahepatic disease. The lesion seems technically amenable to a parenchymal-sparing resection with preservation of an adequate future liver remnant. According to current hepatobiliary oncologic criteria for solitary, small metastases, this pattern is considered resectable.

Step 2 – Recommended oncologic sequence
A. Preoperative staging
• Obtain high resolution liver MRI and contrast enhanced CT to confirm absence of vascular/biliary involvement, evaluate arterial liver anatomy. 

B. Systemic therapy
• Give 2–3 months of peri operative doublet chemotherapy (FOLFOX ± bevacizumab or cetuximab)
• RAS wild-type status allows consideration of anti-EGFR therapy depending on MDT strategy.
• Re stage after chemotherapy with high resolution liver and rectum MRI (and contrast-enhanced CT) to assess tumor biology and optimize oncologic control for both

C. Management of the rectal primary (oncologic priority)
• Given the T3N1 upper rectal tumor with limited parietal invasion, long-course radiotherapy is appropriate to optimize local control and allow coordinated surgical planning.

D. Coordinated surgical strategy
• Initiate doublet chemotherapy (FOLFOX or CAPOX) during the waiting period following radiotherapy. This period treats potential micrometastatic disease and tests tumor biology.
• Consider image-guided ablation of the single segment III lesion using high-energy radio waves to generate heat via a probe (if no biliary or large vessels proximity)
• After restaging with high-resolution liver MRI and pelvic imaging,
-	If complete morphological rectal tumor response : resection / ablation of the segment III metastasis with follow up of primary tumor
-	If near complete morphological rectal tumor response : resection / ablation of the segment III metastasis followed with strict follow up of primary tumor
-	If incomplete morphological rectal tumor response : liver-first resection or ablation of the single segment III metastasis, then rectal resection after appropriate recovery, using a staged or synchronous strategy : oncologic resection of the upper rectum (low anterior resection with TME principles).
– Parenchymal-sparing segment III wedge/segmentectomy aiming for ≥1 mm R0 margin.
• Use intra operative ultrasound to verify lesion location and margins.
(Simultaneous resection for solitary peripheral metastases is safe and oncologically equivalent to staged procedures
• Ideally, consider minimally invasive approach (laparoscopic or robotic) for liver resection.
• Preoperative prehabilitation and ERAS (Enhanced Recovery After Surgery) protocols are evidence-based, multidisciplinary strategies designed to optimize patient health before surgery and accelerate recovery afterward.

D. Postoperative therapy
• Pathology report : confirmation of tumor type and origin, immunohistochemistry with tumor markers, histological growth pattern, margin status (R0, R1, R2), tumor grade, differentiation, pathologic response score (TRG), necrosis/fibrosis
• Complete a total of 6 months of systemic chemotherapy including pre-operative cycles.
• Close surveillance with CEA and imaging at 3-month intervals.

"
4,"Woman, 72 years old, discovery at abdominal CT scan of a transverse colon adenocarcinoma, CEA 410 ng/mL, three liver metastases (segments IV, V and VI) measuring 2 to 3 cm. Liver MRI: partial contact with the right portal branch without invasion. KRAS mutated, BRAF wild-type.
MDT Discussion: Primarily resectable metastases, simple liver surgery possible.","Step 1 – Resectability Assessment  
- Classification: Potentially resectable.  
- Rationale:  
  • Three hepatic lesions, each ≤3 cm, located in segments IV, V, VI – within the conventional limits for hepatic resection (≤4 lesions, each ≤5 cm).  
  • Imaging shows only partial contact with the right portal branch and no definite vascular invasion, allowing a safe anatomical resection (right hepatectomy or combined segment IV + right anterior resection).  
  • No documented extra‑hepatic disease on available imaging; however, thoracic imaging and comprehensive extra‑hepatic staging are missing, which is required to confirm true absence of metastases.  
  • FLR (future liver remnant) volumetry has not been reported; adequacy of the left lateral sector (segments II‑III) must be confirmed, especially in a 72‑year‑old patient.  
  • Primary colorectal tumor has not been reported as resected; simultaneous or staged resection will influence operative planning.  

Step 2 – Recommended strategy  
A. Complete staging  
   – Obtain a thoraco‑abdominal CT (or PET‑CT) to exclude pulmonary, osseous, or other extra‑hepatic metastases.  
   – Perform liver volumetry (CT or MRI) to calculate FLR ratio; if FLR < 30‑35 % in a normal liver, consider portal vein embolization.  
   – Endoscopic evaluation of the transverse colon lesion to assess resectability and need for pre‑operative bowel preparation.  

B. Systemic induction therapy  
   – Initiate 2–3 months of oxaliplatin‑based doublet (FOLFOX) or triplet (FOLFOXIRI) chemotherapy, adding anti‑VEGF (bevacizumab) given KRAS mutation and high CEA, to:  
     • Treat occult micrometastatic disease,  
     • Assess tumor biology (response), and  
     • Potentially downsize hepatic lesions.  

C. Restaging after induction  
   – Repeat liver MRI with hepatocyte‑specific contrast and repeat thoraco‑abdominal imaging.  
   – Re‑evaluate FLR; if still insufficient, schedule portal vein embolization and allow hypertrophy (4‑6 weeks).  

D. Surgical phase (once resectability confirmed)  
   – If patient’s performance status permits, perform simultaneous resection:  
     • Segmental colectomy (laparoscopic or open) of the transverse colon primary with oncologic lymphadenectomy,  
     • Anatomical right hepatectomy (segments V‑VIII) plus segment IV resection, preserving left lateral sector (II‑III) as FLR.  
   – If simultaneous approach is deemed high risk (e.g., borderline FLR, comorbidities), stage the procedures: first colorectal resection, recover, then liver resection after induction therapy.  

E. Adjuvant therapy  
   – Resume or continue systemic chemotherapy post‑operatively for a total of 6 months of peri‑operative treatment, adjusting based on pathological response and postoperative recovery.  

","Step 1 – Resectability assessment
The patient presents with three liver metastases located in segments IV, V, and VI (2–3 cm), confined to the right liver and central segments. MRI shows only partial contact with the right portal branch and no evidence of vascular invasion. These lesions appear technically amenable to parenchymal-sparing resections or anatomicalm resection while preserving adequate future liver remnant. According to current hepatobiliary oncologic criteria for limited number and size of metastases with preserved vascular structures, this pattern is considered resectable.

Step 2 – Recommended oncologic sequence
A. Preoperative systemic therapy (strongly recommended)
• The very high CEA level (410 ng/mL) and KRAS mutation suggest biologically aggressive disease.
• Given the high CEA level (410 ng/mL), perform high-resolution 18FDG PET-CT to assess extra-hepatic disease
• Administer 2–3 months of peri-operative doublet or triplet chemotherapy (FOLFOX or FOLFIRI ± bevacizumab) to assess tumor biology and optimize oncologic control according to patient tolerance.
• This allows treatment of potential micrometastatic disease and assessment of tumor biology before surgery.

B. Restaging before surgery
• Perform high-resolution liver MRI and contrast-enhanced CT after chemotherapy to reassess the relationship of the lesions to the right portal branch and confirm maintained resectability.
• Evaluate future liver remnant (FLR) if right hepatectomy of considered.

C. Surgical management (parenchymal-sparing strategy)
• If stability or response is observed, perform combined parenchymal-sparing resections guided by intra-operative ultrasound:
– Segment IV wedge/segmentectomy.
– Segment V and VI wedge resections.
• The goal is R0 resection while preserving maximal functional liver parenchyma and avoiding major hepatectomy.
• Use intra operative ultrasound to verify lesion location and margins. 
• Ideally, consider minimally invasive approach (laparoscopic or robotic) for liver resection.
• Preoperative prehabilitation and ERAS (Enhanced Recovery After Surgery) protocols are evidence-based, multidisciplinary strategies designed to optimize patient health before surgery and accelerate recovery afterward.

D. Management of the primary tumor
• Transverse colectomy of extended right colectomy with adequate oncologic margins and oncological lymphadenectomy with primary anastomosis.
• Ideally, consider minimally invasive approach (laparoscopic or robotic) for primary cancer resection.
• Otherwise, a staged approach with colectomy first is acceptable.

E. Postoperative therapy
• Pathology report : confirmation of tumor type and origin, immunohistochemistry with tumor markers, histological growth pattern, margin status (R0, R1, R2), tumor grade, differentiation, pathologic response score (TRG), necrosis/fibrosis
• Complete a total of 6 months of systemic chemotherapy including pre-operative cycles.
• Close surveillance with CEA and imaging every 3 months given the high CEA level (410 ng/mL).

"
5,"Man, 59 years old, T3N1 sigmoid colon tumor associated with four peripheral liver metastases (segments II, III, V, VIII) at the abdominal CT scan. Maximum size: 2.9 cm. CEA 200 ng/mL. RAS wild-type, HER2 negative.
MDT Discussion: Primarily resectable lesions, no vascular or extra-hepatic involvement.","Step 1 – Resectability Assessment  
- Classification: Potentially resectable (borderline resectable pending confirmation of adequate future liver remnant).  
- Rationale:  
  • Four liver metastases, each ≤3 cm, located peripherally in segments II, III, V, and VIII with no vascular or biliary invasion.  
  • No extra‑hepatic disease identified on available imaging.  
  • Primary tumor is T3N1, amenable to curative resection.  
  • According to current hepatobiliary oncology criteria, ≤4 lesions ≤5 cm without major vascular involvement are considered resectable provided the FLR is sufficient; the FLR assessment is missing, therefore the case is deemed “potentially” resectable until that data is confirmed.  

Step 2 - Recommended strategy  
A. Comprehensive restaging – Obtain thoracic CT, liver MRI with hepatobiliary contrast, and assess performance status, comorbidities, and calculate FLR (CT volumetry). Rationale: complete staging is required to confirm absence of occult extra‑hepatic disease and to verify that the FLR will support resection.  

B. Neoadjuvant systemic therapy – Initiate 3–4 cycles of FOLFOX (or CAPOX) combined with an anti‑EGFR antibody (cetuximab or panitumumab) given RAS‑wild‑type status. Rationale: systemic therapy assesses tumor biology, may further downsize liver lesions, and treats micrometastatic disease; it also allows time to complete staging work‑up.  

C. Re‑assessment after chemotherapy – Repeat liver MRI and chest CT to evaluate response and re‑measure FLR. If disease remains resectable and FLR is adequate, proceed to surgery. Rationale: ensures that no progression has occurred and that liver reserve is sufficient.  

D. Simultaneous curative resection – Perform a segmental colectomy (sigmoid resection with oncologic lymphadenectomy) combined with a parenchymal‑sparing liver resection (wedge or segmentectomy of lesions in segments II, III, V, VIII) aiming for R0 margins while preserving at least 25–30 % FLR in a non‑cirrhotic liver. Rationale: simultaneous surgery is safe in fit patients when liver resections are limited and can reduce overall treatment time.  

E. Adjuvant systemic therapy – Complete a total of 6 months of peri‑operative chemotherapy (including any postoperative cycles needed to reach the planned duration). Rationale: consolidates systemic control and follows guideline‑recommended total chemotherapy exposure for stage III colon cancer with synchronous metastases.  

","Step 1 – Resectability assessment
The patient presents with four peripheral liver metastases (segments II, III, V, and VIII), all smaller than 3 cm, without vascular involvement or extrahepatic disease. The distribution is bilobar but the lesions are technically amenable to multiple parenchymal-sparing resections while preserving an adequate future liver remnant. According to current hepatobiliary oncologic criteria for limited number, small size, and peripheral location of metastases, this pattern is considered resectable.

Step 2 – Recommended oncologic sequence
A. Preoperative systemic therapy (recommended)
• The elevated CEA level (200 ng/mL) and multiplicity of lesions suggest biologically active disease.
• Given the high CEA level (200 ng/mL), perform high-resolution 18FDG PET-CT to assess extra-hepatic disease
• Administer 2–3 months of peri-operative doublet or triplet chemotherapy (FOLFOX or FOLFIRI).
• RAS wild-type status allows consideration of anti-EGFR therapy according to MDT decision.
• This period treats micrometastatic disease and evaluates tumor biology.

B. Restaging before surgery
• Perform high-resolution liver MRI and contrast-enhanced CT after chemotherapy to confirm maintained resectability and reassess lesion relationships.

C. Surgical management (parenchymal-sparing strategy)
• If stability or response is observed, perform multiple wedge/segmental resections guided by intra-operative ultrasound:
– Segments II–III resections (left lateral section wedges).
– Segment V wedge resection.
– Segment VIII wedge resection.
• The goal is R0 resection while preserving maximal functional liver parenchyma and avoiding major hepatectomy.
• Use intra operative ultrasound to verify lesion location and margins. 
• Ideally, consider minimally invasive approach (laparoscopic or robotic) for liver resection.
• Preoperative prehabilitation and ERAS (Enhanced Recovery After Surgery) protocols are evidence-based, multidisciplinary strategies designed to optimize patient health before surgery and accelerate recovery afterward.

D. Management of the primary tumor
• If the sigmoid tumor has not yet been resected, a simultaneous sigmoid colectomy with adequate oncologic margins and oncological lymphadenectomy with primary anastomosis can be considered, provided the patient’s condition allows combined surgery.
• Otherwise, a staged approach with colectomy first is acceptable.
• Ideally, consider minimally invasive approach (laparoscopic or robotic) for primary cancer resection.

E. Postoperative therapy
• Pathology report : confirmation of tumor type and origin, immunohistochemistry with tumor markers, histological growth pattern, margin status (R0, R1, R2), tumor grade, differentiation, pathologic response score (TRG), necrosis/fibrosis
• Complete a total of 6 months of systemic chemotherapy including pre-operative cycles.
• Close surveillance with CEA and imaging at 3-month intervals.

"
6,"Woman, 63 years old, right-sided T4N2M1 colon cancer, two liver metastases in segments II and IVa (3 and 4 cm) at the thoraco-abdominal CT scan. Liver MRI: middle hepatic vein preserved. CEA 95 ng/mL, KRAS mutated.
MDT Discussion: Technically resectable metastases, with priority given to controlling the primary tumor.","Step 1 – Resectability Assessment  
• The patient is potentially resectable.  
  – Liver disease: 2 metastases, each ≤4 cm, located in segments II and IVa; middle hepatic vein is preserved, no reported major vascular or biliary invasion, and no extra‑hepatic disease on imaging.  
  – Primary tumor: T4N2 colon cancer, not yet resected; technically resectable but requires oncologic resection (right hemicolectomy ± en‑bloc resection of involved adjacent structures).  
  – Oncologic criteria (≤4 liver lesions, each ≤5 cm, adequate future liver remnant, no uncontrolled extra‑hepatic disease) are met, but confirmation of FLR volume, vascular involvement, and patient fitness is still required; therefore the case is classified as potentially resectable rather than outright resectable.

Step 2 – Recommended strategy  
A. Phase A – Primary tumor control  
   – Perform a right hemicolectomy (with en‑bloc resection of any adjacent organ if T4 invasion is confirmed).  
   – Rationale: the MDT prioritized control of the primary; resection prevents obstruction, perforation, or bleeding and provides pathologic staging.

B. Phase B – Peri‑operative systemic therapy  
   – After postoperative recovery, initiate 6 cycles of FOLFOX (or CAPOX) combined with bevacizumab (KRAS‑mutated disease precludes anti‑EGFR agents).  
   – Rationale: systemic therapy addresses micrometastatic disease, may down‑size liver lesions, and serves as a biologic test of tumor behavior.

C. Phase C – Restaging and functional assessment  
   – Repeat contrast‑enhanced liver MRI and volumetric CT to assess response of liver metastases and calculate future liver remnant (FLR) ratio.  
   – Rationale: ensures that liver resection remains feasible and that an adequate FLR (≥30 % in normal liver, ≥40 % if chemotherapy‑associated liver injury is suspected) is present.

D. Phase D – Curative liver resection  
   – Perform parenchyma‑sparing anatomical resection of segments II and IVa, preserving the middle hepatic vein, aiming for R0 margins.  
   – Rationale: curative intent for hepatic disease; preserving the middle hepatic vein maximizes FLR and reduces postoperative liver insufficiency.  
   – If intra‑operative assessment shows sufficient liver reserve and the patient’s condition permits, a simultaneous colon and liver resection could be considered, but a staged approach is preferred given the T4 primary.

","Step 1 – Resectability assessment
The patient presents with two liver metastases located in segments II and IVa (3 and 4 cm), without evidence of extrahepatic disease. MRI confirms preservation of the middle hepatic vein and no major vascular invasion. Both lesions are technically amenable to parenchymal-sparing resections (in case of effective tumor shrinkage with neoadjuvant therapy) or left hepatectomy with preservation of the middle hepatic vein. According to current hepatobiliary oncologic criteria for limited number and favorable anatomical location of metastases, this pattern is considered resectable.

Step 2 – Recommended oncologic sequence
A. Priority: control of the primary tumor
• The elevated CEA level (95 ng/mL) and right-sided T4N2 colon cancer represents locally advanced disease and is the immediate oncologic priority.
• Given the high CEA level (95 ng/mL), perform high-resolution 18FDG PET-CT to assess extra-hepatic disease
• Assess potential extension of primary tumor to adjacent organ (abdominal wall, ureter, small bowel, duodenum)
• 3 options
-	Perform an oncologic right hemicolectomy with adequate oncologic margins and oncological lymphadenectomy with primary anastomosis, first to control the primary tumor and prevent local complications.
-	Perform an derivation ileostomy first to control the primary tumor and prevent local complications during chemotherapy.
-	Initiate peri-operative doublet chemotherapy (FOLFOX or FOLFIRI ± bevacizumab).

B. Early systemic therapy after recovery
• Initiate peri-operative doublet chemotherapy (FOLFOX or FOLFIRI ± bevacizumab).
• KRAS mutation excludes anti-EGFR therapy.
• This period allows treatment of micrometastatic disease and assessment of tumor biology.

C. Liver surgery after restaging
• After 2–3 months of chemotherapy, perform high-resolution liver MRI and enhanced CT-scan restaging.
• If tumor response is observed on primary cancer : proceed to oncologic right hemicolectomy with adequate oncologic margins and oncological lymphadenectomy with primary anastomosis
• If tumor response is observed on liver metastases, proceed to parenchymal-sparing resections guided by intra-operative ultrasound:
– Segment II wedge/segmentectomy.
– Segment IVa wedge/segmentectomy.
• If stability or progression is observed, proceed to anatomic left hepatectomy preserving the middle hepatic vein guided by intra-operative ultrasound:
• The goal is R0 resection while preserving maximal functional liver parenchyma and avoiding major hepatectomy.
• Use intra operative ultrasound to verify lesion location and margins. 
• Ideally, consider minimally invasive approach (laparoscopic or robotic) for liver resection.
• Preoperative prehabilitation and ERAS (Enhanced Recovery After Surgery) protocols are evidence-based, multidisciplinary strategies designed to optimize patient health before surgery and accelerate recovery afterward.

D. Postoperative therapy
• Pathology report : confirmation of tumor type and origin, immunohistochemistry with tumor markers, histological growth pattern, margin status (R0, R1, R2), tumor grade, differentiation, pathologic response score (TRG), necrosis/fibrosis
• Complete a total of 6 months of systemic chemotherapy including pre-operative cycles.
• Close surveillance with CEA and imaging at 3-month intervals.

"
7,"Man, 47 years old,at the abdominal CT scan T3N0 upper rectal cancer with three liver metastases (segments VI, VII and VIII), sizes 1-2 cm. CEA 60 ng/mL, RAS wild-type. No other lesions on PET.
MDT Discussion: Bilobar metastases primarily resectable, considered for combined treatment after short-course pelvic radiotherapy.","Step 1 – Resectability Assessment  
- Classification: Potentially resectable (requires confirmation of a sufficient future liver remnant and absence of major vascular or biliary invasion).  
- Justification:  
  • Number of hepatic lesions = 3 (≤5) and each ≤2 cm (≤5 cm).  
  • All lesions are confined to segments VI‑VIII, allowing an anatomic right posterior sectorectomy or non‑anatomic wedge resections with preservation of left liver.  
  • No extra‑hepatic disease identified on PET (lungs, peritoneum, nodes, bone negative).  
  • RAS wild‑type and CEA 60 ng/mL do not preclude resection.  
  • Missing data that could downgrade resectability: FLR volume/ratio, presence of portal/hepatic vein contact, liver function tests, and detailed arterial anatomy.  

Step 2 – Recommended strategy  
A. Short‑course pelvic radiotherapy (5 × 5 Gy) – to control the primary upper‑rectal T3 lesion and facilitate later sphincter‑preserving TME.  
B. Systemic chemotherapy (e.g., 6 cycles of FOLFOX ± anti‑EGFR antibody given RAS wild‑type) – to treat micrometastatic disease, potentially further shrink liver lesions, and assess tumor biology.  
C. Restaging imaging (contrast‑enhanced liver MRI, thoraco‑abdominal CT, and assessment of FLR) – to confirm that hepatic lesions remain resectable, evaluate vascular relationships, and calculate FLR. If FLR <30 % in a normal liver, consider portal vein embolization.  
D. Surgical phase –  
   • If FLR adequate, proceed with right posterior sectorectomy (segments VI‑VIII), aiming for R0 margins; intra‑operative ultrasound to confirm lesion location and exclude additional disease.  
   • After hepatic recovery (≈4‑6 weeks) or in a simultaneous fashion if operative risk acceptable, perform total mesorectal excision (TME) for the rectal primary, completing the oncologic resection.  
   • Alternative “reverse” sequence (systemic → liver resection → rectal surgery) may be chosen if the primary tumor is asymptomatic and liver disease is the dominant threat.  

","Step 1 – Resectability assessment
The patient presents with three small liver metastases (1–2 cm) located in segments VI, VII, and VIII, without evidence of extrahepatic disease. Although confined to the right liver, the lesions seem technically amenable to parenchymal-sparing resections with preservation of an adequate future liver remnant. According to current hepatobiliary oncologic criteria for limited number, small size, and favorable location of metastases, this pattern is considered resectable.

Step 2 – Recommended oncologic sequence
A. Preoperative staging
• Obtain high resolution pelvic MRI and contrast enhanced CT to confirm primary tumor location, circumferential and distal margins, lymph nodes involvement, invasion of fascia recti. 

B. Systemic therapy
• Give 2–3 months of peri operative doublet chemotherapy (FOLFOX ± bevacizumab or cetuximab)
• RAS wild-type status allows consideration of anti-EGFR therapy depending on MDT strategy.
• Re stage after chemotherapy with high resolution liver and pelvic MRI (and contrast-enhanced CT) to assess tumor biology and optimize oncologic control for both primary tumor and liver metastases

C. Management of the rectal primary (oncologic priority)
• Given the T3N0 upper rectal cancer, long-course radiotherapy is appropriate to optimize local control and allow coordinated surgical planning.

D. Coordinated surgical strategy
• Initiate doublet chemotherapy (FOLFOX or CAPOX) during the waiting period following radiotherapy. This period treats potential micrometastatic disease and tests tumor biology.
• Consider image-guided ablation of the three lesions using high-energy radio waves to generate heat via a probe (if no biliary or large vessels proximity)
• After restaging with high-resolution liver MRI and pelvic imaging,
-	If complete morphological rectal tumor response : resection / ablation of the segments VI, VII and VIII metastases with follow up of primary tumor
-	If near complete morphological rectal tumor response : resection / ablation of the segments VI, VII and VIII metastases followed with strict follow up of primary tumor
-	If incomplete morphological rectal tumor response : liver-first resection or ablation of the segments VI, VII and VIII metastases, then rectal resection after appropriate recovery, using a staged or synchronous strategy : oncologic resection of the upper rectum (low anterior resection with TME principles).
– Parenchymal-sparing segment III wedge/segmentectomy aiming for ≥1 mm R0 margin.
• Use intra operative ultrasound to verify lesion location and margins.
• Ideally, consider minimally invasive approach (laparoscopic or robotic) for liver resection.
• Preoperative prehabilitation and ERAS (Enhanced Recovery After Surgery) protocols are evidence-based, multidisciplinary strategies designed to optimize patient health before surgery and accelerate recovery afterward.

D. Postoperative therapy
• Pathology report : confirmation of tumor type and origin, immunohistochemistry with tumor markers, histological growth pattern, margin status (R0, R1, R2), tumor grade, differentiation, pathologic response score (TRG), necrosis/fibrosis
• Complete a total of 6 months of systemic chemotherapy including pre-operative cycles.
• Close surveillance with CEA and imaging at 3-month intervals.

"
8,"Woman, 70 years old, history of hypertension, discovery of left colon cancer and a single 2.7 cm liver metastasis in segment IVb at the thoraco-abdominal CT scan. CEA 40 ng/mL. BRAF wild-type, MSS.
MDT Discussion: Isolated metastasis, anatomically favorable for a single resection.","Step 1 – Resectability Assessment  
- Classification: Resectable (potentially resectable)  
- Justification:  
  • Single liver metastasis, 2.7 cm, located in segment IVb – meets size and number criteria for curative hepatectomy.  
  • No radiologic evidence of extra‑hepatic disease on thoraco‑abdominal CT (pulmonary, peritoneal, nodal, bone assumed absent).  
  • Anatomically favorable location for a limited segmental resection; preservation of sufficient future liver remnant is likely with removal of only segment IVb.  
  • Absence of reported vascular or biliary invasion, although this information is missing; in the context of a solitary, small lesion, the default assumption is that major vascular involvement is not present.  
  • Synchronous disease does not preclude resection when the hepatic burden is low and the primary tumor is amenable to resection.  

Step 2 – Recommended strategy  
A. Comprehensive Restaging and Functional Assessment  
   – Obtain high‑resolution liver MRI with hepatobiliary contrast to confirm lesion characteristics, vascular anatomy, and to calculate FLR volume.  
   – Complete colonoscopic evaluation, biopsy of the primary lesion, and pathology report (grade, depth of invasion, lymphovascular invasion).  
   – Assess performance status, cardiopulmonary reserve, and baseline liver function (bilirubin, INR, albumin, platelets).  

B. Neoadjuvant Systemic Therapy (if indicated)  
   – If the primary tumor has not yet been resected, consider 2–3 cycles of peri‑operative FOLFOX (± anti‑EGFR antibody given BRAF wild‑type, MSS) to assess tumor biology and potentially down‑stage occult micrometastatic disease.  
   – Re‑image after chemotherapy to confirm that the liver lesion remains resectable and that no new extra‑hepatic sites have appeared.  

C. Surgical Phase  
   – Option 1 (preferred if FLR ≥30 % and patient fitness): Simultaneous laparoscopic or open left‑sided colectomy with segment IVb anatomical resection (non‑anatomical wedge or formal segmentectomy) achieving R0 margins on both sites.  
   – Option 2 (if FLR borderline or extensive colonic disease): Staged approach – first resect the colon primary, allow recovery, then proceed to hepatic resection within 4–6 weeks.  
   – Intra‑operative ultrasound to verify lesion location and exclude additional occult metastases.  

D. Adjuvant Therapy and Surveillance  
   – Resume or initiate adjuvant chemotherapy (total of 6 months peri‑operative systemic therapy).  
   – Serial CEA monitoring and imaging (CT chest/abdomen/pelvis or MRI liver) every 3–6 months for the first 2 years, then annually up to 5 years.  

","Step 1 – Resectability assessment
The patient presents with a single 2.7 cm liver metastasis located in segment IVb, without evidence of extrahepatic disease. The lesion is anatomically favorable for a a non anatomic wedge resection with an expected R0 margin. According to current hepatobiliary oncologic criteria for solitary metastasis with favorable anatomy, this pattern is considered resectable.

Step 2 – Recommended oncologic sequence
A. Preoperative staging
• Perform high-resolution liver MRI and contrast-enhanced CT to confirm the relationship of the lesion to segment IVb vascular and biliary structures. Precise anatomical mapping is required to plan a safe parenchymal-sparing resection.

B. Systemic therapy
• Give 2–3 months of peri operative doublet chemotherapy (FOLFOX ± bevacizumab) to treat potential micrometastatic disease and assess tumor biology, however the KRAS status is unknown.
• BRAF wild-type and MSS status do not modify the surgical indication.
• Re stage after chemotherapy with high resolution liver MRI and contrast-enhanced CT. 

C. Surgical management
• If restaging confirms continued resectability, perform a simultaneous left hemicolectomy (standard oncologic resection of the left colon cancer) with lymphadectomy (at least 12 harvested lymph nodes) + a segment IVb wedge/segmentectomy aiming for ≥1 mm R0 margin.
• Use intra operative ultrasound to verify lesion location and margins. 
• Ideally, consider minimally invasive approach (laparoscopic or robotic) for liver resection.
• Preoperative prehabilitation and ERAS (Enhanced Recovery After Surgery) protocols are evidence-based, multidisciplinary strategies designed to optimize patient health before surgery and accelerate recovery afterward.
• Alternative : simultaneous left hemicolectomy (standard oncologic resection of the left colon cancer) with lymphadectomy (at least 12 harvested lymph nodes) + an image-guided ablation using high-energy radio waves to generate heat via a probe (if no biliary or large vessels proximity)
• Simultaneous resection for solitary peripheral metastases is safe and oncologically equivalent to staged procedures. However, a staged approach with colectomy first is acceptable.

D. Postoperative therapy
• Pathology report : confirmation of tumor type and origin, immunohistochemistry with tumor markers, histological growth pattern, margin status (R0, R1, R2), tumor grade, differentiation, pathologic response score (TRG), necrosis/fibrosis
• Complete a total of 6 months of systemic chemotherapy (including the pre operative cycles). 
• Monitor CEA and imaging at 3 month intervals.

"
9,"Man, 61 years old, T3N1 sigmoid colon tumor with two contiguous liver metastases in segment VI (2.1 and 2.4 cm) at the abdominal CT scan. CEA 180 ng/mL, KRAS mutation.
MDT Discussion: Limited and accessible liver involvement, no indication for upfront chemotherapy.","Step 1 – Resectability Assessment  
- Classification: Potentially resectable (borderline) → considered resectable after confirmation of adequate future liver remnant and absence of extra‑hepatic disease.  
- Justification:  
  • Only two hepatic lesions, both ≤2.5 cm, located in a single segment (VI), which is amenable to an anatomic or non‑anatomic segmentectomy.  
  • No reported vascular or biliary invasion; absence of major hepatic vein or portal pedicle involvement suggests a technically feasible resection.  
  • Number and size meet conventional criteria for curative liver surgery (≤3 lesions, each ≤5 cm, confined to one lobe/segment).  
  • No documented extra‑hepatic metastases; MDT notes “limited and accessible liver involvement.”  
  • KRAS mutation does not preclude surgical resection.  
  • The only uncertainty is the volume of the future liver remnant (FLR) and the presence of occult extra‑hepatic disease; these must be verified before definitive labeling as resectable.  

Step 2 – Recommended strategy  
A. Diagnostic completion  
   – Obtain a thoraco‑abdominal CT (or PET‑CT) and liver MRI with hepatobiliary contrast to confirm absence of pulmonary, osseous, or other extra‑hepatic disease and to delineate hepatic vascular anatomy and FLR volume.  
   – Rationale: Ensures accurate staging and surgical planning; identifies any occult metastases that would alter intent.  

B. Primary tumor control  
   – Perform sigmoid colectomy (open or laparoscopic) with oncologic lymphadenectomy. If pre‑operative imaging confirms adequate FLR and patient fitness, consider simultaneous liver resection; otherwise stage the procedures (colon first, then liver 4–6 weeks later).  
   – Rationale: T3N1 disease requires resection; simultaneous resection is safe for limited liver disease and avoids a second operation.  

C. Hepatic metastasis resection  
   – Segment VI resection (segmentectomy or wedge) achieving negative margins (R0).  
   – Rationale: Small, peripheral lesions allow parenchyma‑sparing resection while preserving sufficient FLR.  

D. Adjuvant systemic therapy  
   – Initiate postoperative chemotherapy (e.g., 6 months of FOLFOX ± bevacizumab) given node‑positive primary, elevated CEA, and KRAS‑mutated status.  
   – Rationale: Reduces risk of recurrence in high‑risk stage III disease and addresses microscopic disease.  

E. Surveillance  
   – Serial CEA measurements every 3 months for the first 2 years, then every 6 months up to 5 years; contrast‑enhanced CT of chest, abdomen, and pelvis at 6‑month intervals for 2 years, then annually.  
   – Rationale: Early detection of recurrence enables timely salvage therapy.  

","Step 1 – Resectability assessment
The patient presents with two contiguous liver metastases in segment VI (2.1 and 2.4 cm), without evidence of extrahepatic disease. The lesions are peripheral, confined to a single segment, and technically amenable to a limited parenchymal-sparing resection with preservation of an adequate future liver remnant. According to current hepatobiliary oncologic criteria for limited number, small size, and favorable location of metastases, this pattern is considered resectable.

Step 2 – Recommended oncologic sequence
A. Preoperative staging
• Perform high-resolution liver MRI and contrast-enhanced CT to confirm the relationship of the lesion to segment IVb vascular and biliary structures. Precise anatomical mapping is required to plan a safe parenchymal-sparing resection.
• Given the high CEA level (180 ng/mL), perform high-resolution 18FDG PET-CT

B. Systemic therapy
• Give 2–3 months of peri operative doublet chemotherapy (FOLFOX ± bevacizumab) to treat potential micrometastatic disease and assess tumor biology.
• KRAS mutation excludes anti-EGFR therapy.
• Re stage after chemotherapy with high resolution liver MRI and contrast-enhanced CT. 

C. Surgical management
• If restaging confirms continued resectability, perform a simultaneous left hemicolectomy (standard oncologic resection of the left colon cancer) with lymphadectomy (at least 12 harvested lymph nodes) + a segmentectomy VI removing both contiguous metastases en bloc aiming for ≥1 mm R0 margin.
• Use intra operative ultrasound to verify lesion location and margins. 
• Ideally, consider minimally invasive approach (laparoscopic or robotic) for liver resection.
• Preoperative prehabilitation and ERAS (Enhanced Recovery After Surgery) protocols are evidence-based, multidisciplinary strategies designed to optimize patient health before surgery and accelerate recovery afterward.
• Alternative : staged approach with colectomy first segmentectomy VI aiming for ≥1 mm R0 margin then left hemicolectomy (standard oncologic resection of the left colon cancer) with lymphadectomy (at least 12 harvested lymph nodes).

D. Postoperative therapy
• Pathology report : confirmation of tumor type and origin, immunohistochemistry with tumor markers, histological growth pattern, margin status (R0, R1, R2), tumor grade, differentiation, pathologic response score (TRG), necrosis/fibrosis
• Complete a total of 6 months of systemic chemotherapy (including the pre operative cycles). 
• Monitor CEA and imaging at 3 month intervals given the elevated initial tumor marker (CEA 180 ng/mL).

"
10,"Woman, 65 years old, simultaneous discovery of a right colon adenocarcinoma and a 3 cm liver metastasis in segment VII at the abdominal CT scan CEA 70 ng/mL, RAS wild-type.
MDT Discussion: Deep but resectable metastasis, discussion of simultaneous versus sequential surgery.","Step 1 – Resectability Assessment  
- Classification: Potentially resectable (synchronous, solitary 3 cm lesion in segment VII, described by MDT as “deep but resectable”).  
- Justification:  
  • Single metastasis ≤5 cm in a peripheral segment meets conventional size and number criteria for hepatic resection.  
  • No documented extra‑hepatic disease (peritoneal and nodal disease assumed absent; pulmonary and bone status unknown).  
  • RAS wild‑type status does not affect technical resectability.  
  • Absence of reported major vascular or biliary invasion, but this information is missing; confirmation is required before declaring outright resectable.  

Step 2 – Recommended strategy  
A. Complete staging work‑up – obtain thoracic CT (or PET‑CT) to exclude pulmonary mets, bone scan or MRI if clinically indicated, and liver MRI with hepatobiliary contrast to delineate tumor–vessel relationship and calculate future liver remnant (FLR). Rationale: ensures true absence of extra‑hepatic disease and confirms that a curative‑intent liver resection is technically feasible.  

B. Systemic therapy (neoadjuvant) – if staging confirms isolated disease and the patient has good performance status, initiate 2–3 cycles of FOLFOX (± anti‑EGFR antibody given RAS wild‑type) to:  
   – assess tumor biology (CEA trend, radiologic response),  
   – potentially downsize the deep lesion,  
   – treat micrometastatic disease early.  
   Rationale: standard for synchronous resectable mets when there is any uncertainty about biology or when a staged approach is preferred.  

C. Surgical resection – after restaging (repeat imaging after neoadjuvant therapy):  
   – If the primary colon tumor has not yet been removed, perform a simultaneous right hemicolectomy and segment VII liver resection (segmentectomy or wedge, depending on MRI‑defined margins and vascular involvement).  
   – If the colon lesion has already been resected, proceed with isolated liver resection.  
   Rationale: simultaneous resection is safe in selected patients with limited hepatic disease, avoids a second operation, and shortens overall treatment time.  

D. Adjuvant/maintenance therapy and surveillance – complete a total of 6 months of peri‑operative chemotherapy (including the neoadjuvant cycles) and enroll in a surveillance protocol (CEA every 3 months, CT chest/abdomen/pelvis every 6 months for 2 years, then annually). Rationale: reduces recurrence risk and allows early detection of new disease.  

","Step 1 – Resectability assessment
The patient presents with a single 3 cm liver metastasis located in segment VII, without evidence of extrahepatic disease. Despite the lesion is deep, it remains technically amenable to a parenchymal-sparing resection with preservation of an adequate future liver remnant. According to current hepatobiliary oncologic criteria for solitary metastasis with preserved vascular structures, this pattern is considered resectable.

Step 2 – Recommended oncologic sequence
A. Preoperative staging
• Perform high-resolution liver MRI and contrast-enhanced CT to confirm the relationship of the lesion to segment VII vascular and biliary structures. Precise anatomical mapping (related to the right hepatic vein) is required to plan a safe parenchymal-sparing resection. Assess extension of primary right-sided cancer to adjacent organs (ureter, duodenum, small intestine, abdominal wall)

B. Systemic therapy
• Give 2–3 months of peri operative doublet chemotherapy (FOLFOX ± bevacizumab or cetuximab) to treat potential micrometastatic disease and assess tumor biology
• RAS wild-type does not modify the surgical indication.
• Re stage after chemotherapy with high resolution liver MRI and contrast-enhanced CT. 

B. Surgical strategy: preference for sequential approach
• Given the depth of the segment VII lesion and the technical complexity of the liver resection, a sequential strategy is preferable to reduce operative risk.
• If restaging confirms continued resectability, perform a first deep wedge / segmentectomy VII aiming while preserving maximal liver parenchyma, for ≥1 mm R0 margin.
• Use intra operative ultrasound to verify lesion location and margins. 
• Ideally, consider minimally invasive approach (laparoscopic or robotic) for liver resection.
• Preoperative prehabilitation and ERAS (Enhanced Recovery After Surgery) protocols are evidence-based, multidisciplinary strategies designed to optimize patient health before surgery and accelerate recovery afterward.
• After recovery, perform right hemicolectomy (standard oncologic resection of the right colon cancer) with D2-D3 lymphadectomy (at least 12 harvested lymph nodes)
• Alternative : simultaneous oncologic right hemicolectomy + deep wedge / segmentectomy VII aiming for ≥1 mm R0 margin

C. Postoperative therapy
• Pathology report : confirmation of tumor type and origin, immunohistochemistry with tumor markers, histological growth pattern, margin status (R0, R1, R2), tumor grade, differentiation, pathologic response score (TRG), necrosis/fibrosis
• Complete a total of 6 months of systemic chemotherapy (including the pre operative cycles). 
• Monitor CEA and imaging at 3 month intervals.

"
11,"Man, 53 years old, T3N0M1 sigmoid colon tumor, multiple metastases limited to the left lobe (three lesions 1-2.5 cm) at the thoraco-abdominal CT scan. CEA 150 ng/mL, KRAS mutated.
MDT Discussion: Metastases considered primarily resectable, left liver surgery possible.","Step 1 – Resectability Assessment  
- Classification: Potentially resectable.  
- Rationale:  
  • Three liver metastases, each ≤2.5 cm, confined to the left hepatic lobe – size and number meet conventional criteria for hepatic resection.  
  • No radiologic evidence of extra‑hepatic disease (pulmonary, peritoneal, nodal, bone, brain).  
  • KRAS mutation and elevated CEA do not preclude resection but indicate aggressive biology, reinforcing the need for systemic therapy before definitive surgery.  
  • Missing data that prevent a definitive “resectable” label:  
    – Status of the primary sigmoid tumor (resected vs. pending).  
    – Presence or extent of vascular (portal/hepatic artery) or biliary involvement of the lesions.  
    – Functional liver reserve and future liver remnant (FLR) volume/ratio.  
    – Results of liver MRI or volumetric assessment.  
  • Until these factors are clarified, the disease is considered potentially resectable pending further work‑up.

Step 2 – Recommended strategy  
A. Comprehensive restaging  
   – Obtain high‑resolution liver MRI with diffusion‑weighted imaging and MR‑based volumetry to define lesion anatomy, vascular/biliary relationships, and calculate FLR.  
   – Perform baseline liver function tests (bilirubin, INR, albumin) and, if available, indocyanine‑green clearance to assess hepatic reserve.  
   – Confirm that the primary sigmoid lesion has not yet been resected; if symptomatic (obstruction/bleeding) plan for immediate colectomy.  

B. Neoadjuvant systemic therapy  
   – Initiate 2–3 months of standard first‑line chemotherapy for KRAS‑mutated disease (e.g., FOLFOX ± bevacizumab).  
   – Rationale: treat occult micrometastatic disease, assess tumor biology (response), and potentially downsize lesions, thereby increasing the likelihood of an R0 liver resection.  

C. Surgical intervention (timing based on response and FLR)  
   – If the primary tumor remains unresected and is asymptomatic, proceed with a simultaneous sigmoid colectomy (segmental resection with adequate lymphadenectomy) and left hepatectomy (anatomic resection of segments II‑III‑IV) provided FLR ≥20 % (≥30 % after chemotherapy) and no major vascular invasion.  
   – If FLR is insufficient, consider portal vein embolization of the right portal branch to hypertrophy the left lobe before hepatic resection, or stage the operations (colon first, then liver).  

D. Adjuvant/maintenance therapy  
   – Resume postoperative systemic chemotherapy (total duration 6 months) to consolidate response and address microscopic disease.  
   – Consider enrollment in a clinical trial for KRAS‑mutated metastatic colorectal cancer if available.  

","Step 1 – Resectability assessment
The patient presents with three liver metastases confined to the left lobe (segments II/III/IV), measuring 1–2.5 cm, without evidence of extrahepatic disease. The lesions are limited to a single hemi-liver and technically amenable to a left-sided liver resection or multiple parenchymal-sparing resections while preserving an adequate future liver remnant. According to current hepatobiliary oncologic criteria for unilobar, limited number, and small-size metastases, this pattern is considered resectable.

Step 2 – Recommended oncologic sequence
A. Preoperative staging
• Perform high-resolution liver MRI and contrast-enhanced CT to confirm the relationship of the 3 lesions to segment II et III vascular and biliary structures. Precise anatomical mapping is required to plan a safe parenchymal-sparing resection.
• Given the high CEA level (150 ng/mL), perform high-resolution 18FDG PET-CT

B. Preoperative systemic therapy
• The elevated CEA level (150 ng/mL) and multiplicity of lesions suggest biologically active disease.
• Give 2–3 months of peri operative doublet chemotherapy (FOLFOX ± bevacizumab) to treat potential micrometastatic disease and assess tumor biology.
• KRAS mutation excludes anti-EGFR therapy.
• This period treats micrometastatic disease and evaluates tumor biology.

C. Restaging before surgery
• Perform high-resolution liver MRI and contrast-enhanced CT after chemotherapy to confirm maintained resectability and evaluate vascular/biliary relationships.

D. Surgical management
• If restaging confirms continued resectability, perform a simultaneous left hemicolectomy (standard oncologic resection of the left colon cancer) with lymphadectomy (at least 12 harvested lymph nodes) + a left lateral sectionectomy (segments II–III) removing the 3 metastases en bloc with wedge resection of the remaining lesion, or a formal left hepatectomy if anatomically more appropriate, aiming for ≥1 mm R0 margin .
• Use intra operative ultrasound to verify lesion location and margins. 
• Ideally, consider minimally invasive approach (laparoscopic or robotic) for both liver resection and colectomy.
• Preoperative prehabilitation and ERAS (Enhanced Recovery After Surgery) protocols are evidence-based, multidisciplinary strategies designed to optimize patient health before surgery and accelerate recovery afterward.
• Alternative : staged approach with first left lateral sectionectomy (segments II–III) with wedge resection of the remaining lesion, or a formal left hepatectomy if anatomically more appropriate, removing the 3 metastases en bloc aiming for ≥1 mm R0 margin followed with left hemicolectomy (standard oncologic resection of the left colon cancer) with lymphadectomy (at least 12 harvested lymph nodes).

E. Postoperative therapy
• Pathology report : confirmation of tumor type and origin, immunohistochemistry with tumor markers, histological growth pattern, margin status (R0, R1, R2), tumor grade, differentiation, pathologic response score (TRG), necrosis/fibrosis
• Complete a total of 6 months of systemic chemotherapy (including the pre operative cycles). 
• Monitor CEA and imaging at 3 month intervals given the elevated initial tumor marker (CEA 150 ng/mL).

"
12,"Woman, 66 years old, high rectal T3N1 cancer with a single 1.5 cm metastasis in segment II at the abdominal CT scan. CEA 50 ng/mL, RAS wild-type.
MDT Discussion: Peripheral resectable metastasis, possibility of combined surgery after pelvic treatment.","Step 1 – Resectability Assessment  
- Classification: Potentially resectable.  
- Justification:  
  • Single peripheral liver lesion, 1.5 cm, located in segment II – meets size and number criteria for hepatic resection.  
  • No reported vascular, biliary, or portal involvement; absence of these factors favors resectability.  
  • No documented extra‑hepatic disease; presumed absent based on available data.  
  • RAS wild‑type status supports eligibility for peri‑operative systemic therapy and possible anti‑EGFR use.  
  • Missing data (FLR volume, vascular contact, thoracic imaging) preclude a definitive “resectable” label; therefore the lesion is considered potentially resectable pending further assessment.

Step 2 – Recommended strategy  
A. Neoadjuvant pelvic treatment – Deliver long‑course chemoradiotherapy (CRT) for the high rectal T3N1 primary, followed by a 6‑8 week interval. Rationale: Standard of care for locally advanced rectal cancer; down‑staging improves sphincter preservation and reduces local recurrence.  
B. Systemic chemotherapy – Initiate peri‑operative doublet therapy (e.g., FOLFOX or CAPOX) ± anti‑EGFR monoclonal antibody (cetuximab) given RAS wild‑type. Rationale: Treat micrometastatic disease, assess tumor biology, and potentially down‑size the liver lesion.  
C. Restaging work‑up – After CRT and 2–3 cycles of chemotherapy, obtain:  
   • Contrast‑enhanced liver MRI with hepatobiliary phase to delineate lesion margins, vascular relationship, and calculate future liver remnant (FLR) volume.  
   • Thoraco‑abdominal CT (or PET‑CT) to exclude occult pulmonary or other extra‑hepatic metastases.  
   Rationale: Confirm that the hepatic lesion remains resectable and that no new disease has emerged; ensure adequate FLR (>20 % in normal liver, >30 % after chemotherapy).  
D. Surgical phase – Depending on restaging results:  
   • Staged approach – Perform low anterior resection (LAR) with total mesorectal excision first; once recovered (4–6 weeks), proceed to laparoscopic or open segment II wedge/segmentectomy (or non‑anatomic resection) with negative margins. Rationale: Allows optimal pelvic healing and assessment of liver response before major hepatic surgery.  
   • Simultaneous approach – If FLR is sufficient, patient fitness is good, and operative time is acceptable, consider combined LAR and segment II resection in a single session. Rationale: Reduces total hospital stay and avoids two separate recoveries, but only if peri‑operative risk is low.  
E. Adjuvant therapy – Complete a total of 6 months of systemic chemotherapy (including postoperative cycles) and consider postoperative radiotherapy boost if margin concerns persist. Rationale: Consolidates disease control and addresses any residual microscopic disease.

","Step 1 – Resectability assessment
The patient presents with a single 1.5 cm liver metastasis located in segment II, without evidence of extrahepatic disease. The lesion is peripheral and technically amenable to a parenchymal-sparing resection with preservation of an adequate future liver remnant. According to current hepatobiliary oncologic criteria for solitary, small, peripherally located metastasis, this pattern is considered resectable.

Step 2 – Recommended oncologic sequence
A. Preoperative staging
• Obtain high resolution pelvic MRI and contrast enhanced CT to confirm primary tumor location, circumferential and distal margins, lymph nodes involvement, invasion of fascia recti. 

B. Systemic therapy
• Give 2–3 months of peri operative doublet chemotherapy (FOLFOX ± bevacizumab or cetuximab)
• RAS wild-type status allows consideration of anti-EGFR therapy depending on MDT strategy.
• Re stage after chemotherapy with high resolution liver and pelvic MRI (and contrast-enhanced CT) to assess tumor biology and optimize oncologic control for both primary tumor and liver metastases

C. Management of the rectal primary (oncologic priority)
• Given the T3N1 upper rectal cancer, long-course radiotherapy is appropriate to optimize local control and allow coordinated surgical planning. 

D. Coordinated surgical strategy (combined approach preferred)
• Initiate doublet chemotherapy (FOLFOX or CAPOX) during the waiting period following radiotherapy. This period treats potential micrometastatic disease and tests tumor biology.
• Consider image-guided ablation of the single lesion using high-energy radio waves to generate heat via a probe (if no biliary or large vessels proximity)
• After restaging with high-resolution liver MRI and pelvic imaging,
-	If complete morphological rectal tumor response : resection / ablation of the segment II metastasis with follow up of primary tumor
-	If near complete morphological rectal tumor response : resection / ablation of the segment II metastasis followed with strict follow up of primary tumor
-	If incomplete morphological rectal tumor response : liver-first resection or ablation of the segment II metastasis, then rectal resection after appropriate recovery, using a staged or synchronous strategy : oncologic resection of the upper rectum (low anterior resection with TME principles).
– Parenchymal-sparing segment II wedge/segmentectomy aiming for ≥1 mm R0 margin.
• Use intra operative ultrasound to verify lesion location and margins.
• Ideally, consider minimally invasive approach (laparoscopic or robotic) for liver resection.
• Preoperative prehabilitation and ERAS (Enhanced Recovery After Surgery) protocols are evidence-based, multidisciplinary strategies designed to optimize patient health before surgery and accelerate recovery afterward.
• This combined approach avoids multiple surgeries and is safe for a solitary peripheral metastasis.

D. Postoperative therapy
• Pathology report : confirmation of tumor type and origin, immunohistochemistry with tumor markers, histological growth pattern, margin status (R0, R1, R2), tumor grade, differentiation, pathologic response score (TRG), necrosis/fibrosis
• Complete a total of 6 months of systemic chemotherapy including pre-operative cycles.
• Close surveillance with CEA and imaging at 3-month intervals.

"
13,"Man, 58 years old, left T4aN2 colon cancer, three liver metastases (segments IV, V and VIII) at the abdominal CT scan. Max size 3.8 cm. CEA 330 ng/mL, KRAS mutated.
MDT Discussion: Limited liver involvement, potentially curative upfront.","Step 1 – Resectability Assessment  
- Classification: Potentially resectable (requires further work‑up before definitive decision).  
- Rationale:  
  • Three liver lesions (3.8 cm max) confined to segments IV, V, VIII – technically amenable to parenchymal‑sparing hepatectomy if adequate future liver remnant (FLR) can be achieved.  
  • No reported vascular, biliary, or portal vein invasion, but these data are missing; their presence could preclude resection.  
  • Primary colon cancer is T4aN2; resection of the primary is required before or concurrently with liver surgery.  
  • No documented extra‑hepatic disease, but thoraco‑abdominal imaging is incomplete (thoracic CT not performed, liver MRI absent).  
  • FLR ratio not provided; insufficient to confirm hepatic reserve.  
  • High CEA (330 ng/mL) and KRAS mutation suggest aggressive biology, supporting the need for systemic therapy and thorough staging before surgery.  

Step 2 – Recommended strategy  
A. Complete staging  
   – Obtain thoraco‑abdominal CT (or PET‑CT) and contrast‑enhanced liver MRI with hepatobiliary agent.  
   – Assess for pulmonary, bone, brain, or peritoneal metastases; evaluate vascular anatomy and FLR volume.  
   – Rationale: definitive assessment of extra‑hepatic disease and hepatic reserve is essential to confirm resectability.  

B. Neoadjuvant systemic therapy  
   – Initiate 3–6 cycles of FOLFOXIRI (or FOLFOX) ± anti‑VEGF (bevacizumab) given KRAS‑mutated, high‑risk disease.  
   – Rationale: down‑size liver lesions, treat occult micrometastases, and assess tumor biology (response).  

C. Primary tumor management  
   – Perform oncologic resection of the left‑sided colon cancer (segmental colectomy with adequate lymphadenectomy) either before or simultaneously with liver surgery, depending on response to chemotherapy and patient fitness.  
   – Rationale: T4aN2 disease mandates curative resection; simultaneous resection can be considered if operative risk acceptable and liver disease remains resectable.  

D. Re‑assessment after neoadjuvant therapy  
   – Repeat imaging (MRI, CT) to evaluate lesion size, vascular involvement, and FLR.  
   – If FLR insufficient, consider portal vein embolization or two‑stage hepatectomy.  
   – Rationale: ensure R0 liver resection with adequate postoperative liver function.  

E. Curative liver resection  
   – Perform parenchymal‑sparing hepatectomy targeting segments IV, V, and VIII, aiming for negative margins (R0).  
   – Rationale: limited number and size of lesions allow anatomic or non‑anatomic resections while preserving liver parenchyma.  

F. Adjuvant therapy  
   – Continue postoperative chemotherapy to complete a total of 6–12 months of systemic treatment, tailored to response and pathology.  
   – Rationale: high‑risk primary (T4aN2) and KRAS mutation warrant systemic control.  

","Step 1 – Resectability assessment
The patient presents with three liver metastases located in segments IV, V, and VIII, the largest measuring 3.8 cm, without evidence of extrahepatic disease. Although the distribution involves central and right segments, the lesions are technically amenable to parenchymal-sparing resections with preservation of adequate vascular structures and an acceptable future liver remnant. According to current hepatobiliary oncologic criteria for limited number and technically accessible metastases, this pattern is considered resectable.

Step 2 – Recommended oncologic sequence
A. Preoperative staging
• Perform high-resolution liver MRI and contrast-enhanced CT to confirm the relationship of the 3 lesions to segment IV, V et VIII vascular and biliary structures. Precise anatomical mapping is required to plan a safe parenchymal-sparing resection.
• Given the high CEA level (330 ng/mL), perform high-resolution 18FDG PET-CT

B. Preoperative systemic therapy
• The very high CEA level (330 ng/mL), T4aN2 primary tumor, KRAS mutation and multiplicity of lesions indicate biologically aggressive disease.
• Give 2–3 months of peri operative doublet chemotherapy (FOLFOX ± bevacizumab) to treat potential micrometastatic disease and assess tumor biology.
• KRAS mutation excludes anti-EGFR therapy.
• This period treats micrometastatic disease and evaluates tumor biology.

C. Restaging before surgery
• Perform high-resolution liver MRI and contrast-enhanced CT after chemotherapy to confirm maintained resectability and evaluate vascular/biliary relationships.

D. Surgical management (staged approach preferred))
• If restaging confirms continued resectability, perform a first parenchymal-sparing resections guided by intra-operative ultrasound, aiming for ≥1 mm R0 margin:
– Segment IV wedge/segmentectomy.
– Segment V wedge resection.
– Segment VIII wedge resection.
• Use intra operative ultrasound to verify lesion location and margins. 
• Ideally, consider minimally invasive approach (laparoscopic or robotic) for liver resection.
• Preoperative prehabilitation and ERAS (Enhanced Recovery After Surgery) protocols are evidence-based, multidisciplinary strategies designed to optimize patient health before surgery and accelerate recovery afterward.

E. Management of the primary tumor
• After recovery, left hemicolectomy (standard oncologic resection of the left colon cancer) with lymphadectomy (at least 12 harvested lymph nodes) with anastomosis
• Ideally, consider minimally invasive approach (laparoscopic or robotic) for colectomy.

F. Postoperative therapy
• Pathology report : confirmation of tumor type and origin, immunohistochemistry with tumor markers, histological growth pattern, margin status (R0, R1, R2), tumor grade, differentiation, pathologic response score (TRG), necrosis/fibrosis
• Complete a total of 6 months of systemic chemotherapy (including the pre operative cycles). 
• Monitor CEA and imaging at 3 month intervals given the elevated initial tumor marker (CEA 330 ng/mL).

"
14,"Woman, 74 years old, right T3N0 colon cancer, two liver metastases in segments III and VI (2.2 and 3 cm)at the thoraco-abdominal CT scan. CEA 88 ng/mL, BRAF wild-type.
MDT Discussion: Anatomically accessible metastases, indication for primary surgery.","Step 1 – Resectability Assessment  
- Classification: Potentially resectable.  
- Rationale:  
  • Two liver metastases, each ≤3 cm, located in peripheral segments III and VI – anatomically amenable to non‑anatomic or segmental resection with preservation of sufficient liver parenchyma.  
  • No radiologic evidence of extra‑hepatic disease on thoraco‑abdominal CT.  
  • Primary tumor is T3N0, without obstruction, perforation or bleeding, allowing safe resection.  
  • Missing data that prevent a definitive “resectable” label:  
    – Assessment of future liver remnant (FLR) volume/ratio.  
    – Presence or absence of vascular (portal/hepatic artery) contact or invasion.  
    – Confirmation that the lesions are truly synchronous (timing) and that no prior systemic therapy has altered tumor biology.  

Step 2 – Recommended strategy  
A. Diagnostic completion: obtain liver‑specific MRI with hepatobiliary contrast to confirm lesion number, vascular relationships, and to calculate FLR.  
B. Systemic therapy (peri‑operative): initiate 3–4 cycles of FOLFOX (± biologic agent appropriate for BRAF‑wild type) to assess tumor biology and potentially down‑size lesions.  
C. Restaging after chemotherapy: repeat MRI and CT to verify that both hepatic lesions remain resectable, FLR is adequate (>30 % in normal liver, >40 % if steatosis/fibrosis), and no new extra‑hepatic disease has emerged.  
D. Surgical phase:  
   – If patient’s performance status and comorbidities permit, perform simultaneous right hemicolectomy and parenchymal‑sparing liver resection (segment III and segment VI) in a single operation.  
   – If operative risk is deemed high (advanced age, limited physiologic reserve), stage the procedures: first curative colon resection, recover, then liver resection within 4–6 weeks.  
E. Post‑operative adjuvant therapy: complete a total of 6 months of peri‑operative chemotherapy (additional 2–3 cycles post‑resection) and monitor CEA and imaging every 3–6 months.  

","Step 1 – Resectability assessment
The patient presents with two liver metastases located in segments III and VI (2.2 and 3 cm), without evidence of extrahepatic disease. Both lesions are situated in opposite lobes but technically amenable to parenchymal-sparing resections with preservation of an adequate future liver remnant. According to current hepatobiliary oncologic criteria for limited number, small size, and favorable location of metastases, this pattern is considered resectable.

Step 2 – Recommended oncologic sequence

A. Preoperative staging
• Perform high-resolution liver MRI and contrast-enhanced CT to confirm the relationship of the lesion to segment III and VI vascular and biliary structures. Precise anatomical mapping is required to plan a safe parenchymal-sparing resection. Assess extension of primary right-sided cancer to adjacent organs (ureter, duodenum, small intestine, abdominal wall)

B. Systemic therapy
• Give 2–3 months of peri operative doublet chemotherapy (FOLFOX ± bevacizumab or cetuximab) to treat potential micrometastatic disease and assess tumor biology
• BRAF wild-type does not modify the surgical indication.
• Re stage after chemotherapy with high resolution liver MRI and contrast-enhanced CT. 

B. Surgical strategy: preference for combined approach
• Given the number of lesion (2) and the location of the primary cancer, a combined strategy could be considered.
• If restaging confirms continued resectability, perform a first wedge resection of segment III and a wedge resection of segment VI aiming while preserving maximal liver parenchyma, for ≥1 mm R0 margin and a right hemicolectomy (standard oncologic resection of the right colon cancer) with D2-D3 lymphadectomy (at least 12 harvested lymph nodes).
• Use intra operative ultrasound to verify lesion location and margins. 
• Ideally, consider minimally invasive approach (laparoscopic or robotic) for both liver resection and colectomy.
• Preoperative prehabilitation and ERAS (Enhanced Recovery After Surgery) protocols are evidence-based, multidisciplinary strategies designed to optimize patient health before surgery and accelerate recovery afterward.
• Alternative : staged atypical resection of the two metastases followed after reconvery with oncologic a right hemicolectomy (standard oncologic resection of the right colon cancer) with D2-D3 lymphadectomy (at least 12 harvested lymph nodes)

C. Postoperative therapy
• Pathology report : confirmation of tumor type and origin, immunohistochemistry with tumor markers, histological growth pattern, margin status (R0, R1, R2), tumor grade, differentiation, pathologic response score (TRG), necrosis/fibrosis
• Complete a total of 6 months of systemic chemotherapy (including the pre operative cycles). 
• Monitor CEA and imaging at 3 month intervals.

"
15,"Man, 49 years old, T2N0 rectal tumor associated with a single 2.8 cm liver metastasis in segment V at the abdominal CT scan, CEA 35 ng/mL, KRAS mutated.
MDT Discussion: Single metastasis, resectable upfront, surgery considered after local treatment of the primary.","Step 1 – Resectability Assessment  
- Classification: Potentially resectable.  
- Rationale:  
  • Single liver lesion, 2.8 cm, located in peripheral segment V, which is amenable to an anatomic segmentectomy or wedge resection with clear margins.  
  • No reported vascular, biliary, or portal invasion; absence of these high‑risk features supports technical resectability.  
  • No documented extra‑hepatic disease on available imaging; thoraco‑abdominal CT of the abdomen performed and thoracic CT not performed – pending confirmation, extra‑hepatic spread is assumed absent.  
  • Primary rectal tumor is T2N0, resectable with standard oncologic technique; therefore the overall disease burden is limited and can be addressed surgically in a staged or combined approach.  

Step 2 – Recommended strategy  
A. Staging and baseline work‑up  
   – Obtain a contrast‑enhanced chest CT (or PET‑CT) to exclude occult pulmonary metastases.  
   – Perform liver MRI with hepatocyte‑specific contrast to delineate lesion anatomy, vascular relationships, and calculate future liver remnant (FLR) volume.  
   – Complete molecular profiling (RAS/RAF, MSI) beyond KRAS to guide systemic therapy.  

B. Neoadjuvant treatment of the rectal primary  
   – Deliver short‑course radiotherapy (5 × 5 Gy) or long‑course chemoradiotherapy depending on distance from anal verge and sphincter considerations.  
   – Rationale: Improves local control, down‑stages the tumor, and aligns timing with hepatic management.  

C. Surgical resection of the primary tumor  
   – Perform low anterior resection (or appropriate sphincter‑preserving procedure) 6–8 weeks after completion of radiotherapy, provided the patient is fit and no progression is noted on restaging.  

D. Restaging and peri‑operative systemic therapy  
   – Re‑image liver (MRI) and chest (CT) after primary resection to confirm unchanged hepatic disease and absence of extra‑hepatic lesions.  
   – If disease remains limited, consider peri‑operative (neoadjuvant or adjuvant) FOLFOX/XELOX chemotherapy for 2–3 cycles to address micrometastatic risk, especially given KRAS mutation.  

E. Hepatic resection  
   – Proceed with a segment V anatomical resection or non‑anatomic wedge excision with negative margins (R0).  
   – Ensure FLR ≥ 20 % in a healthy liver; intra‑operative ultrasound to confirm lesion clearance and vascular anatomy.  
   – Rationale: Curative intent resection of solitary metastasis offers the best long‑term survival.  

F. Post‑operative surveillance  
   – Serial CEA measurements and cross‑sectional imaging (CT or MRI) every 3–6 months for the first 2 years, then annually.  

","Step 1 – Resectability assessment
The patient presents with a single 2.8 cm liver metastasis located in segment V, without evidence of extrahepatic disease. The lesion is peripheral and technically amenable to a parenchymal-sparing resection with preservation of an adequate future liver remnant. According to current hepatobiliary oncologic criteria for solitary, small, peripherally located metastasis, this pattern is considered resectable.

Step 2 – Recommended oncologic sequence
A. Preoperative staging
• Obtain high resolution pelvic MRI and contrast enhanced CT to confirm primary tumor location, circumferential and distal margins, lymph nodes involvement, invasion of fascia recti. 

B. Systemic therapy
• Give 2–3 months of peri operative doublet chemotherapy (FOLFOX ± bevacizumab or cetuximab)
• KRAS mutation excludes anti-EGFR therapy.
• This period treats micrometastatic disease and evaluates tumor biology.
• Re stage after chemotherapy with high resolution liver and pelvic MRI (and contrast-enhanced CT) to assess tumor biology and optimize oncologic control for both primary tumor and liver metastases

C. Management of the rectal primary (oncologic priority)
• Given the T2N0 rectal cancer, long-course radiotherapy is appropriate to optimize local control and allow coordinated surgical planning.

D. Coordinated surgical strategy (combined approach preferred)
• Initiate doublet chemotherapy (FOLFOX or CAPOX) during the waiting period following radiotherapy. This period treats potential micrometastatic disease and tests tumor biology.
• Consider image-guided ablation of the single lesion <3cm using high-energy radio waves to generate heat via a probe (if no biliary or large vessels proximity)
• After restaging with high-resolution liver MRI and pelvic imaging,
-	If complete morphological rectal tumor response : resection / ablation of the segment V metastasis with follow up of primary tumor
-	If near complete morphological rectal tumor response : resection / ablation of the segment V metastasis followed with strict follow up of primary tumor
-	If incomplete morphological rectal tumor response : liver-first resection or ablation of the segment V metastasis, then rectal resection after appropriate recovery, using a staged or synchronous strategy : oncologic resection of the upper rectum (low anterior resection with TME principles).
– Parenchymal-sparing segment II wedge/segmentectomy aiming for ≥1 mm R0 margin.
• Use intra operative ultrasound to verify lesion location and margins.
• Ideally, consider minimally invasive approach (laparoscopic or robotic) for liver resection.
• Preoperative prehabilitation and ERAS (Enhanced Recovery After Surgery) protocols are evidence-based, multidisciplinary strategies designed to optimize patient health before surgery and accelerate recovery afterward.
• This combined approach avoids multiple surgeries and is safe for a solitary peripheral metastasis.
• Alternative : staged atypical resection of the single metastasis followed after recovery with oncologic low anterior resection with TME principles

D. Postoperative therapy
• Pathology report : confirmation of tumor type and origin, immunohistochemistry with tumor markers, histological growth pattern, margin status (R0, R1, R2), tumor grade, differentiation, pathologic response score (TRG), necrosis/fibrosis
• Complete a total of 6 months of systemic chemotherapy including pre-operative cycles.
• Close surveillance with CEA and imaging at 3-month intervals.

"
16,"Man, 57 years old, right T4aN2M1 colon cancer, seven bilobar liver metastases, sizes 1 to 4 cm at the thoraco-abdominal CT scan, CEA 520 ng/mL, KRAS mutated. Liver MRI: vascular contact with the right portal branch.
MDT Discussion: Metastases not resectable upfront, considered for conversion chemotherapy FOLFOX + bevacizumab.","Step 1 – Resectability Assessment  
- Classification: Potentially resectable (conversion‑resectable).  
- Justification:  
  • Seven liver metastases are bilobar, exceeding the usual criteria for upfront resection (≥4 lesions, bilobar distribution).  
  • One lesion shows vascular contact with the right portal branch, raising concern for portal involvement but not yet proven invasion.  
  • No data on future liver remnant (FLR) volume, hepatic arterial anatomy, or biliary involvement; therefore a definitive “resectable” status cannot be assigned at this time.  
  • Absence of extra‑hepatic disease on current imaging supports the possibility of achieving an R0 liver resection after down‑staging.  
  • Consequently, the disease is deemed unresectable upfront but potentially resectable after effective conversion chemotherapy and reassessment of FLR.

Step 2 – Recommended strategy  
A. Systemic conversion therapy – Initiate FOLFOX + bevacizumab (KRAS‑mutated disease precludes anti‑EGFR agents). Rationale: aim to achieve tumor shrinkage, convert liver disease to resectable status, and treat occult micrometastases.  
B. Restaging after 3–4 months – Repeat high‑resolution liver MRI with hepatobiliary contrast and CT chest/abdomen. Assess:  
   – Response of hepatic lesions (size reduction, loss of vascular contact).  
   – FLR volume calculation; if FLR < 30 % in a normal liver, plan portal vein embolization (PVE).  
   – Status of the primary colon tumor (size, local invasion, symptomatology).  
   Rationale: objective imaging determines whether curative liver surgery is feasible and whether additional hepatic hypertrophy maneuvers are needed.  
C. Surgical phase – If restaging shows adequate tumor response and sufficient FLR:  
   – Option 1 (simultaneous approach): Perform right hemicolectomy (or extended right colectomy) together with staged or combined liver metastasectomy (e.g., two‑stage hepatectomy or ALPPS if FLR remains marginal).  
   – Option 2 (sequential approach): First resect the colon primary (if symptomatic or if oncologic timing favours), followed by liver resection after a short interval (2–4 weeks).  
   Rationale: simultaneous resection reduces total operative time and hospital stay when both procedures are technically feasible; sequential resection is chosen when liver surgery would be extensive or when primary tumor symptoms dictate priority.  
D. Adjuvant systemic therapy – Resume/continue postoperative chemotherapy (e.g., FOLFOX ± bevacizumab) for a total of 6‑12 months, tailored to pathologic response and patient tolerance. Rationale: consolidates disease control and addresses microscopic residual disease.  
E. Surveillance – Serial CEA measurements and imaging (CT or MRI) every 3–6 months for the first 2 years, then annually. Rationale: early detection of recurrence permits timely salvage interventions.

","Step 1 – Resectability assessment
The patient presents with seven bilobar liver metastases (1–4 cm) associated with vascular contact with the right portal branch and no reported extrahepatic disease. The number of lesions, bilobar distribution, and portal contact make a complete R0 resection with adequate future liver remnant unlikely with an upfront surgical approach. According to hepatobiliary oncologic criteria, this pattern is considered unresectable upfront.

Step 2 – Recommended oncologic sequence
A. Preoperative staging
• Given the high CEA level (520 ng/mL), perform high-resolution 18FDG PET-CT

B. Conversion systemic therapy (mandatory)
• Initiate intensive conversion chemotherapy with FOLFIRINOX + bevacizumab.
• KRAS mutation excludes anti-EGFR therapy.
• The objective is tumor downsizing, separation from portal structures, and reduction in the number/volume of lesions to achieve secondary resectability.

C. Early and repeated radiologic reassessment
• Perform high-resolution liver MRI every 2-3 months to evaluate response, particularly the relationship of lesions to the right portal branch and overall liver tumor burden.
• Monitor CEA dynamics as a marker of response.

D. Criteria for secondary resectability
• Consider surgery if chemotherapy induces:
– Reduction in lesion size and number allowing parenchymal-sparing resections or staged hepatectomy or combined resection and ablation.
– Clearance from portal structures.
– Feasibility of achieving R0 resection with adequate future liver remnant.

E. Potential surgical strategies if response is favorable
• Two-stage hepatectomy or combined parenchymal-sparing resections depending on response pattern and tumor location.
• Portal vein embolization may be required if major hepatectomy becomes necessary.
• Ideally, consider minimally invasive approach (laparoscopic or robotic) for liver resection.
• Preoperative prehabilitation and ERAS (Enhanced Recovery After Surgery) protocols are evidence-based, multidisciplinary strategies designed to optimize patient health before surgery and accelerate recovery afterward.

F. If no adequate response
• Continue second-line systemic therapy and/or consider alternative regimens (such as intra-arterial chemotherapy after resection of the primary tumor).

"
17,"Woman, 60 years old, T3N1M1 sigmoid tumor, four bilobar liver metastases (segments II, III, VI, VIII) with one in contact with the right hepatic vein at the thoraco-abdominal CT scan. CEA 240 ng/mL. RAS wild-type.
MDT Discussion: Bilobar involvement for conversion, imaging to be re-evaluated after 4 cycles of chemotherapy.","Step 1 – Resectability Assessment  
• Classification: Potentially resectable (conversion‑eligible).  
• Rationale: • Four bilobar metastases without documented extra‑hepatic disease meet typical criteria for hepatic clearance if an R0 resection can be achieved and an adequate future liver remnant (FLR) is preserved. • One lesion contacts the right hepatic vein; vascular involvement can be managed with careful dissection or reconstruction in experienced centers. • RAS wild‑type status and high CEA suggest biologic aggressiveness but also predict responsiveness to modern conversion chemotherapy. • Current lack of FLR volumetry, lesion dimensions, and response to systemic therapy precludes a definitive “resectable” label; therefore the case is deemed potentially resectable pending down‑staging and detailed hepatic volumetric assessment.  

Step 2 – Recommended strategy  
A. Initiate systemic conversion chemotherapy (e.g., FOLFOXIRI ± bevacizumab) for 4–6 cycles.  
   – Rationale: Aim to achieve tumor shrinkage, increase the chance of R0 resection, and allow assessment of tumor biology.  

B. Perform restaging after chemotherapy: high‑resolution liver MRI with diffusion‑weighted imaging, hepatic volumetry, and CT‑based portal venous anatomy assessment.  
   – Rationale: Determine lesion response, exact size, relationship to vascular structures, and calculate FLR; essential for surgical planning.  

C. If restaging shows ≥30 % reduction of tumor burden and FLR ≥30 % (≥40 % after chemotherapy) with clear vascular margins, proceed to hepatic surgery.  
   – Option 1 (simultaneous approach): If the sigmoid primary is resectable and the patient is fit, perform sigmoid colectomy with curative‑intent liver resection in the same operation (parenchymal‑sparing resections, possible right hepatic vein reconstruction).  
   – Option 2 (staged approach): If the primary tumor is large, symptomatic, or requires a complex resection, first perform sigmoid colectomy, then after recovery (2–3 weeks) undertake liver surgery; consider portal vein embolization or a two‑stage hepatectomy/ALPPS if FLR is insufficient.  

D. Post‑operative adjuvant systemic therapy (continuation of the same regimen or transition to maintenance) for 3–6 months.  
   – Rationale: Consolidate response, eradicate microscopic disease, and improve disease‑free survival.  

","Step 1 – Resectability assessment
The patient presents with four bilobar liver metastases (segments II, III, VI, and VIII), one of which is in contact with the right hepatic vein, without reported extrahepatic disease. The bilobar distribution and venous contact make a complete R0 parenchymal-sparing resection unlikely with an upfront approach while preserving an adequate future liver remnant. According to hepatobiliary oncologic criteria, this pattern is considered potentially resectable after conversion therapy, but not safely resectable upfront.

Step 2 – Recommended oncologic sequence
A. Preoperative staging
• Obtain high resolution liver MRI to define exact segmental distribution of all 4 lesions with detailed vascular and biliary relationships. 
• Given the high CEA level (240 ng/mL), perform high-resolution 18FDG PET-CT

B. Conversion systemic therapy (mandatory)
• Initiate doublet or triplet chemotherapy (FOLFOX or FOLFIRI or FOLFIRINOX) combined with anti-EGFR therapy given RAS wild-type status.
• The objective is tumor downsizing, separation from the right hepatic vein, and reduction of bilobar tumor burden to enable secondary resectability.

C. Early radiologic reassessment
• Perform high-resolution liver MRI and enhanced CT-scan after 4 cycles as planned to reassess:
– Relationship of the segment VIII lesion to the right hepatic vein.
– Global tumor response and potential for parenchymal-sparing resections.

D. Criteria for secondary resectability
• Surgery can be considered if imaging shows:
– Clearance from the right hepatic vein.
– Feasibility of multiple parenchymal-sparing resections or a staged hepatectomy.
– Adequate future liver remnant after planned resections.

E. Potential surgical strategies if response is favorable
• Combined parenchymal-sparing resections of segments II, III, VI, and VIII.
• If necessary, a two-stage hepatectomy strategy depending on response pattern and FLR considerations.
• Ideally, consider minimally invasive approach (laparoscopic or robotic) for liver resection.
• Preoperative prehabilitation and ERAS (Enhanced Recovery After Surgery) protocols are evidence-based, multidisciplinary strategies designed to optimize patient health before surgery and accelerate recovery afterward.

F. If insufficient response
• Continue systemic therapy or adapt regimen (such as intra-arterial chemotherapy after resection of the primary tumor) according to MDT, with possible consideration of local ablative techniques.

"
18,"Man, 63 years old, left T4N2M1 colon cancer, multiple liver metastases (≥8 lesions), maximum size 4.5 cm, partial contact with the IVC at the abdominal CT scan. CEA 890 ng/mL. BRAF wild-type.
MDT Discussion: Extensive liver disease, potentially resectable after major response to FOLFOXIRI.","Step 1 – Resectability Assessment  
- Classification: Potentially resectable (conversion‑resectable)  
- Rationale:  
  • Multiple liver metastases (≥8) with a largest diameter of 4.5 cm exceed the usual criteria for immediate “resectable” disease, but the MDT reports a major response to FOLFOXIRI, suggesting down‑staging is feasible.  
  • Partial contact with the IVC represents vascular involvement that may be addressed with vascular resection/reconstruction or by ablative techniques; it does not automatically preclude resection.  
  • No documented extra‑hepatic disease; however, definitive staging of the chest, bone and other sites is lacking, and an adequate future liver remnant (FLR) has not been quantified.  
  • Therefore, resection is possible after further assessment of response, FLR, and exclusion of extra‑hepatic metastases, placing the case in the “potentially resectable” category.

Step 2 – Recommended strategy  
A. Continuation of systemic therapy (conversion chemotherapy)  
   - Maintain or intensify the current FOLFOXIRI regimen (consider adding anti‑EGFR therapy if RAS wild‑type) until maximal radiologic response is achieved (typically 3–6 months).  
   - Rationale: To further shrink tumor burden, increase the chance of achieving R0 margins, and potentially convert borderline lesions away from vascular structures.

B. Comprehensive restaging  
   - Perform high‑resolution liver MRI with hepatocyte‑specific contrast, volumetric CT for FLR calculation, and full thoraco‑abdominal CT (or PET‑CT) plus bone scan to rule out occult extra‑hepatic disease.  
   - Rationale: Precise mapping of lesion number, segmental distribution, vascular anatomy, and confirmation of disease limited to the liver are prerequisites for surgical planning.

C. Pre‑operative liver preparation  
   - If FLR is <30 % (or <40 % after extensive chemotherapy), schedule portal vein embolization (PVE) or consider a two‑stage hepatectomy/ALPPS to induce hypertrophy.  
   - Rationale: Ensuring an adequate FLR reduces postoperative liver failure risk.

D. Surgical management  
   1. Primary colon tumor – If not yet resected and the patient is asymptomatic, plan a staged approach: resect the primary after liver surgery or simultaneously if intra‑operative assessment deems it safe.  
   2. Liver metastases – Aim for an R0, parenchyma‑sparing hepatectomy; employ vascular control techniques for the IVC‑contacting lesion (e.g., IVC patch, cavectomy with reconstruction, or adjunctive ablation). Consider intra‑operative ultrasound to identify additional lesions.  
   - Rationale: Curative intent requires complete removal of all hepatic disease while preserving sufficient functional liver tissue.

E. Adjuvant/maintenance therapy  
   - Resume systemic chemotherapy post‑operatively (e.g., FOLFOX or CAPOX) for 3–6 months, with consideration of targeted agents based on molecular profile.  
   - Rationale: To eradicate microscopic residual disease and reduce recurrence risk.

","Step 1 – Resectability assessment
The patient presents with extensive bilobar liver metastases (≥8 lesions, up to 4.5 cm) with partial contact with the inferior vena cava and no reported extrahepatic disease. The tumor burden, bilobar distribution, and caval contact make a complete R0 resection with adequate future liver remnant not feasible with an upfront surgical approach. According to hepatobiliary oncologic criteria, this pattern is considered unresectable upfront, with a possibility of secondary resectability only after major tumor response.

Step 2 – Recommended oncologic sequence
A. Preoperative staging
• Obtain high resolution liver MRI to define exact segmental distribution of all lesions with detailed vascular and biliary relationships. 
• Given the high CEA level (890 ng/mL), perform high-resolution 18FDG PET-CT

B. Intensive conversion systemic therapy (mandatory)
• Initiate FOLFOXIRI combined with anti-EGFR therapy given RAS wild-type status as discussed in MDT.
• BRAF wild-type and MSS status do not modify the surgical indication.
• The objective is significant tumor downsizing, reduction in number/volume of lesions, and clearance from the IVC to enable potential surgical planning.

C. Close radiologic monitoring
• Perform high-resolution liver MRI every 2-3 months to assess response, particularly:
– Relationship of lesions to the IVC.
– Global reduction of liver tumor burden.
• Monitor CEA kinetics as an indicator of treatment response.

D. Criteria for secondary resectability
• Surgery can be considered only if chemotherapy induces:
– Marked reduction in lesion size and number.
– Separation from the IVC.
– Feasibility of R0 resection with acceptable future liver remnant, potentially requiring staged hepatectomy with or without portal vein embolization.

E. Potential surgical strategies if response is favorable
• Two-stage hepatectomy or extensive parenchymal-sparing resections depending on response pattern.
• Preoperative portal vein embolization / venous deprivation / ALPPS may be required if major hepatectomy is needed.
• Ideally, consider minimally invasive approach (laparoscopic or robotic) for liver resection.
• Preoperative prehabilitation and ERAS (Enhanced Recovery After Surgery) protocols are evidence-based, multidisciplinary strategies designed to optimize patient health before surgery and accelerate recovery afterward.

E. If insufficient response
• Continue systemic therapy or adapt regimen (such as intra-arterial chemotherapy after resection of the primary tumor) according to MDT, with possible consideration of local ablative techniques.

"
19,"Woman, 52 years old, T3N2 upper rectal adenocarcinoma with bilobar liver metastases (six lesions, 2-5 cm) at the thoraco-abdominal CT scan, CEA 600 ng/mL, KRAS mutated. Liver MRI: invasion of the middle hepatic vein.
MDT Discussion: Not initially resectable, goal of volumetric reduction with chemotherapy.","Step 1 – Resectability Assessment  
- Classification: Potentially resectable (borderline).  
- Rationale:  
  • Six bilobar hepatic lesions (2–5 cm) exceed the ideal “≤3 lesions ≤3 cm” criteria for straightforward resection.  
  • Invasion of the middle hepatic vein represents major vascular involvement that may preclude an R0 liver‑only resection without vascular reconstruction or staged hypertrophy.  
  • No extra‑hepatic disease is identified on thoraco‑abdominal CT, supporting a curative intent if hepatic disease can be cleared.  
  • High CEA (600 ng/mL) and KRAS mutation indicate aggressive biology, reinforcing the need for down‑staging.  
  • Because the MDT already judged the disease “not initially resectable” and proposed volumetric reduction, the case fits the definition of borderline/potentially resectable disease that may become resectable after systemic therapy and/or portal vein embolization.

Step 2 – Recommended strategy  

A. Neoadjuvant systemic chemotherapy (e.g., 6–8 cycles of FOLFOXIRI ± bevacizumab).  
   – Rationale: Aim to achieve tumor shrinkage, convert liver disease to resectable status, and treat micrometastatic rectal disease. KRAS mutation precludes anti‑EGFR agents.

B. Neoadjuvant chemoradiotherapy for the rectal primary (long‑course 5‑FU‑based chemoradiation or short‑course RT, depending on institutional protocol).  
   – Rationale: T3N2 upper rectal cancer requires down‑staging to facilitate sphincter‑preserving resection and to reduce local recurrence risk. Timing can be concurrent with chemotherapy (total‑neoadjuvant therapy) or sequential after systemic therapy.

C. Restaging work‑up (contrast‑enhanced liver MRI with hepatobiliary contrast, repeat thoraco‑abdominal CT, and assessment of future liver remnant volume).  
   – Rationale: Determine response of hepatic lesions, reassess vascular involvement, calculate FLR. If FLR < 30 % (or < 40 % in chemotherapy‑injured liver), plan hypertrophy.

D. Hypertrophy induction (portal vein embolization ± /or associating liver partition and portal vein ligation for staged hepatectomy – ALPPS) if FLR remains insufficient after down‑staging.  
   – Rationale: Secure an adequate FLR to permit safe major hepatectomy while preserving oncologic margins.

E. Surgical resection (liver‑first approach preferred).  
   – Perform an extended right hepatectomy (or right trisection) with middle hepatic vein resection and reconstruction if needed, achieving R0 margins.  
   – Follow with low anterior resection or ultra‑low anterior resection of the rectal primary (either in the same operative session if patient condition allows, or as a second staged operation 4–6 weeks later).  

F. Adjuvant systemic therapy (completion of planned chemotherapy cycles, possibly with maintenance biologic).  
   – Rationale: Consolidate response, address any residual microscopic disease.

","Step 1 – Resectability assessment
The patient presents with six bilobar liver metastases (2–5 cm) associated with invasion of the middle hepatic vein. The bilobar distribution, tumor burden, and venous invasion make a complete R0 resection with preservation of an adequate future liver remnant not feasible with an upfront surgical approach. According to hepatobiliary oncologic criteria, this pattern is considered unresectable upfront.

Step 2 – Recommended oncologic sequence
A. Preoperative staging
• Given the high CEA level (600 ng/mL), perform high-resolution 18FDG PET-CT

B. Conversion systemic therapy (mandatory)
• Initiate intensive doublet or triplet chemotherapy (e.g., FOLFOXIRI ± bevacizumab) as discussed in MDT.
• KRAS mutation excludes anti-EGFR therapy.
• The objective is tumor downsizing, reduction of bilobar tumor burden, and potential clearance from the middle hepatic vein.

C. Early radiologic reassessment
• Perform high-resolution liver MRI and enhanced CT-scan every 2 months to assess:
– Response of lesions.
– Evolution of the relationship with the middle hepatic vein.
• Monitor CEA kinetics as a marker of treatment response.

D. Criteria for secondary resectability
• Surgery can be considered only if chemotherapy induces:
– Significant reduction in lesion size and number.
– Separation from the middle hepatic vein.
– Feasibility of staged or parenchymal-sparing resections with adequate future liver remnant.

E. Potential surgical strategies if response is favorable
• Two-stage hepatectomy or combined parenchymal-sparing resections depending on response pattern.
• Portal vein embolization / venous deprivation / ALPPS may be required if major hepatectomy becomes necessary.
• Ideally, consider minimally invasive approach (laparoscopic or robotic) for liver resection.
• Preoperative prehabilitation and ERAS (Enhanced Recovery After Surgery) protocols are evidence-based, multidisciplinary strategies designed to optimize patient health before surgery and accelerate recovery afterward.

F. Management of the rectal primary
• Local pelvic treatment (radiotherapy ± surgery) should be coordinated during the systemic therapy period according to rectal oncologic principles (PRODIGE 23 protocol).
• After restaging with high-resolution pelvic MRI,
-	If complete morphological rectal tumor response : follow up of primary tumor
-	If near complete morphological rectal tumor response : strict follow up of primary tumor
-	If incomplete morphological rectal tumor response : rectal resection after appropriate recovery: oncologic resection of the upper rectum (low anterior resection with TME principles).
• Ideally, consider minimally invasive approach (laparoscopic or robotic) for rectal resection.
• Preoperative prehabilitation and ERAS (Enhanced Recovery After Surgery) protocols are evidence-based, multidisciplinary strategies designed to optimize patient health before surgery and accelerate recovery afterward.

F. If insufficient response
• Continue systemic therapy or adapt regimen (such as intra-arterial chemotherapy after resection of the primary tumor) according to MDT, with possible consideration of local ablative techniques.

"
20,"Man, 67 years old, T3N1M1 right colon tumor, five liver metastases (segments IV, V, VII, VIII), sizes 1.5-3.8 cm at the abdominal CT scan, CEA 270 ng/mL, RAS wild-type.
MDT Discussion: Potentially resectable after partial response to systemic therapy.","Step 1 – Resectability Assessment  
- Classification: Potentially resectable.  
- Rationale: Five metastases (1.5–3.8 cm) are confined to segments IV, V, VII, VIII with no reported major vascular or biliary invasion and have shown a partial radiologic response to systemic therapy. Absence of documented extra‑hepatic disease also favors a curative approach. However, critical data required to confirm definitive resectability (future liver remnant volume, exact vascular involvement, status of the primary colon lesion) are missing; therefore the case remains in the “potentially resectable” category pending further assessment.

Step 2 – Recommended strategy  
A. Comprehensive restaging  
   - Obtain high‑resolution liver MRI with hepatobiliary contrast, chest CT (or PET‑CT), and detailed vascular mapping (CT angiography).  
   - Purpose: define lesion biology, detect occult extra‑hepatic disease, assess hepatic arterial, portal and hepatic venous anatomy, and calculate FLR.  

B. Continuation / optimization of systemic therapy  
   - If the patient is still responding, continue current regimen (e.g., FOLFOX ± anti‑EGFR antibody given RAS‑wild type) for an additional 2–3 months to maximize tumor shrinkage.  
   - Purpose: improve likelihood of achieving R0 margins and possibly convert marginal lesions to resectable status.  

C. Re‑assessment of resectability after restaging  
   - Review MRI/CT data: FLR ≥ 30 % (or ≥ 40 % after chemotherapy), no major vascular encasement, and no new extra‑hepatic sites.  
   - If criteria are met, proceed to curative‑intent surgery; if FLR is insufficient, plan portal vein embolization (PVE) or consider a staged approach.  

D. Surgical plan  
   - Primary tumor:  
        • If not yet resected, perform right hemicolectomy either before or simultaneously with liver resection, depending on operative risk and patient fitness.  
   - Liver:  
        • Aim for anatomic right hepatectomy plus segment IVb resection (extended right hepatectomy) to achieve negative margins.  
        • If FLR is borderline, perform pre‑operative PVE; alternatively, consider a two‑stage hepatectomy or ALPPS if FLR cannot be secured with PVE alone.  
   - Rationale: achieve R0 resection while preserving adequate functional liver parenchyma.  

E. Adjuvant / postoperative systemic therapy  
   - Resume systemic chemotherapy (including anti‑EGFR therapy) for 3–6 months post‑operatively.  
   - Purpose: reduce risk of recurrence in the liver and distant sites.  

","Step 1 – Resectability assessment
The patient presents with five liver metastases located in segments IV, V, VII, and VIII (1.5–3.8 cm). The number of lesions and their distribution in central and right segments make a complete R0 parenchymal-sparing resection challenging with an upfront approach while preserving an adequate future liver remnant. According to hepatobiliary oncologic criteria, this pattern is considered potentially resectable after conversion therapy.

Step 2 – Recommended oncologic sequence
A. Preoperative staging
• Obtain high resolution liver MRI to define exact segmental distribution of all lesions with detailed vascular and biliary relationships. 
• Given the high CEA level (270 ng/mL), perform high-resolution 18FDG PET-CT

B. Conversion systemic therapy (mandatory)
• Initiate doublet or triplet chemotherapy (FOLFOX or FOLFIRI) combined with anti-EGFR therapy given RAS wild-type status.
• The objective is tumor downsizing and reduction of tumor burden to enable secondary resectability.

C. Early radiologic reassessment
• Perform high-resolution liver MRI after 2–3 months to reassess lesion size, distribution, and relationships with vascular structures.
• Monitor CEA kinetics as an indicator of response.

D. Criteria for secondary resectability
• Surgery can be considered if imaging shows:
– Reduction in lesion size allowing parenchymal-sparing resections.
– Feasibility of R0 resection with adequate future liver remnant.

D. Potential surgical strategies if response is favorable
• Combined parenchymal-sparing resections of segments IV, V, VII, and VIII guided by intra-operative ultrasound.
• If necessary, right or extended right hepatectomy after portal vein embolization / venous deprivation / ALPPS depending on remnant volume.
• Ideally, consider minimally invasive approach (laparoscopic or robotic) for liver resection.
• Preoperative prehabilitation and ERAS (Enhanced Recovery After Surgery) protocols are evidence-based, multidisciplinary strategies designed to optimize patient health before surgery and accelerate recovery afterward.

E. Management of the primary tumor
• Right hemicolectomy (standard oncologic resection of the right colon primary) with D2 lymphadectomy (at least 12 harvested lymph nodes) should be coordinated according to response and patient condition (ideally after liver surgery).
• Ideally, consider minimally invasive approach (laparoscopic or robotic) for colectomy.
• Preoperative prehabilitation and ERAS (Enhanced Recovery After Surgery) protocols are evidence-based, multidisciplinary strategies designed to optimize patient health before surgery and accelerate recovery afterward.

F. If insufficient response
• Continue systemic therapy or adapt regimen (such as intra-arterial chemotherapy after resection of the primary tumor) according to MDT, with possible consideration of local ablative techniques.

"
21,"Woman, 71 years old, T4N1M1 transverse colon cancer, nine bilobar liver metastases at the thoraco-abdominal CT scan, CEA 950 ng/mL, KRAS mutated. Liver MRI: several lesions close to the hepatic veins.
MDT Discussion: Liver involvement not resectable upfront, conversion strategy considered.","Step 1 – Resectability Assessment  
- Classification: Potentially resectable (borderline)  
- Justification:  
  • Nine bilobar liver metastases with vascular contact (close to hepatic veins) make upfront R0 resection technically challenging, but no extra‑hepatic disease is identified.  
  • Bilobar distribution and vascular involvement are not absolute contraindications; they can become resectable after tumor downsizing and/or augmentation of future liver remnant (FLR).  
  • Patient’s performance status and liver function are not provided, but age alone (71 y) does not preclude conversion.  

Step 2 – Recommended strategy  
A. Initiate systemic conversion chemotherapy  
   – Regimen: FOLFOXIRI ± bevacizumab (KRAS‑mutated disease excludes anti‑EGFR agents).  
   – Rationale: High tumor burden (9 lesions, CEA 950 ng/mL) warrants aggressive systemic therapy to achieve maximal tumor shrinkage and increase the chance of R0 liver resection.  

B. Re‑assessment after 2–3 cycles (≈8 weeks) with repeat liver MRI and CT  
   – Evaluate response (size reduction, loss of vascular contact), calculate FLR volume, and reassess resectability.  
   – Rationale: Objective response guides whether a liver‑first approach is feasible or if additional hepatic hypertrophy strategies are needed.  

C. If imaging shows sufficient down‑staging and FLR ≥ 30 % (≥ 40 % if steatosis/chemotherapy‑associated liver injury suspected)  
   – Proceed to liver‑first surgery (anatomical or parenchymal‑sparing hepatectomy) aiming for R0 resection of all metastases.  
   – Rationale: Removing hepatic disease first avoids intra‑abdominal seeding from the primary and allows postoperative systemic therapy.  

   – If FLR is inadequate, perform portal vein embolization (PVE) or, in selected cases, ALPPS to induce hypertrophy, then repeat re‑assessment and proceed to hepatectomy when FLR is adequate.  

D. After hepatic resection and recovery, address the primary transverse colon tumor  
   – If the primary has not yet been resected and is asymptomatic, perform a segmental colectomy (or extended right hemicolectomy) with adequate lymphadenectomy.  
   – If the primary is symptomatic (obstruction, bleeding) or was resected earlier, adjust timing accordingly.  
   – Rationale: Definitive control of the primary tumor is required for long‑term disease‑free survival.  

E. Post‑operative adjuvant systemic therapy (continuation of the same regimen or switch to maintenance) for at least 6 months, with serial CEA monitoring and imaging surveillance.  

","Step 1 – Resectability assessment
The patient presents with nine bilobar liver metastases, several of which are close to the hepatic veins, without reported extrahepatic disease. The tumor burden, bilobar distribution, and proximity to major hepatic venous structures make a complete R0 resection with preservation of an adequate future liver remnant not feasible with an upfront surgical approach. According to hepatobiliary oncologic criteria, this pattern is considered unresectable upfront.

Step 2 – Recommended oncologic sequence
A. Preoperative staging
• Given the high CEA level (950 ng/mL), perform high-resolution 18FDG PET-CT
• Perform enhanced multi-phase CT-scan to detect potential extension of primary tumor to adjacent organ (abdominal wall, ureter, small bowel)

B. Conversion systemic therapy (mandatory)
• Initiate intensive doublet or triplet chemotherapy (e.g., FOLFOXIRI ± bevacizumab).
• KRAS mutation excludes anti-EGFR therapy.
• The objective is significant tumor downsizing, reduction of lesion number/volume, and clearance from hepatic venous structures.

C. Early radiologic reassessment
• Perform high-resolution liver MRI every 2-3 months to assess response, particularly the relationship of lesions to hepatic veins.
• Monitor CEA kinetics as an indicator of treatment response.

D. Criteria for secondary resectability
• Surgery can be considered only if chemotherapy induces:
– Marked reduction in lesion size and number.
– Safe separation from hepatic veins.
– Feasibility of staged or parenchymal-sparing resections with adequate future liver remnant.

E. Potential surgical strategies if response is favorable
• Two-stage hepatectomy or combined parenchymal-sparing resections depending on response pattern.
• Portal vein embolization / venous deprivation / ALPPS may be required if major hepatectomy becomes necessary.
• Ideally, consider minimally invasive approach (laparoscopic or robotic) for liver resection.
• Preoperative prehabilitation and ERAS (Enhanced Recovery After Surgery) protocols are evidence-based, multidisciplinary strategies designed to optimize patient health before surgery and accelerate recovery afterward.

F. Management of the primary tumor
• If no perspectives of curative option for liver metastases, not consider oncologic extended right colectomy
• If perspectives of curative option for liver metastases (i.e. intensive chemotherapy of intra-arterial chemotherapy), perform extended right hemicolectomy (standard oncologic resection of the right colon primary) with D2 lymphadectomy (at least 12 harvested lymph nodes) should be coordinated according to response and patient condition (ideally after liver surgery).
• Ideally, consider minimally invasive approach (laparoscopic or robotic) for colectomy.
• Preoperative prehabilitation and ERAS (Enhanced Recovery After Surgery) protocols are evidence-based, multidisciplinary strategies designed to optimize patient health before surgery and accelerate recovery afterward.

G. If insufficient response
• Continue systemic therapy or adapt regimen (such as intra-arterial chemotherapy after resection of the primary tumor) according to MDT, with possible consideration of local ablative techniques.

"
22,"Man, 59 years old, T3N1M1 rectosigmoid cancer, five bilobar liver metastases (1-3 cm)at the abdominal CT scan, CEA 420 ng/mL, RAS wild-type.
MDT Discussion: Response expected with FOLFOX + cetuximab before surgical re-evaluation.","Step 1 – Resectability Assessment  
- Classification: Potentially resectable.  
- Rationale:  
  • Five liver metastases, each ≤ 3 cm, are within the size and number limits commonly considered amenable to curative‑intent hepatectomy when adequate future liver remnant (FLR) can be preserved.  
  • Bilobar distribution does not preclude resection; modern parenchymal‑sparing techniques or staged approaches can achieve complete clearance.  
  • RAS wild‑type status predicts a good response to anti‑EGFR therapy, supporting the likelihood of tumor down‑staging.  
  • No documented extra‑hepatic disease on imaging; however, a thoraco‑abdominal CT has not been performed, so occult pulmonary or other metastases cannot be excluded.  
  • Critical missing data (vascular involvement, FLR calculation, hepatic segment map, and thoracic imaging) prevent a definitive “resectable” label at this time; therefore the case is deemed potentially resectable pending further assessment after systemic therapy.

Step 2 – Recommended strategy  
A. Neoadjuvant systemic therapy – Initiate FOLFOX + cetuximab for 2–3 months (or until maximal radiologic response).  
   • Rationale: Down‑size lesions, treat micrometastatic disease, and test biologic responsiveness in a RAS‑wild‑type tumor.  

B. Restaging work‑up – After completion of neoadjuvant therapy obtain:  
   • Contrast‑enhanced liver MRI with hepatobiliary phase to delineate lesion size, segmental distribution, vascular/biliary proximity, and to calculate FLR.  
   • Full thoraco‑abdominal CT (or PET‑CT) to rule out occult pulmonary, mediastinal, bone, or brain metastases.  
   • Laboratory panel including liver function tests and repeat CEA.  
   • Rationale: Precise anatomic mapping and confirmation of absence of extra‑hepatic disease are mandatory before any surgical plan.  

C. Multidisciplinary surgical planning – Based on restaging results:  
   • If FLR ≥ 30 % (≥ 40 % in steatotic liver) and no major vascular invasion, proceed to curative‑intent liver resection.  
   • Choose between:  
     – Simultaneous resection (colorectal primary + liver) if primary tumor is resectable, patient’s physiologic reserve is adequate, and FLR is sufficient.  
     – Staged approach (colorectal resection first, followed by liver resection after 4–6 weeks) if primary tumor requires urgent control or if FLR is marginal, in which case portal vein embolization may be considered to augment FLR.  
   • Rationale: Tailors operative risk to patient’s functional status and maximizes oncologic clearance.  

D. Adjuvant/maintenance therapy – Resume or complete systemic chemotherapy post‑operatively (e.g., additional cycles of FOLFOX ± anti‑EGFR) and consider enrollment in clinical trials if appropriate.  
   • Rationale: Consolidates response, addresses residual microscopic disease, and improves disease‑free survival.

","Step 1 – Resectability assessment
The patient presents with five bilobar liver metastases (1–3 cm) without reported extrahepatic disease. The number of lesions and bilobar distribution make a complete R0 parenchymal-sparing resection challenging with an upfront approach while preserving an adequate future liver remnant. According to hepatobiliary oncologic criteria, this pattern is considered potentially resectable after conversion therapy, but not safely resectable upfront.

Step 2 – Recommended oncologic sequence
A. Preoperative staging
• Given the high CEA level (420 ng/mL), perform high-resolution 18FDG PET-CT
• Obtain high resolution liver MRI to define exact segmental distribution of all lesions with detailed vascular and biliary relationships. 

B. Conversion systemic therapy (mandatory)
• Initiate FOLFOX combined with cetuximab as planned, given RAS wild-type status.
• The objective is tumor downsizing and reduction of bilobar tumor burden to enable secondary resectability.

C. Early radiologic reassessment
• Perform high-resolution liver MRI after 2–3 months to reassess lesion size, distribution, and vascular relationships.
• Monitor CEA kinetics as an indicator of response.

D. Criteria for secondary resectability
• Surgery can be considered if imaging shows:
– Reduction in lesion size allowing parenchymal-sparing resections / multiple ablations.
– Feasibility of R0 resection with adequate future liver remnant.

E. Potential surgical strategies if response is favorable
• Combined parenchymal-sparing resections or multiple ablations guided by intra-operative ultrasound.
• If necessary, staged hepatectomy depending on remnant volume and lesion distribution.
• Ideally, consider minimally invasive approach (laparoscopic or robotic) for liver resection.
• Preoperative prehabilitation and ERAS (Enhanced Recovery After Surgery) protocols are evidence-based, multidisciplinary strategies designed to optimize patient health before surgery and accelerate recovery afterward.

F. Management of the primary tumor
• If no perspectives of curative option for liver metastases, not consider oncologic left colectomy
• If perspectives of curative option for liver metastases (i.e. intensive chemotherapy of intra-arterial chemotherapy), perform left hemicolectomy (standard oncologic resection of the left colon primary) with D2 lymphadectomy (at least 12 harvested lymph nodes) should be coordinated according to response and patient condition (ideally after liver surgery).
• Ideally, consider minimally invasive approach (laparoscopic or robotic) for colectomy.
• Preoperative prehabilitation and ERAS (Enhanced Recovery After Surgery) protocols are evidence-based, multidisciplinary strategies designed to optimize patient health before surgery and accelerate recovery afterward.

G. If insufficient response
• Continue systemic therapy or adapt regimen (such as intra-arterial chemotherapy after resection of the primary tumor) according to MDT, with possible consideration of local ablative techniques.

"
23,"Woman, 55 years old, left T3N2M1 colon cancer, seven liver metastases, some coalescent in the hilar region at the thoraco-abdominal CT scan, maximum size 5.5 cm. CEA 800 ng/mL, KRAS mutated.
MDT Discussion: Borderline disease, possible two-stage hepatectomy after effective chemotherapy.","Step 1 – Resectability Assessment  
The patient is potentially resectable (borderline).  The classification is based on the following factors:  

- Seven liver metastases, some coalescent in the hilar region, with a largest diameter of 5.5 cm → high tumor burden and proximity to major vascular/biliary structures, which raises technical difficulty.  
- No documented extra‑hepatic disease on imaging (pulmonary, peritoneal, nodal, bone assumed absent).  
- Primary colon tumor not yet resected, so the overall disease burden is still being defined.  
- Absence of data on future liver remnant (FLR) volume, vascular invasion, and response to systemic therapy prevents a definitive “resectable” label.  
- MDT comment of “borderline disease, possible two‑stage hepatectomy after effective chemotherapy” aligns with a potentially resectable status pending down‑staging and FLR assessment.  

Step 2 – Recommended strategy  

A. Systemic induction chemotherapy (e.g., FOLFOXIRI + bevacizumab, given KRAS mutation).  
   - Rationale: Down‑size hepatic disease, assess tumor biology, and improve resectability; anti‑EGFR agents are ineffective with KRAS mutation.  

B. Restaging after 2–3 months with contrast‑enhanced liver MRI and volumetric CT to:  
   - Evaluate radiologic response of hepatic lesions, especially the hilar cluster.  
   - Calculate FLR ratio and assess vascular/biliary involvement.  

C. Surgical plan based on restaging  
   - If sufficient tumor shrinkage and FLR ≥ 30 % (≥ 40 % if steatosis or chemotherapy‑associated liver injury), proceed with a two‑stage hepatectomy (right/extended right first stage, then left/extended left after hypertrophy) or consider ALPPS if rapid hypertrophy is needed.  
   - If FLR is inadequate, plan portal vein embolization (PVE) or associating liver partition and portal vein ligation for staged hepatectomy (ALPPS) before the second stage.  

D. Management of the primary colon tumor  
   - After hepatic down‑staging and before the second liver stage (or concurrently if patient condition allows), perform a curative‑intent colectomy (segmental left‑colon resection with adequate lymphadenectomy).  
   - Rationale: Eliminates the primary source, prevents obstruction/bleeding, and aligns with standard sequence of primary‑first or simultaneous resection when feasible.  

E. Adjuvant/continuation systemic therapy  
   - Resume or complete postoperative chemotherapy (e.g., 6‑month total duration) to address micrometastatic disease.  

","Step 1 – Resectability assessment
The patient presents with seven liver metastases, some coalescent in the hilar region, with a maximum size of 5.5 cm and no reported extrahepatic disease. The tumor burden, central/hilar location, and likely involvement of major vascular and biliary structures make a complete R0 resection with preservation of an adequate future liver remnant not feasible with an upfront surgical approach. According to hepatobiliary oncologic criteria, this pattern is considered (borderline) unresectable upfront, with a possibility of secondary resectability after effective conversion therapy.

Step 2 – Recommended oncologic sequence
A. Preoperative staging
• Given the high CEA level (800 ng/mL), perform high-resolution 18FDG PET-CT
• Obtain high resolution liver MRI to define exact segmental distribution of all lesions with detailed vascular and biliary relationships. 

B. Intensive conversion systemic therapy (mandatory)
• Initiate doublet or triplet chemotherapy (e.g., FOLFOXIRI ± bevacizumab).
• KRAS mutation excludes anti-EGFR therapy.
• The objective is tumor downsizing, separation from hilar structures, and reduction of overall tumor burden.

C. Early and repeated radiologic reassessment
• Perform high-resolution liver MRI every 2-3 months to assess response, particularly the relationship of lesions to portal pedicles, hepatic arteries, and bile ducts.
• Monitor CEA kinetics as an indicator of response.

D. Criteria for secondary resectability
• Surgery can be considered only if chemotherapy induces:
– Significant reduction in lesion size and central coalescence.
– Feasibility of staged resections with adequate future liver remnant.
– Possibility of achieving R0 margins without complex vascular reconstruction.

E. Potential surgical strategy if response is favorable
• Two-stage hepatectomy strategy:
– First stage: clearance of the future liver remnant with parenchymal-sparing resections.
– Portal vein embolization / venous deprivation / ALPPS if required.
– Second stage: major hepatectomy to remove remaining disease.
• Ideally, consider minimally invasive approach (laparoscopic or robotic) for liver resection.
• Preoperative prehabilitation and ERAS (Enhanced Recovery After Surgery) protocols are evidence-based, multidisciplinary strategies designed to optimize patient health before surgery and accelerate recovery afterward.

F. Management of the primary tumor
• If no perspectives of curative option for liver metastases, not consider oncologic left colectomy
• If perspectives of curative option for liver metastases (i.e. intensive chemotherapy of intra-arterial chemotherapy), perform left hemicolectomy (standard oncologic resection of the left colon primary) with D2 lymphadectomy (at least 12 harvested lymph nodes) should be coordinated according to response and patient condition (ideally after liver surgery).
• Ideally, consider minimally invasive approach (laparoscopic or robotic) for colectomy.
• Preoperative prehabilitation and ERAS (Enhanced Recovery After Surgery) protocols are evidence-based, multidisciplinary strategies designed to optimize patient health before surgery and accelerate recovery afterward.

G. If insufficient response
• Continue systemic therapy or adapt regimen (such as intra-arterial chemotherapy after resection of the primary tumor) according to MDT, with possible consideration of local ablative techniques.

"
24,"Man, 68 years old, right T4aN2 colon cancer, ten bilobar liver metastases (1-4 cm) at the abdominal CT scan, CEA 1350 ng/mL, BRAF wild-type. Liver MRI: contact with IVC and left portal branch.
MDT Discussion: Not initially resectable, induction therapy planned before re-evaluation.","Step 1 – Resectability Assessment  
- Classification: Potentially resectable.  
- Rationale: The patient has ten bilobar liver metastases (1–4 cm) with vascular contact (IVC and left portal branch), which are not absolute contraindications but raise technical complexity. No extra‑hepatic disease has been documented, yet a thoracic CT and full extra‑hepatic work‑up are lacking, and the future liver remnant (FLR) volume has not been assessed. Because down‑staging systemic therapy may reduce tumor burden and allow adequate FLR, the lesions are considered potentially resectable pending response and further imaging.

Step 2 – Recommended strategy  
A. Induction systemic therapy  
   • Initiate intensive chemotherapy (e.g., FOLFOXIRI) combined with anti‑EGFR monoclonal antibody (cetuximab) given BRAF‑wild‑type and presumed RAS‑wild‑type status.  
   • Goal: tumor shrinkage, assessment of tumor biology, and treatment of occult micrometastases.  

B. Restaging and comprehensive imaging  
   • After 8–12 weeks, repeat high‑resolution liver MRI with hepatocyte‑specific contrast, CT chest‑abdomen‑pelvis, and consider bone scan or PET‑CT.  
   • Perform volumetric CT to calculate FLR and evaluate vascular anatomy for possible reconstruction.  

C. Multimodal surgical planning (if restaging shows favorable response)  
   • If FLR ≥30 % (or ≥40 % in steatotic liver) and all disease can be cleared, proceed to curative‑intent surgery.  
   • Options:  
        – Simultaneous right hemicolectomy (or segmental colectomy) plus staged liver resection if operative time and physiologic reserve allow.  
        – Two‑stage hepatectomy or ALPPS with portal vein embolization/ligation to augment FLR, given bilobar distribution and vascular involvement.  
        – Vascular reconstruction (IVC or left portal branch) as required for R0 resection.  

D. Adjuvant/maintenance therapy and surveillance  
   • Resume postoperative systemic therapy (e.g., continuation of the same regimen or switch to maintenance anti‑EGFR) for 3–6 months.  
   • Serial CEA monitoring and imaging (CT/MRI) every 3–6 months for the first 2 years.  

","Step 1 – Resectability assessment
The patient presents with ten bilobar liver metastases (1–4 cm) with contact to the inferior vena cava and the left portal branch, without reported extrahepatic disease. The very high tumor burden, bilobar distribution, and involvement of major vascular structures make a complete R0 resection with preservation of an adequate future liver remnant not feasible with an upfront surgical approach. According to hepatobiliary oncologic criteria, this pattern is considered unresectable upfront.

Step 2 – Recommended oncologic sequence
A. Preoperative staging
• Given the high CEA level (1350 ng/mL), perform high-resolution 18FDG PET-CT
• Perform enhanced multi-phase CT-scan to detect potential extension of primary tumor to adjacent organ (abdominal wall, ureter, small bowel)

B. Induction (conversion) systemic therapy (mandatory)
• Initiate intensive systemic chemotherapy as planned : triplet chemotherapy (e.g., FOLFOXIRI ± bevacizumab).
• KRAS status is unknown
• BRAF wild-type does not modify the surgical indication.
• The objective is major tumor downsizing, reduction in lesion number/volume, and clearance from the IVC and left portal branch.

C. Close radiologic monitoring
• Perform high-resolution liver MRI every 2-3 months to assess response, particularly the evolution of vascular contact.
• Monitor CEA kinetics as a marker of treatment response.

D. Criteria for secondary resectability
• Surgery can be considered only if chemotherapy induces:
– Marked reduction in tumor burden.
– Separation from the IVC and left portal branch.
– Feasibility of staged or parenchymal-sparing resections with adequate future liver remnant.

E. Potential surgical strategies if response is favorable
• Two-stage hepatectomy or extensive parenchymal-sparing resections with or without combined tumor ablation guided by imaging depending on response pattern.
• Portal vein embolization / venous deprivation / ALPPS may be required if major hepatectomy becomes necessary.

F. Management of the primary tumor
• Right hemicolectomy (standard oncologic resection of the right colon primary) with D2 lymphadectomy (at least 12 harvested lymph nodes) should be coordinated according to response and patient condition (ideally after liver surgery).
• Ideally, consider minimally invasive approach (laparoscopic or robotic) for colectomy.
• Preoperative prehabilitation and ERAS (Enhanced Recovery After Surgery) protocols are evidence-based, multidisciplinary strategies designed to optimize patient health before surgery and accelerate recovery afterward.

G. If insufficient response
• Continue systemic therapy or adapt regimen (such as intra-arterial chemotherapy after resection of the primary tumor) according to MDT, with possible consideration of local ablative techniques.

"
25,"Woman, 50 years old, T3N1M1 rectal cancer, five liver metastases (segments II, III, IVa, VI, VII), max size 4.1 cm. CEA 370 ng/mL, KRAS mutated.
MDT Discussion: Extensive bilobar involvement, possibility of conversion depending on response to chemotherapy.","Step 1 – Resectability Assessment  
• Classification: Potentially resectable (borderline).  
• Rationale: • Five liver metastases, all ≤4.1 cm, confined to segments II, III, IVa, VI, VII – a number and size that can be addressed with modern liver‑preserving techniques (two‑stage hepatectomy, associating liver partition and portal vein ligation for staged hepatectomy, or extensive parenchymal‑sparing resections).  
• Bilobar distribution makes a single‑stage anatomic resection unlikely without compromising future liver remnant (FLR).  
• No documented vascular invasion, biliary involvement, or extra‑hepatic disease, but these factors are unknown and could preclude curative surgery.  
• Absence of FLR calculation and lack of systemic‑treatment response data prevent a definitive “resectable” label; therefore the case is considered potentially resectable pending further work‑up.

Step 2 – Recommended strategy  
A. Comprehensive restaging  
   – Obtain contrast‑enhanced thoraco‑abdominal CT (or PET‑CT) and liver MRI with hepatobiliary contrast to define tumor burden, vascular anatomy, FLR volume, and to rule out occult extra‑hepatic metastases.  
   – Assess performance status, comorbidities, and baseline laboratory values (bilirubin, albumin, INR).  

B. Neoadjuvant systemic therapy (conversion chemotherapy)  
   – Initiate a modern oxaliplatin‑ or irinotecan‑based regimen (e.g., FOLFOXIRI ± bevacizumab) given KRAS mutation and high CEA, aiming for ≥30 % radiologic response.  
   – If the rectal primary has not been resected, incorporate long‑course chemoradiation (45‑50 Gy with capecitabine) concurrently or sequentially, according to rectal cancer guidelines.  

C. Re‑assessment after 2–3 months of chemotherapy  
   – Repeat liver MRI and CT to evaluate tumor shrinkage, FLR adequacy, and any new extra‑hepatic lesions.  
   – Calculate FLR; if FLR ≥ 30 % in a normal liver (or ≥40 % if chemotherapy‑associated liver injury is suspected), proceed to liver surgery.  

D. Surgical plan (tailored to restaging results)  
   – If FLR is sufficient and disease remains confined to liver, perform parenchymal‑sparing, staged hepatectomy (e.g., right‑sided resection first, followed by left‑sided resection after hypertrophy) or a single‑stage combined resection of all lesions using intra‑operative ultrasound guidance.  
   – If the rectal primary remains unresected, schedule low anterior resection (or appropriate sphincter‑preserving procedure) either before or simultaneously with liver surgery, depending on operative risk and oncologic timing.  
   – Consider portal vein embolization or ALPPS if FLR is marginal.  

E. Post‑operative management  
   – Resume/adapt systemic therapy for at least 6 months total (including pre‑operative cycles) as adjuvant treatment.  
   – Enroll in surveillance protocol: CEA every 3 months, cross‑sectional imaging every 6 months for the first 2 years.  

","Step 1 – Resectability assessment
The patient presents with five bilobar liver metastases (segments II, III, IVa, VI, VII), up to 4.1 cm. The bilobar distribution and tumor burden make a complete R0 parenchymal-sparing resection unlikely with an upfront approach while preserving an adequate future liver remnant. According to hepatobiliary oncologic criteria, this pattern is considered potentially resectable after conversion therapy, but not safely resectable upfront.

Step 2 – Recommended oncologic sequence
A. Preoperative staging
• Given the high CEA level (370 ng/mL), perform high-resolution 18FDG PET-CT
• Obtain high resolution liver MRI to define exact segmental distribution of all lesions with detailed vascular and biliary relationships. 

B. Conversion systemic therapy (mandatory)
• Initiate intensive doublet or triplet chemotherapy (e.g., FOLFOXIRI ± bevacizumab) as discussed in MDT.
• KRAS mutation excludes anti-EGFR therapy.
• The objective is tumor downsizing, reduction of bilobar tumor burden.

C. Early radiologic reassessment
• Perform high-resolution liver MRI and enhanced CT-scan every 2 months to assess:
– Response of liver metastases and primary cancer.
• Monitor CEA kinetics as a marker of treatment response.

D. Criteria for secondary resectability
• Surgery can be considered only if chemotherapy induces:
– Significant reduction in lesion size and number.
– Separation from the middle hepatic vein.
– Feasibility of staged or parenchymal-sparing resections and/or ablation with adequate future liver remnant.

E. Potential surgical strategies if response is favorable
• Two-stage hepatectomy or combined parenchymal-sparing resections depending on response pattern.
• Portal vein embolization / venous deprivation / ALPPS may be required if major hepatectomy becomes necessary.
• Ideally, consider minimally invasive approach (laparoscopic or robotic) for liver resection.
• Preoperative prehabilitation and ERAS (Enhanced Recovery After Surgery) protocols are evidence-based, multidisciplinary strategies designed to optimize patient health before surgery and accelerate recovery afterward.

F. Management of the rectal primary
• Local pelvic treatment (radiotherapy ± surgery) should be coordinated during the systemic therapy period according to rectal oncologic principles.
• After restaging with high-resolution pelvic MRI,
-	If complete morphological rectal tumor response : follow up of primary tumor
-	If near complete morphological rectal tumor response : strict follow up of primary tumor
-	If incomplete morphological rectal tumor response : rectal resection after appropriate recovery: oncologic resection of the upper rectum (low anterior resection with TME principles).
• Ideally, consider minimally invasive approach (laparoscopic or robotic) for rectal resection.
• Preoperative prehabilitation and ERAS (Enhanced Recovery After Surgery) protocols are evidence-based, multidisciplinary strategies designed to optimize patient health before surgery and accelerate recovery afterward.

F. If insufficient response
• Continue systemic therapy or adapt regimen (such as intra-arterial chemotherapy after resection of the primary tumor) according to MDT, with possible consideration of local ablative techniques.

"
26,"Man, 62 years old, operated 4 years ago for right colon adenocarcinoma (T3N1M0), no initial recurrence. Surveillance: CEA 180 ng/mL. At the thoraco-abdominal CT scan: two liver lesions segments V and VIII, 2.8 and 3.2 cm. Liver MRI confirms no other foci. KRAS mutated, BRAF wild-type.
MDT Discussion: Isolated metachronous metastases, anatomically accessible, good general condition.","Step 1 – Resectability Assessment  
- Classification: Potentially resectable.  
- Justification:  
  • Two metachronous liver metastases, each ≤3.2 cm, located in segments V and VIII – both are surgically accessible with standard hepatic resections.  
  • No radiologic evidence of extra‑hepatic disease (pulmonary, peritoneal, nodal, bone negative).  
  • Patient is described as having good general condition.  
  • Current data lack information on vascular or biliary involvement, FLR volume, and liver function; these factors could limit immediate resection, hence the “potentially” qualifier pending further assessment.

Step 2 – Recommended strategy  
A. Comprehensive pre‑operative assessment  
   – Obtain liver function tests, indocyanine‑green clearance (or similar), and volumetric CT/MRI to calculate future liver remnant (FLR) ratio.  
   – Review arterial and portal anatomy; assess for any tumor‑vessel contact.  
   – Perform multidisciplinary discussion regarding need for portal vein embolization (PVE) if FLR <30 % (or <40 % in compromised liver).  

B. Systemic therapy (neoadjuvant)  
   – Initiate 3–4 cycles of FOLFOX (or CAPOX) combined with bevacizumab, given KRAS‑mutated status (anti‑EGFR agents not indicated).  
   – Rationale: Down‑size lesions, treat occult micrometastases, and provide biological selection for surgery.  

C. Restaging after systemic therapy  
   – Repeat contrast‑enhanced liver MRI (or CT) and thoraco‑abdominal imaging.  
   – Re‑evaluate lesion size, vascular involvement, and FLR adequacy.  

D. Surgical resection  
   – If FLR is adequate and no new vascular invasion, proceed with curative‑intent hepatectomy: anatomic segmentectomy of segment V and non‑anatomic wedge/segmentectomy of segment VIII, aiming for R0 margins.  
   – Intra‑operative ultrasound to confirm lesion location and detect occult disease.  

E. Post‑operative (adjuvant) therapy  
   – Resume systemic chemotherapy (e.g., additional 4–6 cycles of FOLFOX ± bevacizumab) based on pathology and postoperative recovery.  
   – Continue regular CEA monitoring and imaging surveillance every 3–6 months.  

","Step 1 – Resectability assessment
The patient presents with two metachronous liver metastases in segments V and VIII (2.8 and 3.2 cm), without evidence of extrahepatic disease. Both lesions are peripherally located in the right liver and technically amenable to parenchymal-sparing resections with preservation of an adequate future liver remnant. According to hepatobiliary oncologic criteria for limited, metachronous, anatomically favorable metastases, this pattern is considered resectable.

Step 2 – Recommended oncologic sequence
A. Preoperative staging
• Given the high CEA level (180 ng/mL), perform high-resolution 18FDG PET-CT

B. Preoperative systemic therapy (recommended)
• Administer 2–3 months of peri-operative doublet chemotherapy (FOLFOX or FOLFIRI).
• KRAS mutation excludes anti-EGFR therapy.
• This period treats micrometastatic disease and evaluates tumor biology.
• Given the metachronous presentation after a long disease-free interval and the limited number of lesions, immediate surgical resection is appropriate without mandatory neoadjuvant chemotherapy cou ld be considered

C. Restaging before surgery
• Perform high-resolution liver MRI after chemotherapy to confirm maintained resectability and reassess lesion relationships.

D. Surgical management (parenchymal-sparing strategy)
• If stability or response is observed, two wedge/segmental resections :
– Segment V wedge resection.
– Segment VIII wedge resection.
• The goal is R0 resection while preserving maximal functional liver parenchyma and avoiding major hepatectomy.
• Use intra operative ultrasound to verify lesion location and margins. 
• Ideally, consider minimally invasive approach (laparoscopic or robotic) for liver resection.
• Preoperative prehabilitation and ERAS (Enhanced Recovery After Surgery) protocols are evidence-based, multidisciplinary strategies designed to optimize patient health before surgery and accelerate recovery afterward.

E. Postoperative therapy
• Pathology report : confirmation of tumor type and origin, immunohistochemistry with tumor markers, histological growth pattern, margin status (R0, R1, R2), tumor grade, differentiation, pathologic response score (TRG), necrosis/fibrosis
• Complete a total of 6 months of systemic chemotherapy including pre-operative cycles.
• Close surveillance with CEA and imaging at 3-month intervals.

"
27,"Woman, 70 years old, operated for low rectal cancer 3 years ago (T3N1M0) after chemoradiotherapy. CEA 95 ng/mL. Liver MRI: lesion in segment II (2.5 cm) and micronodule segment V. RAS wild-type, MSS.
MDT Discussion: Metachronous metastases, potentially curable, negative extra-hepatic workup.","Step 1 – Resectability Assessment  
- Classification: Potentially resectable (requires confirmation of several missing parameters).  
- Rationale:  
  • Number of hepatic lesions = 2 (within the ≤3 lesions criterion for resection).  
  • Largest lesion = 2.5 cm (≤5 cm, favorable for parenchymal‑sparing resection).  
  • No reported major vascular or biliary invasion; absence of such involvement is a prerequisite for resectability.  
  • Extra‑hepatic work‑up is reported as negative for peritoneal and nodal disease; however, chest imaging and bone assessment are missing, and these are required to confirm true absence of extra‑hepatic disease.  
  • Adequate future liver remnant (FLR) cannot be confirmed because FLR ratio data are missing; sufficient FLR is essential before proceeding to surgery.  

Step 2 – Recommended strategy  
A. Complete staging – Obtain thoracic CT (or PET‑CT) and bone imaging to definitively exclude pulmonary or skeletal metastases; repeat high‑resolution liver MRI with hepatobiliary contrast if needed.  
B. Systemic induction therapy – Initiate 3–4 cycles of a fluoropyrimidine‑based doublet (e.g., FOLFOX) combined with an anti‑EGFR antibody (cetuximab or panitumumab) given RAS‑wild‑type status, aiming to:  
   – Assess biologic response (CEA trend, radiologic shrinkage).  
   – Potentially eradicate the micronodule in segment V.  
C. Restaging after induction – Repeat liver MRI and calculate FLR volume; evaluate response of both lesions and verify that FLR ≥ 30 % (≥ 40 % if underlying liver disease). If FLR is insufficient, consider portal vein embolization (PVE) to hypertrophy the remnant.  
D. Surgical resection – Assuming adequate FLR and no extra‑hepatic disease:  
   – Perform a parenchymal‑sparing segmentectomy of segment II and a wedge resection of the lesion in segment V (or combined non‑anatomical resections).  
   – Aim for R0 margins (> 1 cm when feasible).  
E. Adjuvant/maintenance therapy – Resume systemic chemotherapy post‑operatively (e.g., additional 4–6 cycles) and consider maintenance anti‑EGFR therapy based on postoperative pathology and CEA trend.  

","Step 1 – Resectability assessment
The patient presents with two metachronous liver lesions: a 2.5 cm metastasis in segment II and a small micronodule in segment V, without evidence of extrahepatic disease. Both lesions are peripherally located and technically amenable to parenchymal-sparing resections with preservation of an adequate future liver remnant. According to hepatobiliary oncologic criteria for limited, metachronous, anatomically favorable metastases, this pattern is considered resectable.

Step 2 – Recommended oncologic sequence
A. Surgical management upfront
• Given the metachronous presentation after a long disease-free interval and limited liver involvement, immediate surgical resection is appropriate.
• Perform parenchymal-sparing wedge/segmentectomy of segment II and wedge resection / imaging guided tumor ablation of the segment V micronodule guided by intra-operative ultrasound, aiming for R0 margins.
• The goal is R0 resection while preserving maximal functional liver parenchyma and avoiding major hepatectomy.
• Use intra operative ultrasound to verify lesion location and margins. 
• Ideally, consider minimally invasive approach (laparoscopic or robotic) for liver resection.
• Preoperative prehabilitation and ERAS (Enhanced Recovery After Surgery) protocols are evidence-based, multidisciplinary strategies designed to optimize patient health before surgery and accelerate recovery afterward.

B. Postoperative systemic therapy
• Pathology report : confirmation of tumor type and origin, immunohistochemistry with tumor markers, histological growth pattern, margin status (R0, R1, R2), tumor grade, differentiation, pathologic response score (TRG), necrosis/fibrosis
• Initiate adjuvant doublet chemotherapy (FOLFOX or CAPOX).
• RAS wild-type status allows consideration of anti-EGFR therapy according to MDT decision.
• Complete a total of 6 months of systemic treatment.

C. Surveillance
• Close postoperative follow-up with CEA and imaging every 3 months.

"
28,"Man, 68 years old, history of left colectomy for T4N2 tumor, in remission for 2 years. Surveillance: CEA 430 ng/mL. FDG-PET: three bilobar liver lesions, 2-3 cm, no other foci. BRAF wild-type.
MDT Discussion: Metachronous liver recurrence, potentially resectable after discussion.","Step 1 – Resectability Assessment  
- Classification: Potentially resectable.  
- Rationale:  
  • Three liver metastases, each ≤3 cm, meet conventional size and number criteria for hepatic resection.  
  • No extra‑hepatic disease identified on PET.  
  • Bilobar distribution does not preclude surgery but requires assessment of future liver remnant (FLR) and vascular anatomy.  
  • Absence of documented major vascular or biliary invasion suggests technical feasibility, pending detailed imaging.  
  • High CEA (430 ng/mL) raises concern for aggressive biology; therefore neoadjuvant systemic therapy is advisable before definitive surgery.  

Step 2 – Recommended strategy  
A. Comprehensive restaging  
   – Obtain contrast‑enhanced thoraco‑abdominal CT and liver MRI with hepatobiliary contrast.  
   – Perform volumetric analysis to calculate FLR; assess portal/hepatic arterial anatomy and any vascular contact.  
   – Rationale: confirms absence of occult extra‑hepatic disease, defines resectability margins, and guides need for FLR augmentation.  

B. Neoadjuvant systemic therapy  
   – Initiate 2–3 months of standard first‑line chemotherapy (e.g., FOLFOX ± bevacizumab) given high CEA and prior T4N2 disease.  
   – Rationale: treats micrometastatic disease, provides biologic response assessment, and may downsize lesions to facilitate a single‑stage resection.  

C. Re‑assessment and surgical planning  
   – Repeat imaging after systemic therapy.  
   – If disease remains limited and FLR ≥30 % (≥40 % if underlying liver disease), proceed with curative‑intent liver surgery:  
        • If FLR adequate, consider simultaneous bilateral non‑anatomic or segmental resections.  
        • If FLR insufficient, plan a two‑stage hepatectomy with portal vein embolization (PVE) or ALPPS to induce hypertrophy.  
   – Rationale: ensures safe hepatic resection while achieving R0 margins.  

D. Post‑operative management  
   – Resume/adapt systemic chemotherapy (adjuvant) for 3–6 months based on pathology and response.  
   – Implement surveillance protocol (CEA, imaging every 3–6 months).  
   – Rationale: reduces recurrence risk and monitors for new disease.  

","Step 1 – Resectability assessment
The patient presents with two metachronous liver lesions: a 2.5 cm metastasis in segment II and a small micronodule in segment V, without evidence of extrahepatic disease. Both lesions are peripherally located and technically amenable to parenchymal-sparing resections with preservation of an adequate future liver remnant. According to hepatobiliary oncologic criteria for limited, metachronous, anatomically favorable metastases, this pattern is considered resectable.

Step 2 – Recommended oncologic sequence
A. Surgical management upfront
• Given the metachronous presentation after a long disease-free interval and limited liver involvement, immediate surgical resection is appropriate.
• Perform parenchymal-sparing wedge/segmentectomy of segment II and wedge resection / imaging guided tumor ablation of the segment V micronodule guided by intra-operative ultrasound, aiming for R0 margins.
• The goal is R0 resection while preserving maximal functional liver parenchyma and avoiding major hepatectomy.
• Use intra operative ultrasound to verify lesion location and margins. 
• Ideally, consider minimally invasive approach (laparoscopic or robotic) for liver resection.
• Preoperative prehabilitation and ERAS (Enhanced Recovery After Surgery) protocols are evidence-based, multidisciplinary strategies designed to optimize patient health before surgery and accelerate recovery afterward.

B. Postoperative systemic therapy
• Pathology report : confirmation of tumor type and origin, immunohistochemistry with tumor markers, histological growth pattern, margin status (R0, R1, R2), tumor grade, differentiation, pathologic response score (TRG), necrosis/fibrosis
• Initiate adjuvant doublet chemotherapy (FOLFOX or CAPOX).
• RAS wild-type status allows consideration of anti-EGFR therapy according to MDT decision.
• Complete a total of 6 months of systemic treatment.

C. Surveillance
• Close postoperative follow-up with CEA and imaging every 3 months.

"
29,"Woman, 58 years old, sigmoid colon cancer treated 5 years earlier. Rising CEA (65 ng/mL). Liver MRI: single lesion segment VI, 3.4 cm, well-defined, no vascular contact. KRAS mutated.
MDT Discussion: Late solitary metastasis, anatomically favorable for isolated resection.","Step 1 – Resectability Assessment  
- Classification: Resectable (potentially resectable but meets criteria for outright resection).  
- Justification:  
  • Single hepatic metastasis, 3.4 cm, confined to segment VI with no vascular or biliary involvement.  
  • Lesion is well‑defined and anatomically amenable to an anatomic segmentectomy or non‑anatomic wedge resection, preserving sufficient future liver remnant.  
  • Metachronous presentation after a 5‑year disease‑free interval suggests favorable biology.  
  • No documented extra‑hepatic disease on the provided information.  
  • KRAS mutation does not affect technical resectability, only systemic therapy choice.  

Step 2 – Recommended strategy  
A. Complete Staging – Obtain contrast‑enhanced CT of chest, abdomen and pelvis (or PET‑CT) to confirm absence of extra‑hepatic metastases and to evaluate the primary colon site. Rationale: definitive exclusion of occult disease is required before curative‑intent liver surgery.  

B. Multidisciplinary Review of Operability – Review imaging with hepatobiliary surgeon, radiologist, and medical oncologist to confirm adequate future liver remnant (FLR ≥ 30 % in a normal liver) and patient fitness. Rationale: ensures safety of hepatic resection.  

C. Surgical Resection – Perform an anatomic segment VI resection (laparoscopic or open) with negative margins (R0). Rationale: solitary, peripheral lesion without vascular contact is best treated with curative‑intent surgery; segmentectomy preserves liver parenchyma.  

D. Adjuvant Systemic Therapy – Administer postoperative chemotherapy (e.g., 6 cycles of FOLFOX ± bevacizumab) given KRAS‑mutated disease and rising CEA. Rationale: peri‑operative chemotherapy improves disease‑free survival for colorectal liver metastases, especially when no neoadjuvant therapy was given.  

E. Surveillance – Serial CEA measurements and imaging (CT or MRI) every 3–6 months for the first 2 years, then annually. Rationale: early detection of recurrence.  

","Step 1 – Resectability assessment
The patient presents with a single metachronous liver metastasis in segment VI (3.4 cm), without evidence of extrahepatic disease and no vascular contact on MRI. The lesion is peripheral and technically amenable to a parenchymal-sparing resection with preservation of an adequate future liver remnant. According to hepatobiliary oncologic criteria for late solitary, anatomically favorable metastasis, this pattern is considered resectable.

Step 2 – Recommended oncologic sequence
A. Surgical management upfront
• Given the long disease-free interval and isolated liver involvement, immediate surgical resection is appropriate without mandatory neoadjuvant chemotherapy.
• Perform a segment VI wedge/segmentectomy guided by intra-operative ultrasound aiming for R0 margins.
• The goal is R0 resection while preserving maximal functional liver parenchyma and avoiding major hepatectomy.
• Use intra operative ultrasound to verify lesion location and margins. 
• Ideally, consider minimally invasive approach (laparoscopic or robotic) for liver resection.
• Preoperative prehabilitation and ERAS (Enhanced Recovery After Surgery) protocols are evidence-based, multidisciplinary strategies designed to optimize patient health before surgery and accelerate recovery afterward.

C. Postoperative systemic therapy
• Pathology report : confirmation of tumor type and origin, immunohistochemistry with tumor markers, histological growth pattern, margin status (R0, R1, R2), tumor grade, differentiation, pathologic response score (TRG), necrosis/fibrosis
• Initiate adjuvant doublet chemotherapy (FOLFOX or CAPOX ± bevacizumab).
• KRAS mutation excludes anti-EGFR therapy.
• Complete a total of 6 months of systemic treatment.

D. Surveillance
• Close postoperative follow-up with CEA and imaging every 3 months.

"
30,"Man, 72 years old, history of right colon resection 2 years prior (T3N0M0). Surveillance: CEA 250 ng/mL. Liver MRI: three lesions segments IV, V and VII (2.0 to 3.6 cm). RAS wild-type.
MDT Discussion: Bilobar metachronous metastases, no extra-hepatic involvement, feasible in a single surgery.","Step 1 – Resectability Assessment  
- Classification: Potentially resectable.  
- Justification:  
  • Three metachronous liver metastases, each ≤ 3.6 cm, located in segments IV, V and VII (bilobar but limited number).  
  • No radiologic evidence of extra‑hepatic disease (pulmonary, peritoneal, nodal, bone, brain all reported as absent).  
  • MDT consensus states “feasible in a single surgery,” indicating that a parenchymal‑sparing approach is technically possible.  
  • RAS wild‑type status supports potential benefit from peri‑operative systemic therapy and/or anti‑EGFR agents.  
  • Missing data that could downgrade resectability (e.g., major vascular invasion, insufficient future liver remnant, poor hepatic reserve) are not reported; therefore, based on available information the lesions are considered potentially resectable pending confirmation of FLR and vascular anatomy.

Step 2 – Recommended strategy  
A. Baseline restaging and functional assessment  
   – Obtain contrast‑enhanced thoraco‑abdominal CT (or PET‑CT) to confirm absence of occult extra‑hepatic disease and to evaluate vascular anatomy, biliary involvement, and calculate future liver remnant (FLR) volume.  
   – Perform liver function tests, indocyanine green clearance (or 99mTc‑mebrofenin hepatobiliary scintigraphy) to ensure adequate hepatic reserve for resection.  

B. Neoadjuvant systemic therapy  
   – Initiate peri‑operative chemotherapy (e.g., 6 cycles of FOLFOX ± anti‑EGFR monoclonal antibody given RAS wild‑type) to treat micrometastatic disease, potentially downsize lesions, and assess tumor biology (CEA trend).  
   – Rationale: High CEA (250 ng/mL) suggests active disease; neoadjuvant therapy improves resection rates and overall survival in resectable/ borderline‑resectable colorectal liver metastases.  

C. Restaging after systemic therapy  
   – Repeat liver MRI (or contrast‑enhanced CT) to assess response, re‑measure lesions, and re‑evaluate resectability criteria (size, vascular contact, FLR).  
   – If FLR <30 % (or <40 % in older patients) and insufficient, consider portal vein embolization (PVE) or associating liver partition and portal vein ligation for staged hepatectomy (ALPPS) before definitive resection.  

D. Surgical resection (single‑stage, parenchymal‑sparing)  
   – Perform combined limited anatomical or non‑anatomical resections of segments IV, V and VII, preserving maximal functional liver parenchyma.  
   – Intra‑operative ultrasound to confirm lesion margins and detect any additional occult metastases.  
   – Rationale: Bilobar disease can be addressed in one operation when FLR is adequate, avoiding the morbidity of staged procedures.  

E. Post‑operative adjuvant therapy  
   – Resume systemic chemotherapy (e.g., additional 3–6 cycles) based on pathology (margin status, response) and postoperative CEA trend.  
   – Consider anti‑EGFR continuation if disease remains RAS wild‑type and patient tolerates therapy.  

","Step 1 – Resectability assessment
The patient presents with three metachronous liver metastases located in segments IV, V, and VII (2.0–3.6 cm), without evidence of extrahepatic disease. Although bilobar, the limited number and peripheral location of the lesions suggest that parenchymal-sparing resections can achieve R0 margins while preserving an adequate future liver remnant. According to hepatobiliary oncologic criteria for limited bilobar metachronous metastases, this pattern is considered resectable.

Step 2 – Recommended oncologic sequence
A. Preoperative staging
• Perform high-resolution liver MRI and contrast-enhanced CT to define precise vascular and biliary relationships and to calculate the future liver remnant (FLR).
• Given the high CEA level (250 ng/mL), perform high-resolution 18FDG PET-CT to confirm absence of additional occult lesions.

B. Consider short peri-operative systemic therapy
• Given the elevated CEA level (250 ng/mL), a short course (2–3 months) of peri-operative doublet chemotherapy (FOLFOX or FOLFIRI ± anti-EGFR given RAS wild-type status may be considered to treat micrometastatic disease and assess tumor biology.

C. Restaging before surgery
• Perform high-resolution liver MRI and enhanced CT-scan after chemotherapy to confirm maintained resectability and reassess lesion relationships.

D. Surgical management
• If resectability is confirmed, perform a single-stage parenchymal-sparing surgery guided by intra-operative ultrasound:
– Segment IV wedge/segmentectomy or ablation.
– Segment V wedge resection or ablation.
– Segment VII wedge resection or ablation.
• The goal is R0 resection while preserving maximal functional liver parenchyma and avoiding major hepatectomy.
• Use intra operative ultrasound to verify lesion location and margins. 
• Ideally, consider minimally invasive approach (laparoscopic or robotic) for liver resection.
• Preoperative prehabilitation and ERAS (Enhanced Recovery After Surgery) protocols are evidence-based, multidisciplinary strategies designed to optimize patient health before surgery and accelerate recovery afterward.

E. Postoperative therapy and surveillance
• Pathology report : confirmation of tumor type and origin, immunohistochemistry with tumor markers, histological growth pattern, margin status (R0, R1, R2), tumor grade, differentiation, pathologic response score (TRG), necrosis/fibrosis
• Complete a total of 6 months of systemic chemotherapy including pre-operative cycles if administered.
• Close surveillance with CEA and imaging at 3-month intervals.

"
31,"Woman, 63 years old, rectal tumor operated 3 years earlier (T3N1M0). Surveillance liver MRI: segment VIII lesion, 2.8 cm, hypermetabolic on PET. No other foci on PET. KRAS mutated.
MDT Discussion: Single metachronous metastasis, accessible, good general condition.","Step 1 – Resectability Assessment  
- Classification: Resectable (potentially resectable with standard criteria)  
- Rationale: solitary metachronous liver metastasis, size 2.8 cm, located in segment VIII, no radiologic evidence of extra‑hepatic disease, patient in good general condition, and lesion is amenable to an anatomic or non‑anatomic segmentectomy with anticipated negative margins. Assuming adequate future liver remnant (FLR) and no major vascular or biliary involvement, the case meets current hepatobiliary oncologic criteria for resection.

Step 2 – Recommended strategy  
A. Restaging and complete anatomic assessment  
   - Obtain contrast‑enhanced thoraco‑abdominal CT (or PET‑CT) to confirm absence of occult extra‑hepatic disease and to delineate hepatic arterial, portal venous, and biliary anatomy; perform volumetric CT or MRI to calculate FLR.  
   - Rationale: ensures true resectability, identifies any vascular contact, and confirms sufficient liver reserve before any intervention.  

B. Peri‑operative systemic therapy (neoadjuvant)  
   - Initiate 3–4 cycles of oxaliplatin‑based doublet (e.g., FOLFOX) combined with bevacizumab, given KRAS‑mutated status and metachronous presentation.  
   - Rationale: treats micrometastatic disease, provides biological selection (response predicts favorable outcome), and may down‑size the lesion if marginally close to vascular structures.  

C. Re‑assessment after chemotherapy  
   - Repeat liver MRI (or CT) to evaluate tumor response, vascular involvement, and FLR. If still resectable, proceed to surgery.  
   - Rationale: confirms that disease has not progressed and that surgical margins remain achievable.  

D. Surgical resection  
   - Perform a segmentectomy of segment VIII (or non‑anatomic wedge) with intra‑operative ultrasound guidance to achieve R0 resection; preserve adequate FLR.  
   - Rationale: curative intent for solitary CLM; segmental resection offers oncologic clearance while sparing liver parenchyma.  

E. Post‑operative (adjuvant) systemic therapy  
   - Resume or complete a total of 6 months of peri‑operative chemotherapy (additional 2–3 cycles post‑op).  
   - Rationale: consolidates disease control, especially important in KRAS‑mutated tumors.  

F. Surveillance  
   - Follow standard surveillance protocol: CEA every 3 months, contrast‑enhanced CT or MRI of the abdomen every 6 months for the first 2 years, then annually.  
   - Rationale: early detection of recurrence.

","Step 1 – Resectability assessment
The patient presents with a single metachronous liver metastasis in segment VIII (2.8 cm), hypermetabolic on PET, without evidence of extrahepatic disease. Although located in a posterior segment, the lesion is technically amenable to a parenchymal-sparing resection with preservation of an adequate future liver remnant. According to hepatobiliary oncologic criteria for solitary, metachronous, anatomically accessible metastasis, this pattern is considered resectable.

Step 2 – Recommended oncologic sequence
A. Preoperative staging
• Perform high-resolution liver MRI and contrast-enhanced CT to precisely define vascular and biliary relationships and calculate the future liver remnant (FLR).
• CEA dosage.

B. Surgical management upfront
• Given the long disease-free interval and isolated liver involvement, immediate surgical resection is appropriate without mandatory neoadjuvant chemotherapy.
• Perform a parenchymal-sparing wedge/segmentectomy of segment VIII aiming for R0 margins.
• Use intra operative ultrasound to verify lesion location and margins. 
• Ideally, consider minimally invasive approach (laparoscopic or robotic) for liver resection.
• Preoperative prehabilitation and ERAS (Enhanced Recovery After Surgery) protocols are evidence-based, multidisciplinary strategies designed to optimize patient health before surgery and accelerate recovery afterward.

C. Postoperative systemic therapy
• Pathology report : confirmation of tumor type and origin, immunohistochemistry with tumor markers, histological growth pattern, margin status (R0, R1, R2), tumor grade, differentiation, pathologic response score (TRG), necrosis/fibrosis
• Initiate adjuvant doublet chemotherapy (FOLFOX or CAPOX ± bevacizumab).
• KRAS mutation excludes anti-EGFR therapy.
• Complete a total of 6 months of systemic treatment.

D. Surveillance
• Close postoperative follow-up with CEA and imaging every 3 months.

"
32,"Man, 67 years old, left colectomy for T4N2M0 colon cancer 18 months ago. Surveillance: CEA 380 ng/mL. Liver MRI: four bilobar lesions, 2 to 3.5 cm.thoracic CT scan negative for metastases. BRAF wild-type.
MDT Discussion: Metachronous liver recurrence, potentially resectable based on volumetric assessment.","Step 1 – Resectability Assessment  
- Classification: Potentially resectable.  
- Rationale:  
  • Metachronous liver disease with 4 lesions, each ≤3.5 cm, which fits within commonly accepted limits for hepatic resection (≤5 lesions, ≤5 cm each).  
  • No radiologically evident extra‑hepatic disease (thoracic CT negative, peritoneal, nodal, bone and brain metastases not identified).  
  • Prior curative colon resection performed 18 months ago, indicating a disease‑free interval that favors a favorable biology.  
  • MDT notes state that volumetric assessment suggests feasibility of resection, implying an adequate future liver remnant (FLR) pending confirmation.  
  • Missing data that could downgrade resectability: precise hepatic segmental distribution, relationship to major vascular/biliary structures, FLR percentage, and liver function reserve. Until these are clarified, the case remains “potentially” rather than definitively resectable.  

Step 2 – Recommended strategy  
A. Neoadjuvant systemic therapy (e.g., 6 cycles of FOLFOX ± bevacizumab or FOLFIRI ± anti‑EGFR if KRAS/NRAS wild‑type).  
   – Rationale: Down‑size lesions, treat occult micrometastases, and assess tumor biology; high CEA (380 ng/mL) suggests active disease.  

B. Restaging after chemotherapy with repeat liver MRI (including hepatocyte‑specific contrast) and CT volumetry.  
   – Rationale: Confirm response, re‑evaluate lesion size/number, define hepatic segments involved, and calculate FLR ratio.  

C. Surgical planning based on restaging results:  
   • If FLR ≥30 % (or ≥40 % in steatotic liver) and lesions are amenable to a single‑stage resection, proceed with simultaneous anatomic/segmental hepatectomy aiming for R0 margins.  
   • If FLR is insufficient or lesions are widely separated, consider a two‑stage hepatectomy (first stage: clearance of lesions in one lobe plus portal vein embolization of the future remnant; second stage: resection of the contralateral lobe after hypertrophy).  
   – Rationale: Ensures adequate postoperative liver function while achieving complete clearance.  

D. Post‑operative adjuvant therapy (completion of planned systemic regimen, typically up to 6 months total).  
   – Rationale: Consolidate response, reduce recurrence risk, especially given initial high CEA and node‑positive primary.  

E. Long‑term surveillance (CEA every 3 months, cross‑sectional imaging every 6 months for the first 2 years).  

","Step 1 – Resectability assessment
The patient presents with four metachronous bilobar liver metastases (2–3.5 cm) without evidence of extrahepatic disease. Although distributed in both lobes, the limited number and size of lesions suggest that parenchymal-sparing resections could achieve R0 margins while preserving an adequate future liver remnant. According to hepatobiliary oncologic criteria for limited bilobar metachronous metastases, this pattern is considered resectable, pending volumetric confirmation.

Step 2 – Recommended oncologic sequence
A. Preoperative staging and volumetric assessment
• Perform high-resolution contrast-enhanced CT to precisely define the segmental distribution and vascular/biliary relationships of the 4 lesions.
• Calculate the future liver remnant (FLR) to confirm feasibility of a single-stage approach.

B. Consider short peri-operative systemic therapy
• Given the high CEA level (380 ng/mL) and early recurrence (18 months), a short course (2–3 months) of peri-operative doublet chemotherapy (FOLFOX or FOLFIRI ± bevacizumab) is advisable to treat micrometastatic disease and assess tumor biology.
• BRAF wild-type does not modify the surgical indication.

C. Restaging before surgery
• Perform high-resolution liver MRI and enhanced CT-scan after chemotherapy to confirm maintained resectability and reassess lesion relationships.

D. Surgical management after restaging
• If resectability and adequate FLR are confirmed, perform parenchymal-sparing resections or ablation of the four lesions guided by intra-operative ultrasound aiming for R0 margins.
• Depending on lesion distribution and FLR, this may be performed in a single stage or staged approach.
• Use intra operative ultrasound to verify lesion location and margins. 
• Ideally, consider minimally invasive approach (laparoscopic or robotic) for liver resection.
• Preoperative prehabilitation and ERAS (Enhanced Recovery After Surgery) protocols are evidence-based, multidisciplinary strategies designed to optimize patient health before surgery and accelerate recovery afterward.

E. Postoperative therapy
• Pathology report : confirmation of tumor type and origin, immunohistochemistry with tumor markers, histological growth pattern, margin status (R0, R1, R2), tumor grade, differentiation, pathologic response score (TRG), necrosis/fibrosis
• Complete a total of 6 months of systemic chemotherapy including pre-operative cycles.
• Close surveillance with CEA and imaging at 3-month intervals.

"
33,"Woman, 54 years old, right colon adenocarcinoma resected 3 years earlier. CEA 520 ng/mL. at the abdominal CT scan: two liver metastases (segments II and VI), sizes 3.1 and 4.0 cm. KRAS mutated.
MDT Discussion: Bilobar metachronous liver recurrence, anatomically possible.","Step 1 – Resectability Assessment  
- Classification: Potentially resectable.  
- Rationale:  
  • Only two metastases, each ≤5 cm, located in segments II and VI – technically amenable to parenchymal‑sparing resections (segmentectomy or wedge).  
  • No documented major vascular or biliary invasion; absence of such involvement is a prerequisite for resection.  
  • No confirmed extra‑hepatic disease on imaging; however, thoracic CT and dedicated liver MRI have not been performed, so the status of distant sites and precise vascular relationships remain unknown.  
  • Adequate future liver remnant (FLR) cannot be confirmed because FLR ratio data are missing; this must be evaluated before definitive surgery.  

Step 2 – Recommended strategy  
A. Comprehensive restaging  
   - Obtain thoraco‑abdominal CT (including chest) and liver MRI with hepatobiliary contrast to define extra‑hepatic disease, vascular anatomy, and lesion characteristics; assess FLR volume.  
   - Rationale: Complete staging is essential to confirm absence of unresectable disease and to plan the extent of hepatic resection.  

B. Neoadjuvant systemic therapy  
   - Initiate a fluoropyrimidine‑based doublet (e.g., FOLFOX) combined with bevacizumab (KRAS mutation precludes anti‑EGFR agents).  
   - Duration: 3–4 months, with interval imaging to assess response.  
   - Rationale: High CEA (520 ng/mL) suggests biologically aggressive disease; neoadjuvant chemotherapy can down‑size lesions, treat micrometastatic disease, and provide a test of tumor biology.  

C. Re‑evaluation after chemotherapy  
   - Repeat liver MRI and chest CT to reassess resectability, FLR, and any new extra‑hepatic sites.  
   - If FLR is insufficient, consider portal vein embolization (PVE) or associating liver partition and portal vein ligation for staged hepatectomy (ALPPS) as appropriate.  
   - Rationale: Ensures that surgical planning is based on the most current disease burden and liver functional reserve.  

D. Surgical resection  
   - Perform parenchymal‑sparing hepatectomy: segment II wedge/segmentectomy and segment VI wedge/segmentectomy, aiming for negative (R0) margins while preserving maximal liver parenchyma.  
   - No need for repeat colon resection as the primary tumor was already removed with clear margins (assumed).  
   - Rationale: Curative intent resection of all hepatic disease offers the best chance for long‑term survival in oligometastatic colorectal cancer.  

E. Adjuvant/maintenance systemic therapy  
   - Resume postoperative chemotherapy (e.g., FOLFOX ± bevacizumab) for 3–6 months, tailored to postoperative recovery and pathology.  
   - Rationale: Consolidates response, addresses residual microscopic disease, and reduces recurrence risk.  

","Step 1 – Resectability assessment
The patient presents with two metachronous liver metastases located in segments II and VI (3.1 and 4.0 cm), without evidence of extrahepatic disease. Although bilobar, both lesions are peripherally located and technically amenable to parenchymal-sparing resections with preservation of an adequate future liver remnant. According to hepatobiliary oncologic criteria for limited bilobar metachronous metastases, this pattern is considered resectable.

Step 2 – Recommended oncologic sequence
A. Preoperative staging
• Perform high-resolution liver MRI and contrast-enhanced CT to precisely define vascular and biliary relationships and to calculate the future liver remnant (FLR).
• Given the high CEA level (520 ng/mL), perform high-resolution 18FDG PET-CT to confirm absence of additional occult lesions.

B. Consider short peri-operative systemic therapy
• Given the very high CEA level (520 ng/mL), a short course (2–3 months) of peri-operative doublet chemotherapy (FOLFOX or FOLFIRI ± bevacizumab) is advisable to treat micrometastatic disease and assess tumor biology.
• KRAS mutation excludes anti-EGFR therapy.

C. Restaging before surgery
• Perform high-resolution liver MRI and enhanced CT-scan after chemotherapy to confirm maintained resectability and reassess lesion relationships.

D. Surgical management after restaging
• If stability or response is observed, perform parenchymal-sparing wedge/segmental resections or ablation of segments II and VI guided by intra-operative ultrasound.
• Aim for R0 resection while preserving maximal liver parenchyma.
• Use intra operative ultrasound to verify lesion location and margins. 
• Ideally, consider minimally invasive approach (laparoscopic or robotic) for liver resection.
• Preoperative prehabilitation and ERAS (Enhanced Recovery After Surgery) protocols are evidence-based, multidisciplinary strategies designed to optimize patient health before surgery and accelerate recovery afterward.

D. Postoperative therapy
• Pathology report : confirmation of tumor type and origin, immunohistochemistry with tumor markers, histological growth pattern, margin status (R0, R1, R2), tumor grade, differentiation, pathologic response score (TRG), necrosis/fibrosis
• Complete a total of 6 months of systemic chemotherapy including pre-operative cycles.
• Close surveillance with CEA and imaging at 3-month intervals.

"
34,"Man, 60 years old, right colectomy for T3N1 tumor 2 years ago. CEA 140 ng/mL. Liver MRI: three liver metastases (IV, V, VI), sizes 2 to 3 cm. RAS wild-type.
MDT Discussion: Limited liver involvement, no other locations.","Step 1 – Resectability Assessment  
- Classification: Potentially resectable.  
- Rationale:  
  • Three metachronous liver metastases, each ≤3 cm, located in segments IV, V and VI – a disease burden that is within conventional criteria for hepatic resection.  
  • No radiologic evidence of extra‑hepatic disease (pulmonary, peritoneal, nodal or brain metastases are reported as absent).  
  • RAS wild‑type status favors responsiveness to systemic therapy and possible use of anti‑EGFR agents, supporting a curative intent approach.  
  • Definitive assessment of vascular involvement, biliary proximity, and future liver remnant (FLR) volume is lacking; therefore resectability cannot be confirmed until these factors are clarified, placing the case in the “potentially resectable” category.

Step 2 – Recommended strategy  
A. Comprehensive restaging  
   – Obtain contrast‑enhanced thoraco‑abdominal CT (or PET‑CT) to confirm absence of occult extra‑hepatic disease and to evaluate vascular anatomy.  
   – Perform volumetric liver CT or MRI to calculate FLR and assess portal venous anatomy; consider 3‑D reconstruction.  
   – Review baseline laboratory tests (bilirubin, INR, albumin, platelets) and assess performance status (ECOG).  

B. Neoadjuvant systemic therapy  
   – Initiate 3–4 cycles of a fluoropyrimidine‑based doublet (e.g., FOLFOX) combined with an anti‑EGFR monoclonal antibody (cetuximab or panitumumab) given RAS wild‑type disease.  
   – Goal: tumor down‑staging, eradication of micrometastatic disease, and observation of CEA trend (baseline 140 ng/mL).  

C. Restaging after neoadjuvant therapy  
   – Repeat liver MRI with hepatocyte‑specific contrast and the same volumetric assessment to verify response, re‑evaluate vascular contact, and confirm FLR adequacy.  
   – If FLR is <30 % in a normal liver (or <40 % after chemotherapy‑associated liver injury), plan portal vein embolization (PVE) or associating liver partition and portal vein ligation for staged hepatectomy (ALPPS) as needed.  

D. Curative‑intent liver surgery  
   – If FLR is sufficient and no vascular invasion is identified, proceed with parenchymal‑sparing resections (segmentectomy of IV, V and VI) or an anatomic left lateral plus segment V/VII resection, whichever preserves the largest functional remnant.  
   – Intra‑operative ultrasound to confirm lesion margins and detect additional occult disease.  

E. Post‑operative management  
   – Resume adjuvant systemic therapy (completion of a total of 6 months of peri‑operative chemotherapy).  
   – Serial CEA monitoring and imaging surveillance (CT or MRI every 3–6 months for the first 2 years).  

","Step 1 – Resectability assessment
The patient presents with three metachronous liver metastases located in segments IV, V, and VI (2–3 cm). The lesions are limited in number and anatomically amenable to parenchymal-sparing resections while preserving an adequate future liver remnant. According to hepatobiliary oncologic criteria for limited, anatomically accessible metastases, this pattern is considered resectable.

Step 2 – Recommended oncologic sequence
A. Preoperative staging
• Perform high-resolution contrast-enhanced CT to define precise vascular and biliary relationships and to calculate the future liver remnant (FLR).
• Given the high CEA level (140 ng/mL), perform high-resolution 18FDG PET-CT to confirm absence of additional occult lesions.

B. Consider short peri-operative systemic therapy
• Given the elevated CEA level (140 ng/mL) and relatively early recurrence (2 years), a short course (2–3 months) of peri-operative doublet chemotherapy (FOLFOX or FOLFIRI ± anti-EGFR given RAS wild-type status) may be considered to treat micrometastatic disease and assess tumor biology.

C. Restaging before surgery
• Perform high-resolution liver MRI and enhanced CT-scan after chemotherapy to confirm maintained resectability and reassess lesion relationships.

D. Surgical management
• If resectability is confirmed, perform parenchymal-sparing resections or ablation of segments IV, V, and VI guided by intra-operative ultrasound.
• Aim for R0 resection while preserving maximal functional liver parenchyma.
• Use intra operative ultrasound to verify lesion location and margins. 
• Ideally, consider minimally invasive approach (laparoscopic or robotic) for liver resection.
• Preoperative prehabilitation and ERAS (Enhanced Recovery After Surgery) protocols are evidence-based, multidisciplinary strategies designed to optimize patient health before surgery and accelerate recovery afterward.

E. Postoperative therapy
• Pathology report : confirmation of tumor type and origin, immunohistochemistry with tumor markers, histological growth pattern, margin status (R0, R1, R2), tumor grade, differentiation, pathologic response score (TRG), necrosis/fibrosis
• Complete a total of 6 months of systemic chemotherapy including pre-operative cycles if administered.
• Close surveillance with CEA and imaging at 3-month intervals.

"
35,"Woman, 74 years old, rectal cancer resected 5 years ago, new CEA elevation to 600 ng/mL. at the thoraco-abdominal CT scan: single liver metastasis segment IVa (4.2 cm). KRAS mutated.
MDT Discussion: Late solitary metastasis, potentially curable situation.","Step 1 – Resectability Assessment  
- Classification: Potentially resectable.  
- Rationale:  
  • Single metachronous liver metastasis, 4.2 cm, located in segment IVa – meets size and number criteria for hepatic resection.  
  • No extra‑hepatic disease identified on thoraco‑abdominal CT (pulmonary, peritoneal, nodal, bone negative).  
  • KRAS mutation does not preclude surgery but influences systemic therapy choice.  
  • Resectability cannot be confirmed without data on vascular involvement of the lesion, hepatic arterial/portal anatomy, functional liver reserve, and future liver remnant (FLR) volume; therefore the lesion is considered potentially resectable pending further assessment.

Step 2 – Recommended strategy  
A. Systemic therapy (neoadjuvant)  
   – Initiate 6‑8 cycles of oxaliplatin‑based doublet (e.g., FOLFOX) ± bevacizumab, given KRAS‑mutated status and markedly elevated CEA.  
   – Goal: tumor down‑staging, control micrometastatic disease, and assess biologic response.  

B. Restaging imaging  
   – Perform high‑resolution liver MRI with hepatocyte‑specific contrast to delineate lesion margins, vascular contact, and biliary anatomy.  
   – Repeat thoraco‑abdominal CT to confirm absence of new extra‑hepatic lesions.  

C. Functional and volumetric liver assessment  
   – Obtain liver function tests (bilirubin, INR, albumin, platelets) and calculate indocyanine‑green clearance or LiMAx if available.  
   – Perform volumetric CT or MRI to calculate FLR; if FLR < 30 % (or < 40 % in steatotic liver), plan portal vein embolization (PVE) of the right portal branches to hypertrophy the left lateral segments.  

D. Surgical resection  
   – If post‑chemotherapy imaging shows persistent resectable disease and FLR is adequate, proceed to an anatomic resection of segment IVa (central bisectionectomy) or left hepatectomy with negative margins (R0).  
   – Intra‑operative ultrasound to confirm lesion location and exclude additional occult metastases.  
   – Ensure meticulous hemostasis and bile duct management; consider Pringle maneuver time limits.  

E. Post‑operative management  
   – Discuss adjuvant systemic therapy (completion of planned chemotherapy cycles) based on pathology (margin status, response).  
   – Serial CEA monitoring and imaging surveillance every 3–6 months for the first 2 years.  

","Step 1 – Resectability assessment
The patient presents with a single metachronous liver metastasis in segment IVa (4.2 cm), without evidence of extrahepatic disease. Despite its central location, the lesion is technically amenable to a parenchymal-sparing resection with preservation of an adequate future liver remnant. According to hepatobiliary oncologic criteria for late solitary, anatomically accessible metastasis, this pattern is considered resectable.

Step 2 – Recommended oncologic sequence
A. Preoperative staging
• Perform high-resolution liver MRI to precisely define vascular and biliary relationships.
• Given the high CEA level (600 ng/mL), perform high-resolution 18FDG PET-CT to confirm absence of additional occult lesions.

B. Surgical management upfront
• Given the long disease-free interval and isolated liver involvement, immediate surgical resection is appropriate without mandatory neoadjuvant chemotherapy.
• Perform a segment IVa wedge/segmentectomy guided by intra-operative ultrasound aiming for R0 margins.
• Aim for R0 resection while preserving maximal functional liver parenchyma.
• Use intra operative ultrasound to verify lesion location and margins. 
• Ideally, consider minimally invasive approach (laparoscopic or robotic) for liver resection.
• Preoperative prehabilitation and ERAS (Enhanced Recovery After Surgery) protocols are evidence-based, multidisciplinary strategies designed to optimize patient health before surgery and accelerate recovery afterward.

C. Postoperative systemic therapy
• Pathology report : confirmation of tumor type and origin, immunohistochemistry with tumor markers, histological growth pattern, margin status (R0, R1, R2), tumor grade, differentiation, pathologic response score (TRG), necrosis/fibrosis
• Initiate adjuvant doublet chemotherapy (FOLFOX or CAPOX ± bevacizumab).
• KRAS mutation excludes anti-EGFR therapy.
• Complete a total of 6 months of systemic treatment.

D. Surveillance
• Close postoperative follow-up with CEA and imaging every 3 months.

"
36,"Man, 59 years old, left T3N1 colon cancer operated 3 years earlier. Surveillance: CEA 310 ng/mL. Liver MRI: segment VII lesion (3.8 cm) and small segment V lesion. BRAF wild-type.
MDT Discussion: Metachronous liver recurrence, eligible for local treatment.","Step 1 – Resectability Assessment  
• Classification: Potentially resectable  
• Rationale:  
  – Metachronous disease with only two hepatic lesions (3.8 cm in segment VII and a smaller lesion in segment V).  
  – Both lesions are confined to peripheral segments, making an anatomic or non‑anatomic resection technically feasible.  
  – No documented extra‑hepatic metastases; however, imaging of the chest, abdomen and pelvis has not been reported, so occult disease cannot be excluded.  
  – Vascular or biliary involvement, capsular infiltration, and future liver remnant (FLR) volume are not provided; these factors could render the lesions unresectable.  
  – Therefore, based on the available data the case is considered potentially resectable pending completion of staging and functional liver assessment.

Step 2 – Recommended strategy  
A. Comprehensive restaging  
   – Obtain thoraco‑abdominal contrast‑enhanced CT (or PET‑CT) to exclude extra‑hepatic disease and to delineate vascular anatomy.  
   – Perform volumetric liver assessment (CT‑based or MRI) to calculate FLR; consider portal vein embolization (PVE) if FLR < 30 % (or < 40 % in compromised liver).  

B. Neoadjuvant systemic therapy  
   – Initiate 3–4 cycles of a fluoropyrimidine‑based doublet (e.g., FOLFOX) ± anti‑EGFR antibody (cetuximab or panitumumab) given BRAF wild‑type and presumed RAS wild‑type status (if confirmed).  
   – Goal: assess tumor biology, achieve possible downsizing, and treat micrometastatic disease.  

C. Re‑assessment after chemotherapy  
   – Repeat liver MRI (or contrast‑enhanced CT) to evaluate response, residual disease, and any new lesions.  
   – Re‑calculate FLR; if inadequate, proceed with PVE and allow hypertrophy before surgery.  

D. Surgical resection  
   – If disease remains confined to segments V and VII with adequate FLR, perform a curative‑intent hepatic resection (segmentectomy or wedge resection) aiming for R0 margins.  
   – Consider simultaneous resection of the primary colon tumor only if there is residual disease; otherwise, the colon primary has already been resected.  

E. Adjuvant/maintenance therapy  
   – Post‑operative continuation of systemic chemotherapy (e.g., additional 4–6 cycles) based on pathological response and multidisciplinary consensus.  
   – Resume regular CEA monitoring and imaging surveillance every 3–6 months.  

","Step 1 – Resectability assessment
The patient presents with two metachronous liver metastases: a 3.8 cm lesion in segment VII and a small lesion in segment V. Both lesions are peripherally located in the right liver and technically amenable to parenchymal-sparing resections while preserving an adequate future liver remnant. According to hepatobiliary oncologic criteria for limited, metachronous, anatomically accessible metastases, this pattern is considered resectable.

Step 2 – Recommended oncologic sequence
A. Preoperative staging
• Perform high-resolution liver contrast-enhanced CT to define precise vascular and biliary relationships of both lesions and to calculate the future liver remnant (FLR).
• Given the high CEA level (310 ng/mL), perform high-resolution 18FDG PET-CT to confirm absence of additional occult lesions.

B. Consider short peri-operative systemic therapy
• Given the elevated CEA level (310 ng/mL), a short course (2–3 months) of peri-operative doublet chemotherapy (FOLFOX or FOLFIRI ± bevacizumab) is advisable to treat micrometastatic disease and assess tumor biology.
• KRAS status is unknown
• BRAF wild-type does not modify the surgical indication.
• The objective is treat micrometastatic disease and assess tumor biology

C. Restaging before surgery
• Perform high-resolution liver MRI and enhanced CT-scan after chemotherapy to confirm maintained resectability and reassess lesion relationships.

C. Surgical management after restaging
• If stability or response is observed, perform parenchymal-sparing wedge/segmental resections of segments VII and V guided by intra-operative ultrasound.
• Aim for R0 resection while preserving maximal functional liver parenchyma.
• Use intra operative ultrasound to verify lesion location and margins. 
• Ideally, consider minimally invasive approach (laparoscopic or robotic) for liver resection.
• Preoperative prehabilitation and ERAS (Enhanced Recovery After Surgery) protocols are evidence-based, multidisciplinary strategies designed to optimize patient health before surgery and accelerate recovery afterward.

D. Postoperative therapy
• Pathology report : confirmation of tumor type and origin, immunohistochemistry with tumor markers, histological growth pattern, margin status (R0, R1, R2), tumor grade, differentiation, pathologic response score (TRG), necrosis/fibrosis
• Complete a total of 6 months of systemic chemotherapy including pre-operative cycles.
• Close surveillance with CEA and imaging at 3-month intervals.

"
37,"Woman, 68 years old, T3N2 rectal tumor operated 4 years ago. CEA 78 ng/mL. Liver MRI: two metastases segments III and VI (2 and 2.6 cm), no extra-hepatic involvement.
MDT Discussion: Bilobar metachronous recurrence, anatomically simple.","Step 1 – Resectability Assessment  
- Classification: Resectable (potentially resectable if functional liver reserve is inadequate, but based on available data the lesions meet standard resectability criteria).  
- Justification:  
  • Two metachronous liver metastases, each ≤3 cm (2 cm and 2.6 cm).  
  • Located in separate segments (III and VI) allowing anatomic or non‑anatomic wedge resections with preservation of sufficient future liver remnant.  
  • No radiologic evidence of vascular, biliary, or capsular invasion reported.  
  • No extra‑hepatic disease on imaging.  
  • Metachronous recurrence after a disease‑free interval of 4 years, indicating favorable biology.  
  • Assuming normal liver parenchyma and adequate FLR (>20 % in a non‑cirrhotic liver), the disease is surgically resectable.

Step 2 – Recommended strategy  
A. Comprehensive restaging and molecular work‑up – obtain chest CT, full abdomen‑pelvis CT (or PET‑CT if available), colonoscopic evaluation of the rectal anastomosis, baseline liver function tests, and tumor molecular profiling (KRAS/NRAS, BRAF, MSI‑status). Rationale: confirm absence of occult extra‑hepatic disease, define operative risk, and guide systemic therapy selection.  

B. Neoadjuvant systemic chemotherapy (peri‑operative approach) – 3 months of a fluoropyrimidine‑based doublet (e.g., FOLFOX) ± anti‑EGFR antibody if RAS wild‑type, or ± bevacizumab if RAS‑mutated. Rationale: treat micrometastatic disease, assess tumor biology (CEA trend, radiologic response), and potentially increase resectability confidence.  

C. Restaging imaging – repeat liver MRI (or contrast‑enhanced CT) and chest imaging after neoadjuvant therapy. Rationale: verify that lesions remain resectable, exclude new extra‑hepatic sites, and evaluate response.  

D. Surgical resection of liver metastases – perform segmental or wedge resections of lesions in segments III and VI, aiming for negative (R0) margins while preserving ≥20‑30 % FLR. Rationale: curative intent resection of all hepatic disease.  

E. Post‑operative adjuvant chemotherapy – complete a total of 6 months of systemic therapy (including the neoadjuvant course) unless contraindicated. Rationale: reduce risk of further recurrence, especially given elevated pre‑operative CEA.  

F. Surveillance – serial CEA measurements and imaging (CT or MRI) every 3‑6 months for the first 2 years, then annually, plus routine colorectal surveillance. Rationale: early detection of recurrence.

","Step 1 – Resectability assessment
The patient presents with two metachronous liver metastases located in segments III and VI (2 and 2.6 cm), without evidence of extrahepatic disease. Although bilobar, both lesions are peripheral and technically amenable to parenchymal-sparing resections with preservation of an adequate future liver remnant. According to hepatobiliary oncologic criteria for limited bilobar metachronous metastases, this pattern is considered resectable.

Step 2 – Recommended oncologic sequence
A. Preoperative staging
• Perform high-resolution contrast-enhanced CT to define precise vascular and biliary relationships and to calculate the future liver remnant (FLR).

B. Surgical management
• Perform parenchymal-sparing wedge/segmental resections of segments III and VI guided by intra-operative ultrasound.
• Aim for R0 resection while preserving maximal functional liver parenchyma.
• Use intra operative ultrasound to verify lesion location and margins. 
• Ideally, consider minimally invasive approach (laparoscopic or robotic) for liver resection.
• Preoperative prehabilitation and ERAS (Enhanced Recovery After Surgery) protocols are evidence-based, multidisciplinary strategies designed to optimize patient health before surgery and accelerate recovery afterward.

C. Postoperative therapy
• Pathology report : confirmation of tumor type and origin, immunohistochemistry with tumor markers, histological growth pattern, margin status (R0, R1, R2), tumor grade, differentiation, pathologic response score (TRG), necrosis/fibrosis
• Complete a total of 6 months of systemic doublet chemotherapy (FOLFOX or CAPOX ± bevacizumab).
• KRAS status is unknown
• Close surveillance with CEA and imaging at 3-month intervals.

"
38,"Man, 66 years old, right colectomy for T4N2M0 cancer 24 months ago. FDG-PET: four liver foci, 1.5-3.5 cm, no extra-hepatic. KRAS mutated.
MDT Discussion: Multiple metachronous liver involvement, surgical feasibility to be discussed.","Step 1 – Resectability Assessment  
- Classification: Potentially resectable.  
- Rationale:  
  • Four metachronous liver lesions, each ≤3.5 cm, which is within the size and number limits commonly accepted for hepatic resection.  
  • No radiologic evidence of extra‑hepatic disease (pulmonary, peritoneal, nodal, bone, brain all negative).  
  • KRAS mutation does not preclude surgical removal of liver metastases.  
  • Resectability cannot be confirmed without data on the anatomic distribution of the lesions (which hepatic segments are involved), relationship to major vascular/biliary structures, and the future liver remnant (FLR) volume and functional reserve. These missing elements could render the disease unresectable if, for example, lesions are bilobar with insufficient FLR or encase the portal/hepatic veins.

Step 2 - Recommended strategy  
A. Restaging Imaging  
   – Obtain a contrast‑enhanced liver MRI with hepatobiliary-specific agent plus a high‑resolution CT of chest, abdomen, and pelvis.  
   – Purpose: define segmental location of each metastasis, assess vascular/biliary involvement, calculate FLR volume, and confirm absence of occult extra‑hepatic disease.  

B. Systemic Therapy (Neoadjuvant)  
   – Initiate 2–3 cycles of a fluoropyrimidine‑based doublet (e.g., FOLFOX) or triplet (FOLFOXIRI) combined with bevacizumab, given KRAS‑mutated status (anti‑EGFR agents not indicated).  
   – Goals: treat micrometastatic disease, assess tumor biology/response, and potentially downsize lesions to facilitate a margin‑negative resection.  

C. Re‑assessment of Resectability  
   – After systemic therapy and repeat imaging, re‑evaluate FLR, lesion response, and vascular involvement.  
   – If adequate FLR (>30 % in normal liver, >40 % in steatotic/chemotherapy‑injured liver) and clear margins are achievable, proceed to hepatic resection.  

D. Surgical Approach  
   – Preferred: simultaneous (single‑stage) anatomic or non‑anatomic hepatectomy if lesions are confined to one lobe or can be cleared with a single operation and FLR is sufficient.  
   – Alternative: staged approach (e.g., portal vein embolization followed by delayed resection, or two‑stage hepatectomy) if FLR is marginal or lesions are bilobar.  

E. Post‑operative Management  
   – Resume systemic therapy (same regimen or modified) for 3–6 months as adjuvant treatment, followed by regular surveillance (CEA, cross‑sectional imaging every 3–6 months for the first 2 years).  

","Step 1 – Resectability assessment
The patient presents with four metachronous liver metastases (1.5–3.5 cm) without evidence of extrahepatic disease. Although multiple, the limited number and size of lesions suggest that parenchymal-sparing resections could achieve R0 margins while preserving an adequate future liver remnant. According to hepatobiliary oncologic criteria for limited metachronous liver metastases, this pattern is considered resectable, pending precise anatomical assessment.

Step 2 – Recommended oncologic sequence
A. Preoperative staging
• Perform high-resolution liver MRI and contrast-enhanced CT to define precise segmental distribution and vascular/biliary relationships of the lesions.
• Calculate the future liver remnant (FLR).
• CEA dosage

B. Consider short peri-operative systemic therapy
• Given the multiplicity of lesions and KRAS mutation, a short course (2–3 months) of peri-operative doublet chemotherapy (FOLFOX or FOLFIRI ± bevacizumab) is advisable to treat micrometastatic disease and assess tumor biology.
• KRAS mutation excludes anti-EGFR therapy.

C. Restaging before surgery
• Perform high-resolution liver MRI and enhanced CT-scan after chemotherapy to confirm maintained resectability and reassess lesion relationships.

D. Surgical management after restaging
• If resectability is confirmed, perform parenchymal-sparing resections of the four lesions guided by intra-operative ultrasound.
• Depending on distribution and FLR, a single-stage or staged approach may be selected.
• Aim for R0 resection while preserving maximal functional liver parenchyma.
• Use intra operative ultrasound to verify lesion location and margins. 
• Ideally, consider minimally invasive approach (laparoscopic or robotic) for liver resection.
• Preoperative prehabilitation and ERAS (Enhanced Recovery After Surgery) protocols are evidence-based, multidisciplinary strategies designed to optimize patient health before surgery and accelerate recovery afterward.

E. Postoperative therapy
• Pathology report : confirmation of tumor type and origin, immunohistochemistry with tumor markers, histological growth pattern, margin status (R0, R1, R2), tumor grade, differentiation, pathologic response score (TRG), necrosis/fibrosis
• Complete a total of 6 months of systemic chemotherapy including pre-operative cycles.
• Close surveillance with CEA and imaging at 3-month intervals.

"
39,"Woman, 71 years old, left colon cancer operated 5 years ago. Liver MRI: liver lesion segment V, 2.8 cm. CEA 90 ng/mL, RAS wild-type.
MDT Discussion: Isolated metastasis, favorable context, good general condition.","Step 1 – Resectability Assessment  
• Classification: Potentially resectable.  
• Rationale: The liver lesion is solitary, 2.8 cm, located in peripheral segment V, which is amenable to an anatomic segmentectomy with preservation of sufficient future liver remnant. No imaging evidence of major vascular or biliary invasion is provided, and the patient is described as being in good general condition. However, definitive resectability cannot be confirmed until extra‑hepatic disease is excluded and FLR volumetry is performed.

Step 2 – Recommended strategy  
A. Complete staging  
   – Obtain a thoraco‑abdominal contrast‑enhanced CT (or PET‑CT) to rule out pulmonary, peritoneal, nodal, bone or brain metastases.  
   – Perform liver volumetry (CT or MRI) to calculate FLR ratio and ensure ≥20‑30 % FLR in a non‑cirrhotic liver.  

B. Systemic therapy (neoadjuvant)  
   – Initiate 2–3 months of standard doublet chemotherapy (FOLFOX or CAPOX) combined with anti‑EGFR monoclonal antibody (cetuximab or panitumumab) given RAS wild‑type status.  
   – Goal: assess tumor biology, potentially downsize the lesion, and treat occult micrometastatic disease.  

C. Restaging after neoadjuvant therapy  
   – Repeat liver MRI and staging CT to confirm persistent solitary disease, absence of new lesions, and unchanged resectability criteria.  

D. Surgical resection  
   – Proceed with a laparoscopic or open segment V anatomical resection (segmentectomy) with intra‑operative ultrasound to verify margins and detect occult lesions.  
   – Aim for R0 resection with ≥1 cm margin when feasible.  

E. Post‑operative management  
   – Resume adjuvant systemic therapy to complete a total of 6‑12 months of chemotherapy, tailored to response and tolerance.  
   – Monitor CEA and imaging (CT or MRI) every 3‑6 months for the first 2 years, then annually.  

","Step 1 – Resectability assessment
The patient presents with a single metachronous liver metastasis in segment V (2.8 cm), without evidence of extrahepatic disease. The lesion is technically amenable to a parenchymal-sparing resection with preservation of an adequate future liver remnant. According to hepatobiliary oncologic criteria for solitary, metachronous, anatomically favorable metastasis, this pattern is considered resectable.

Step 2 – Recommended oncologic sequence
A. Preoperative staging
• Perform high-resolution contrast-enhanced CT to define precise vascular and biliary relationships.

B. Surgical management upfront
• Given the long disease-free interval and isolated liver involvement, immediate surgical resection is appropriate without mandatory neoadjuvant chemotherapy.
• Perform a segment V wedge/segmentectomy or ablation guided by intra-operative ultrasound aiming.
• Aim for R0 resection while preserving maximal functional liver parenchyma.
• Use intra operative ultrasound to verify lesion location and margins. 
• Ideally, consider minimally invasive approach (laparoscopic or robotic) for liver resection.
• Preoperative prehabilitation and ERAS (Enhanced Recovery After Surgery) protocols are evidence-based, multidisciplinary strategies designed to optimize patient health before surgery and accelerate recovery afterward.

C. Postoperative systemic therapy
• Pathology report : confirmation of tumor type and origin, immunohistochemistry with tumor markers, histological growth pattern, margin status (R0, R1, R2), tumor grade, differentiation, pathologic response score (TRG), necrosis/fibrosis
• Initiate adjuvant doublet chemotherapy (FOLFOX or CAPOX ± anti-EGFR given RAS wild-type status).
• Complete a total of 6 months of systemic treatment.

D. Surveillance
• Close postoperative follow-up with CEA and imaging every 3 months.

"
40,"Man, 64 years old, history of rectal resection (T3N1) 2 years ago. Liver MRI: two liver metastases, segments II and VIII, 2.5 and 3 cm. Thoracic CT scan negative for metastases. KRAS mutated, CEA 240 ng/mL.
MDT Discussion: Bilobar metachronous recurrence, technically accessible.","Step 1 – Resectability Assessment  
- Classification: Potentially resectable.  
- Rationale:  
  • Two metachronous liver metastases, each ≤3 cm, located in segments II and VIII – criteria compatible with curative resection.  
  • No radiologically evident extra‑hepatic disease (thoracic CT negative, peritoneal, bone and brain disease absent).  
  • Bilobar distribution but lesions are solitary in each lobe, allowing a parenchymal‑sparing approach (segmental resection or wedge).  
  • Missing data that could downgrade resectability: vascular or biliary involvement of the lesions, future liver remnant (FLR) volume, liver function tests, and performance status. Until FLR adequacy and absence of major vascular invasion are confirmed, the case remains “potentially” rather than definitively resectable.  

Step 2 – Recommended strategy  
A. Baseline reassessment  
   – Obtain contrast‑enhanced liver CT (or repeat MRI) with volumetric analysis to calculate FLR ratio; assess portal vein anatomy and any vascular contact.  
   – Review laboratory profile (bilirubin, AST/ALT, INR, platelets) and performance status (ECOG).  
B. Systemic induction therapy  
   – Initiate 6 cycles of a modern oxaliplatin‑based regimen (e.g., FOLFOX or CAPOX) combined with anti‑EGFR therapy is contraindicated due to KRAS mutation; consider adding bevacizumab.  
   – Rationale: high pre‑operative CEA (240 ng/mL) suggests aggressive biology; systemic therapy provides disease control, tests tumor biology, and may increase resectability.  
C. Restaging after induction  
   – Repeat liver MRI with hepatocyte‑specific contrast and thoraco‑abdominal CT.  
   – Re‑evaluate lesion size, vascular involvement, and FLR volume.  
   – If disease remains limited to the two lesions and FLR ≥30 % (≥20 % in chemotherapy‑treated liver), proceed to surgery.  
D. Surgical intervention  
   – Perform parenchymal‑sparing hepatectomy: anatomical segment II resection and segment VIII wedge/segmentectomy, guided by intra‑operative ultrasound.  
   – Aim for R0 margins (≥1 cm when feasible).  
   – No need for simultaneous extra‑hepatic resection as extra‑hepatic sites are negative.  
E. Post‑operative management  
   – Resume adjuvant systemic therapy (e.g., 3–6 additional cycles) based on pathology and postoperative CEA trend.  
   – Schedule serial CEA and imaging surveillance every 3–6 months.  

","Step 1 – Resectability assessment
The patient presents with two metachronous liver metastases located in segments II and VIII (2.5 and 3 cm), without evidence of pulmonary disease. Although bilobar, both lesions are technically amenable to parenchymal-sparing resections or ablation while preserving an adequate future liver remnant. According to hepatobiliary oncologic criteria for limited bilobar metachronous metastases, this pattern is considered resectable.

Step 2 – Recommended oncologic sequence
A. Preoperative staging
• Perform high-resolution contrast-enhanced CT to define precise vascular and biliary relationships and to calculate the future liver remnant (FLR).
• Given the high CEA level (240 ng/mL), perform high-resolution 18FDG PET-CT to confirm absence of additional occult lesions.

B. Consider short peri-operative systemic therapy
• Given the elevated CEA level (240 ng/mL) and relatively early recurrence (2 years), a short course (2–3 months) of peri-operative doublet chemotherapy (FOLFOX or FOLFIRI ± bevacizumab) is advisable to treat micrometastatic disease and assess tumor biology.
• KRAS mutation excludes anti-EGFR therapy.

C. Restaging before surgery
• Perform high-resolution liver MRI and enhanced CT-scan after chemotherapy to confirm maintained resectability and reassess lesion relationships.

D. Surgical management after restaging
• If resectability is confirmed, perform parenchymal-sparing wedge/segmental resections or ablation of segments II and VIII guided by intra-operative ultrasound.
• Aim for R0 resection while preserving maximal functional liver parenchyma.
• Use intra operative ultrasound to verify lesion location and margins. 
• Ideally, consider minimally invasive approach (laparoscopic or robotic) for liver resection.
• Preoperative prehabilitation and ERAS (Enhanced Recovery After Surgery) protocols are evidence-based, multidisciplinary strategies designed to optimize patient health before surgery and accelerate recovery afterward.

E. Postoperative therapy
• Pathology report : confirmation of tumor type and origin, immunohistochemistry with tumor markers, histological growth pattern, margin status (R0, R1, R2), tumor grade, differentiation, pathologic response score (TRG), necrosis/fibrosis
• Complete a total of 6 months of systemic chemotherapy including pre-operative cycles.
• Close surveillance with CEA and imaging at 3-month intervals.

"
41,"Woman, 58 years old, left T4aN2M1 colon cancer with multiple bilobar metastases. After 6 cycles FOLFOX + bevacizumab: 60% volumetric reduction, CEA dropped from 880 to 180 ng/mL. Liver MRI: 5 remaining lesions, well-defined.
MDT Discussion: Major response to chemotherapy, surgical conversion considered.","Step 1 – Resectability Assessment  
- Classification: Potentially resectable.  
- Justification:  
  • Synchronous liver metastases have responded markedly to 6 cycles of FOLFOX + bevacizumab (≈60 % volumetric reduction, CEA fall from 880 → 180 ng/mL).  
  • The residual disease consists of 5 well‑defined lesions, a number that is not an absolute contraindication when bilobar disease can be cleared with anatomic/non‑anatomic resections and/or ablation.  
  • No extra‑hepatic disease has been reported on imaging, which, if confirmed, would support a curative intent.  
  • Critical data required to confirm technical resectability (lesion size, exact segmental distribution, proximity to major vessels or biliary structures, future liver remnant (FLR) volumetry, hepatic arterial/portal anatomy) are missing; therefore the case cannot be declared outright resectable at this stage.  

Step 2 – Recommended strategy  
A. Complete restaging  
   - Obtain high‑resolution thoraco‑abdominal CT (or PET‑CT) and repeat liver MRI with hepatocyte‑specific contrast; perform volumetric CT to calculate FLR.  
   - Rationale: Confirm absence of occult extra‑hepatic disease and determine whether the FLR will be sufficient after planned hepatic resection.  

B. Management of the primary colon tumor  
   - If the primary lesion has not yet been resected, perform oncologic colectomy (laparoscopic or open) with adequate lymphadenectomy.  
   - Rationale: Primary tumor control is required before or concomitantly with definitive liver surgery; simultaneous resection can be considered if operative risk is acceptable and FLR is adequate.  

C. Pre‑operative liver optimization (if needed)  
   - If FLR is <30 % in a normal liver (or <40 % after chemotherapy‑associated liver injury), consider portal vein embolization (PVE) or associating liver partition and portal vein ligation for staged hepatectomy (ALPPS).  
   - Rationale: Augment FLR to reduce postoperative liver failure risk.  

D. Definitive hepatic treatment  
   - Plan curative‑intent liver surgery: anatomical or non‑anatomical resections of all visible lesions combined with intra‑operative ultrasound‑guided ablation for lesions that would otherwise require an excessively large resection.  
   - Rationale: Achieve R0 clearance of all hepatic disease while preserving sufficient liver parenchyma.  

E. Post‑operative systemic therapy  
   - Resume or modify systemic chemotherapy (e.g., FOLFOX ± bevacizumab or switch to CAPOX) for 3–6 months, guided by molecular profile and postoperative pathology.  
   - Rationale: Consolidate surgical cure and address microscopic residual disease.  

","Step 1 – Resectability assessment
After 6 cycles of FOLFOX + bevacizumab, the patient shows a major radiologic and biologic response (≈60% volumetric reduction; CEA from 880 to 180 ng/mL). MRI now demonstrates five well-defined residual liver lesions without reported extrahepatic disease. In this context of marked downsizing and clearer lesion delineation, a complete R0 resection with preservation of an adequate future liver remnant appears potentially achievable. This pattern is therefore considered potentially resectable after conversion therapy.

Step 2 – Recommended oncologic sequence
A. Immediate high-quality restaging
• Perform high-resolution liver MRI and contrast-enhanced CT to reassess precise segmental distribution and vascular/biliary relationships after tumor shrinkage.
• Calculate the future liver remnant (FLR).

B. Surgical conversion strategy
• If imaging confirms feasibility, proceed to parenchymal-sparing resections or ablation of all five lesions guided by intra-operative ultrasound.
• Depending on distribution and FLR, this may be performed as a single-stage or staged hepatectomy.
• The goal is complete clearance of residual disease while preserving maximal functional parenchyma.
• Aim for R0 resection while preserving maximal functional liver parenchyma.
• Use intra operative ultrasound to verify lesion location and margins. 
• Ideally, consider minimally invasive approach (laparoscopic or robotic) for liver resection.
• Preoperative prehabilitation and ERAS (Enhanced Recovery After Surgery) protocols are evidence-based, multidisciplinary strategies designed to optimize patient health before surgery and accelerate recovery afterward.

C. Management of the primary tumor
• Left colectomy with adequate oncologic margins and oncological lymphadenectomy with primary anastomosis.
• Ideally, consider minimally invasive approach (laparoscopic or robotic) for primary cancer resection.
• A staged approach with colectomy first is preferred.

D. Postoperative systemic therapy
• Pathology report : confirmation of tumor type and origin, immunohistochemistry with tumor markers, histological growth pattern, margin status (R0, R1, R2), tumor grade, differentiation, pathologic response score (TRG), necrosis/fibrosis
• Resume systemic chemotherapy after recovery to complete a total of approximately 6 months of treatment (including preoperative cycles).

E. Surveillance
• Close follow-up with CEA and imaging every 3 months given the initially very high tumor burden.

"
42,"Man, 65 years old, sigmoid tumor with eight bilobar liver metastases. After 4 months FOLFIRI: radiological stability, CEA unchanged at 420 ng/mL. Thoracic CT scan negative for metastases.
MDT Discussion: Stable disease, not resectable, discussion on continuing systemic therapy.","Step 1 – Resectability Assessment  
- Classification: Potentially resectable (borderline)  
- Justification:  
  • Eight bilobar liver metastases exceed the typical “≤4 lesions” rule for straightforward single‑stage resection, but bilobar disease can be cleared with two‑stage hepatectomy, associating liver partition and portal vein embolization (ALPPS), or extensive parenchymal‑sparing resections if lesions are small and not vascularly encasing major structures.  
  • Disease is radiologically stable after 4 months of FOLFIRI, indicating no progression, which is a prerequisite for conversion intent.  
  • No extra‑hepatic disease identified on thoracic CT, satisfying the “no extra‑hepatic metastases” criterion for hepatic cure.  
  • Missing critical data (lesion size, proximity to major vessels/ biliary ducts, future liver remnant (FLR) volume, hepatic functional reserve) preclude a definitive “resectable” label; therefore the case remains in the potentially resectable/ conversion‑eligible category pending further assessment.  

Step 2 – Recommended strategy  
A. Continue systemic therapy (FOLFIRI ± biologic agent based on molecular profile) for an additional 2–3 months to maximize tumor response and potentially induce lesion shrinkage.  
   – Rationale: Ongoing chemotherapy is the standard conversion approach for borderline hepatic disease; stable disease suggests tolerance and opportunity for further down‑staging.  

B. Perform comprehensive hepatic restaging: high‑resolution liver MRI with hepatobiliary contrast (or contrast‑enhanced CT if MRI unavailable) and volumetric analysis to determine lesion dimensions, vascular/biliary involvement, and calculate FLR. Include liver function assessment (ICG clearance, Child‑Pugh, bilirubin, albumin) and performance status evaluation.  
   – Rationale: Precise anatomic and functional data are required to decide between single‑stage, two‑stage, or ALPPS approaches and to ensure postoperative liver safety.  

C. Multidisciplinary decision based on restaging results:  
   – If lesions are ≤3 cm, no major vascular encasement, and FLR ≥ 30 % (≥ 40 % in compromised liver), proceed with parenchymal‑sparing, simultaneous resection of all resectable lesions (single‑stage).  
   – If FLR is insufficient or lesions remain extensive, plan a staged strategy: (i) portal vein embolization or ligation of the future liver‑donor side, (ii) interval chemotherapy, (iii) second‑stage hepatectomy once FLR hypertrophies.  
   – Rationale: Tailors surgical aggressiveness to hepatic reserve while aiming for R0 resection.  

D. Post‑resection adjuvant systemic therapy (continue or switch regimen based on response and molecular markers) and regular surveillance (CEA, imaging every 3–4 months).  
   – Rationale: Reduces risk of recurrence and monitors for new extra‑hepatic disease.  

","Step 1 – Resectability assessment
The patient presents with eight bilobar liver metastases and, after 4 months of FOLFIRI, shows radiological stability with persistently elevated CEA (420 ng/mL). The number of lesions, bilobar distribution, and absence of meaningful tumor downsizing make a complete R0 resection with preservation of an adequate future liver remnant not feasible. According to hepatobiliary oncologic criteria, this pattern is considered unresectable in the current setting.

Step 2 – Recommended oncologic sequence
A. Continuation and adaptation of systemic therapy
• Given the absence of radiologic response and stable high CEA, modification of the systemic regimen should be considered according to MDT discussion.
• The objective remains to achieve tumor downsizing sufficient to allow potential secondary resectability.

B. Close radiologic reassessment
• Perform high-resolution liver MRI every 2 months to detect any delayed response or change in lesion distribution.
• Monitor CEA kinetics as a marker of treatment effect.

C. Criteria for reconsidering surgery
• Surgical re-evaluation can be considered only if a significant reduction in lesion size and number occurs, enabling parenchymal-sparing resections or multiples ablations or staged hepatectomy with adequate future liver remnant.

D. Alternative local strategies
• If systemic therapy achieves only partial control, consider alternative regimens (such as intra-arterial chemotherapy after resection of the primary tumor).

"
43,"Woman, 49 years old, metastatic rectal cancer, ten initial liver lesions, CEA 1200 ng/mL. On FOLFOXIRI: disappearance of three foci, 40% reduction of others.Liver  MRI: several lesions became hypo-intense.
MDT Discussion: Partial response, evaluation of segmental resectability.","Step 1 – Resectability Assessment  
- Classification: Potentially resectable (candidate for conversion to resection).  
- Rationale:  
  • Initial burden of ten liver metastases has been reduced by systemic therapy to seven residual lesions with a 40 % size decrease and radiologic signs of necrosis (hypo‑intense on hepatobiliary MRI), suggesting favorable tumor biology.  
  • No documented extra‑hepatic disease on imaging, which, if absent, would allow a curative intent approach.  
  • Primary rectal tumor is not obstructed, perforated, or bleeding, indicating no immediate need for emergent resection.  
  • However, critical data required to confirm technical resectability are missing (exact lesion size, hepatic segments involved, proximity to major vessels or biliary structures, and future liver remnant (FLR) volume). Consequently, definitive resectability cannot be declared; the case remains in the “potentially resectable” category pending further assessment.

Step 2 – Recommended strategy  
A. Continue systemic therapy (FOLFOXIRI ± biologic agent) for 2–3 additional cycles to maximize tumor shrinkage and assess CEA trend.  
   – Rationale: Consolidation of response may convert borderline lesions to resectable and allow better selection of patients who will benefit from surgery.  

B. Restaging work‑up after the additional cycles:  
   – Multiphasic liver MRI with volumetry to define residual lesion size, segmental distribution, vascular/biliary involvement, and calculate FLR.  
   – Contrast‑enhanced thoraco‑abdominal CT (or PET‑CT) to exclude occult extra‑hepatic metastases.  
   – Repeat CEA measurement.  
   – Rationale: Precise anatomic mapping and exclusion of extra‑hepatic disease are mandatory before committing to hepatic resection.  

C. Multidisciplinary re‑evaluation of resectability:  
   – If imaging confirms that all residual liver disease can be removed with an adequate FLR (≥30 % in normal liver, ≥40 % after chemotherapy‑associated liver injury) and no extra‑hepatic disease, plan curative‑intent liver surgery.  
   – Rationale: Ensures oncologic clearance while preserving postoperative liver function.  

D. Surgical sequencing (depending on primary tumor status):  
   1. If the rectal primary has not been resected and is amenable to neoadjuvant chemoradiation, deliver long‑course chemoradiotherapy now, followed by delayed primary resection (low anterior resection) after hepatic surgery recovery.  
   2. If the primary is already resected or deemed low risk, proceed with a “liver‑first” approach: anatomical or parenchymal‑sparing hepatectomy (potentially staged or combined with portal vein embolization if FLR insufficient).  
   – Rationale: Liver‑first strategy is preferred when hepatic disease is the dominant burden and systemic disease is controlled; it also avoids delay of potentially curative liver surgery.  

E. Post‑operative adjuvant therapy:  
   – Resume systemic chemotherapy (or switch to maintenance) after recovery, tailored to molecular profile once available.  
   – Rationale: Reduces risk of recurrence in the setting of high baseline CEA and multiple initial lesions.

","Step 1 – Resectability assessment
The patient initially presented with ten liver metastases. After FOLFOXIRI, three lesions have radiologically disappeared and the remaining lesions show ~40% reduction, with several becoming hypo-intense on MRI. Despite this favorable response, the initial tumor burden and presumed bilobar distribution make immediate R0 resection uncertain without precise segmental mapping and volumetric assessment. This situation is therefore considered potentially resectable after conversion therapy, pending detailed re-evaluation.

Step 2 – Recommended oncologic sequence
A. Mandatory expert restaging before any decision
• Perform high-quality liver MRI with diffusion sequences and compare meticulously with pre-treatment imaging.
• Identify the exact locations of the three “disappeared” metastases, as these sites may still harbor viable microscopic disease.
• Calculate the future liver remnant (FLR).

B. Assessment of true segmental resectability
• Determine whether all initial metastatic sites (not only visible residual lesions) can be encompassed within a surgical plan using parenchymal-sparing resections, staged hepatectomy, or combined resection/ablation.
• Intra-operative ultrasound will be essential to localize occult residual disease.

C. Surgical strategy if complete clearance is feasible
• If all initial sites can be addressed, proceed with an ultrasound-guided parenchymal-sparing strategy, potentially in staged fashion depending on FLR.
• The objective is removal or ablation of every original metastatic location.
• Aim for R0 resection while preserving maximal functional liver parenchyma.
• Use intra operative ultrasound to verify lesion location and margins. 
• Ideally, consider minimally invasive approach (laparoscopic or robotic) for liver resection.

D. If complete clearance is not achievable
• Continue systemic therapy and reassess after additional cycles.
• Consider local ablative techniques as part of a multimodal approach.

"
44,"Man, 71 years old, metastatic right colon cancer (KRAS mutated). After 8 cycles FOLFOX: progression of two lesions segment VII and VIII (up to 5.2 cm) at the thoraco-abdominal CT scan. CEA 950 ng/mL.
MDT Discussion: Progression on chemotherapy, no surgical window at this stage.","Step 1 – Resectability Assessment  
- Classification: Unresectable at this time  
- Rationale:  
  • Disease progression on first‑line FOLFOX (both hepatic lesions increased to 5.2 cm) indicates chemoresistance, a key adverse factor for surgical candidacy.  
  • Primary right‑colon tumor status unknown; lack of documented resection or control precludes a curative intent liver operation.  
  • No assessment of future liver remnant (FLR) or vascular/biliary involvement; without this data a safe R0 resection cannot be guaranteed.  
  • Although extra‑hepatic disease is not evident on current thoraco‑abdominal CT, the high CEA (950 ng/mL) and progression raise concern for occult disease.  
  • Current MDT conclusion (“no surgical window”) aligns with unresectable classification under contemporary hepatobiliary oncology criteria.  

Step 2 – Recommended strategy  
A. Comprehensive restaging  
   - Obtain liver MRI with hepatocyte‑specific contrast to delineate lesion morphology, vascular contact, and to calculate FLR.  
   - Perform high‑resolution chest MRI (or PET‑CT) to exclude occult pulmonary or brain metastases.  
   - Endoscopic evaluation of the primary tumor with biopsy to determine resectability and need for symptom control (obstruction, bleeding).  

B. Optimization of systemic therapy  
   - Switch to second‑line chemotherapy (FOLFIRI) combined with bevacizumab, given KRAS mutation precluding anti‑EGFR agents.  
   - Consider enrollment in a clinical trial (e.g., hepatic arterial infusion, immunotherapy combinations) if available.  

C. Re‑assessment after 2–3 cycles of second‑line therapy  
   - Repeat imaging (MRI liver, CT chest/abdomen) to evaluate tumor response (stable disease or partial response).  
   - Re‑measure CEA; a declining trend would support continued medical therapy.  

D. Conditional surgical or ablative intervention  
   - If imaging shows disease control (no progression) and FLR ≥30 % (or ≥40 % after chemotherapy‑induced liver injury), plan for curative‑intent hepatic resection (right hepatectomy or extended right hepatectomy) combined with primary colon resection.  
   - If FLR insufficient, consider portal vein embolization to hypertrophy the remnant before resection.  
   - For lesions ≤3 cm after down‑staging, percutaneous ablation (RFA/MWA) may be an alternative or adjunct.  

","Step 1 – Resectability assessment
The patient shows progression of liver disease under FOLFOX with enlargement of two lesions in segments VII and VIII (up to 5.2 cm) and markedly elevated CEA (950 ng/mL). This radiologic progression under systemic therapy indicates biologically aggressive disease and makes a complete R0 resection with adequate oncologic control not achievable at this stage. According to hepatobiliary oncologic criteria, this situation is considered unresectable in the current setting.

Step 2 – Recommended oncologic sequence
A. Adaptation of systemic therapy (mandatory)
• Given progression on FOLFOX, a change of systemic regimen is required according to MDT decision (e.g., switch to FOLFIRI ± bevacizumab).
• KRAS mutation excludes anti-EGFR therapy.
• The objective is to regain disease control and potentially create a future surgical window.

B. Close radiologic reassessment
• Perform high-resolution liver MRI every 2 months to evaluate response to the new regimen.
• Monitor CEA kinetics as a marker of treatment effect.

C. Criteria for reconsidering surgery
• Surgical re-evaluation can be considered only if a significant radiologic response occurs, allowing parenchymal-sparing resection with adequate future liver remnant.

D. If disease remains progressive
• Continue systemic therapy and consider alternative regimens (such as intra-arterial chemotherapy after resection of the primary tumor).
• Consider local palliative approaches if needed according to MDT.

"
45,"Woman, 62 years old, left colon adenocarcinoma with seven liver metastases. After 6 cycles FOLFOX + panitumumab: complete disappearance of four foci and reduction of others at the thoraco-abdominal CT scan. CEA normalized.
MDT Discussion: Radiological complete response in several segments, uncertainty regarding microscopic persistence.","Step 1 – Resectability Assessment  
- Classification: Potentially resectable (conversion‑eligible).  
- Rationale:  
  • Seven hepatic lesions with radiologic complete response of four and shrinkage of the remaining three after 6 cycles of FOLFOX + panitumumab, indicating good chemosensitivity.  
  • No extra‑hepatic disease identified on thoraco‑abdominal CT (pulmonary, peritoneal, nodal, bone disease assumed absent).  
  • Normalized CEA supports systemic disease control.  
  • Definitive resectability cannot be confirmed because critical data are missing (size of residual lesions, exact hepatic segments involved, relationship to major vessels/biliary structures, future liver remnant volume, and status of the primary colon tumor). These factors are required to determine whether an anatomic or parenchymal‑sparing hepatectomy can achieve negative margins with adequate liver reserve.

Step 2 – Recommended strategy  
A. Comprehensive restaging  
   - Obtain high‑resolution liver MRI with hepatobiliary contrast (or contrast‑enhanced CT with 3‑D reconstruction) to delineate residual lesion size, segmental distribution, vascular/biliary involvement, and to calculate FLR.  
   - Consider PET‑CT to exclude occult extra‑hepatic disease (including brain, if clinically indicated).  

B. Assessment and management of the primary tumor  
   - Verify whether the left‑sided colon primary has been resected; if not, schedule curative colectomy (laparoscopic or open) before or concurrently with liver surgery, depending on operative risk and tumor location.  

C. Multidisciplinary decision on hepatic surgery  
   - If imaging confirms that the remaining lesions are ≤3 cm, confined to ≤2‑3 segments, and away from major inflow/outflow structures, plan a parenchymal‑sparing hepatectomy (segmentectomy/partial resection) or combined anatomic resection with intra‑operative ultrasound guidance.  
   - Ensure FLR ≥30 % in a normal liver (or ≥40 % if prior chemotherapy‑associated liver injury is suspected). If FLR is insufficient, consider portal vein embolization (PVE) or associating liver partition and portal vein ligation for staged hepatectomy (ALPPS) as bridge to definitive resection.  

D. Post‑operative/adjuvant management  
   - Resume systemic therapy (e.g., continuation of anti‑EGFR‑containing regimen or switch to maintenance) after wound healing, guided by pathology (margin status, tumor regression grade, molecular profile).  
   - Implement surveillance with serial CEA and imaging (CT/MRI) every 3–6 months.  

","Step 1 – Resectability assessment
The patient initially had seven liver metastases. After 6 cycles of FOLFOX + panitumumab, four lesions have radiologically disappeared and the remaining lesions have significantly decreased in size, with normalization of CEA. Despite this excellent response, the initial tumor burden and the phenomenon of “disappearing metastases” mean that viable microscopic disease may persist at the original sites. This situation is therefore considered potentially resectable after conversion therapy, but requires meticulous mapping of all initial metastatic locations before surgery.

Step 2 – Recommended oncologic sequence
A. Mandatory expert restaging
• Perform high-resolution liver MRI with diffusion sequences and systematically compare with pre-treatment imaging.
• Precisely localize all initial metastatic sites, including those no longer visible.
• Calculate the future liver remnant (FLR).

B. Surgical strategy addressing initial disease map
• Plan a parenchymal-sparing, ultrasound-guided surgical approach that includes resection or ablation of all initial metastatic locations, not only residual visible lesions.
• Intra-operative ultrasound is essential to identify occult residual disease.
• Depending on lesion distribution, this may require a staged approach.

C. Management of the primary tumor
• Left colectomy with adequate oncologic margins and oncological lymphadenectomy with primary anastomosis.
• Ideally, consider minimally invasive approach (laparoscopic or robotic) for primary cancer resection.
• A staged approach with colectomy first is preferred.

D. Postoperative systemic therapy
• Pathology report : confirmation of tumor type and origin, immunohistochemistry with tumor markers, histological growth pattern, margin status (R0, R1, R2), tumor grade, differentiation, pathologic response score (TRG), necrosis/fibrosis
• Resume systemic therapy after surgery to complete approximately 6 months of total treatment.

E. If complete surgical clearance of all initial sites is not feasible
• Continue systemic therapy and reassess, or consider local ablative techniques as part of a multimodal approach.

"
46,"Man, 55 years old, metastatic rectal cancer (RAS wild-type), ten initial liver lesions. After 4 cycles of chemotherapy,liver MRI: three residual lesions <2 cm, CEA decreased from 1100 to 80 ng/mL.
MDT Discussion: Major response, potentially curative situation to be surgically re-evaluated.","Step 1 – Resectability Assessment  
- Classification: Potentially resectable.  
- Justification:  
  • Liver: three residual lesions each <2 cm, no capsular infiltration, no infiltrative pattern reported; size and number fall within conventional criteria for hepatic resection.  
  • Systemic therapy produced a major radiologic response and a marked CEA decline, indicating favorable tumor biology (RAS wild‑type).  
  • Absence of documented vascular or biliary invasion suggests that an anatomic or non‑anatomic resection could achieve negative margins.  
  • Resectability cannot be confirmed without data on hepatic segmental distribution, future liver remnant (FLR) volume, and the presence/absence of extra‑hepatic disease; therefore the case remains “potentially” rather than definitively resectable.

Step 2 – Recommended strategy  
A. Complete staging  
   – Perform contrast‑enhanced thoraco‑abdominal CT (or PET‑CT) and high‑resolution pelvic MRI to:  
     • Exclude occult extra‑hepatic metastases (lung, peritoneum, lymph nodes, bone, brain).  
     • Define the exact hepatic segmental location of each lesion and assess vascular/biliary relationships.  
     • Evaluate the rectal primary for depth of invasion, mesorectal fascia involvement, and need for neoadjuvant chemoradiation.  
   – Calculate FLR using volumetric CT or MRI; consider portal vein embolization (PVE) if FLR <30 % in a normal liver.  

B. Management of the rectal primary  
   – If the rectal tumor is locally advanced (cT3‑4 or threatened mesorectal fascia), deliver standard long‑course chemoradiotherapy (45‑50 Gy with concurrent 5‑FU/Capecitabine).  
   – Re‑stage 6‑8 weeks after chemoradiation; proceed to total mesorectal excision (TME) if resectable and no distant progression.  

C. Continuation of systemic therapy  
   – Maintain or complete a total of 6‑8 cycles of peri‑operative chemotherapy (e.g., FOLFOX or CAPOX) after liver assessment, aiming to consolidate response and treat micrometastatic disease.  

D. Surgical resection of liver metastases  
   – Once extra‑hepatic disease is excluded, FLR is adequate, and the rectal primary is either already resected or scheduled, perform hepatic resection:  
     • Preferred approach: parenchymal‑sparing non‑anatomic or segmental resections of the three lesions, aiming for R0 margins.  
     – Timing:  
        • If rectal chemoradiation is required, a “liver‑first” (hepatectomy before TME) or staged approach (hepatectomy → recovery → TME) is reasonable, given the small hepatic burden and good response.  
        • If the rectal tumor is low‑risk and can be resected without neoadjuvant therapy, a simultaneous colorectal‑liver operation may be considered in a high‑volume center.  

E. Post‑operative adjuvant therapy  
   – Resume systemic chemotherapy (e.g., 3‑6 months) after recovery from surgery, tailored to pathology (margin status, nodal involvement).  

","Step 1 – Resectability assessment
The patient initially presented with ten liver metastases. After 4 cycles of chemotherapy, MRI shows only three residual lesions <2 cm and a major biologic response (CEA from 1100 to 80 ng/mL). Despite this marked response, the initial tumor burden and likely bilobar distribution require careful mapping of all original metastatic sites. This situation is considered resectable after conversion therapy, pending detailed segmental and volumetric reassessment.

Step 2 – Recommended oncologic sequence
A. Mandatory expert restaging
• Perform high-resolution liver MRI with diffusion sequences and meticulous comparison with baseline imaging.
• Precisely localize all initial metastatic sites, including those no longer visible (“disappeared metastases”).
• Calculate the future liver remnant (FLR).

B. Surgical strategy based on the initial disease map
• If technically feasible, plan a parenchymal-sparing, ultrasound-guided approach aiming to resect or ablate all original metastatic locations, not only the three visible lesions.
• Depending on distribution and FLR, this may require a staged hepatectomy.
• The objective is removal or ablation of every original metastatic location.
• Aim for R0 resection while preserving maximal functional liver parenchyma.
• Use intra operative ultrasound to verify lesion location and margins. 
• Ideally, consider minimally invasive approach (laparoscopic or robotic) for liver resection.

C. Integration with rectal primary management
• Local pelvic treatment (radiotherapy ± surgery) should be coordinated during the systemic therapy period according to rectal oncologic principles (PRODIGE 23 protocol).
• After restaging with high-resolution pelvic MRI,
-	If complete morphological rectal tumor response : follow up of primary tumor + resection or ablation of the remaining lesions
-	If near complete morphological rectal tumor response : strict follow up of primary tumor + resection or ablation of the remaining lesions
-	If incomplete morphological rectal tumor response : rectal resection after appropriate recovery: oncologic resection of the upper rectum (low anterior resection with TME principles) + resection or ablation of the remaining lesions
• Coordinate pelvic treatment and timing of rectal surgery with the hepatic surgical plan according to rectal oncologic principles.
• Ideally, consider minimally invasive approach (laparoscopic or robotic) for rectal resection.
• Preoperative prehabilitation and ERAS (Enhanced Recovery After Surgery) protocols are evidence-based, multidisciplinary strategies designed to optimize patient health before surgery and accelerate recovery afterward.

D. Postoperative systemic therapy
• Pathology report : confirmation of tumor type and origin, immunohistochemistry with tumor markers, histological growth pattern, margin status (R0, R1, R2), tumor grade, differentiation, pathologic response score (TRG), necrosis/fibrosis
• Resume systemic therapy after surgery to complete approximately 6 months of total treatment.

E. If complete clearance of all initial sites is not achievable
• Continue systemic therapy and reassess, or consider local ablative techniques as part of a multimodal approach.

"
47,"Woman, 67 years old, T4N2M1 transverse colon cancer, multiple bilobar liver metastases, CEA 600 ng/mL. On FOLFOX: overall stability, two new lesions detected at the thoraco-abdominal CT scan.
MDT Discussion: Limited progression on treatment, question of changing protocol.","Step 1 – Resectability Assessment  
- Current classification: Potentially resectable (borderline).  
- Rationale:  
  • No radiologically evident extra‑hepatic disease (pulmonary, peritoneal, nodal sites assumed absent).  
  • Bilobar liver metastases are present, but the number, size, segmental distribution, and relationship to major vessels are unknown; these factors are critical to determine whether an R0 resection with an adequate future liver remnant (FLR) is feasible.  
  • The primary transverse colon tumor has not been reported as resected; resectability of the primary must be incorporated into the overall plan.  
  • Limited progression on FOLFOX (two new lesions) indicates that disease control is suboptimal, raising concern for systemic spread, but does not yet preclude a surgical attempt if a favorable response can be achieved with an alternative regimen.  

Step 2 - Recommended strategy  
A. Comprehensive restaging  
   - Obtain high‑resolution liver MRI with hepatocyte‑specific contrast, and perform volumetric CT to calculate FLR.  
   - Complete molecular profiling of the primary tumor (KRAS, NRAS, BRAF, MSI‑H, HER2) and assess tumor grade.  
   - Re‑evaluate the primary colon lesion (endoscopic assessment, CT colonography) to determine resectability and need for symptom control.  

B. Systemic therapy optimization  
   - Switch to a more intensive conversion regimen (e.g., FOLFOXIRI ± bevacizumab) or add targeted agents based on molecular results, aiming for maximal tumor shrinkage and control of the new hepatic lesions.  
   - Monitor CEA trend and repeat imaging after 2–3 cycles to assess response.  

C. Surgical planning (contingent on response)  
   - If imaging shows reduction of hepatic disease to a resectable burden (≤4 lesions, ≤5 cm each, no major vascular invasion, and FLR ≥ 30 % in a normal liver or ≥ 40 % after chemotherapy‑associated liver injury), proceed with a combined or staged approach:  
        • First, resect or control the primary transverse colon tumor (segmental colectomy with adequate lymphadenectomy).  
        • Second, perform liver resection—either a single‑stage parenchymal‑sparing hepatectomy if feasible, or a two‑stage/ALPPS strategy if FLR is insufficient.  
   - Ensure intra‑operative ultrasound to confirm lesion clearance and vascular anatomy.  

D. Adjuvant/maintenance therapy and surveillance  
   - Resume systemic therapy post‑operatively (e.g., continuation of bevacizumab or switch to maintenance capecitabine/oxaliplatin) for at least 6 months, tailored to molecular profile.  
   - Schedule CEA monitoring and cross‑sectional imaging (CT or MRI) every 3–4 months for the first 2 years, then semi‑annually.  

","Step 1 – Resectability assessment
The patient has multiple bilobar liver metastases with the appearance of two new lesions while on FOLFOX, indicating disease progression under systemic therapy. The tumor burden, bilobar distribution, and ongoing progression make a complete R0 resection with preservation of an adequate future liver remnant not feasible at this stage. According to hepatobiliary oncologic criteria, this situation is considered unresectable in the current setting.

Step 2 – Recommended oncologic sequence
A. Adaptation of systemic therapy (mandatory)
• The appearance of new lesions under FOLFOX indicates resistance to the current regimen.
• A change of systemic protocol is required according to MDT decision (e.g., switch to FOLFIRI ± targeted therapy depending on molecular profile).
• The objective is to regain disease control and potentially create a future surgical window.

B. Close radiologic reassessment
• Perform high-resolution liver MRI every 2 months to evaluate response to the new regimen.
• Monitor CEA kinetics as a marker of treatment effect.

C. Criteria for reconsidering surgery
• Surgical re-evaluation can be considered only if a significant radiologic response occurs, allowing parenchymal-sparing resection with adequate future liver remnant.

D. If disease remains progressive
• Continue systemic therapy and consider alternative regimens (such as intra-arterial chemotherapy after resection of the primary tumor).
• Consider local palliative approaches if needed according to MDT.

"
48,"Man, 61 years old, left colon cancer, KRAS mutated. Ten initial liver metastases. After chemotherapy: three lesions not visualized, six stable, one progressing (segment VII, 5 cm) at the abdominal CT scan.
MDT Discussion: Heterogeneous response, feasibility of selective local treatment to be discussed.","Step 1 – Resectability Assessment  
- Classification: Potentially resectable (borderline).  
- Justification:  
  • Ten hepatic lesions were present initially; after systemic therapy three have disappeared and six are stable, leaving a single progressing lesion (5 cm in segment VII).  
  • A solitary lesion of this size can be surgically removed (segmentectomy or extended hepatectomy) provided adequate future liver remnant (FLR) and absence of major vascular or biliary invasion.  
  • No extra‑hepatic disease has been documented, but thoracic imaging and comprehensive extra‑hepatic staging are lacking, preventing a definitive “resectable” label.  
  • FLR assessment, vascular involvement, and extra‑hepatic status are required to move from “potentially resectable” to “resectable.”  

Step 2 – Recommended strategy  
A. Complete restaging – obtain thoraco‑abdominal CT (including chest), liver MRI with hepatobiliary contrast, and PET‑CT; measure serum CEA; calculate FLR volume (CT volumetry or MRI) and evaluate portal venous anatomy. Rationale: defines true disease burden, confirms absence of extra‑hepatic metastases, and determines whether the liver remnant will be sufficient after resection.  

B. Continue systemic chemotherapy – maintain or intensify current regimen (e.g., FOLFOX or FOLFIRI) with addition of biologic agent appropriate for KRAS‑mutated disease (anti‑VEGF). Rationale: aims to achieve further tumor shrinkage of the progressing segment VII lesion and to treat any occult microscopic disease.  

C. Local control of the progressing hepatic lesion – if after restaging the lesion remains solitary and resectable, proceed with either:  
   • Portal vein embolization (PVE) of the right liver (or appropriate sector) to augment FLR, followed by anatomical resection of segment VII (or right hepatectomy if required); or  
   • Image‑guided ablative therapy (microwave or radiofrequency) if FLR is insufficient or vascular involvement precludes safe resection.  
   Rationale: addresses the only site of progression while preserving hepatic function.  

D. Management of the primary colon tumor – if the primary has not yet been resected, schedule curative colectomy (preferably after hepatic control, but simultaneous resection can be considered if patient fitness permits and operative time is acceptable). Rationale: eliminates the source of further metastatic seeding and completes oncologic treatment of the primary.  

","Step 1 – Resectability assessment
The patient initially had ten liver metastases. After chemotherapy, three lesions are no longer visualized, six remain stable, and one lesion in segment VII has progressed to 5 cm. This heterogeneous response, with persistent multifocal disease and one progressing focus, makes a complete R0 resection of all initial metastatic sites unlikely while preserving an adequate future liver remnant. According to hepatobiliary oncologic criteria, this situation is considered unresectable at this stage, though selective local strategies may be considered.

Step 2 – Recommended oncologic sequence
A. Reassessment of systemic strategy
• The progressing segment VII lesion indicates partial resistance to current chemotherapy.
• Adaptation of systemic therapy should be discussed in MDT to regain global disease control.

B. Detailed restaging and mapping
• Perform high-resolution liver MRI with comparison to baseline imaging to localize all initial sites, including the “disappeared” lesions.
• Assess the precise anatomy of the progressing segment VII lesion and overall tumor distribution.
• Calculate the future liver remnant (FLR).

C. Consideration of selective local treatment
• If systemic control is regained, a combined strategy may be considered:
– Parenchymal-sparing resection of the progressing segment VII lesion.
– Possible ablation/resection of other accessible stable lesions.
• The objective would be cytoreduction rather than complete clearance unless all initial sites can be addressed.

D. If global control cannot be achieved
• Continue systemic therapy and consider local ablative techniques for symptomatic or dominant lesions.
• If systemic therapy achieves only partial control, consider alternative regimens (such as local ablative techniques or intra-arterial chemotherapy after resection of the primary tumor).

"
49,"Woman, 59 years old, metastatic rectal adenocarcinoma with initial bilobar involvement. After 6 cycles FOLFOXIRI: complete disappearance of lesions at the thoraco-abdominal CT scan, CEA normal.
MDT Discussion: Radiological complete response, need to assess risk of occult residual disease.","Step 1 – Resectability Assessment  
• Classification: Potentially resectable (requires further evaluation).  
• Justification:  
  – Initial disease was bilobar, indicating that a curative‑intent liver resection would be technically demanding and would depend on future liver remnant (FLR) adequacy, which is not reported.  
  – Post‑chemotherapy imaging shows a radiologic complete response, but occult viable tumor can persist despite disappearance on CT; therefore surgical exploration or high‑resolution imaging is needed before declaring resectability.  
  – No extra‑hepatic disease is identified on current scans, which is favorable.  
  – Absence of data on vascular involvement, lesion size, number, and FLR prevents a definitive “resectable” label.  

Step 2 – Recommended strategy  
A. Restaging and high‑resolution imaging  
   – Obtain liver MRI with diffusion‑weighted sequences (and gadoxetate if available) and a PET‑CT to detect residual hepatic or occult extra‑hepatic disease.  
   – Perform pelvic MRI and/or endoscopic evaluation to define the status of the rectal primary (size, depth, mesorectal nodes).  
   – Rationale: Accurate mapping will confirm true complete response, assess FLR, and guide surgical planning.  

B. Assessment of the rectal primary  
   – If the primary tumor has not been resected, initiate standard neoadjuvant chemoradiotherapy for locally advanced rectal cancer, followed by total mesorectal excision (TME).  
   – Rationale: Control of the primary lesion is essential before any definitive liver‑directed surgery and improves oncologic outcomes.  

C. Surgical exploration of the liver (or ablative approach)  
   – If imaging suggests residual disease or if the FLR is adequate, proceed with intra‑operative ultrasound‑guided liver resection or, alternatively, parenchymal‑sparing resections/ablation of any detectable lesions.  
   – If no viable disease is identified, consider a “watch‑and‑wait” policy with close surveillance rather than prophylactic resection.  
   – Rationale: Surgical clearance offers the only chance for cure when viable disease persists; otherwise, unnecessary hepatectomy carries morbidity without benefit.  

D. Adjuvant systemic therapy and surveillance  
   – Depending on pathology (if resection performed) and molecular profile, continue or de‑escalate systemic chemotherapy (e.g., maintenance FOLFOX or capecitabine).  
   – Implement a surveillance schedule: CEA every 3 months, contrast‑enhanced CT or MRI of chest/abdomen every 6 months for the first 2 years, then annually.  
   – Rationale: High risk of recurrence after initial metastatic disease warrants continued systemic control and early detection of relapse.  

","Step 1 – Resectability assessment
The patient initially had bilobar liver metastases. After 6 cycles of FOLFOXIRI, CT shows complete radiological disappearance of all lesions and CEA has normalized. Despite this apparent complete response, the high risk of occult residual microscopic disease at the sites of the initial metastases makes the situation potentially resectable after conversion therapy, but not safely classifiable as disease-free without precise remapping of the original disease.

Step 2 – Recommended oncologic sequence
A. Mandatory expert restaging
• Perform high-resolution liver MRI with diffusion-weighted sequences and compare meticulously with baseline imaging.
• Precisely localize all initial metastatic sites, even if no lesion is currently visible.
• Calculate the future liver remnant (FLR).

B. Surgical strategy based on the initial disease map
• If technically feasible, plan a parenchymal-sparing, ultrasound-guided approach targeting the original metastatic locations, not only visible lesions.
• Intra-operative ultrasound is essential to detect occult residual disease.
• Depending on distribution, a staged approach may be required.

C. If surgical targeting of all initial sites is not feasible
• Continue systemic therapy and close imaging surveillance.
• Consider local ablative techniques as part of a multimodal strategy.

D. Integration with rectal primary management
• Local pelvic treatment (radiotherapy ± surgery) should be coordinated during the systemic therapy period according to rectal oncologic principles (PRODIGE 23 protocol).
• After restaging with high-resolution pelvic MRI,
-	If complete morphological rectal tumor response : follow up of primary tumor + resection or ablation of the remaining lesions
-	If near complete morphological rectal tumor response : strict follow up of primary tumor + resection or ablation of the remaining lesions
-	If incomplete morphological rectal tumor response : rectal resection after appropriate recovery: oncologic resection of the upper rectum (low anterior resection with TME principles) + resection or ablation of the remaining lesions
• Coordinate pelvic treatment and timing of rectal surgery with the hepatic surgical plan according to rectal oncologic principles.
• Ideally, consider minimally invasive approach (laparoscopic or robotic) for rectal resection.
• Preoperative prehabilitation and ERAS (Enhanced Recovery After Surgery) protocols are evidence-based, multidisciplinary strategies designed to optimize patient health before surgery and accelerate recovery afterward.

E. Postoperative systemic therapy
• Pathology report : confirmation of tumor type and origin, immunohistochemistry with tumor markers, histological growth pattern, margin status (R0, R1, R2), tumor grade, differentiation, pathologic response score (TRG), necrosis/fibrosis
• If surgery is performed, resume systemic therapy to complete approximately 6 months of total treatment.

"
50,"Man, 68 years old, right T4N2M1 colon cancer with bulky metastases. After 8 cycles of chemotherapy: incomplete reduction, persistence of three lesions >5 cm. CEA 450 ng/mL.
MDT Discussion: Partial response insufficient, no criteria for immediate resectability.","Step 1 – Resectability Assessment  
- Classification: Potentially resectable (borderline) but not currently resectable.  
- Rationale: Three hepatic lesions each >5 cm after 8 cycles of chemotherapy indicate bulky disease; MDT already judged “partial response insufficient, no criteria for immediate resectability.” Critical determinants for resectability (segmental distribution, vascular or biliary invasion, future liver remnant volume, and presence of extra‑hepatic disease) are not documented, preventing a definitive resectable designation. The lesions remain technically resectable only if down‑staged to ≤5 cm, limited to ≤4 lesions, with adequate FLR and no major vascular involvement.

Step 2 – Recommended strategy  
A. Continue systemic conversion therapy  
   • Maintain or intensify current chemotherapy regimen (e.g., FOLFOX/FOLFIRI) and add biologic agent based on molecular profile (anti‑EGFR if RAS wild‑type, anti‑VEGF otherwise).  
   • Goal: achieve further tumor shrinkage to meet resectability criteria.  

B. Comprehensive restaging imaging  
   • Perform high‑resolution liver MRI with hepatobiliary contrast, triphasic abdominal CT, and thoraco‑abdominal‑pelvic CT (or PET‑CT) to define lesion number, segmental location, vascular/biliary involvement, and to detect occult extra‑hepatic metastases.  

C. Re‑assessment of resectability after imaging  
   • If lesions reduce to ≤5 cm, involve ≤4 segments, and FLR ≥30 % (≥40 % in steatotic liver), proceed to surgical planning.  
   • If FLR is insufficient, consider portal vein embolization or associating liver partition and portal vein ligation for staged hepatectomy (ALPPS) to augment remnant.  

D. Surgical phase (when criteria met)  
   • Simultaneous or staged resection of the primary right‑colon tumor (if not already removed) together with curative‑intent liver resection (anatomical or non‑anatomical) aiming for R0 margins.  
   • Intra‑operative ultrasound to confirm lesion clearance and assess vascular anatomy.  

E. If down‑staging fails or extra‑hepatic disease is identified  
   • Evaluate local ablative options (radiofrequency or microwave ablation) for lesions unsuitable for resection.  
   • Consider continuation of systemic therapy with best‑supportive care, enrolling in clinical trials if appropriate.  

","Step 1 – Resectability assessment
The patient initially had bulky liver metastases. After 8 cycles of chemotherapy, there is only partial reduction with persistence of three large lesions >5 cm and persistently elevated CEA (450 ng/mL). The residual tumor burden and limited response make a complete R0 resection with preservation of an adequate future liver remnant not achievable at this stage. According to hepatobiliary oncologic criteria, this situation is considered unresectable in the current setting.

Step 2 – Recommended oncologic sequence
A. Adaptation of systemic therapy (mandatory)
• The insufficient response to current chemotherapy requires modification of the systemic regimen or consider intra arterial chemotherapy after resection of the primary cancer, according to MDT decision.
• The objective remains to achieve further tumor downsizing that may open a future surgical window.

B. Close radiologic reassessment
• Perform high-resolution liver MRI every 2 months to evaluate response to the new regimen.
• Given the high CEA level (450 ng/mL), perform high-resolution 18FDG PET-CT to confirm absence of additional occult lesions.
• Monitor CEA kinetics as a marker of treatment effect.

C. Criteria for reconsidering surgery
• Surgical re-evaluation can be considered only if a significant radiologic response occurs, reducing lesion size and allowing parenchymal-sparing resection with adequate future liver remnant.

D. If disease remains insufficiently responsive
• Continue systemic therapy and consider local palliative approaches if needed according to MDT.

"
51,"Man, 63 years old, operated two years earlier with a right hepatectomy for synchronous metastases from a left colon cancer. Surveillance: CEA 220 ng/mL. Liver MRI: two lesions segments II and III (2.1 and 3.4 cm). KRAS mutated.
MDT Discussion: Contralateral liver recurrence, anatomically accessible, no extra-hepatic disease.","Step 1 – Resectability Assessment  
• Classification: Potentially resectable.  
• Rationale:  
  – Two isolated hepatic lesions (2.1 cm in segment II, 3.4 cm in segment III) with no vascular or biliary invasion.  
  – No radiologically evident extra‑hepatic disease.  
  – Prior right hepatectomy leaves left liver (segments II‑IV) as remnant; removal of segments II‑III would leave only segment IV (and caudate) as future liver remnant (FLR).  
  – Adequacy of FLR has not been quantified; without volumetric data the FLR is likely borderline (<20 % of total liver volume), making the case “potentially” rather than outright resectable.  

Step 2 – Recommended strategy  
A. Restaging and complete staging  
   – Obtain a contrast‑enhanced thoraco‑abdominal CT (or PET‑CT) and a triphasic liver CT to confirm absence of extra‑hepatic disease and to delineate arterial, portal and hepatic venous anatomy.  
   – Perform CT volumetry (or MRI volumetry) to calculate the FLR after a hypothetical left‑lateral (II‑III) resection.  

B. Systemic therapy (neoadjuvant)  
   – Initiate a KRAS‑mutated regimen (e.g., FOLFIRI ± bevacizumab) for 2–3 months to treat micrometastatic disease, assess tumor biology, and potentially down‑size the lesions.  

C. FLR optimization (if FLR insufficient)  
   – If volumetry shows FLR <20‑30 % (depending on liver quality), proceed with portal vein embolization of the portal branches feeding segments II‑III (segmental PVE) or consider a staged approach (e.g., ALPPS‑type hypertrophy) to induce hypertrophy of segment IV.  

D. Definitive local treatment  
   – If post‑PVE FLR becomes adequate, perform a left‑lateral sectionectomy (segments II‑III) with intra‑operative ultrasound to achieve R0 margins.  
   – If FLR remains inadequate or patient is unfit for major resection, treat the lesions with percutaneous ablative modalities (RFA/MWA) or stereotactic body radiotherapy as an alternative parenchymal‑sparing strategy.  

E. Post‑operative management  
   – Resume systemic therapy (adjuvant or continuation) based on pathological response and multidisciplinary discussion.  

","Step 1 – Resectability assessment
The patient presents with two metachronous liver metastases in segments II and III (2.1 and 3.4 cm) occurring in the left lateral section after a prior right hepatectomy, without evidence of extrahepatic disease. The lesions are peripherally located but arise in the only remaining functional liver. Resection is technically feasible but must strictly preserve adequate parenchyma and inflow/outflow. According to hepatobiliary oncologic criteria in the setting of previous major hepatectomy, this pattern is considered resectable with a strict parenchymal-sparing strategy, pending volumetric confirmation.

Step 2 – Recommended oncologic sequence
A. Mandatory preoperative volumetric and vascular assessment
• Perform high-resolution liver MRI and contrast-enhanced CT to define precise vascular and biliary relationships.
• Calculate the future liver remnant (which is the current liver) and ensure preservation of sufficient functional parenchyma.
• Assess portal inflow and venous outflow carefully given prior right hepatectomy.

B. Peri-operative systemic therapy
• Given the elevated CEA (220 ng/mL) and early recurrence, a short course (2–3 months) of peri-operative doublet chemotherapy (FOLFOX or FOLFIRI ± bevacizumab) may be considered.
• KRAS mutation excludes anti-EGFR therapy.

C. Restaging before surgery
• Perform high-resolution liver MRI and enhanced CT-scan after chemotherapy to confirm maintained resectability and reassess lesion relationships.

D. Surgical management after restaging
• If resectability and adequate FLR are confirmed, perform parenchymal-sparing resections or ablation of the 2 lesions of segments II and III aiming for R0 margins.
• Avoid any formal left hepatectomy or extended resection.
• Depending on lesion distribution and FLR, this may be performed in a single stage or staged approach.
• Use intra operative ultrasound to verify lesion location and margins. 
• Ideally, consider minimally invasive approach (laparoscopic or robotic) for liver resection.
• Preoperative prehabilitation and ERAS (Enhanced Recovery After Surgery) protocols are evidence-based, multidisciplinary strategies designed to optimize patient health before surgery and accelerate recovery afterward.
E. Postoperative therapy and surveillance
• Pathology report : confirmation of tumor type and origin, immunohistochemistry with tumor markers, histological growth pattern, margin status (R0, R1, R2), tumor grade, differentiation, pathologic response score (TRG), necrosis/fibrosis
• Complete a total of 6 months of systemic chemotherapy including pre-operative cycles if given.
• Close surveillance with CEA and imaging every 3 months.

"
52,"Woman, 70 years old, history of left R0 hepatectomy for liver metastases three years ago. CEA 180 ng/mL. Liver MRI: single lesion segment VIII (3.8 cm) in contact with the IVC. RAS wild-type.
MDT Discussion: Deep solitary recurrence, technical assessment of resection required.","Step 1 – Resectability Assessment  
• Classification: Potentially resectable (not outright resectable nor unresectable).  
• Rationale:  
  – Single metachronous liver lesion, 3.8 cm, confined to segment VIII, meets size and number criteria for hepatic resection.  
  – Prior left hepatectomy reduces future liver remnant; FLR volume is unknown, therefore adequacy cannot be confirmed.  
  – Lesion contacts the inferior vena cava, raising concern for vascular invasion; resection may require IVC control or reconstruction, which is technically feasible in experienced centers but must be evaluated.  
  – No documented extra‑hepatic disease, but imaging of chest/abdomen is missing; absence of extra‑hepatic metastases is required for curative intent.  
  – High CEA (180 ng/mL) suggests active disease; response to systemic therapy would help confirm biologic aggressiveness.  

Step 2 – Recommended strategy  
A. Comprehensive restaging  
   – Perform contrast‑enhanced thoraco‑abdominal CT (or PET‑CT) and repeat liver MRI with volumetry; assess IVC involvement depth, hepatic arterial/portal anatomy, and calculate FLR ratio.  
   – Obtain full laboratory panel (LFTs, bilirubin, albumin, INR, ICG clearance) and assess performance status/comorbidities.  
   Rationale: Determines true resectability, FLR adequacy, and rules out occult extra‑hepatic disease.  

B. Neoadjuvant systemic therapy  
   – Initiate 2–3 months of oxaliplatin‑based doublet (e.g., FOLFOX) combined with anti‑EGFR monoclonal antibody (cetuximab or panitumumab) given RAS wild‑type status.  
   Rationale: Treats potential micrometastatic disease, may down‑size the IVC‑contacting lesion, and provides a biologic test of disease control (CEA trend, radiologic response).  

C. Re‑assessment and operative planning  
   – Repeat imaging after chemotherapy; if lesion remains resectable and FLR ≥ 30 % (≥ 40 % if underlying liver disease), proceed to hepatic resection.  
   – If FLR insufficient, consider portal vein embolization (PVE) or associating liver partition and portal vein ligation for staged hepatectomy (ALPPS) before definitive resection.  
   – Plan for segment VIII resection with possible IVC tangential resection or patch repair; involve vascular surgery for reconstruction if needed.  
   Rationale: Ensures safe hepatic reserve and addresses vascular involvement while aiming for R0 margins.  

D. Post‑operative management  
   – Pathologic assessment of margins and response; if R0 achieved, resume adjuvant chemotherapy to complete a total of 6 months systemic therapy.  
   – Serial CEA monitoring and imaging surveillance per standard guidelines.  
   Rationale: Consolidates oncologic control and detects early recurrence.  

","Step 1 – Resectability assessment
The patient presents with a single metachronous liver recurrence in segment VIII (3.8 cm) occurring after a prior left R0 hepatectomy. The lesion is deep and in contact with the IVC, in the only remaining right liver. Although solitary, the location adjacent to the IVC and the reduced liver reserve make resection technically demanding. According to hepatobiliary oncologic criteria in the setting of prior major hepatectomy, this pattern is considered potentially resectable, pending detailed vascular and volumetric assessment.

Step 2 – Recommended oncologic sequence
A. Mandatory preoperative vascular and volumetric assessment
• Perform expert liver MRI and contrast-enhanced CT to precisely evaluate the relationship of the lesion to the IVC and right hepatic vein.
• Calculate the future liver remnant (which is the current liver) and assess inflow/outflow preservation.
• Evaluate whether R0 resection can be achieved without caval reconstruction.

B. Consider short peri-operative systemic therapy
• Given the elevated CEA (180 ng/mL) and recurrence, a short course (2–3 months) of peri-operative doublet chemotherapy (FOLFOX or FOLFIRI ± anti-EGFR given RAS wild-type status) may be considered to treat micrometastatic disease and assess tumor biology.

C. Restaging before surgery
• Perform high-resolution liver MRI and enhanced CT-scan after chemotherapy to confirm maintained resectability and reassess lesion relationships.

D. Surgical management (parenchymal-sparing mandatory)
• If resectability is confirmed, proceed with an ultrasound-guided parenchymal-sparing resection of segment VIII.
• The goal is R0 resection while strictly preserving hepatic inflow/outflow.
• Intra-operative ultrasound is essential.
• Ideally, consider minimally invasive approach (laparoscopic or robotic) for liver resection.
• Preoperative prehabilitation and ERAS (Enhanced Recovery After Surgery) protocols are evidence-based, multidisciplinary strategies designed to optimize patient health before surgery and accelerate recovery afterward.

E. Postoperative therapy and surveillance
• Pathology report : confirmation of tumor type and origin, immunohistochemistry with tumor markers, histological growth pattern, margin status (R0, R1, R2), tumor grade, differentiation, pathologic response score (TRG), necrosis/fibrosis
• Complete a total of 6 months of systemic chemotherapy including pre-operative cycles if given.
• Close surveillance with CEA and imaging every 3 months.

"
53,"Man, 59 years old, left hepatectomy performed two years prior. Liver MRI: three new lesions (segments V, VI, VII) measuring 1.5 to 2.8 cm.On the thoracic CT scan no other metastases. KRAS mutated, CEA 480 ng/mL.
MDT Discussion: Multiple liver recurrence, feasibility of local treatment to be re-evaluated.","Step 1 – Resectability Assessment  
• Classification: Potentially resectable (requires further evaluation).  
• Justification:  
  – Three metachronous liver metastases (1.5‑2.8 cm) are limited to right‑liver segments V, VI, VII, which are technically resectable with parenchyma‑sparing or segmental resections.  
  – No extra‑hepatic disease on thoracic CT.  
  – Prior left hepatectomy leaves only the right liver as future liver remnant (FLR). The volume of remaining liver after resecting V‑VII could be insufficient; FLR ratio is not provided.  
  – Absence of data on vascular or biliary involvement, liver function, and volumetry prevents a definitive “resectable” label. Hence the case is deemed potentially resectable pending FLR and functional assessment.

Step 2 – Recommended strategy  
A. Restaging and functional assessment  
   – Obtain contrast‑enhanced CT of chest/abdomen/pelvis (if not already done) and MRI with hepatocyte‑specific contrast.  
   – Perform liver volumetry to calculate FLR percentage; assess liver function (ICG clearance, bilirubin, albumin, platelet count).  
   – Rationale: Determines whether sufficient hepatic reserve exists for curative resection or whether alternative local therapies are required.  

B. Systemic conversion therapy  
   – Initiate a KRAS‑mutated‑appropriate regimen (e.g., FOLFOXIRI ± bevacizumab) for 2–3 months.  
   – Rationale: Down‑size lesions, treat occult micrometastases, and potentially increase the chance of achieving an R0 resection while preserving liver parenchyma.  

C. Re‑assessment after systemic therapy  
   – Repeat MRI and volumetry; evaluate response (RECIST) and FLR.  
   – Rationale: Confirms whether lesions have become amenable to parenchyma‑sparing surgery or if ablative approaches are preferable.  

D. Local treatment (chosen based on re‑assessment)  
   – If FLR ≥ 30 % (non‑cirrhotic) and no major vascular invasion: proceed with parenchyma‑sparing non‑anatomic resections or limited segmentectomies of segments V‑VII, guided by intra‑operative ultrasound.  
   – If FLR insufficient or vascular involvement precludes safe resection: treat each lesion with percutaneous image‑guided ablation (RFA or MWA), given size ≤3 cm.  
   – Rationale: Achieve local disease control while preserving hepatic reserve; ablation is appropriate for small, peripheral lesions when resection would leave an inadequate FLR.  

E. Post‑local‑therapy systemic consolidation  
   – Continue systemic chemotherapy to complete a total of 6 months (or per multidisciplinary protocol).  
   – Monitor CEA and imaging every 3 months.  
   – Rationale: Reduces risk of further recurrence and addresses possible microscopic disease.

","Step 1 – Resectability assessment
The patient presents with three metachronous liver metastases (segments V, VI, VII; 1.5–2.8 cm) occurring after a prior left hepatectomy, without reported extrahepatic disease. The lesions are located in the only remaining right liver and appear peripherally distributed. Resection may be technically feasible with a strict parenchymal-sparing strategy while preserving adequate inflow/outflow and functional reserve. According to hepatobiliary oncologic criteria in the setting of previous major hepatectomy, this pattern is considered potentially resectable, pending detailed vascular and volumetric assessment.

Step 2 – Recommended oncologic sequence
A. Mandatory preoperative vascular and volumetric assessment
• Perform expert liver MRI and contrast-enhanced CT to precisely define vascular and biliary relationships of the three lesions.
• Calculate the future liver remnant (which is the current liver) and assess portal inflow and hepatic venous outflow.
• Given the high CEA level (480 ng/mL) and multifocal recurrence, perform high-resolution 18FDG PET-CT

B. Consider short peri-operative systemic therapy
• Given the high CEA level (480 ng/mL) and multifocal recurrence, a short course (2–3 months) of peri-operative doublet chemotherapy (FOLFOX or FOLFIRI ± bevacizumab) is advisable.
• KRAS mutation excludes anti-EGFR therapy.
• This period allows assessment of tumor biology and potential further downsizing.

C. Surgical management (parenchymal-sparing mandatory)
• If resectability is confirmed, proceed with ultrasound-guided wedge/segmental resections or ablation of segments V, VI, and VII.
• Avoid any major resection and preserve maximal functional parenchyma.
• Intra-operative ultrasound is essential.
• The goal is R0 resection while strictly preserving hepatic inflow/outflow.
• Intra-operative ultrasound is essential.
• Ideally, consider minimally invasive approach (laparoscopic or robotic) for liver resection.
• Preoperative prehabilitation and ERAS (Enhanced Recovery After Surgery) protocols are evidence-based, multidisciplinary strategies designed to optimize patient health before surgery and accelerate recovery afterward.

E. Postoperative therapy and surveillance
• Pathology report : confirmation of tumor type and origin, immunohistochemistry with tumor markers, histological growth pattern, margin status (R0, R1, R2), tumor grade, differentiation, pathologic response score (TRG), necrosis/fibrosis
• Complete a total of 6 months of systemic chemotherapy including pre-operative cycles if administered.
• Close surveillance with CEA and imaging every 3 months.

"
54,"Woman, 65 years old, right hepatectomy for metastases in 2022. Surveillance: CEA 150 ng/mL. Liver MRI: two lesions segments II and III (2.3 and 3.1 cm). BRAF wild-type.
MDT Discussion: Late liver recurrence, no other locations, satisfactory liver volume.","Step 1 – Resectability Assessment  
- Classification: Potentially resectable.  
- Rationale: • Two isolated hepatic lesions (2.3 cm and 3.1 cm) confined to segments II and III, amenable to a left‑lateral (segmental) resection or parenchymal‑sparing approach. • FLR ratio reported as compatible with surgery, indicating sufficient residual liver volume after resection. • No documented extra‑hepatic disease on available imaging; however, chest CT has not been performed, so pulmonary metastases cannot be excluded. • Vascular, biliary, or capsular invasion of the lesions is not described; absence of this information precludes a definitive “resectable” label. Consequently, the case is considered potentially resectable pending completion of staging and confirmation of absence of contraindicating factors.

Step 2 – Recommended strategy  
A. Comprehensive restaging  
   – Obtain thoracic CT (or PET‑CT) to exclude pulmonary metastases; consider bone scan or MRI brain if clinically indicated.  
   – Review prior pathology (primary tumor resection status, margins, KRAS/NRAS status) and assess performance status and comorbidities.  
B. Systemic therapy (neoadjuvant)  
   – Initiate peri‑operative chemotherapy (e.g., FOLFOX ± biologic agent) given recurrence after prior hepatectomy and elevated CEA, aiming to down‑size disease, treat occult micrometastases, and assess tumor biology.  
C. Surgical resection  
   – If restaging confirms isolated hepatic disease and no vascular/biliary involvement, proceed with a left‑lateral segmentectomy (segments II‑III) or an anatomic/non‑anatomic parenchymal‑sparing resection, preserving maximal future liver remnant.  
   – Intra‑operative ultrasound to verify lesion margins and detect additional occult lesions.  
D. Post‑operative management  
   – Resume/adapt systemic therapy as adjuvant treatment based on pathology (margin status, response).  
   – Implement intensive surveillance (CEA, cross‑sectional imaging) every 3–6 months.  

","Step 1 – Resectability assessment
The patient presents with two metachronous liver metastases in segments II and III (2.3 and 3.1 cm) occurring after a prior right hepatectomy, without evidence of extrahepatic disease. The lesions are peripherally located in the remaining left liver and appear technically amenable to strict parenchymal-sparing resections while preserving adequate inflow/outflow and functional reserve. According to hepatobiliary oncologic criteria in the setting of previous major hepatectomy, this pattern is considered resectable, pending detailed vascular and volumetric confirmation.

Step 2 – Recommended oncologic sequence
A. Mandatory preoperative vascular and volumetric assessment
• Perform high-resolution liver MRI and contrast-enhanced CT to define precise vascular and biliary relationships.
• Calculate the future liver remnant (which is the current liver) and confirm preservation of portal inflow and hepatic venous outflow.

B. Consider peri-operative systemic therapy
• Given the elevated CEA (150 ng/mL) and recurrence, a short course (2–3 months) of peri-operative doublet chemotherapy (FOLFOX or FOLFIRI ± bevacizumab) may be considered to address potential micrometastatic disease.

C. Surgical management (parenchymal-sparing mandatory)
• Proceed with ultrasound-guided wedge/segmental resections or ablation of segments II and III aiming for R0 margins while preserving maximal functional parenchyma.
• Avoid any major resection and preserve maximal functional parenchyma.
• Intra-operative ultrasound is essential.
• The goal is R0 resection while strictly preserving hepatic inflow/outflow.
• Intra-operative ultrasound is essential.
• Ideally, consider minimally invasive approach (laparoscopic or robotic) for liver resection.
• Preoperative prehabilitation and ERAS (Enhanced Recovery After Surgery) protocols are evidence-based, multidisciplinary strategies designed to optimize patient health before surgery and accelerate recovery afterward.

D. Postoperative therapy and surveillance
• Pathology report : confirmation of tumor type and origin, immunohistochemistry with tumor markers, histological growth pattern, margin status (R0, R1, R2), tumor grade, differentiation, pathologic response score (TRG), necrosis/fibrosis
• Complete a total of 6 months of systemic chemotherapy including pre-operative cycles if administered.
• Close surveillance with CEA and imaging every 3 months.

"
55,"Man, 67 years old, history of bisegmentectomy V-VI. Liver MRI: recurrence segment IVa (2.6 cm) and suspicious lesion segment VIII (1.9 cm).No other metastases at the thoracic  CT scan. CEA 250 ng/mL, KRAS mutated.
MDT Discussion: Bilobar recurrence on partially resected liver, question of surgical or thermo-ablative approach.","Step 1 – Resectability Assessment  
- Classification: Potentially resectable.  
- Justification:  
  • Only two hepatic lesions (2.6 cm in segment IVa and 1.9 cm in segment VIII) are present, both ≤3 cm, which meets conventional size criteria for curative intent.  
  • Bilobar distribution does not preclude resection when limited to ≤4 lesions and when adequate future liver remnant (FLR) can be preserved.  
  • Prior bisegmentectomy V‑VI has already removed ~20‑30 % of hepatic parenchyma; the remaining left lateral sectors (II‑III‑IV) and right posterior sector (VII‑VIII) are still present, suggesting that a limited segmental resection or combined resection/ablation could leave an acceptable FLR, provided volumetric analysis confirms ≥30 % FLR in a non‑cirrhotic liver.  
  • No extra‑hepatic disease is identified on thoracic CT.  
  • Missing data (vascular involvement, FLR calculation, liver function, performance status) prevent a definitive “resectable” label; therefore the case is deemed potentially resectable pending further assessment.

Step 2 – Recommended strategy  
A. Comprehensive restaging and functional assessment  
   – Obtain contrast‑enhanced triphasic abdominal CT (or repeat MRI) with volumetry to calculate FLR and evaluate vascular anatomy, biliary proximity, and any occult disease.  
   – Perform baseline liver function tests (bilirubin, INR, albumin, platelet count) and assess performance status (ECOG/ASA).  

B. Neoadjuvant systemic therapy  
   – Initiate an oxaliplatin‑based regimen (e.g., FOLFOX ± bevacizumab) given KRAS mutation and markedly elevated CEA, aiming for disease control and potential tumor shrinkage.  
   – Re‑evaluate after 2–3 months of therapy with imaging to confirm stability or response and to reassess resectability.  

C. Local treatment of hepatic disease  
   – If post‑chemotherapy imaging shows persistent, resectable lesions and FLR ≥30 % (≥40 % if underlying liver disease), proceed with curative‑intent surgery:  
        • Segment IVa anatomical resection (or wedge resection) combined with segment VIII resection, preserving enough left lateral and right posterior parenchyma.  
   – If segment VIII lesion is adjacent to major vessels or FLR would be compromised, consider percutaneous image‑guided ablation (microwave or radiofrequency) for that lesion while surgically resecting segment IVa.  

D. Adjuvant therapy and surveillance  
   – Resume or complete systemic chemotherapy post‑operatively (e.g., 3–6 months) based on pathology and response.  
   – Serial CEA monitoring and imaging (CT or MRI) every 3–6 months for the first 2 years, then annually.  

","Step 1 – Resectability assessment
The patient presents with two liver lesions after prior bisegmentectomy V–VI: a 2.6 cm recurrence in segment IVa and a 1.9 cm suspicious lesion in segment VIII, without reported extrahepatic disease. This represents bilobar recurrence in a previously partially resected liver. Both lesions appear technically accessible to local treatment with preservation of adequate inflow/outflow and functional reserve. According to hepatobiliary oncologic criteria in the setting of prior parenchymal loss, this pattern is considered resectable with a parenchymal-sparing or thermo-ablative strategy, pending detailed vascular and volumetric assessment.

Step 2 – Recommended oncologic sequence
A. Mandatory preoperative vascular and volumetric assessment
• Perform high-resolution liver MRI and contrast-enhanced CT to define precise vascular and biliary relationships of segments IVa and VIII.
• Calculate the future liver remnant (current liver) and assess portal inflow and hepatic venous outflow.
• Given the high CEA level (250 ng/mL) and multifocal recurrence, perform high-resolution 18FDG PET-CT

B. Consider peri-operative systemic therapy
• Given the elevated CEA (250 ng/mL), no information about timing of recurrence and KRAS mutation, a short course (2–3 months) of peri-operative doublet chemotherapy (FOLFOX or FOLFIRI ± bevacizumab) is advisable to treat micrometastatic disease and assess tumor biology.

C. Choice of local treatment strategy
• Given prior resection and limited lesions, a combined approach is appropriate:
– Parenchymal-sparing wedge/segmental resection of the segment IVa lesion if safely achievable.
– Thermo-ablation (e.g., microwave/RFA) of the small segment VIII lesion if its location makes resection unnecessarily parenchyma-consuming.
• Intra-operative ultrasound is essential to guide both resection and ablation.
• Intra-operative ultrasound is essential.
• The goal is R0 resection while strictly preserving hepatic inflow/outflow.
• Ideally, consider minimally invasive approach (laparoscopic or robotic) for liver resection.
• Preoperative prehabilitation and ERAS (Enhanced Recovery After Surgery) protocols are evidence-based, multidisciplinary strategies designed to optimize patient health before surgery and accelerate recovery afterward.

D. Postoperative therapy and surveillance
• Pathology report : confirmation of tumor type and origin, immunohistochemistry with tumor markers, histological growth pattern, margin status (R0, R1, R2), tumor grade, differentiation, pathologic response score (TRG), necrosis/fibrosis
• Complete approximately 6 months of systemic therapy including pre-operative cycles if administered.
• Close follow-up with CEA and imaging every 3 months.

"
56,"Woman, 61 years old, extended right hepatectomy performed three years earlier. Surveillance: CEA 360 ng/mL. Liver MRI: single metastasis segment III (3.8 cm). KRAS mutated.
MDT Discussion: Contralateral liver recurrence, potentially resectable depending on future liver remnant.","Step 1 – Resectability Assessment  
- Classification: Potentially resectable.  
- Rationale: The recurrence is a solitary 3.8 cm lesion in segment III, metachronous, with no reported extra‑hepatic disease. However, the patient previously underwent an extended right hepatectomy, leaving only the left lateral sector (segments II‑III). Resection of segment III would leave a very small future liver remnant (FLR), and the adequacy of the FLR has not been quantified. Therefore, resectability depends on volumetric assessment and possible FLR augmentation; it cannot be declared outright resectable nor unresectable at this stage.

Step 2 – Recommended strategy  
A. Comprehensive restaging  
   - Obtain thoraco‑abdominal CT (or PET‑CT) and full liver MRI with volumetry to (i) confirm absence of extra‑hepatic metastases, (ii) define vascular anatomy, (iii) calculate FLR percentage.  
   - Rationale: Accurate staging is mandatory before any definitive oncologic decision; FLR assessment will determine feasibility of surgery or need for hypertrophy strategies.  

B. Systemic therapy (neoadjuvant)  
   - Initiate an effective chemotherapy regimen (e.g., FOLFOXIRI ± bevacizumab) given KRAS mutation and markedly elevated CEA.  
   - Rationale: Controls occult disease, may downsize the hepatic lesion, and provides a window to assess tumor biology; also allows time for FLR hypertrophy if a portal‑vein based strategy is planned.  

C. FLR augmentation (if FLR < 30 % of total liver volume)  
   - Consider left portal vein embolization (PVE) of segment II to induce hypertrophy of the remaining parenchyma, or alternatively a staged ALPPS approach if rapid hypertrophy is required and patient fitness permits.  
   - Rationale: Ensures sufficient postoperative liver function and reduces risk of post‑hepatectomy liver failure.  

D. Surgical resection  
   - If post‑PVE FLR is adequate, proceed with an anatomic or non‑anatomic resection of segment III (or wedge resection) preserving segment II.  
   - Rationale: Achieves R0 resection of the solitary metastasis while maintaining adequate liver reserve.  

E. Post‑operative management  
   - Resume/adapt systemic chemotherapy as adjuvant therapy based on postoperative pathology and response.  
   - Continue regular CEA monitoring and imaging surveillance every 3–6 months.  

","Step 1 – Resectability assessment
The patient presents with a single metachronous liver metastasis in segment III (3.8 cm) occurring after a prior extended right hepatectomy, without evidence of extrahepatic disease. The lesion is located in the only remaining left lateral liver. Resection is technically feasible but must strictly preserve adequate inflow/outflow and functional reserve. According to hepatobiliary oncologic criteria in the setting of previous major hepatectomy, this pattern is considered potentially resectable, pending precise volumetric and vascular assessment.

Step 2 – Recommended oncologic sequence
A. Mandatory preoperative volumetric and vascular assessment
• Perform high-resolution liver MRI and contrast-enhanced CT to define precise vascular and biliary relationships.
• Calculate the future liver remnant (current liver) and assess portal inflow and hepatic venous outflow to ensure safe resection.

B. Consider short peri-operative systemic therapy
• Given the elevated CEA (360 ng/mL) and recurrence, a short course (2–3 months) of peri-operative doublet chemotherapy (FOLFOX or FOLFIRI ± bevacizumab) is advisable.
• KRAS mutation excludes anti-EGFR therapy.
• This period allows assessment of tumor biology.

C. Surgical management (strict parenchymal-sparing)
• If resectability is confirmed, proceed with an ultrasound-guided wedge/segmental resection or a ablation of segment III aiming for R0 margins while preserving maximal functional parenchyma.
• Avoid any formal left hepatectomy.
• Intra-operative ultrasound is essential.
• The goal is R0 resection while strictly preserving hepatic inflow/outflow.
• Ideally, consider minimally invasive approach (laparoscopic or robotic) for liver resection.
• Preoperative prehabilitation and ERAS (Enhanced Recovery After Surgery) protocols are evidence-based, multidisciplinary strategies designed to optimize patient health before surgery and accelerate recovery afterward.

D. Postoperative therapy and surveillance
• Pathology report : confirmation of tumor type and origin, immunohistochemistry with tumor markers, histological growth pattern, margin status (R0, R1, R2), tumor grade, differentiation, pathologic response score (TRG), necrosis/fibrosis
• Complete a total of 6 months of systemic chemotherapy including pre-operative cycles if administered.
• Close surveillance with CEA and imaging every 3 months.

"
57,"Man, 71 years old, history of segment VII resection. Liver MRI: local recurrence at resection site (2.5 cm) and additional nodule segment V. No other lesion at the thoraco CT scan CEA 410 ng/mL.
MDT Discussion: Localized recurrence on resection scar, complex technical feasibility.","Step 1 – Resectability Assessment  
• Classification: Potentially resectable.  
• Rationale:  
  – Two hepatic lesions (2.5 cm at the prior resection scar in segment VII and a second nodule in segment V) are limited in number and size, satisfying conventional criteria for hepatic resection.  
  – No extra‑hepatic disease identified on thoraco‑CT.  
  – Absence of reported vascular or biliary invasion suggests that an anatomic or parenchymal‑sparing resection may be technically feasible.  
  – Prior segment VII resection raises concern for insufficient future liver remnant (FLR); because FLR volume and liver functional reserve are not provided, the case cannot be declared outright resectable. Hence it is deemed “potentially resectable” pending further assessment of FLR and hepatic functional reserve.

Step 2 – Recommended strategy  
A. Baseline pre‑operative work‑up  
   – Obtain detailed liver function tests (bilirubin, INR, albumin, ICG clearance or 99mTc‑mebrofenin), volumetric CT or MRI to calculate FLR ratio, and cardiopulmonary assessment.  
   – Review pathology of the primary colorectal tumor (location, differentiation, KRAS/NRAS/BRAF/ MSI status) and prior systemic therapy records.  

B. Systemic induction therapy  
   – Initiate 2–3 months of modern combination chemotherapy (e.g., FOLFOX or FOLFIRI) with biologic agent selected according to molecular profile (anti‑VEGF if RAS‑mutated, anti‑EGFR if RAS‑wildtype).  
   – Goal: assess tumor biology, achieve possible downsizing, and treat occult micrometastatic disease.  

C. Restaging and re‑assessment of resectability  
   – Repeat contrast‑enhanced liver MRI (or CT) and thoraco‑CT after chemotherapy.  
   – Re‑measure lesion size, evaluate for new lesions, and repeat FLR volumetry.  
   – If FLR ≥ 30 % in a normal liver (or ≥ 40 % in a steatotic/chemotherapy‑injured liver) and no vascular invasion, proceed to surgery. If FLR insufficient, consider portal vein embolization (PVE) or associating liver partition and portal vein ligation for staged hepatectomy (ALPPS) to augment FLR, or shift to ablative modalities.  

D. Surgical intervention  
   – Perform repeat parenchymal‑sparing hepatectomy: wedge resection of the recurrent lesion in segment VII and segmental resection of the nodule in segment V, aiming for ≥ 1 cm negative margins.  
   – Intra‑operative ultrasound to confirm lesion location and assess for additional occult disease.  
   – If margins are marginal, adjunctive intra‑operative radiofrequency or microwave ablation may be employed.  
   – Post‑operative care with early mobilization, liver function monitoring, and consideration of adjuvant chemotherapy based on final pathology and response.  

","Step 1 – Resectability assessment
The patient presents with a 2.5 cm local recurrence at the prior segment VII resection site and an additional nodule in segment V, without reported extrahepatic disease. This represents localized intrahepatic recurrence in a previously operated posterior segment. Despite the scar location and technical complexity, both lesions appear amenable to local treatment while preserving adequate inflow/outflow and functional reserve. According to hepatobiliary oncologic criteria in the setting of prior liver resection, this pattern is considered potentially resectable, pending detailed vascular and volumetric assessment.

Step 2 – Recommended oncologic sequence
A. Mandatory preoperative vascular and anatomical assessment
• Perform high-resolution liver MRI and contrast-enhanced CT to define the relationship of the segment VII recurrence to hepatic veins, portal pedicles, and scar tissue.
• Calculate the future liver remnant (current liver) and assess inflow/outflow preservation.
• Given the high CEA level (410 ng/mL) and multifocal recurrence, perform high-resolution 18FDG PET-CT

B. Consider peri-operative systemic therapy
• Given the elevated CEA (410 ng/mL) and recurrence, a short course (2–3 months) of peri-operative doublet chemotherapy (FOLFOX or FOLFIRI ± bevacizumab) is advisable to treat micrometastatic disease and assess tumor biology.

B. Combined local treatment strategy
• Given the scar location and technical difficulty, a combined approach is appropriate:
– Either Parenchymal-sparing resection or thermo-ablation of the segment V lesion.
– Resection of the segment VII scar recurrence depending on its relationship to vascular structures and the extent of adhesions.
• Intra-operative ultrasound is essential to guide both approaches.
• The goal is R0 resection while strictly preserving hepatic inflow/outflow.
• Ideally, consider minimally invasive approach (laparoscopic or robotic) for liver resection.
• Preoperative prehabilitation and ERAS (Enhanced Recovery After Surgery) protocols are evidence-based, multidisciplinary strategies designed to optimize patient health before surgery and accelerate recovery afterward.

D. Postoperative therapy and surveillance
• Pathology report : confirmation of tumor type and origin, immunohistochemistry with tumor markers, histological growth pattern, margin status (R0, R1, R2), tumor grade, differentiation, pathologic response score (TRG), necrosis/fibrosis
• Complete approximately 6 months of systemic therapy including pre-operative cycles if administered.
• Close follow-up with CEA and imaging every 3 months.

"
58,"Woman, 55 years old, history of left hepatectomy for synchronous metastases. Surveillance: CEA 560 ng/mL. Liver MRI: multiple lesions in right and left lobes (up to 4.5 cm). RAS wild-type.
MDT Discussion: Diffuse liver recurrence, potentially non-curative.","Step 1 – Resectability Assessment  
- Classification: Potentially resectable (borderline) – the disease is currently deemed not clearly resectable because:  
  • Multiple bilobar lesions are present after a prior left hepatectomy, indicating limited future liver remnant (FLR) without volumetric data.  
  • No information on the exact number of lesions, segmental distribution, or involvement of major vascular or biliary structures, which are critical to determine technical resectability.  
  • Absence of staging for extra‑hepatic disease; any distant metastasis would render the case unresectable.  
- Therefore, with the available data the patient cannot be declared outright resectable; further assessment is required to determine whether a curative liver‑first approach is feasible.

Step 2 – Recommended strategy  
A. Comprehensive restaging  
   – Perform thoraco‑abdominal CT (or PET‑CT) and high‑resolution liver MRI with hepatocyte‑specific contrast.  
   – Obtain volumetric CT to calculate FLR ratio after potential further resection.  
   – Rationale: defines extra‑hepatic burden, confirms bilobar disease extent, and quantifies residual liver volume.  

B. Systemic conversion therapy  
   – Initiate first‑line chemotherapy for RAS‑wild‑type colorectal cancer (e.g., FOLFOXIRI ± bevacizumab; consider anti‑EGFR agent if primary is left‑sided once location is known).  
   – Rationale: aims to down‑size lesions, treat occult micrometastases, and improve the chance of achieving an R0 liver resection.  

C. Re‑assessment after 2–3 months of systemic therapy  
   – Repeat MRI and FLR volumetry.  
   – If disease is down‑staged to ≤4 lesions confined to segments that can be cleared with an adequate FLR (>30 % in a normal liver, >40 % if prior hepatectomy), proceed to curative liver surgery (e.g., staged right hepatectomy or parenchyma‑sparing resections).  
   – If FLR is insufficient, consider portal vein embolization (PVE) or associating liver partition and portal vein ligation for staged hepatectomy (ALPPS) before resection.  

D. Non‑curative or palliative pathway (if conversion fails or extra‑hepatic disease is identified)  
   – Continue systemic therapy per response (maintenance with fluoropyrimidine ± biologic).  
   – Evaluate liver‑directed options for symptom control (Y‑90 radioembolization, hepatic arterial infusion, or percutaneous ablation of dominant lesions).  
   – Rationale: maintains disease control and quality of life when cure is not achievable.  

","Step 1 – Resectability assessment
The patient presents with multiple bilobar liver recurrences (up to 4.5 cm) after a prior left hepatectomy, without reported extrahepatic disease. The tumor burden, bilobar distribution in a previously reduced liver, and multiplicity of lesions make a complete R0 resection with preservation of an adequate future liver remnant not feasible. According to hepatobiliary oncologic criteria, this situation is considered unresectable in the current setting.

Step 2 – Recommended oncologic sequence
A. Mandatory preoperative vascular and anatomical assessment
• Given the high CEA level (560 ng/mL) and multifocal recurrence, perform high-resolution 18FDG PET-CT

B. Systemic therapy as primary strategy (mandatory)
• Initiate or adapt systemic chemotherapy according to MDT decision.
• RAS wild-type status allows consideration of anti-EGFR therapy.
• The objective is disease control rather than immediate curative intent.
• Monitor CEA kinetics as a marker of treatment effect.

C. Close radiologic reassessment
• Perform high-resolution liver MRI every 2-3 months to evaluate response and detect any potential reduction in tumor burden that could open a limited local treatment window.

C. Consideration of selective local treatment only if major response occurs
• If significant tumor downsizing occurs, reassess feasibility of parenchymal-sparing resections or ablative strategies for dominant lesions.
• Any surgical consideration would be secondary to systemic disease control.

D. If disease remains diffuse
• Continue second-line systemic therapy and/or consider alternative regimens (such as intra-arterial chemotherapy after resection of the primary tumor).
• If disease remains diffuse, consider palliative or symptom-oriented local approaches as appropriate.

"
59,"Man, 68 years old, right hepatectomy in 2021 for three KRAS mutated metastases. Liver MRI 2025: two new lesions segments IVb and II (2.7 and 3.2 cm).No other lesion at the thoraco-abdominal CT scan. CEA 300 ng/mL.
MDT Discussion: Bilobar liver recurrence, sufficient liver volume.","Step 1 – Resectability Assessment  
- Classification: Potentially resectable.  
- Justification:  
  • Only two metachronous hepatic lesions (2.7 cm in segment II, 3.2 cm in segment IVb).  
  • No extra‑hepatic disease on thoraco‑abdominal CT.  
  • MDT reports sufficient future liver remnant (FLR) after prior right hepatectomy.  
  • Bilobar distribution can be addressed with parenchymal‑sparing techniques (segmental resection or ablation).  
  • Resectability remains contingent on confirmation that there is no major vascular or biliary invasion, adequate liver function, and acceptable performance status – data not yet provided.

Step 2 – Recommended strategy  
A. Systemic therapy (neoadjuvant)  
   – Initiate a KRAS‑mutated regimen (e.g., FOLFOX ± bevacizumab).  
   – Rationale: High CEA (300 ng/mL) suggests active disease; neoadjuvant chemotherapy can down‑size lesions, treat occult micrometastases, and provide biologic selection.  

B. Restaging after 2–3 months  
   – Repeat liver MRI with hepatocyte‑specific contrast and CT chest/abdomen.  
   – Rationale: Assess tumor response, detect new lesions, and evaluate vascular/biliary relationships.  

C. Surgical planning  
   – If lesions remain resectable and FLR ≥30 % (or ≥40 % in cirrhotic‑type liver), proceed to parenchymal‑sparing hepatectomy: wedge resection of segment II lesion and segment IVb lesion (or combined left lateral segmentectomy if oncologically justified).  
   – Consider intra‑operative ultrasound to confirm margins and vascular anatomy.  
   – Rationale: Preserve maximal hepatic parenchyma after previous right hepatectomy, minimize postoperative liver failure.  

D. Adjuvant/maintenance therapy  
   – Resume systemic therapy post‑operatively (e.g., 3–6 months of FOLFOX ± bevacizumab) based on pathology (margin status, response).  
   – Rationale: Reduce risk of further recurrence in high‑risk KRAS‑mutated disease.  

","Step 1 – Resectability assessment
The patient presents with two metachronous liver metastases in segments IVb and II (2.7 and 3.2 cm) after a prior right hepatectomy, without evidence of extrahepatic disease. The lesions are located in the remaining liver but appear peripherally accessible. With adequate residual liver volume and preserved inflow/outflow, a strict parenchymal-sparing approach can achieve R0 resection. According to hepatobiliary oncologic criteria in the setting of previous major hepatectomy, this pattern is considered resectable, pending detailed vascular and volumetric confirmation.

Step 2 – Recommended oncologic sequence
A. Mandatory preoperative vascular and volumetric assessment
• Perform high-resolution liver MRI and contrast-enhanced CT to define precise vascular and biliary relationships of segments IVb and VI.
• Calculate the future liver remnant (current liver) and confirm preservation of portal inflow and hepatic venous outflow.
• Given the high CEA level (300 ng/mL) and multifocal recurrence, perform high-resolution 18FDG PET-CT

B. Consider short peri-operative systemic therapy
• Given the elevated CEA (300 ng/mL) and recurrence, a short course (2–3 months) of peri-operative doublet chemotherapy (FOLFOX or FOLFIRI ± bevacizumab) is advisable.
• KRAS mutation excludes anti-EGFR therapy.
• This period allows assessment of tumor biology.

C. Close radiologic reassessment
• Perform high-resolution liver MRI every 2-3 months to evaluate response and detect any potential reduction in tumor burden that could open a limited local treatment window.

D. Surgical management (parenchymal-sparing mandatory)
• Proceed Either Parenchymal-sparing resection or thermo-ablation of the segment IVb and II aiming for R0 margins while preserving maximal functional parenchyma.
• Intra-operative ultrasound is essential to guide both approaches.
• The goal is R0 resection while strictly preserving hepatic inflow/outflow.
• Ideally, consider minimally invasive approach (laparoscopic or robotic) for liver resection.
• Preoperative prehabilitation and ERAS (Enhanced Recovery After Surgery) protocols are evidence-based, multidisciplinary strategies designed to optimize patient health before surgery and accelerate recovery afterward.

E. Postoperative therapy and surveillance
• Pathology report : confirmation of tumor type and origin, immunohistochemistry with tumor markers, histological growth pattern, margin status (R0, R1, R2), tumor grade, differentiation, pathologic response score (TRG), necrosis/fibrosis
• Complete a total of 6 months of systemic chemotherapy including pre-operative cycles if administered.
• Close surveillance with CEA and imaging every 3 months.

"
60,"Woman, 60 years old, history of segmental VI-VII resection. Liver MRI: new lesion segment III (2.4 cm) and micronodule segment II. BRAF wild-type.
MDT Discussion: Metachronous contralateral recurrence, possible minimally invasive approach depending on remnant volume.","Step 1 – Resectability Assessment  
- Classification: Potentially resectable.  
- Rationale:  
  • Metachronous liver disease with only two lesions (segment III 2.4 cm and a micronodule in segment II) that are small and located in the left lateral sector, a region amenable to parenchymal‑sparing resection.  
  • Prior resection was limited to segments VI‑VII, leaving the left liver largely untouched; therefore a reasonable future liver remnant (FLR) is likely, pending volumetric confirmation.  
  • No reported major vascular or biliary invasion, and no documented extra‑hepatic disease, which are key criteria for resectability.  
  • However, definitive assessment requires confirmation of FLR volume, vascular anatomy, and exclusion of extra‑hepatic metastases; in their absence the case remains “potentially” rather than definitively resectable.  

Step 2 – Recommended strategy  
A. Comprehensive restaging  
   - Perform thoraco‑abdominal CT (or PET‑CT) and repeat liver MRI with hepatocyte‑specific contrast to evaluate for occult extra‑hepatic disease, vascular involvement, and to obtain accurate FLR volumetry.  
   - Measure serum CEA and obtain colonoscopic evaluation of the primary tumor (if not already resected) to define residual disease.  

B. Systemic therapy (neoadjuvant/ peri‑operative)  
   - If FLR is adequate and no extra‑hepatic disease is found, initiate a short course (2–3 months) of oxaliplatin‑based chemotherapy (e.g., FOLFOX) ± anti‑EGFR or anti‑VEGF biologic according to RAS status (to be determined).  
   - Goal: eradicate micrometastatic disease, assess tumor biology, and potentially down‑size the micronodule.  

C. Surgical resection  
   - Proceed with minimally invasive (laparoscopic or robotic) left lateral sectionectomy (segments II‑III) using a parenchymal‑sparing technique; consider intra‑operative ultrasound to delineate the micronodule and to confirm absence of additional lesions.  
   - If FLR is borderline (<30 % in a chemotherapy‑injured liver), consider portal vein embolization of the right portal branches or a two‑stage approach before definitive resection.  

D. Post‑operative management  
   - Pathology review to determine margin status and tumor regression grade.  
   - Resume/adapt systemic therapy based on pathology and molecular profile (e.g., adjuvant FOLFOX for high‑risk features).  
   - Implement a structured surveillance program (CEA every 3 months, cross‑sectional imaging every 6 months for the first 2 years).  

","Step 1 – Resectability assessment
The patient presents with two metachronous liver lesions after prior segment VI–VII resection: a 2.4 cm metastasis in segment III and a micronodule in segment II, without reported extrahepatic disease. Both lesions are located in the contralateral left liver and appear peripherally accessible. With preserved inflow/outflow and adequate remnant volume, a strict parenchymal-sparing approach is feasible. According to hepatobiliary oncologic criteria in the setting of prior limited hepatectomy, this pattern is considered resectable.

Step 2 – Recommended oncologic sequence
A. Preoperative vascular and volumetric assessment
• Perform high-resolution liver MRI and contrast-enhanced CT to define precise vascular and biliary relationships of segments II and III.
• Calculate the future liver remnant (current liver) and confirm preservation of portal inflow and hepatic venous outflow.

B. Consider peri-operative systemic therapy
• A short course (2–3 months) of peri-operative doublet chemotherapy (FOLFOX or FOLFIRI ± bevacizumab) may be considered to address potential micrometastatic disease.

C. Close radiologic reassessment
• Perform high-resolution liver MRI every 2-3 months to evaluate response and detect any potential reduction in tumor burden that could open a limited local treatment window.

D. Surgical management (minimally invasive, parenchymal-sparing)
• If anatomy allows, proceed with a minimally invasive (laparoscopic/robotic) approach.
• Perform wedge/segmental resection of segment III and wedge resection or thermo-ablation of the segment II micronodule.
• Intra-operative ultrasound is essential to guide both approaches.
• The goal is R0 resection while strictly preserving hepatic inflow/outflow.
• Ideally, consider minimally invasive approach (laparoscopic or robotic) for liver resection.
• Preoperative prehabilitation and ERAS (Enhanced Recovery After Surgery) protocols are evidence-based, multidisciplinary strategies designed to optimize patient health before surgery and accelerate recovery afterward.

E. Postoperative therapy and surveillance
• Pathology report : confirmation of tumor type and origin, immunohistochemistry with tumor markers, histological growth pattern, margin status (R0, R1, R2), tumor grade, differentiation, pathologic response score (TRG), necrosis/fibrosis
• Close follow-up with CEA and imaging every 3 months.

"
61,"Man, 66 years old, operated two years earlier with a left hepatectomy.Liver MRI: recurrence segment VIII (3.1 cm) in contact with the middle hepatic vein. CEA 200 ng/mL.
MDT Discussion: Isolated complex recurrence of the hepatic dome, technical assessment required.","Step 1 – Resectability Assessment  
- Classification: Potentially resectable (borderline)  
- Rationale:  
  • Single hepatic lesion, 3.1 cm, meeting size criteria for curative resection.  
  • No documented extra‑hepatic disease; however, full staging is lacking.  
  • Prior left hepatectomy leaves a right‑lobe remnant; removal of a segment VIII lesion is unlikely to compromise overall liver volume, but the exact future liver remnant (FLR) ratio has not been quantified.  
  • Contact with the middle hepatic vein introduces technical complexity (possible venous resection/reconstruction) but does not automatically preclude resection.  
  • Elevated CEA (200 ng/mL) suggests active disease; systemic disease control should be confirmed before definitive surgery.  

Step 2 – Recommended strategy  
A. Comprehensive restaging  
   – Perform contrast‑enhanced thoraco‑abdominal CT (or PET‑CT) and repeat liver MRI with hepatocyte‑specific contrast to confirm absence of extra‑hepatic metastases and to delineate vascular involvement.  
   – Obtain laboratory panel (LFTs, bilirubin, INR, albumin) and calculate volumetric FLR using CT‑based software.  

B. Molecular and pathological clarification of the primary colorectal cancer  
   – Retrieve pathology report to determine tumor location, differentiation grade, RAS/BRAF status, MSI status, and prior adjuvant therapy.  

C. Systemic therapy (neoadjuvant)  
   – Initiate an effective chemotherapy regimen (e.g., FOLFOXIRI ± anti‑VEGF or anti‑EGFR agent based on molecular profile) for 2–3 months to assess tumor biology, potentially down‑size the lesion, and treat occult micrometastatic disease.  

D. Re‑assessment after systemic therapy  
   – Repeat imaging to evaluate response of the segment VIII lesion and to verify that no new extra‑hepatic disease has emerged.  
   – Re‑calculate FLR; if FLR <30 % (or <40 % in compromised liver), consider portal vein embolization (PVE) to hypertrophy the remnant before surgery.  

E. Surgical intervention (if still resectable)  
   – Perform a parenchyma‑sparing resection (segmentectomy of VIII) with careful dissection of the middle hepatic vein; if venous invasion is confirmed, resect the involved segment of the vein with primary repair or graft reconstruction.  
   – Aim for R0 margins; intra‑operative ultrasound to confirm lesion boundaries.  

F. Post‑operative management  
   – Resume/adapt systemic therapy based on pathological response and molecular findings.  
   – Monitor CEA and imaging surveillance per standard protocols.  

","Step 1 – Resectability assessment
The patient presents with a single metachronous liver recurrence in segment VIII (3.1 cm) after a prior left hepatectomy, without reported extrahepatic disease. The lesion is located in the hepatic dome and in contact with the middle hepatic vein, in the only remaining right liver. Although technically demanding, a parenchymal-sparing resection preserving venous outflow may be feasible. According to hepatobiliary oncologic criteria in the setting of previous major hepatectomy, this pattern is considered potentially resectable, pending precise vascular and volumetric assessment.

Step 2 – Recommended oncologic sequence
A. Mandatory preoperative vascular and volumetric assessment
• Perform expert liver MRI and contrast-enhanced CT to define the exact relationship of the lesion to the middle hepatic vein and right hepatic vein.
• Calculate the future liver remnant (current liver) and assess venous outflow preservation.

B. Consider short peri-operative systemic therapy
• Given the elevated CEA (200 ng/mL) and delay of recurrence, a short course (2–3 months) of peri-operative doublet chemotherapy (FOLFOX or FOLFIRI ± bevacizumab) may be considered to assess tumor biology and treat micrometastatic disease.

C. Close radiologic reassessment
• Perform high-resolution liver MRI every 2-3 months to evaluate response and detect any potential reduction in tumor burden that could open a limited local treatment window.

D. Surgical management (strict parenchymal-sparing)
• If resectability is confirmed, proceed with an ultrasound-guided parenchymal-sparing resection of segment VIII.
• Particular attention must be paid to preserving the middle hepatic vein or planning a limited venous resection/reconstruction if required.
• Intra-operative ultrasound is essential to guide both approaches.
• The goal is R0 resection while strictly preserving hepatic inflow/outflow.
• Ideally, consider minimally invasive approach (laparoscopic or robotic) for liver resection.
• Preoperative prehabilitation and ERAS (Enhanced Recovery After Surgery) protocols are evidence-based, multidisciplinary strategies designed to optimize patient health before surgery and accelerate recovery afterward.

E. Postoperative therapy and surveillance
• Pathology report : confirmation of tumor type and origin, immunohistochemistry with tumor markers, histological growth pattern, margin status (R0, R1, R2), tumor grade, differentiation, pathologic response score (TRG), necrosis/fibrosis
• Complete a total of 6 months of systemic chemotherapy including pre-operative cycles if administered.
• Close surveillance with CEA and imaging every 3 months.

"
62,"Woman, 58 years old, history of bisegmentectomy IV-V. Liver MRI: single lesion segment VII (3.9 cm). No other lesion at the thoraco-abdominal CT scan. KRAS mutated.
MDT Discussion: Late isolated recurrence, anatomically approachable.","Step 1 – Resectability Assessment  
- Classification: Potentially resectable.  
- Rationale: Single 3.9 cm metastasis confined to segment VII, no extra‑hepatic disease on thoraco‑abdominal CT, and prior resection was limited to segments IV‑V, leaving sufficient hepatic parenchyma in theory. KRAS mutation does not preclude surgery. Definitive resectability hinges on (a) future liver remnant (FLR) volume and function, (b) absence of major vascular or biliary invasion, and (c) adequate patient performance status – data not yet provided.

Step 2 – Recommended strategy  
A. Restaging and baseline work‑up  
   • Obtain serum CEA, full liver panel, and assess performance status.  
   • Review colonoscopy or imaging to confirm that the primary colorectal lesion has been resected with clear margins; if not, plan for primary tumor management.  
   • Perform volumetric CT or MRI to calculate FLR ratio and evaluate for any occult vascular contact of the segment VII lesion.  

B. Systemic therapy (neoadjuvant)  
   • Initiate standard first‑line chemotherapy for KRAS‑mutated disease (e.g., FOLFOX or CAPOX) for 2–3 months to address micrometastatic disease and potentially downsize the lesion, unless rapid surgery is deemed safe based on FLR.  

C. Surgical resection  
   • If FLR ≥ 30 % in a non‑cirrhotic liver (or ≥ 40 % if borderline function) and no major vascular involvement, proceed with an anatomic segmentectomy of VII (or wedge resection with intra‑operative ultrasound guidance).  
   • If FLR is insufficient, schedule portal vein embolization (PVE) of the right portal branches to hypertrophy the left liver, then reassess for resection.  

D. Post‑operative/adjuvant phase  
   • Resume/continue systemic chemotherapy for a total of 6 months of peri‑operative therapy.  
   • Consider enrollment in a clinical trial or use of targeted agents appropriate for KRAS‑mutated disease.  
   • Implement surveillance protocol: CEA every 3 months, contrast‑enhanced CT or MRI of chest/abdomen every 6 months for the first 2 years.  

","Step 1 – Resectability assessment
The patient presents with a single metachronous liver metastasis in segment VII (3.9 cm) after a prior bisegmentectomy IV–V, without reported extrahepatic disease. The lesion is located in a posterior segment and appears anatomically accessible while preserving adequate inflow/outflow and functional reserve. According to hepatobiliary oncologic criteria in the setting of prior limited hepatectomy, this pattern is considered resectable.

Step 2 – Recommended oncologic sequence
A. Preoperative vascular and volumetric assessment
• Perform high-resolution liver MRI and contrast-enhanced CT to define precise vascular and biliary relationships of segment VII.
• Calculate the future liver remnant (current liver) and confirm preservation of portal inflow and hepatic venous outflow.

B. Consider peri-operative systemic therapy
• Given the KRAS mutation and recurrence, a short course (2–3 months) of peri-operative doublet chemotherapy (FOLFOX or FOLFIRI ± bevacizumab) may be considered to address potential micrometastatic disease.

C. Close radiologic reassessment
• Perform high-resolution liver MRI every 2-3 months to evaluate response and detect any potential reduction in tumor burden that could open a limited local treatment window.

D. Surgical management (parenchymal-sparing)
• Proceed with an ultrasound-guided wedge/segmental resection of segment VII aiming for R0 margins while preserving maximal functional parenchyma.
• Intra-operative ultrasound is essential to guide both approaches.
• The goal is R0 resection while strictly preserving hepatic inflow/outflow.
• Ideally, consider minimally invasive approach (laparoscopic or robotic) for liver resection.
• Preoperative prehabilitation and ERAS (Enhanced Recovery After Surgery) protocols are evidence-based, multidisciplinary strategies designed to optimize patient health before surgery and accelerate recovery afterward.

E. Postoperative therapy and surveillance
• Pathology report : confirmation of tumor type and origin, immunohistochemistry with tumor markers, histological growth pattern, margin status (R0, R1, R2), tumor grade, differentiation, pathologic response score (TRG), necrosis/fibrosis
• Complete approximately 6 months of systemic chemotherapy including pre-operative cycles if administered.
• Close follow-up with CEA and imaging every 3 months.

"
63,"Man, 72 years old, right hepatectomy 4 years ago. Current liver MRI: multiple nodules segment III, 1-2 cm. CEA 550 ng/mL, RAS wild-type.
MDT Discussion: Multifocal recurrence, assessment of resectability and local alternatives.","Step 1 – Resectability Assessment  
• Classification: Potentially resectable.  
• Rationale: The only reported hepatic disease is a cluster of 1‑2 cm nodules confined to segment III, a peripheral left‑lateral sector that can be removed with a limited segmentectomy or wedge resection while preserving the remaining left liver (segments II and IV). Prior right hepatectomy leaves sufficient parenchyma in theory, but the exact future liver remnant (FLR) volume, liver function, and presence of vascular or biliary involvement are unknown. Absence of documented extra‑hepatic disease on imaging also supports potential resectability, but definitive assessment requires completion of staging studies and volumetry.

Step 2 – Recommended strategy  
A. Comprehensive restaging  
   – Obtain thoraco‑abdominal CT (or PET‑CT) to rule out pulmonary, peritoneal, nodal or osseous metastases.  
   – Perform liver function tests (bilirubin, INR, albumin, platelets) and calculate Child‑Pugh/ALBI scores.  
   – Conduct volumetric CT or MRI to determine FLR percentage; consider portal‑vein embolization (PVE) if FLR < 30 % in a non‑cirrhotic liver.  
   – Rationale: Accurate assessment of extra‑hepatic disease, hepatic reserve, and FLR is mandatory before committing to surgery.

B. Neoadjuvant systemic therapy (if no contraindication)  
   – Initiate a standard oxaliplatin‑based doublet (e.g., FOLFOX) combined with an anti‑EGFR antibody (cetuximab or panitumumab) given RAS‑wild‑type status.  
   – Duration: 2–3 months, with imaging reassessment thereafter.  
   – Rationale: Provides a test of tumor biology, may eradicate occult micrometastases, and can modestly shrink lesions to facilitate a margin‑negative resection.

C. Surgical resection (contingent on step A/B results)  
   – Perform an anatomic segment III resection or non‑anatomic wedge excision with intra‑operative ultrasound guidance to ensure negative margins (R0) and to assess for additional occult lesions.  
   – Preserve segments II and IV to maintain adequate FLR; consider intra‑operative portal flow assessment.  
   – Rationale: Limited resection offers curative intent while minimizing loss of functional liver parenchyma in a patient with prior right hepatectomy.

D. Adjuvant/maintenance therapy and surveillance  
   – Resume or continue systemic chemotherapy (e.g., 6‑month total duration) after recovery from surgery, tailored to postoperative pathology and response.  
   – Schedule serial CEA measurements and imaging (CT or MRI) every 3–6 months for the first 2 years, then annually.  
   – Rationale: Consolidates disease control and enables early detection of recurrence.

","Step 1 – Resectability assessment
The patient presents with multiple metachronous nodules (1–2 cm) in segment III after a prior right hepatectomy, without reported extrahepatic disease. Although confined to the left lateral section, the multifocal pattern in the only remaining liver raises concern for achieving complete clearance while preserving adequate functional parenchyma. According to hepatobiliary oncologic criteria in the setting of prior major hepatectomy, this situation is considered potentially resectable, but requires careful balance between parenchymal preservation and oncologic completeness.

Step 2 – Recommended oncologic sequence
A. Mandatory preoperative vascular and volumetric assessment
• Perform high-resolution liver MRI and contrast-enhanced CT to define the exact number, distribution, and vascular/biliary relationships of the nodules.
• Calculate the future liver remnant (current liver) and assess inflow/outflow preservation.
• Given the high CEA level (550 ng/mL) and multifocal recurrence, perform high-resolution 18FDG PET-CT

B. Consider peri-operative systemic therapy
• Given the high CEA (550 ng/mL), a short course (2–3 months) of peri-operative doublet chemotherapy (FOLFOX or FOLFIRI ± anti-EGFR given RAS wild-type status) may be considered to treat micrometastatic disease and assess tumor biology.

C. Close radiologic reassessment
• Perform high-resolution liver MRI every 2-3 months to evaluate response and detect any potential reduction in tumor burden that could open a limited local treatment window.

D. Surgical management (parenchymal-sparing)
• Given the small size and multiplicity of nodules in segment III, a combined approach is appropriate:
– Parenchymal-sparing wedge/limited resections for accessible lesions.
– Thermo-ablation (microwave/RFA) for deep or multiple small nodules to preserve parenchyma.
• Intra-operative ultrasound is essential to guide both resection and ablation.
• The goal is R0 resection while strictly preserving hepatic inflow/outflow.
• Ideally, consider minimally invasive approach (laparoscopic or robotic) for liver resection.
• Preoperative prehabilitation and ERAS (Enhanced Recovery After Surgery) protocols are evidence-based, multidisciplinary strategies designed to optimize patient health before surgery and accelerate recovery afterward.

E. Postoperative therapy and surveillance
• Pathology report : confirmation of tumor type and origin, immunohistochemistry with tumor markers, histological growth pattern, margin status (R0, R1, R2), tumor grade, differentiation, pathologic response score (TRG), necrosis/fibrosis
• Complete approximately 6 months of systemic therapy including pre-operative cycles if administered.
• Close follow-up with CEA and imaging every 3 months.

"
64,"Woman, 59 years old, left T4N2M1 colon cancer with three liver metastases (2-4 cm) and two bilateral pulmonary nodules at the thoraco-abdominal CT scan. KRAS mutated, CEA 620 ng/mL.
MDT Discussion: Synchronous hepato-pulmonary involvement, discussion of sequential strategy.","Step 1 – Resectability Assessment  
- Classification: Potentially resectable (neither clearly resectable nor unresectable).  
- Rationale:  
  • Three liver metastases each ≤4 cm are within the size and number limits that can be cleared with an R0 hepatectomy, provided adequate future liver remnant (FLR) and no major vascular or biliary invasion.  
  • Bilateral pulmonary nodules represent limited extra‑hepatic disease; when few and amenable to metastasectomy, they do not automatically preclude curative intent.  
  • Absence of data on hepatic segmental distribution, vascular contact, FLR ratio, and response to systemic therapy prevents a definitive “resectable” label.  
  • Presence of T4 primary tumor and N2 nodal stage indicates aggressive biology, reinforcing the need for neoadjuvant systemic therapy before committing to surgery.  

Step 2 – Recommended strategy  
A. Initiate systemic chemotherapy (e.g., 6‑12 weeks of FOLFOX ± bevacizumab; anti‑EGFR agents are ineffective with KRAS mutation).  
   – Rationale: Down‑size liver and lung lesions, treat micrometastatic disease, and assess tumor biology.  

B. Restaging work‑up after chemotherapy:  
   – Multiphasic liver MRI with hepatobiliary contrast to define segmental involvement, vascular/biliary proximity, and calculate FLR.  
   – FDG‑PET/CT to confirm pulmonary nodules are metastatic and to exclude occult extra‑hepatic sites.  
   – Repeat high‑resolution chest CT to measure pulmonary nodule size and relationship to vessels/bronchi.  
   – Laboratory assessment (liver function, CEA trend, performance status).  
   – Rationale: Determine resectability, guide surgical sequencing, and identify patients who may become unresectable.  

C. Surgical sequencing (chosen after restaging confirms resectability):  
   1. If the primary colon lesion is still in situ and symptomatic (obstruction/bleeding), perform colectomy first; otherwise consider a “liver‑first” approach because hepatic disease is the dominant prognostic factor.  
   2. Perform curative‑intent liver resection aiming for R0 margins and preserving ≥20‑30 % FLR (or use portal vein embolization if FLR insufficient).  
   3. After hepatic recovery (4‑6 weeks), reassess pulmonary nodules; if still resectable, proceed with staged thoracic metastasectomy (video‑assisted thoracoscopic surgery or open, depending on size/location).  
   – Rationale: Allows maximal clearance of intra‑hepatic disease while minimizing peri‑operative risk; staged pulmonary resection reduces cumulative morbidity.  

D. Adjuvant/maintenance systemic therapy:  
   – Resume or continue systemic therapy (e.g., maintenance bevacizumab or fluoropyrimidine) after completion of all surgical procedures, guided by postoperative CEA and imaging.  
   – Rationale: Consolidate response and address any residual microscopic disease.  

","Step 1 – Resectability assessment
The patient presents with three liver metastases (2–4 cm) and two bilateral pulmonary nodules in the setting of a left T4N2 colon cancer, without other reported sites. The presence of limited, potentially resectable extrahepatic disease (lungs) does not preclude a curative-intent strategy if all sites can be cleared. From a hepatobiliary perspective, the liver disease appears technically resectable. This situation is considered potentially resectable in a multimodal, sequential curative strategy, provided both hepatic and pulmonary disease are amenable to complete treatment.

Step 2 – Recommended oncologic sequence
A. Comprehensive staging and multidisciplinary planning
• Perform high-resolution liver MRI and enhanced CT to confirm exact number, distribution, and resectability of both liver and lung lesions.
• Calculate the future liver remnant (FLR).
• Thoracic surgical assessment of pulmonary nodules is required.
• Given the high CEA level (620 ng/mL) and multifocal metastases, perform high-resolution 18FDG PET-CT

B. Initial systemic therapy (mandatory)
• Given synchronous extrahepatic disease and high CEA (620 ng/mL), initiate systemic douhlet or triplet chemotherapy (FOLFOX/FOLFIRI ± bevacizumab)
• KRAS mutation excludes anti-EGFR).
• The objective is to assess tumor biology and confirm disease control at all sites.

C. Close radiologic reassessment
• Perform high-resolution liver MRI and thoraco-abdominal enhanced CT-scan every 2-3 months to evaluate response and detect any potential reduction in tumor burden that could open a limited local treatment window.
• Monitor CEA kinetics as a marker of treatment effect.

D. Sequential surgical strategy after response
• If disease control or response is observed:
	1.	Address the primary colon tumor if symptomatic or locally advanced : left hemicolectomy (standard oncologic resection of the left colon primary) with lymphadectomy (at least 12 harvested lymph nodes) should be coordinated according to response and patient condition (ideally after liver surgery).
• Ideally, consider minimally invasive approach (laparoscopic or robotic) for colectomy.

	2.	Perform parenchymal-sparing liver resections guided by intra-operative ultrasound : 
• Intra-operative ultrasound is essential to guide both resection and ablation.
• The goal is R0 resection while strictly preserving hepatic inflow/outflow.
• Ideally, consider minimally invasive approach (laparoscopic or robotic) for liver resection.
• Preoperative prehabilitation and ERAS (Enhanced Recovery After Surgery) protocols are evidence-based, multidisciplinary strategies designed to optimize patient health before surgery and accelerate recovery afterward.
	3.	Plan pulmonary metastasectomy or ablative treatment in a staged manner.
• The sequence (liver-first vs lung-first) depends on response and technical considerations.

E. Postoperative therapy and surveillance
• Pathology report : confirmation of tumor type and origin, immunohistochemistry with tumor markers, histological growth pattern, margin status (R0, R1, R2), tumor grade, differentiation, pathologic response score (TRG), necrosis/fibrosis
• Complete approximately 6 months of systemic therapy including pre-operative cycles.
• Close follow-up with CEA and imaging of both liver and lungs.

"
65,"Man, 68 years old, right colon adenocarcinoma, four liver metastases (1.5-3.8 cm) and nodular peritoneal involvement at the thoraco-abdominal CT scan. CEA 950 ng/mL.
MDT Discussion: Hepato-peritoneal disease, not curable upfront, discussion of induction chemotherapy.","Step 1 – Resectability Assessment  
- Classification: Potentially resectable (borderline).  
- Rationale: The patient has four liver metastases ≤3.8 cm, which can be technically resected provided an adequate future liver remnant and no major vascular invasion. However, the presence of nodular peritoneal disease represents extra‑hepatic spread that precludes an upfront curative hepatectomy. Current guidelines consider liver‑only disease resectable, but concurrent peritoneal metastases require either confirmation of limited peritoneal burden (low PCI) or down‑staging before a combined curative approach. Therefore, resectability cannot be confirmed at this stage; the case is deemed potentially resectable pending further systemic response and detailed peritoneal assessment.

Step 2 – Recommended strategy  
A. Induction systemic therapy  
   - Initiate intensive chemotherapy (e.g., FOLFOXIRI ± bevacizumab) to achieve tumor shrinkage in both liver and peritoneum and to assess tumor biology.  
B. Restaging and detailed imaging  
   - Perform liver‑specific MRI with hepatobiliary contrast, PET‑CT, and diagnostic laparoscopy with PCI scoring to define hepatic segmental involvement, vascular contact, FLR calculation, and peritoneal disease extent.  
C. Multimodal curative surgery (if criteria met)  
   - If post‑chemotherapy imaging shows ≤3 liver lesions amenable to R0 resection with FLR ≥ 30 % (or ≥ 40 % after chemotherapy) and PCI ≤ 10 with resectable peritoneal nodules, proceed to combined liver resection plus cytoreductive surgery (CRS) with hyperthermic intraperitoneal chemotherapy (HIPEC). The sequence can be simultaneous (single‑stage) or staged (liver first, then CRS/HIPEC) based on intra‑operative assessment and patient fitness.  
D. Continuation of systemic therapy / palliation  
   - If disease remains extensive (e.g., high PCI, unresectable vascular involvement, insufficient FLR), continue systemic therapy, consider targeted/immune agents according to molecular profile, and focus on symptom control and best‑supportive care.

","Step 1 - The patient presents with four liver metastases (1.5–3.8 cm) associated with nodular peritoneal involvement on CT. The presence of peritoneal carcinomatosis indicates systemic dissemination beyond the liver and precludes a curative hepatobiliary surgical approach at this stage. According to oncologic criteria, this situation is considered unresectable from a hepatobiliary perspective in the current setting.

Step 2 – Recommended oncologic sequence
A. Comprehensive staging and multidisciplinary planning
• Perform high-resolution liver MRI and enhanced CT to confirm exact number, distribution, and resectability of both liver and peritoneal lesions.
• Calculate the future liver remnant (FLR).
• Given the high CEA level (950 ng/mL) and multifocal metastases, perform high-resolution 18FDG PET-CT

B. Induction systemic therapy (mandatory)
• Administer 2–3 months of peri-operative doublet or triplet chemotherapy (FOLFOX or FOLFIRI ± bevacizumab) according to MDT decision to assess tumor biology and optimize oncologic control according to patient tolerance.
• This allows treatment of potential micrometastatic disease and assessment of tumor biology before surgery.
• The goal is to evaluate tumor biology and potential response at both hepatic and peritoneal sites.

C. Close radiologic reassessment
• Perform high-resolution liver MRI and thoraco-abdominal enhanced CT-scan every 2-3 months to evaluate response and detect any potential reduction in tumor burden that could open a limited local treatment window.
• Monitor CEA kinetics as a marker of treatment effect.

D. Criteria for reconsidering surgical strategy
• Surgical re-evaluation may be considered only in the rare situation of major response with near-complete control of peritoneal disease and limited residual liver lesions.
• If disease control or response is observed:
	1.	Perform parenchymal-sparing liver resections guided by intra-operative ultrasound : 
• Intra-operative ultrasound is essential to guide both resection and ablation.
• The goal is R0 resection while strictly preserving hepatic inflow/outflow.
• Ideally, consider minimally invasive approach (laparoscopic or robotic) for liver resection.
• Preoperative prehabilitation and ERAS (Enhanced Recovery After Surgery) protocols are evidence-based, multidisciplinary strategies designed to optimize patient health before surgery and accelerate recovery afterward.
2. Address the primary colon tumor if symptomatic or locally advanced : start with laparoscopic assessment to evaluate PCI score and consider en-bloc right hemicolectomy (standard oncologic resection of the right colon primary) with D2 lymphadectomy (at least 12 harvested lymph nodes) with cytoreductive surgery (i.e. excision of all peritoneal nodules) with or without HIPEC according to response and patient condition.
• The sequence (primary first vs liver-first) depends on technical considerations and necessity of HIPEC.

E. Postoperative therapy and surveillance
• Pathology report : confirmation of tumor type and origin, immunohistochemistry with tumor markers, histological growth pattern, margin status (R0, R1, R2), tumor grade, differentiation, pathologic response score (TRG), necrosis/fibrosis
• Complete approximately 6 months of systemic therapy including pre-operative cycles.
• Close follow-up with CEA and imaging of both liver and lungs.

F. If disease remains disseminated
• Continue systemic second-line chemotherapy and consider palliative or symptom-oriented strategies according to MDT.

"
66,"Woman, 54 years old, mid-rectal T3N1 tumor with five bilobar liver metastases and a right lung metastasis at the thoraco-abdominal CT scan. RAS wild-type, CEA 330 ng/mL.
MDT Discussion: Limited hepato-pulmonary involvement, evaluation of a possible combined approach.","Step 1 – Resectability Assessment  
• Current classification: Potentially resectable (neither clearly resectable nor unresectable).  
• Rationale:  
  – Synchronous mid‑rectal T3N1 primary with RAS‑wild‑type status; rectal primary is amenable to curative resection (TME) after appropriate neoadjuvant therapy.  
  – Five bilobar liver metastases: bilobar distribution does not preclude resection, but resectability depends on lesion size, segmental location, vascular/biliary involvement, and future liver remnant (FLR) adequacy, which are not provided.  
  – Single right‑lung metastasis: isolated pulmonary metastasis can be resected if technically feasible and disease‑free interval is acceptable; size and anatomic relationship to vessels/bronchi are unknown.  
  – Absence of extra‑hepatic disease beyond the lung lesion and no peritoneal, nodal, bone or brain metastases reported.  
  – Therefore, with appropriate down‑staging systemic therapy and completion of missing anatomic data, a curative‑intent combined approach remains plausible.

Step 2 – Recommended strategy  
A. Neoadjuvant systemic therapy (2–3 months)  
   – Regimen: FOLFOXIRI (or FOLFOX) plus anti‑EGFR monoclonal antibody (cetuximab or panitumumab) given RAS‑wild‑type status.  
   – Goal: tumor shrinkage of liver lesions, possible conversion of marginally resectable lesions, and assessment of tumor biology (CEA trend).  

B. Restaging work‑up (after neoadjuvant therapy)  
   – High‑resolution liver MRI with hepatobiliary contrast to define number, size, segmental distribution, vascular/biliary contact, and to calculate FLR.  
   – PET‑CT to confirm metabolic response of hepatic and pulmonary lesions and to exclude occult extra‑hepatic disease.  
   – Chest CT with thin slices to detail the right‑lung nodule (size, location, relation to vessels/bronchi).  
   – Colonoscopy or flexible sigmoidoscopy to reassess rectal tumor; consider MRI pelvis for local staging.  

C. Multidisciplinary decision on surgical sequencing (based on restaging)  
   – If all sites become resectable and FLR ≥ 30 % (≥ 40 % if liver steatosis/chemotherapy‑associated injury), proceed to curative surgery.  
   – Preferred sequence:  
     1. Rectal primary – total mesorectal excision (TME) after standard long‑course chemoradiation (if not already given) to achieve local control.  
     2. Liver resection – either single‑stage (if FLR adequate) or two‑stage/ALPPS (if insufficient FLR) to clear all hepatic lesions.  
     3. Pulmonary metastasectomy – right‑sided wedge resection or segmentectomy performed either simultaneously with liver surgery (if operative risk acceptable) or as a staged procedure within 4–6 weeks after hepatic resection.  

D. Adjuvant systemic therapy  
   – Resume/continue systemic chemotherapy (e.g., 6 months total exposure) post‑operatively, tailored to pathologic response and residual disease risk.  

E. Surveillance  
   – Serial CEA measurements every 3 months, contrast‑enhanced CT of chest/abdomen every 6 months for the first 2 years, then annually.

","Step 1 – Resectability assessment
The patient presents with five bilobar liver metastases and a single right lung metastasis in the setting of a mid-rectal T3N1 tumor, without other reported sites. Limited, potentially resectable extrahepatic disease (lung) does not contraindicate a curative-intent strategy if all sites can be completely treated. From a hepatobiliary perspective, the liver disease may be amenable to parenchymal-sparing resections provided adequate future liver remnant is preserved. This situation is considered potentially resectable within a multimodal, sequential curative strategy.

Step 2 – Recommended oncologic sequence
A. Comprehensive staging and multidisciplinary planning
• Perform high-resolution liver and pelvic MRI and chest CT to confirm exact number, distribution, and resectability of both liver and lung lesions.
• Calculate the future liver remnant (FLR).
• Thoracic surgical assessment of the lung metastasis is required.
• Pelvic MRI to integrate rectal treatment planning.
• Given the high CEA level (330 ng/mL) and multifocal metastases, perform high-resolution 18FDG PET-CT

B. Initial systemic therapy (mandatory)
• Start systemic doublet or triplet chemotherapy (FOLFOX/FOLFIRI ± anti-EGFR given RAS wild-type status).
• The objective is to assess tumor biology and confirm disease control at hepatic and pulmonary sites.

C. Close radiologic reassessment
• Perform high-resolution liver and pelvic MRI, and thoraco-abdominal enhanced CT-scan every 2-3 months to evaluate response and detect any potential reduction in tumor burden that could open a limited local treatment window.
• Monitor CEA kinetics as a marker of treatment effect.

D. Criteria for secondary resectability
• Surgery can be considered only if chemotherapy induces:
– Significant reduction in lesion size and number in both liver and lung.
– Feasibility of staged or parenchymal-sparing resections with adequate future liver remnant.

E. Potential surgical strategies for liver metastases if response is favorable
• Two-stage hepatectomy or combined parenchymal-sparing resections depending on response pattern.
• Portal vein embolization / venous deprivation / ALPPS may be required if major hepatectomy becomes necessary.
• Ideally, consider minimally invasive approach (laparoscopic or robotic) for liver resection.
• Preoperative prehabilitation and ERAS (Enhanced Recovery After Surgery) protocols are evidence-based, multidisciplinary strategies designed to optimize patient health before surgery and accelerate recovery afterward.

F. Management of the rectal primary
• Local pelvic treatment (radiotherapy with chemotherapy ± surgery) should be coordinated during the systemic therapy period according to rectal oncologic principles.
• After restaging with high-resolution pelvic MRI,
-	If complete morphological rectal tumor response : follow up of primary tumor
-	If near complete morphological rectal tumor response : strict follow up of primary tumor
-	If incomplete morphological rectal tumor response : rectal resection after appropriate recovery: oncologic resection of the upper rectum (low anterior resection with TME principles).
• Ideally, consider minimally invasive approach (laparoscopic or robotic) for rectal resection.
• Preoperative prehabilitation and ERAS (Enhanced Recovery After Surgery) protocols are evidence-based, multidisciplinary strategies designed to optimize patient health before surgery and accelerate recovery afterward.

G. Management of the single lung metastase
• Plan pulmonary metastasectomy or ablative treatment in a staged manner.
• Preoperative evaluation of respiratory function

I. If insufficient response and if disease remains disseminated
• Continue second-line systemic therapy or adapt regimen (such as intra-arterial chemotherapy after resection of the primary tumor) according to MDT, with possible consideration of local ablative techniques.
• Continue systemic third-line chemotherapy and consider palliative or symptom-oriented strategies according to MDT.

J. Postoperative therapy and surveillance
• Pathology report : confirmation of tumor type and origin, immunohistochemistry with tumor markers, histological growth pattern, margin status (R0, R1, R2), tumor grade, differentiation, pathologic response score (TRG), necrosis/fibrosis
• Complete approximately 6 months of systemic therapy including pre-operative cycles.
• Close follow-up with CEA and imaging of both liver and lungs.

"
67,"Man, 62 years old, left colon cancer with six liver metastases and lymph node involvement of the hepatic pedicle at the abdominal CT scan. KRAS mutated, CEA 780 ng/mL.
MDT Discussion: Liver involvement associated with extra-hepatic lymph nodes, unfavorable prognosis.","Step 1 – Resectability Assessment  
- Classification: Potentially resectable (requires further evaluation).  
- Rationale:  
  • Six hepatic lesions – number alone does not preclude resection if they can be cleared with an adequate future liver remnant (FLR).  
  • Presence of hepatic‑pedicle lymph node metastasis – extra‑hepatic disease, but limited nodal spread can be addressed surgically in selected patients.  
  • No reported major vascular or biliary invasion; however this information is missing and must be confirmed.  
  • KRAS mutation and markedly elevated CEA (780 ng/mL) suggest aggressive biology, favoring neoadjuvant systemic therapy before any operative attempt.  
  • Absence of documented distant organ metastases (lung, bone, brain) makes a curative approach feasible pending complete staging and FLR assessment.  

Step 2 – Recommended strategy  
A. Neoadjuvant systemic therapy (e.g., FOLFOXIRI ± bevacizumab) for 2–3 months.  
   – Aim: tumor down‑staging, assess biologic response, treat occult micrometastatic disease.  

B. Restaging work‑up after chemotherapy:  
   – High‑resolution liver MRI with hepatobiliary contrast.  
   – Chest CT (to rule out pulmonary mets).  
   – FDG‑PET/CT (to characterize hepatic‑pedicle nodes and detect other occult sites).  
   – Volumetric CT to calculate FLR ratio.  

C. Multidisciplinary reassessment of resectability based on restaging data.  
   – If all hepatic lesions can be cleared with ≥ 30 % FLR (≥ 40 % in compromised liver) and nodal disease is limited and resectable, proceed to surgery.  

D. Surgical phase (if deemed resectable):  
   – Option 1 – Simultaneous resection of liver metastases and hepatic‑pedicle lymphadenectomy, provided operative risk is acceptable and FLR is adequate.  
   – Option 2 – Staged approach (e.g., portal vein embolization to augment FLR followed by hepatic resection, then nodal clearance) if FLR is marginal.  
   – Goal: R0 resection of all hepatic lesions and involved nodes while preserving sufficient liver function.  

E. Adjuvant systemic therapy post‑operatively (same regimen or tailored based on response) for at least 3–6 months.  

","Step 1 – Resectability assessment
The patient presents with six liver metastases associated with lymph node involvement of the hepatic pedicle. The presence of extrahepatic nodal disease at the hepatic hilum reflects systemic dissemination and markedly unfavorable tumor biology. Even if the liver lesions were technically resectable, the oncologic context precludes a curative hepatobiliary surgical approach at this stage. This situation is therefore considered potentially resectable from a hepatobiliary perspective.

Step 2 – Recommended oncologic sequence
A. Comprehensive staging and multidisciplinary planning
• Perform high-resolution liver MRI and thoraco-abdominal CT to confirm exact number, distribution, and resectability of liver lesions and other para-aortic enlarged lymph nodes
• Calculate the future liver remnant (FLR).
• Given the high CEA level (780 ng/mL) and multifocal metastases, perform high-resolution 18FDG PET-CT

B. Systemic therapy as primary strategy (mandatory)
• Initiate or adapt systemic chemotherapy according to MDT decision (FOLFOX/FOLFIRI ± bevacizumab;
• KRAS mutation excludes anti-EGFR).
• The objective is global disease control and assessment of tumor biology.

C. Radiologic reassessment after treatment
• Perform high-quality liver MRI and abdominal CT after 2–3 months to reassess liver disease and nodal involvement.
• Monitor CEA kinetics as a marker of response.

D. Criteria for reconsidering surgery (highly exceptional)
• Surgical re-evaluation could be considered only in case of major response with major regression of nodal disease and significant downsizing of liver lesions.
• Any surgical strategy would remain highly selected and dependent on sustained disease control.

E. Surgical management of liver metastases (parenchymal-sparing strategy)
• If stability or response is observed, perform multiple wedge/segmental resections or ablation guided by intra-operative ultrasound:
• The goal is R0 resection while preserving maximal functional liver parenchyma and avoiding major hepatectomy.
• Perform en-bloc lymphadenectomy of the hepatic pedicles 
• Use intra operative ultrasound to verify lesion location and margins. 
• Ideally, consider minimally invasive approach (laparoscopic or robotic) for liver resection.
• Preoperative prehabilitation and ERAS (Enhanced Recovery After Surgery) protocols are evidence-based, multidisciplinary strategies designed to optimize patient health before surgery and accelerate recovery afterward.

F. Management of the primary tumor
• If the sigmoid tumor has not yet been resected, a simultaneous sigmoid colectomy with adequate oncologic margins and oncological lymphadenectomy with primary anastomosis can be considered, provided the patient’s condition allows combined surgery.
• Otherwise, a staged approach with colectomy first is acceptable.
• Ideally, consider minimally invasive approach (laparoscopic or robotic) for primary cancer resection.

G. Postoperative therapy and surveillance
• Pathology report : confirmation of tumor type and origin, immunohistochemistry with tumor markers, histological growth pattern, margin status (R0, R1, R2), tumor grade, differentiation, pathologic response score (TRG), necrosis/fibrosis
• Complete approximately 6 months of systemic therapy including pre-operative cycles.
• Close follow-up with CEA and imaging of both liver and lungs.

"
68,"Woman, 70 years old, right T4N2M1 colon cancer, multiple bilobar liver metastases and a single cerebellar metastasis at the total body CT scan. CEA 860 ng/mL.
MDT Discussion: Systemic disease with brain involvement, neurological priority indication.","Step 1 – Resectability Assessment  
• Current classification: Potentially resectable (borderline).  
• Rationale: The patient has multiple bilobar liver metastases, which can be resectable only if an R0 resection is achievable with an adequate future liver remnant (FLR ≥ 30 % in a normal liver or ≥ 40 % after chemotherapy). No data are provided on the number of lesions, their size, segmental distribution, vascular or biliary involvement, or FLR calculation, all of which are essential to determine technical resectability.  
• The presence of a solitary cerebellar metastasis makes the disease systemic; however, isolated brain metastasis can be treated definitively, after which hepatic and colorectal surgery may be pursued if the liver disease can be cleared. Consequently, the case is not outright unresectable but remains uncertain pending further information.

Step 2 – Recommended strategy  
A. Neurosurgical / radiosurgical management of the cerebellar lesion – immediate priority to prevent neurologic deterioration. Options include stereotactic radiosurgery (SRS) or microsurgical resection depending on lesion size, edema, and symptomatic status.  
B. Systemic chemotherapy with conversion intent – initiate a modern doublet or triplet regimen (e.g., FOLFOXIRI ± bevacizumab) after brain lesion control. Molecular profiling (RAS, BRAF, MSI) will guide the addition of targeted agents. The goal is tumor down‑staging to render liver disease resectable and to treat occult micrometastatic disease.  
C. Re‑assessment of hepatic disease after 2–3 months of systemic therapy – repeat high‑resolution liver MRI (or contrast‑enhanced CT) with volumetric analysis to evaluate response, number/size of residual lesions, vascular involvement, and calculate FLR. If FLR is insufficient, consider portal vein embolization (PVE) or associating liver partition and portal vein ligation for staged hepatectomy (ALPPS).  
D. Surgical resection – once the brain lesion is controlled and hepatic disease is deemed resectable:  
   • If the primary colon tumor has not been removed and is symptomatic or at risk of complications, perform a right hemicolectomy (simultaneous with liver resection if operative risk acceptable, otherwise staged).  
   • Perform curative‑intent liver resection (single‑stage if all lesions can be cleared with adequate FLR, or two‑stage/ALPPS if bilobar disease requires staged approach). Aim for R0 margins.  
E. Adjuvant/maintenance systemic therapy – continue appropriate systemic treatment post‑operatively based on pathological response and molecular profile.  

","Step 1 – Resectability assessment
The patient presents with multiple bilobar liver metastases associated with a cerebellar metastasis in the context of a right T4N2 colon cancer and markedly elevated CEA (860 ng/mL). The presence of brain metastasis indicates advanced systemic dissemination and excludes any curative hepatobiliary surgical strategy at this stage. From a hepatobiliary perspective, this situation is considered unresectable.

Step 2 – Recommended oncologic sequence
A. Neurological priority (mandatory)
• Immediate neurosurgical and/or radiotherapy assessment of the cerebellar metastasis is required as the first therapeutic step.
• The objective is neurological control and symptom prevention.

B. Comprehensive staging and multidisciplinary planning
• Perform high-resolution liver MRI and thoraco-abdominal CT to confirm exact number, distribution, and resectability of liver lesions
• Calculate the future liver remnant (FLR).
• Given the high CEA level (860 ng/mL) and multifocal metastases, perform high-resolution 18FDG PET-CT

C. Systemic therapy after neurological stabilization
• Initiate or adapt systemic chemotherapy according to MDT decision once neurological status is stabilized.
• The objective is global disease control.

D. Radiologic reassessment
• Perform high-quality liver MRI and full-body imaging after 2–3 months to evaluate response.
• Monitor CEA kinetics.

E. Criteria for reconsidering liver-directed therapy (exceptional)
• Hepatobiliary surgical re-evaluation would be considered only in the rare situation of complete neurological control and major hepatic response, which remains highly unlikely.

"
69,"Man, 55 years old, rectosigmoid tumor, four liver metastases and pelvic peritoneal implants at the abdominal CT scan. BRAF wild-type, CEA 320 ng/mL.
MDT Discussion: Hepato-peritoneal involvement, possible multimodal strategy to be discussed.","Step 1 – Resectability Assessment  
• Classification: Potentially resectable (borderline)  
• Rationale: The patient has four hepatic metastases and limited pelvic peritoneal implants. Resectability hinges on (a) ability to achieve an R0 liver resection with an adequate future liver remnant (FLR) and without major vascular or biliary invasion, and (b) limited peritoneal disease (low PCI) amenable to cytoreductive surgery (CRS) ± hyperthermic intraperitoneal chemotherapy (HIPEC). Because critical anatomic details (segmental distribution, lesion size, vascular contact, FLR calculation) and peritoneal disease burden are not provided, a definitive “resectable” label cannot be assigned; however, no overt contraindications (e.g., diffuse liver involvement, extensive extra‑abdominal disease) are evident, making a potentially resectable status appropriate pending further work‑up.

Step 2 – Recommended strategy  
A. Initiate systemic chemotherapy (e.g., FOLFOX ± anti‑EGFR antibody given BRAF‑wild‑type and presumed RAS wild‑type) for 2–3 months.  
   – Rationale: Down‑size hepatic lesions, treat occult microscopic disease, and assess tumor biology (CEA trend, radiologic response).  

B. Restaging work‑up after neoadjuvant therapy:  
   – Contrast‑enhanced liver MRI with hepatobiliary phase to define lesion size, segmental location, vascular/biliary involvement, and calculate FLR.  
   – Whole‑body PET‑CT to exclude occult extra‑hepatic disease (lung, bone, brain).  
   – Diagnostic laparoscopy with peritoneal cancer index (PCI) assessment and peritoneal washings.  
   – Rationale: Precise anatomic mapping and disease burden are essential to decide on curative intent surgery.  

C. Multidisciplinary reassessment:  
   – If liver disease can be cleared with ≤2‑segmental resections preserving ≥30 % FLR (or ≥40 % after chemotherapy‑associated liver injury) and PCI ≤10–12, plan combined curative surgery.  
   – Surgical plan options:  
        1. Simultaneous liver resection + CRS/HIPEC (if operative risk acceptable and liver resection limited).  
        2. Staged approach: first liver resection, followed by CRS/HIPEC after recovery (or vice‑versa if peritoneal disease is dominant).  
   – Rationale: Simultaneous surgery reduces total treatment time but requires careful patient selection; staging may be safer when extensive liver resection is needed.  

D. Post‑operative adjuvant systemic therapy (continuation of the same regimen or switch to a fluoropyrimidine‑based regimen) for 3–6 months, guided by pathological response and postoperative CEA.  
   – Rationale: Consolidates disease control and addresses micrometastatic residual disease.

","Step 1 – Resectability assessment
The patient presents with four liver metastases associated with pelvic peritoneal implants in the setting of a rectosigmoid tumor. The presence of peritoneal carcinomatosis indicates extrahepatic dissemination and precludes a standard curative hepatobiliary surgical approach at this stage. From a hepatobiliary perspective, this situation is considered potentially resectable in the current setting.

Step 2 – Recommended oncologic sequence
A. Comprehensive staging and multidisciplinary planning
• Perform high-resolution liver MRI and enhanced CT to confirm exact number, distribution, and resectability of both liver and peritoneal lesions.
• Calculate the future liver remnant (FLR).
• Given the high CEA level (320 ng/mL) and multifocal metastases, perform high-resolution 18FDG PET-CT

B. Induction systemic therapy (mandatory)
• Administer 2–3 months of peri-operative doublet or triplet chemotherapy (FOLFOX or FOLFIRI ± bevacizumab) according to MDT decision to assess tumor biology and optimize oncologic control according to patient tolerance.
• This allows treatment of potential micrometastatic disease and assessment of tumor biology before surgery.
• The goal is to evaluate tumor biology and potential response at both hepatic and peritoneal sites.

C. Close radiologic reassessment
• Perform high-resolution liver MRI and thoraco-abdominal enhanced CT-scan every 2-3 months to evaluate response and detect any potential reduction in tumor burden that could open a limited local treatment window.
• Monitor CEA kinetics as a marker of treatment effect.

D. Criteria for reconsidering surgical strategy
• Surgical re-evaluation may be considered only in the rare situation of major response with near-complete control of peritoneal disease and limited residual liver lesions.
• If disease control or response is observed:
	1.	Perform parenchymal-sparing liver resections guided by intra-operative ultrasound : 
• Intra-operative ultrasound is essential to guide both resection and ablation.
• The goal is R0 resection while strictly preserving hepatic inflow/outflow.
• Ideally, consider minimally invasive approach (laparoscopic or robotic) for liver resection.
• Preoperative prehabilitation and ERAS (Enhanced Recovery After Surgery) protocols are evidence-based, multidisciplinary strategies designed to optimize patient health before surgery and accelerate recovery afterward.
2. Address the primary colon tumor if symptomatic or locally advanced : start with laparoscopic assessment to evaluate PCI score and consider en-bloc left hemicolectomy (standard oncologic resection of the left colon primary) with lymphadectomy (at least 12 harvested lymph nodes) with cytoreductive surgery (i.e. excision of all peritoneal nodules) with or without HIPEC according to response and patient condition.
• The sequence (primary first vs liver-first) depends on technical considerations and necessity of HIPEC.

E. Postoperative therapy and surveillance
• Pathology report : confirmation of tumor type and origin, immunohistochemistry with tumor markers, histological growth pattern, margin status (R0, R1, R2), tumor grade, differentiation, pathologic response score (TRG), necrosis/fibrosis
• Complete approximately 6 months of systemic therapy including pre-operative cycles.
• Close follow-up with CEA and imaging of both liver and lungs.

F. If disease remains disseminated
• Continue systemic second-line chemotherapy and consider palliative or symptom-oriented strategies according to MDT.

"
70,"Woman, 66 years old, T3N1M1 transverse colon cancer, five liver metastases and two pulmonary nodules at the thoraco-abdominal CT scan. RAS wild-type, CEA 420 ng/mL.
MDT Discussion: Bilateral hepato-pulmonary involvement, potentially treatable sequentially.","Step 1 – Resectability Assessment  
- Classification: Potentially resectable.  
- Rationale:  
  • Five hepatic metastases (≤5‑6 lesions) and two pulmonary nodules are present, which can be addressed surgically if adequate future liver remnant (FLR) and pulmonary reserve are confirmed.  
  • No documented vascular invasion, biliary involvement, or extra‑hepatic disease beyond the lungs; therefore, hepatic disease is not overtly unresectable.  
  • RAS wild‑type status favors response to anti‑EGFR‑containing systemic therapy, increasing the likelihood of down‑staging.  
  • High CEA (420 ng/mL) indicates active disease but does not preclude resection; it underscores the need for systemic therapy and close monitoring.  
  • Definitive resectability cannot be confirmed until liver volumetry, lesion size, segmental distribution, and FLR adequacy are known; thus the case remains “potentially” rather than definitively resectable.

Step 2 – Recommended strategy  
A. Neoadjuvant systemic therapy  
   – Initiate intensive chemotherapy (e.g., FOLFOXIRI) combined with an anti‑EGFR agent (cetuximab or panitumumab) given RAS wild‑type status.  
   – Goal: tumor shrinkage, assessment of biologic response, and potential conversion to resectable status.  

B. Restaging and detailed imaging  
   – Perform high‑resolution liver MRI with hepatobiliary contrast and diffusion‑weighted sequences.  
   – Obtain PET‑CT to confirm metabolic activity of pulmonary nodules and exclude occult extra‑hepatic disease.  
   – Conduct CT volumetry to calculate FLR; consider portal vein embolization (PVE) if FLR <30 % in a normal liver.  

C. Hepatic resection (first‑stage)  
   – If post‑chemotherapy imaging shows ≤3‑4 lesions confined to segments amenable to a single‑stage resection with adequate FLR, proceed with anatomic or non‑anatomic hepatectomy aiming for R0 margins (≥1 cm or >10 mm if margin‑negative is achievable).  
   – If FLR remains insufficient, plan a two‑stage hepatectomy (segmental resection followed by PVE and delayed completion) or ALPPS, based on patient fitness and liver quality.  

D. Pulmonary metastasectomy (or stereotactic body radiotherapy)  
   – After hepatic recovery (typically 4‑6 weeks), reassess pulmonary nodules.  
   – If nodules are peripheral, ≤2 cm, and patient has adequate pulmonary reserve, perform video‑assisted thoracoscopic (VATS) wedge resections or segmentectomy.  
   – If lesions are centrally located or patient is high‑risk for surgery, consider SBRT.  

E. Consolidation/adjuvant systemic therapy  
   – Resume or continue systemic chemotherapy for 3‑6 months post‑resection, tailored to response and tolerability, to eradicate microscopic disease and reduce recurrence risk.  

","Step 1 – Resectability assessment
The patient presents with five liver metastases and two pulmonary nodules in the setting of a T3N1 transverse colon cancer, without other reported sites. Limited, potentially resectable extrahepatic disease (lungs) does not preclude a curative-intent strategy if all sites can be completely treated. From a hepatobiliary perspective, the liver disease may be amenable to parenchymal-sparing resections provided an adequate future liver remnant is preserved. This situation is considered potentially resectable within a multimodal, sequential curative strategy.

Step 2 – Recommended oncologic sequence
A. Comprehensive staging and multidisciplinary planning
• Perform high-resolution liver MRI and chest CT to confirm exact number, distribution, and resectability of both liver and lung lesions.
• Calculate the future liver remnant (FLR).
• Thoracic surgical assessment of pulmonary nodules is required.
• Given the high CEA level (420 ng/mL) and multifocal metastases, perform high-resolution 18FDG PET-CT

B. Initial systemic therapy (mandatory)
• Start systemic chemotherapy (FOLFOX/FOLFIRI ± anti-EGFR given RAS wild-type status).
• The objective is to assess tumor biology and confirm disease control at hepatic and pulmonary sites.

C. Close radiologic reassessment
• Perform high-resolution liver MRI, and thoraco-abdominal enhanced CT-scan every 2-3 months to evaluate response and detect any potential reduction in tumor burden that could open a limited local treatment window.
• Monitor CEA kinetics as a marker of treatment effect.

D. Criteria for secondary resectability
• Surgery can be considered only if chemotherapy induces:
– Significant reduction in lesion size and number in both liver and lung.
– Feasibility of staged or parenchymal-sparing resections with adequate future liver remnant.

E. Potential surgical strategies for liver metastases if response is favorable
• Two-stage hepatectomy or combined parenchymal-sparing resections depending on response pattern.
• Portal vein embolization / venous deprivation / ALPPS may be required if major hepatectomy becomes necessary.
• Ideally, consider minimally invasive approach (laparoscopic or robotic) for liver resection.
• Preoperative prehabilitation and ERAS (Enhanced Recovery After Surgery) protocols are evidence-based, multidisciplinary strategies designed to optimize patient health before surgery and accelerate recovery afterward.

F. Management of the primary tumor
• Extended right hemicolectomy (standard oncologic resection of the right colon primary) with D2 lymphadectomy (at least 12 harvested lymph nodes) should be coordinated according to response and patient condition (ideally after liver surgery).
• Ideally, consider minimally invasive approach (laparoscopic or robotic) for colectomy.
• Preoperative prehabilitation and ERAS (Enhanced Recovery After Surgery) protocols are evidence-based, multidisciplinary strategies designed to optimize patient health before surgery and accelerate recovery afterward.

G. Management of the lung metastases
• Plan pulmonary metastasectomy or ablative treatment in a staged manner.
• Preoperative evaluation of respiratory function

I. If insufficient response and if disease remains disseminated
• Continue second-line systemic therapy or adapt regimen (such as intra-arterial chemotherapy after resection of the primary tumor) according to MDT, with possible consideration of local ablative techniques.
• Continue systemic third-line chemotherapy and consider palliative or symptom-oriented strategies according to MDT.

J. Postoperative therapy and surveillance
• Pathology report : confirmation of tumor type and origin, immunohistochemistry with tumor markers, histological growth pattern, margin status (R0, R1, R2), tumor grade, differentiation, pathologic response score (TRG), necrosis/fibrosis
• Complete approximately 6 months of systemic therapy including pre-operative cycles.
• Close follow-up with CEA and imaging of both liver and lungs.

"
71,"Man, 61 years old, right colon adenocarcinoma with three liver metastases and mediastinal lymph node involvement on PET FDG. CEA 680 ng/mL, KRAS mutated.
MDT Discussion: Systemic disease with extra-hepatic extension, palliative approach.","Step 1 – Resectability Assessment  
- Classification: Unresectable (curative intent)  
- Justification:  
  • Presence of mediastinal lymph node metastasis on FDG‑PET indicates extra‑hepatic disease beyond the liver, classifying the burden as systemic.  
  • Current hepatobiliary oncologic guidelines consider any distant nodal involvement (outside the regional mesenteric/retroperitoneal field) a contraindication to curative‑intent liver resection.  
  • No information is available to suggest that the mediastinal nodes are isolated and amenable to complete surgical clearance; therefore, the disease is deemed unresectable at this stage.  

Step 2 – Recommended strategy  
A. Systemic chemotherapy initiation – Start a standard first‑line regimen for KRAS‑mutated colorectal cancer (e.g., FOLFOX or FOLFIRI combined with bevacizumab). Rationale: systemic control is required for both hepatic and mediastinal disease.  
B. Baseline restaging imaging – Perform contrast‑enhanced chest‑abdomen‑pelvis CT, liver‑specific MRI, and repeat FDG‑PET after 2–3 months of therapy. Rationale: assess tumor response, quantify liver lesion size/vascular involvement, and evaluate mediastinal node regression.  
C. Re‑assessment for conversion to resectability – If imaging shows ≥30 % reduction of liver lesions with adequate future liver remnant and complete radiologic disappearance or marked shrinkage of mediastinal nodes, discuss a multidisciplinary plan for combined hepatic resection (or ablation) and, if feasible, mediastinal nodal dissection. Rationale: conversion therapy may render a subset of patients amenable to curative surgery.  
D. Maintenance/second‑line systemic therapy – Continue systemic treatment (maintenance bevacizumab or switch to alternative regimen) regardless of surgical candidacy, with regular surveillance. Rationale: disease remains systemic; ongoing systemic control is essential for palliation and potential future conversion.  

","Step 1 – Resectability assessment
The patient presents with three liver metastases associated with mediastinal lymph node involvement on PET in the context of a right colon adenocarcinoma and elevated CEA (680 ng/mL). The presence of distant extrahepatic nodal disease reflects systemic dissemination but does not exclude any curative hepatobiliary surgical strategy. From a hepatobiliary perspective, this situation is considered potentially resectable.

Step 2 – Recommended oncologic sequence
A. Comprehensive staging and multidisciplinary planning
• Perform high-resolution liver MRI and chest CT to confirm exact number, distribution, and resectability of both liver and mediastinal lymph nodes.
• Calculate the future liver remnant (FLR).
• Thoracic surgical assessment of lymph nodes is required.
• Given the high CEA level (680 ng/mL) and multiple metastases, perform high-resolution 18FDG PET-CT

B. Initial systemic therapy (mandatory)
• Start systemic chemotherapy (FOLFOX/FOLFIRI ± anti-bevacizumab given RAS mutated-type status).
• KRAS mutation excludes anti-EGFR
• The objective is to assess tumor biology and confirm disease control at hepatic and mediastinal sites.

C. Close radiologic reassessment
• Perform high-resolution liver MRI, and thoraco-abdominal enhanced CT-scan every 2-3 months to evaluate response and detect any potential reduction in tumor burden that could open a limited local treatment window.
• Monitor CEA kinetics as a marker of treatment effect.

D. Criteria for secondary resectability
• Surgery can be considered only if chemotherapy induces:
– Significant reduction in lesion size and number in both liver and lung.
– Feasibility of staged or parenchymal-sparing resections with adequate future liver remnant.

E. Potential surgical strategies for liver metastases if response is favorable
• Two-stage hepatectomy or combined parenchymal-sparing resections depending on response pattern.
• Portal vein embolization / venous deprivation / ALPPS may be required if major hepatectomy becomes necessary.
• Ideally, consider minimally invasive approach (laparoscopic or robotic) for liver resection.
• Preoperative prehabilitation and ERAS (Enhanced Recovery After Surgery) protocols are evidence-based, multidisciplinary strategies designed to optimize patient health before surgery and accelerate recovery afterward.

F. Management of the primary tumor
• Right hemicolectomy (standard oncologic resection of the right colon primary) with D2 lymphadectomy (at least 12 harvested lymph nodes) should be coordinated according to response and patient condition (ideally after liver surgery).
• Ideally, consider minimally invasive approach (laparoscopic or robotic) for colectomy.
• Preoperative prehabilitation and ERAS (Enhanced Recovery After Surgery) protocols are evidence-based, multidisciplinary strategies designed to optimize patient health before surgery and accelerate recovery afterward.

G. Management of the mediastinal metastases
• Plan mediatinal lymphadenectomy in a staged manner.
• Ideally, consider minimally invasive approach (laparoscopic or robotic) for colectomy.

I. If insufficient response and if disease remains disseminated
• Continue second-line systemic therapy or adapt regimen according to MDT, with possible consideration of local ablative techniques.

J. Postoperative therapy and surveillance
• Pathology report : confirmation of tumor type and origin, immunohistochemistry with tumor markers, histological growth pattern, margin status (R0, R1, R2), tumor grade, differentiation, pathologic response score (TRG), necrosis/fibrosis
• Complete approximately 6 months of systemic therapy including pre-operative cycles.
• Close follow-up with CEA and imaging of both liver and lungs.

"
72,"Woman, 60 years old, T4N2 rectal tumor, six bilobar liver metastases, pulmonary micronodules at the thoraco-abdominal CT scan, CEA 1250 ng/mL, RAS wild-type.
MDT Discussion: Extensive hepato-pulmonary involvement, not resectable upfront.","Step 1 – Resectability Assessment  
- Classification: Potentially resectable after conversion therapy.  
- Justification:  
  • Six bilobar liver metastases exceed the typical criteria for upfront resection (generally ≤4 lesions or unilobar disease).  
  • Presence of pulmonary micronodules represents limited extra‑hepatic disease; when few and stable, they do not preclude curative intent.  
  • RAS wild‑type status predicts good response to modern systemic regimens (e.g., anti‑EGFR or bevacizumab‑based).  
  • No documented vascular invasion or insufficient future liver remnant (FLR) data; therefore, resectability cannot be excluded pending further assessment.  
  • MDT already deemed “not resectable upfront,” supporting the need for down‑staging before surgical consideration.  

Step 2 – Recommended strategy  
A. Induction systemic therapy (and concurrent rectal chemoradiation if indicated)  
   – Initiate intensive chemotherapy (e.g., FOLFOXIRI ± bevacizumab or FOLFOX + anti‑EGFR) for 8–12 weeks.  
   – Rationale: Aim for maximal tumor shrinkage in liver and lung, assess biological response, and control the locally advanced T4 rectal primary.  

B. Restaging after induction  
   – Perform high‑resolution liver MRI with hepatobiliary contrast, repeat thoraco‑abdominal CT, and FDG‑PET/CT.  
   – Rationale: Precisely quantify residual hepatic disease (size, segmental distribution, vascular contact), evaluate pulmonary nodules (number, size, metabolic activity), and calculate FLR.  

C. Decision point based on response  
   – If ≥70 % radiologic response in liver and pulmonary lesions become ≤5 mm or disappear, proceed to curative‑intent surgery.  
   – If response insufficient, consider alternative systemic regimen or continue conversion therapy.  

D. Surgical sequence (when criteria met)  
   1. Primary rectal tumor: total mesorectal excision (TME) after completion of neoadjuvant chemoradiation, unless obstructive/bleeding symptoms mandate earlier resection.  
   2. Liver metastases:  
      – If FLR ≥30 % (or ≥40 % after chemotherapy) and disease is unilobar after response, perform single‑stage anatomical resection.  
      – If FLR inadequate or disease remains bilobar, plan a two‑stage hepatectomy with portal vein embolization (PVE) after first stage to hypertrophy the remnant.  
   3. Pulmonary metastases: limited‑size nodules (≤5 mm) may be observed; larger or progressive lesions should be resected (wedge or segmentectomy) synchronously with liver surgery if feasible, or staged thereafter.  
   – Rationale: Sequencing ensures control of the primary, maximizes hepatic reserve, and addresses all resectable disease in a curative‑intent framework.  

","Step 1 – Resectability assessment
The patient presents with six bilobar liver metastases and pulmonary micronodules in the context of a T4N2 rectal tumor and very high CEA (1250 ng/mL). The combination of extensive bilobar hepatic disease and extrahepatic pulmonary involvement reflects advanced systemic dissemination. From a hepatobiliary perspective, this situation is considered unresectable upfront.

Step 2 – Recommended oncologic sequence
A. Comprehensive staging and multidisciplinary planning
• Perform high-resolution liver and pelvic MRI and chest CT to confirm exact number, distribution, and resectability of both liver and lung lesions.
• Thoracic surgical assessment of pulmonary nodules is required.
• Given the high CEA level (1250 ng/mL) and multifocal metastases, perform high-resolution 18FDG PET-CT

B. Initial systemic therapy (mandatory)
• Start systemic chemotherapy (FOLFOX/FOLFIRI ± anti-EGFR given RAS wild-type status).
• The objective is to assess tumor biology and confirm disease control at hepatic and pulmonary sites.

C. Close radiologic reassessment
• Perform high-resolution liver MRI, and thoraco-abdominal enhanced CT-scan every 2-3 months to evaluate response and detect any potential reduction in tumor burden that could open a limited local treatment window.
• Monitor CEA kinetics as a marker of treatment effect.

D. Criteria for secondary resectability
• Surgery can be considered only if chemotherapy induces:
– Significant reduction in lesion size and number in both liver and lung.
– Feasibility of staged or parenchymal-sparing resections with adequate future liver remnant.

E. Potential surgical strategies for liver metastases if response is favorable
• Hepatobiliary surgical re-evaluation would be considered only in the rare case of major response with significant reduction of both hepatic and pulmonary disease, allowing complete clearance of all sites.
• Two-stage hepatectomy or combined parenchymal-sparing resections depending on response pattern.
• Portal vein embolization / venous deprivation / ALPPS may be required if major hepatectomy becomes necessary.

F. Pelvic management integration
• Plan rectal treatment (short-course radiotherapy or chemoradiotherapy) according the MDT discussion if the primary tumor is symptomatic

G. If insufficient response and if disease remains disseminated
• Continue second-line systemic therapy according to MDT, and consider palliative or symptom-oriented strategies according to MDT.

H. Postoperative therapy and surveillance
• If resection, analysis ofpathology report : confirmation of tumor type and origin, immunohistochemistry with tumor markers, histological growth pattern, margin status (R0, R1, R2), tumor grade, differentiation, pathologic response score (TRG), necrosis/fibrosis
• Complete approximately 6 months of systemic therapy including pre-operative cycles.
• Close follow-up with CEA and imaging of both liver and lungs.

"
73,"Man, 58 years old, left colon cancer, liver metastases (segments IV, V, VIII) and confirmed right iliac bone metastasis at the abdominal CT scan. KRAS mutated.
MDT Discussion: Hepato-osseous involvement, priority systemic management.","Step 1 – Resectability Assessment  
• Classification: Potentially resectable (subject to further clarification).  
• Rationale:  
   – Liver disease is confined to three hepatic segments (IV, V, VIII) without documented major vascular or biliary invasion, suggesting that a curative‑intent hepatectomy could be technically feasible if an adequate future liver remnant (FLR) can be preserved.  
   – The presence of a solitary right iliac bone metastasis represents limited extra‑hepatic disease; current oncologic guidelines allow hepatic resection in the setting of oligometastatic bone disease provided the bone lesion can be controlled (e.g., radiotherapy, surgical stabilization) and systemic disease is otherwise responsive.  
   – KRAS mutation does not preclude surgery but indicates the need for an appropriate systemic regimen.  
   – Definitive assessment of resectability is pending data on the number and size of liver lesions, relationship to major vessels/portal structures, FLR volume, and response to systemic therapy.  

Step 2 – Recommended strategy  
A. Initiate systemic chemotherapy (e.g., FOLFOXIRI ± bevacizumab) as first‑line therapy to treat both hepatic and bone disease and to assess tumor biology.  
   – Rationale: Systemic control is prioritized by the MDT; chemotherapy can downsize liver lesions, treat occult disease, and provide a test of disease responsiveness.  

B. Perform comprehensive restaging after 2–3 months of systemic therapy:  
   – Contrast‑enhanced liver MRI with hepatobiliary phase, thoraco‑abdominal‑pelvic CT, and bone scan or PET‑CT to evaluate response of hepatic lesions, FLR adequacy, and bone lesion status.  
   – Rationale: Precise imaging is required to determine the number, size, and vascular proximity of liver metastases and to reassess extra‑hepatic burden.  

C. Address the right iliac bone metastasis with local therapy (palliative radiotherapy or surgical fixation) if symptomatic, at risk of fracture, or if it remains active after systemic therapy.  
   – Rationale: Controlling the bone lesion prevents skeletal complications and fulfills the “controlled extra‑hepatic disease” prerequisite for curative hepatic surgery.  

D. If restaging demonstrates: (i) limited hepatic disease amenable to resection with an FLR ≥ 30 % (or ≥ 40 % in a steatotic liver), (ii) no new extra‑hepatic sites, and (iii) adequate performance status, proceed to curative‑intent liver resection (anatomical or parenchymal‑sparing hepatectomy of segments IV, V, VIII).  
   – Rationale: Achieving R0 resection of all hepatic metastases offers the best chance for long‑term survival in selected patients.  

E. If the colorectal primary tumor has not yet been resected, schedule either a simultaneous colon resection (if technically feasible) or a staged colorectal surgery after hepatic recovery, based on operative risk and tumor location.  
   – Rationale: Primary tumor control is essential; simultaneous resection can be considered when operative time and patient condition allow.  

F. Continue postoperative/adjuvant systemic therapy (e.g., maintenance bevacizumab or anti‑EGFR agents if later molecular profiling permits) and enroll in surveillance protocol (CEA, imaging every 3–6 months).  

","Step 1 – Resectability assessment
The patient presents with liver metastases in segments IV, V, and VIII associated with a confirmed right iliac bone metastasis in the context of a left colon cancer. The presence of osseous metastatic disease indicates systemic dissemination beyond the liver and excludes any curative hepatobiliary surgical strategy. From a hepatobiliary perspective, this situation is considered unresectable.

Step 2 – Recommended oncologic sequence
A. Systemic therapy as primary strategy (mandatory)
• Initiate or adapt systemic chemotherapy according to MDT decision (FOLFOX/FOLFIRI ± bevacizumab; KRAS mutation excludes anti-EGFR).
• The objective is global disease control.

B. Management of bone metastasis
• Integrate radiotherapy and/or orthopedic evaluation for the right iliac lesion depending on symptoms and fracture risk.

C. Radiologic reassessment
• Perform periodic liver MRI and whole-body imaging to monitor response.
• Monitor CEA kinetics as a marker of treatment effect.

D. Role of liver-directed therapy
• Liver surgery is not indicated unless an exceptional systemic response with control of bone disease occurs, which remains unlikely.

E. If insufficient response and if disease remains disseminated
• Continue second-line systemic therapy according to MDT, and consider palliative or symptom-oriented strategies according to MDT.

"
74,"Woman, 69 years old, T3N1 rectal tumor with two liver metastases and an isolated left pulmonary nodule at the thoraco-abdominal CT scan. RAS wild-type, CEA 210 ng/mL.
MDT Discussion: Limited hepato-pulmonary involvement, possibility of a combined approach depending on response.","Step 1 – Resectability Assessment  
• Classification: Potentially resectable (borderline).  
• Rationale: The patient has only two liver metastases and a single isolated left‑lung nodule, which in principle can be addressed surgically if adequate hepatic functional reserve and pulmonary reserve are confirmed. However, critical data required to confirm technical resectability are missing (size and segmental location of liver lesions, relationship to major vessels or biliary structures, future liver remnant volume, size and anatomic relationship of the pulmonary nodule, and status of the rectal primary). Without these details the lesions cannot be definitively deemed resectable, but they are not obviously unresectable based on the limited disease burden described.

Step 2 – Recommended strategy  
A. Comprehensive restaging  
   – Obtain high‑resolution liver MRI with hepatobiliary contrast, PET‑CT, and pelvic MRI to define tumor biology, exact lesion size, segmental distribution, vascular involvement, FLR, and metabolic activity of the lung nodule.  
   – Perform pulmonary function tests and cardiopulmonary assessment.  
   Rationale: Precise anatomic and functional information is essential to plan curative‑intent surgery and to confirm that extra‑hepatic disease is truly limited.

B. Systemic induction therapy  
   – Initiate 3–4 cycles of oxaliplatin‑based doublet (FOLFOX or CAPOX) combined with anti‑EGFR monoclonal antibody (cetuximab or panitumumab) given RAS wild‑type status.  
   Rationale: Neoadjuvant chemotherapy aims to down‑size hepatic and pulmonary lesions, treat micrometastatic disease, and provide a biologic test of tumor responsiveness.

C. Local treatment of the rectal primary  
   – If the rectal tumor has not yet been resected, deliver long‑course chemoradiotherapy (CRT) followed by total mesorectal excision (TME) after systemic therapy, or consider a “watch‑and‑wait” approach only if complete clinical response is achieved.  
   Rationale: Optimal control of the primary rectal lesion is required before or concurrent with metastatic surgery to minimize local recurrence.

D. Restaging after induction therapy  
   – Repeat imaging (MRI, PET‑CT) to assess response of liver and lung lesions and to re‑evaluate resectability criteria (FLR, vascular clearance, pulmonary reserve).  
   Rationale: Decision for definitive surgery hinges on achieving resectable disease with adequate margins and functional reserve.

E. Curative‑intent metastasectomy (single or staged)  
   – If post‑therapy imaging shows resectable liver lesions with sufficient FLR (>30 % in a normal liver) and a resectable pulmonary nodule, proceed to combined or staged metastasectomy. Options:  
        • Simultaneous liver resection + pulmonary wedge resection (if operative time and patient condition permit).  
        • Staged approach: first liver resection, followed by pulmonary resection after recovery, or vice‑versa based on multidisciplinary consensus.  
   – Follow with adjuvant systemic therapy to complete a standard 6‑month total duration.  
   Rationale: Achieving R0 resection of all disease sites offers the best chance for long‑term survival in oligometastatic colorectal cancer.

","Step 1 – Resectability assessment
The patient presents with two liver metastases and a single left pulmonary nodule in the setting of a T3N1 rectal tumor, without other reported sites. Limited, potentially resectable extrahepatic disease (lung) does not preclude a curative-intent strategy if all sites can be completely treated. From a hepatobiliary perspective, the liver disease appears technically amenable to parenchymal-sparing resection with preservation of an adequate future liver remnant. This situation is considered potentially resectable within a multimodal, sequential curative strategy.

Step 2 – Recommended oncologic sequence
A. Comprehensive staging and multidisciplinary planning
• Perform high-resolution liver and pelvic MRI and chest CT to confirm exact number, distribution, and resectability of both liver and lung lesions.
• Calculate the future liver remnant (FLR).
• Thoracic surgical assessment of the lung metastasis is required.
• Pelvic MRI to integrate rectal treatment planning.
• Given the high CEA level (210 ng/mL) and multifocal metastases, perform high-resolution 18FDG PET-CT

B. Initial systemic therapy (mandatory)
• Start systemic doublet or triplet chemotherapy (FOLFOX/FOLFIRI ± anti-EGFR given RAS wild-type status).
• The objective is to assess tumor biology and confirm disease control at hepatic and pulmonary sites.

C. Close radiologic reassessment
• Perform high-resolution liver and pelvic MRI, and thoraco-abdominal enhanced CT-scan every 2-3 months to evaluate response and detect any potential reduction in tumor burden that could open a limited local treatment window.
• Monitor CEA kinetics as a marker of treatment effect.

D. Criteria for secondary resectability
• Surgery can be considered only if chemotherapy induces:
– Significant reduction in lesion size and number in both liver and lung.
– Feasibility of staged or parenchymal-sparing resections with adequate future liver remnant.

E. Potential surgical strategies for liver metastases if response is favorable
• Parenchymal-sparing resections or ablation depending on response pattern.
• Ideally, consider minimally invasive approach (laparoscopic or robotic) for liver resection.
• Preoperative prehabilitation and ERAS (Enhanced Recovery After Surgery) protocols are evidence-based, multidisciplinary strategies designed to optimize patient health before surgery and accelerate recovery afterward.

F. Management of the rectal primary
• Local pelvic treatment (radiotherapy with chemotherapy ± surgery) should be coordinated during the systemic therapy period according to rectal oncologic principles.
• After restaging with high-resolution pelvic MRI,
-	If complete morphological rectal tumor response : follow up of primary tumor
-	If near complete morphological rectal tumor response : strict follow up of primary tumor
-	If incomplete morphological rectal tumor response : rectal resection after appropriate recovery: oncologic resection of the upper rectum (low anterior resection with TME principles).
• Ideally, consider minimally invasive approach (laparoscopic or robotic) for rectal resection.
• Preoperative prehabilitation and ERAS (Enhanced Recovery After Surgery) protocols are evidence-based, multidisciplinary strategies designed to optimize patient health before surgery and accelerate recovery afterward.

G. Management of the single lung metastase
• Plan pulmonary metastasectomy or ablative treatment in a staged manner.
• Preoperative evaluation of respiratory function

I. If insufficient response and if disease remains disseminated
• Continue second-line systemic therapy or adapt regimen according to MDT, with possible consideration of local ablative techniques.

J. Postoperative therapy and surveillance
• Pathology report : confirmation of tumor type and origin, immunohistochemistry with tumor markers, histological growth pattern, margin status (R0, R1, R2), tumor grade, differentiation, pathologic response score (TRG), necrosis/fibrosis
• Complete approximately 6 months of systemic therapy including pre-operative cycles.
• Close follow-up with CEA and imaging of both liver and lungs.

"
75,"Man, 65 years old, right T4N2 colon cancer, eight bilobar liver metastases and moderate peritoneal carcinomatosis at the abdominal CT scan. CEA 970 ng/mL.
MDT Discussion: Extensive hepato-peritoneal disease, goal of systemic control.","Step 1 – Resectability Assessment  
- Classification: Unresectable (current disease not amenable to curative‑intent surgery).  
- Justification:  
  • Eight bilobar liver metastases indicate diffuse hepatic involvement; the number and distribution exceed typical criteria for simultaneous or staged hepatic resection (generally ≤4 lesions confined to ≤2 segments with adequate future liver remnant).  
  • No data on lesion size, vascular or biliary invasion, but the presence of “moderate peritoneal carcinomatosis” adds extra‑hepatic disease that precludes an R0 liver‑only operation.  
  • The primary right‑colon tumor has not been reported as resected; without control of the primary lesion, curative liver surgery is not indicated.  
  • High CEA (970 ng/mL) suggests biologically aggressive disease.  
  • Absence of documented systemic therapy or down‑staging response further supports the unresectable status at this time.

Step 2 – Recommended strategy  
A. Comprehensive Restaging and Molecular Work‑up  
   - Obtain thoraco‑abdominal CT, liver MRI with hepatobiliary contrast, and FDG‑PET/CT to define extra‑hepatic burden (lung, bone, nodal).  
   - Perform colonoscopy to assess the primary lesion and obtain tissue for KRAS/NRAS, BRAF, MSI‑H status.  
   - Rationale: Precise anatomic and biologic data are required to select systemic regimen and to reassess resectability after treatment.  

B. Systemic Conversion Chemotherapy  
   - Initiate intensive first‑line regimen (e.g., FOLFOXIRI ± bevacizumab) or FOLFOX + bevacizumab if contraindications exist; consider adding anti‑EGFR therapy if RAS wild‑type.  
   - Rationale: Aim to achieve tumor shrinkage in liver and peritoneum, potentially converting to resectable status; also provides early control of occult disease.  

C. Re‑assessment After 2–3 months of Therapy  
   - Repeat liver MRI and CT of chest/abdomen; calculate peritoneal cancer index (PCI) if peritoneal disease persists.  
   - Rationale: Determine response (partial/complete) and evaluate whether hepatic FLR would be sufficient for resection; assess whether peritoneal disease has become limited enough for cytoreductive surgery ± HIPEC.  

D. Conditional Surgical Plan  
   - If conversion achieved (≤4 liver lesions confined to ≤2 segments with adequate FLR and PCI ≤10):  
        • Proceed with staged or simultaneous resection of primary colon tumor (right hemicolectomy) and curative liver resection; consider intra‑operative HIPEC if peritoneal disease remains limited.  
   - If conversion not achieved:  
        • Continue systemic therapy, consider enrollment in a clinical trial, and provide best supportive care/palliation as needed.  
   - Rationale: Surgery is reserved for patients who can attain an R0 resection of all disease sites; otherwise systemic therapy remains the mainstay.

","Step 1 – Resectability assessment
The patient presents with eight bilobar liver metastases associated with moderate peritoneal carcinomatosis in the context of a right T4N2 colon cancer and markedly elevated CEA (970 ng/mL). The presence of peritoneal dissemination combined with extensive bilobar hepatic disease excludes any curative hepatobiliary surgical approach at this stage. From a hepatobiliary perspective, this situation is considered unresectable.

Step 2 – Recommended oncologic sequence
A. Comprehensive staging and multidisciplinary planning
• Perform high-resolution liver MRI and enhanced CT to confirm exact number, distribution, and resectability of both liver and peritoneal lesions.
• Given the high CEA level (970 ng/mL) and multifocal metastases, perform high-resolution 18FDG PET-CT

B. Induction systemic therapy (mandatory)
• Administer 2–3 months of peri-operative doublet or triplet chemotherapy (FOLFOX or FOLFIRI ± bevacizumab) according to MDT decision to assess tumor biology and optimize oncologic control according to patient tolerance.
• This allows treatment of potential micrometastatic disease and assessment of tumor biology before surgery.

C. Close radiologic reassessment
• Perform high-resolution liver MRI and thoraco-abdominal enhanced CT-scan every 2-3 months to evaluate response and detect any potential reduction in tumor burden that could open a limited local treatment window.
• Monitor CEA kinetics as a marker of treatment effect.

D. Criteria for reconsidering surgical strategy
• Surgical re-evaluation may be considered only in the rare situation of major response with near-complete control of peritoneal disease and limited residual liver lesions.
• If disease control or response is observed:
	1.	Perform parenchymal-sparing liver resections guided by intra-operative ultrasound : 
• The goal is R0 resection while strictly preserving hepatic inflow/outflow.
2. Address the primary colon tumor if symptomatic or locally advanced : start with laparoscopic assessment to evaluate PCI score and consider en-bloc right hemicolectomy (standard oncologic resection of the right colon primary) with D2 lymphadectomy (at least 12 harvested lymph nodes) with cytoreductive surgery (i.e. excision of all peritoneal nodules) with or without HIPEC according to response and patient condition.
• The sequence (primary first vs liver-first) depends on technical considerations and necessity of HIPEC.

E. Postoperative therapy and surveillance
• Pathology report : confirmation of tumor type and origin, immunohistochemistry with tumor markers, histological growth pattern, margin status (R0, R1, R2), tumor grade, differentiation, pathologic response score (TRG), necrosis/fibrosis
• Complete approximately 6 months of systemic therapy including pre-operative cycles.
• Close follow-up with CEA and imaging of both liver and lungs.

F. If disease remains disseminated
• Continue systemic second-line chemotherapy and consider palliative or symptom-oriented strategies according to MDT.

"
76,"Man, 59 years old, left T3N1M1 colon tumor, five bilobar liver metastases (1.5-3.5 cm). CEA 1150 ng/mL. KRAS mutated, BRAF wild-type.Liver MRI: contact of segment VIII lesion with middle hepatic vein.
MDT Discussion: Technically resectable disease, high tumor marker suggests systemic risk.","Step 1 – Resectability Assessment  
- Classification: Potentially resectable (technically resectable but requires optimization).  
- Justification:  
  • Five bilobar metastases, each ≤3.5 cm, which falls within conventional size limits for hepatic resection.  
  • Vascular contact limited to the middle hepatic vein (segment VIII lesion) without documented invasion; such contact can often be managed with careful parenchymal‑sparing techniques or vascular reconstruction.  
  • No documented extra‑hepatic disease; absence of pulmonary, peritoneal, nodal, bone or brain metastases would meet the oncologic criteria for hepatic clearance.  
  • High CEA (1150 ng/mL) and KRAS mutation indicate aggressive biology, suggesting the need for systemic disease control before definitive surgery.  
  • Missing data on future liver remnant (FLR) volume and functional reserve preclude immediate classification as “resectable” without further assessment.  

Step 2 – Recommended strategy  
A. Neoadjuvant systemic therapy – Initiate 3–6 cycles of a KRAS‑mutant‑appropriate regimen (e.g., FOLFOX or FOLFIRI + bevacizumab). Rationale: down‑size lesions, treat micrometastatic disease, and assess tumor biology via CEA trend.  

B. Restaging work‑up – After chemotherapy, repeat high‑resolution liver MRI with hepatobiliary contrast, CT chest/abdomen/pelvis, and obtain performance status and liver function tests. Rationale: confirm response, detect occult extra‑hepatic disease, and calculate FLR volume.  

C. FLR optimization – If FLR <30 % (or <40 % in compromised liver), perform portal vein embolization (PVE) or consider associating liver partition and portal vein ligation for staged hepatectomy (ALPPS) based on volumetric results. Rationale: ensure adequate postoperative liver function.  

D. Surgical resection –  
   • If FLR adequate after PVE, proceed with a single‑stage, parenchymal‑sparing, anatomic or non‑anatomic resections of all five lesions, preserving the middle hepatic vein when possible; employ intra‑operative ultrasound for lesion localization.  
   • If FLR remains insufficient, adopt a two‑stage hepatectomy: first clear lesions in one lobe (often the left), perform PVE of the contralateral lobe, then complete right‑lobe resection after hypertrophy.  

E. Management of primary colon tumor –  
   • If the primary has not yet been resected, schedule a simultaneous colon resection during the liver operation only if operative time and patient condition permit; otherwise, perform colon resection in a separate, staged procedure after hepatic recovery.  

F. Adjuvant systemic therapy – Resume or continue chemotherapy post‑operatively (typically 3–6 additional cycles) to address residual microscopic disease.  

","Step 1 – Resectability assessment
The patient presents with five bilobar liver metastases (1.5–3.5 cm), including a segment VIII lesion in contact with the middle hepatic vein, without reported extrahepatic disease. From a technical standpoint, complete clearance with parenchymal-sparing resections appears feasible while preserving an adequate future liver remnant. According to hepatobiliary oncologic criteria, this pattern is resectable. However, the very high CEA level (1150 ng/mL) suggests aggressive tumor biology and a high systemic risk.

Step 2 – Recommended oncologic sequence
A. Preoperative staging
• Perform high-resolution liver MRI and contrast-enhanced CT to confirm the relationship of the 5 lesions to segment VIII vascular and biliary structures. Precise anatomical mapping is required to plan a safe parenchymal-sparing resection.
• Given the high CEA level (1150 ng/mL), perform high-resolution 18FDG PET-CT

B. Preoperative systemic therapy
• The elevated CEA level (1150 ng/mL) and multiplicity of lesions suggest biologically active disease.
• Give 3 months of peri operative doublet chemotherapy (FOLFOX ± bevacizumab) to treat potential micrometastatic disease and assess tumor biology.
• KRAS mutation excludes anti-EGFR therapy.
• This period treats micrometastatic disease and evaluates tumor biology.

C. Restaging before surgery
• Perform high-resolution liver MRI and contrast-enhanced CT after chemotherapy to confirm maintained resectability and evaluate vascular/biliary relationships.
• Calculate the future liver remnant (FLR).

D. Surgical management (staged strategy)
• If restaging confirms continued resectability, perform a first multiple atypical resection for the 5 lesions and/or segmentectomy 8 with en-bloc partial resection a the middle hepatic veine removing the 5 metastases, or a formal right hepatectomy if anatomically more appropriate, and if volume of the remnant liver is sufficient, aiming for ≥1 mm R0 margin .
• Use intra operative ultrasound to verify lesion location and margins. 
• Ideally, consider minimally invasive approach (laparoscopic or robotic) for both liver resection and colectomy.
• Preoperative prehabilitation and ERAS (Enhanced Recovery After Surgery) protocols are evidence-based, multidisciplinary strategies designed to optimize patient health before surgery and accelerate recovery afterward.
• After recovery, perform left hemicolectomy (standard oncologic resection of the left colon cancer) with lymphadectomy (at least 12 harvested lymph nodes) with primary anastomosis 

E. Postoperative therapy
• Pathology report : confirmation of tumor type and origin, immunohistochemistry with tumor markers, histological growth pattern, margin status (R0, R1, R2), tumor grade, differentiation, pathologic response score (TRG), necrosis/fibrosis
• Complete a total of 6 months of systemic chemotherapy (including the pre operative cycles). 
• Monitor CEA and imaging at 3 month intervals given the elevated initial tumor marker (CEA 1150 ng/mL).

"
77,"Woman, 62 years old, right T4aN2M1 colon cancer, seven liver metastases (2-5 cm) at the thoraco-abdominal CT scan. CEA 1600 ng/mL. BRAF V600E mutation, MSS.
MDT Discussion: Extensive liver disease, poor prognosis linked to molecular profile.","Step 1 – Resectability Assessment  
- Classification: Potentially resectable (requires further evaluation).  
- Rationale: The patient has seven liver metastases ranging from 2 cm to 5 cm, which can be technically resected if they are distributed across segments that allow an adequate future liver remnant (FLR) and there is no major vascular or biliary invasion. Current imaging does not provide details on segmental distribution, vascular contact, or FLR volume, all of which are essential to determine operability. The absence of extra‑hepatic disease is favorable, but the aggressive BRAF V600E mutation and high CEA suggest a need for systemic down‑staging before surgery. Consequently, resectability cannot be confirmed at this stage; it remains potentially resectable pending additional data and response to neoadjuvant therapy.

Step 2 - Recommended strategy  
A. Initiate systemic conversion therapy  
   - Action: Start intensive chemotherapy (e.g., FOLFOXIRI) combined with a BRAF‑targeted regimen (encorafenib + cetuximab ± binimetinib) and bevacizumab.  
   - Rationale: BRAF‑mutated, MSS colorectal cancer has poor prognosis; upfront systemic therapy improves tumor shrinkage, may convert borderline liver disease to resectable status, and addresses micrometastatic disease.  

B. Restaging and detailed hepatic assessment (4–6 weeks after cycle 2)  
   - Action: Perform liver‑specific MRI with hepatobiliary contrast, volumetric CT for FLR calculation, and detailed vascular mapping (CT angiography).  
   - Rationale: Precise anatomic information is required to assess resectability, plan the extent of hepatectomy, and determine need for portal vein embolization (PVE) or staged approaches.  

C. Multidisciplinary decision point  
   - If imaging shows ≥ 30 % FLR (≥ 40 % in steatotic liver) and no major vascular invasion, proceed to surgical phase.  
   - If FLR is insufficient, consider PVE or associating liver partition and portal vein ligation for staged hepatectomy (ALPPS) to induce hypertrophy before resection.  

D. Surgical phase (performed after primary colon tumor control)  
   1. Resection of the primary right‑colon tumor (segmental colectomy) – either before or concurrently with liver surgery depending on patient’s performance status and tumor symptoms.  
   2. Curative‑intent liver resection – either single‑stage anatomic/non‑anatomic resections or a two‑stage/ALPPS approach to achieve R0 margins while preserving adequate FLR.  

E. Adjuvant/maintenance systemic therapy  
   - Action: Resume or continue BRAF‑targeted therapy with or without maintenance chemotherapy for at least 6 months post‑resection.  
   - Rationale: High risk of recurrence in BRAF‑mutated disease warrants continued systemic control.

","Step 1 – Resectability assessment
The patient presents with seven liver metastases (2–5 cm) in the setting of a right T4aN2 colon cancer and a BRAF V600E mutation with very high CEA (1600 ng/mL). Despite the disease being confined to the liver, the number of lesions, their size, and especially the unfavorable molecular profile indicate highly aggressive systemic tumor biology. From a hepatobiliary oncologic perspective, this situation is considered unresectable upfront, as surgery would not provide meaningful oncologic benefit at this stage.

Step 2 – Recommended oncologic sequence
A. Preoperative staging
• Perform high-resolution liver MRI and contrast-enhanced CT to confirm the relationship of the 7 lesions to vascular and biliary structures. Precise anatomical mapping is required to plan a safe parenchymal-sparing resection.
• Given the high CEA level (1600 ng/mL), perform high-resolution 18FDG PET-CT

B. Systemic therapy as primary strategy (mandatory)
• The elevated CEA level (1600 ng/mL) and multiplicity of lesions suggest biologically active disease.
• Initiate intensive systemic therapy adapted to the BRAF V600E profile according to MDT decision : give 3-6 months of peri operative doublet chemotherapy (FOLFOX ± bevacizumab) to treat potential micrometastatic disease and assess tumor biology.
• KRAS status is unknow but BRAF V600E profile is poor prognostic factor
• The objective is global disease control and assessment of tumor biology.

C. Restaging before surgery
• Perform high-resolution liver MRI and contrast-enhanced CT after chemotherapy to confirm maintained resectability and evaluate vascular/biliary relationships.
• Calculate the future liver remnant (FLR).

D. Criteria for reconsidering surgery
• Surgical re-evaluation could be considered only in the rare situation of major radiologic and biologic response with marked reduction in number and size of lesions. 
• In this situation, first multiple atypical resections and ablation guided by ultrasound with the aim to obtain R0 margins.
• Any surgical consideration would remain highly selective.

E. If disease remains extensive
• Continue systemic therapy and consider palliative or symptom-oriented management according to MDT.

"
78,"Man, 66 years old, T3N2 upper rectal cancer with four liver metastases at the thoraco-abdominal CT scan. CEA 980 ng/mL, RAS wild-type, MSI-H.
MDT Discussion: Bilobar metastases with MSI-H profile opening discussion for first-line immunotherapy.","Step 1 – Resectability Assessment  
- Classification: Potentially resectable (pending further data).  
- Rationale:  
  • Four liver metastases confined to the liver (no extra‑hepatic disease on current imaging).  
  • Bilobar distribution does not automatically preclude resection if lesions are amenable to anatomic or non‑anatomic resections with an adequate future liver remnant.  
  • Primary rectal tumor has not yet been resected, and its local stage (T3N2) requires neoadjuvant therapy before definitive surgery; therefore the patient cannot be declared resectable at this moment.  
  • Critical missing variables that determine technical resectability (size of each lesion, exact hepatic segments involved, relationship to major vessels or biliary structures, FLR volume, and response to systemic therapy) are not provided; consequently a definitive “resectable” or “unresectable” label cannot be assigned.

Step 2 – Recommended strategy  
A. Systemic therapy – first‑line immunotherapy  
   – Initiate pembrolizumab (or another PD‑1 inhibitor) given MSI‑H status, with or without a fluoropyrimidine‑based doublet (e.g., FOLFOX) per current NCCN/ESMO recommendations for metastatic MSI‑H colorectal cancer.  
   – Goal: achieve tumor shrinkage in liver lesions and down‑stage the rectal primary.

B. Neoadjuvant chemoradiation for the rectal primary  
   – Deliver long‑course pelvic radiotherapy (50.4 Gy) with concurrent capecitabine or 5‑FU.  
   – Aim: improve local control, increase the chance of sphincter‑preserving resection, and potentially allow a watch‑and‑wait approach if complete clinical response occurs.

C. Restaging after 8–12 weeks of systemic therapy  
   – Perform high‑resolution liver MRI with diffusion‑weighted sequences and volumetric analysis.  
   – Re‑evaluate number, size, and vascular involvement of hepatic lesions; calculate FLR ratio.  
   – Re‑stage the rectal tumor with pelvic MRI and endoscopic assessment.

D. Liver‑directed surgery (if restaging confirms resectability)  
   – If all lesions can be cleared with an FLR ≥ 30 % (≥ 40 % in steatotic liver) and no major vascular invasion, proceed to curative liver resection.  
   – Options: (i) one‑stage anatomic/segmental resections if feasible; (ii) staged approach (e.g., portal vein embolization followed by resection) if FLR is insufficient; (iii) consider ablative techniques for lesions in difficult locations.  

E. Definitive management of the rectal primary  
   – If a complete clinical response is documented, discuss a non‑operative watch‑and‑wait strategy.  
   – If residual disease persists, perform low anterior resection (or abdominoperineal resection if required) after hepatic surgery, ensuring adequate oncologic margins.  

F. Adjuvant/maintenance therapy  
   – Continue pembrolizumab for up to 2 years or until disease progression, per guideline‑based duration.  
   – Consider additional adjuvant chemotherapy based on pathological response and multidisciplinary consensus.

","Step 1 – Resectability assessment
The patient presents with four bilobar liver metastases in the setting of a T3N2 upper rectal cancer. Although technically the liver disease may be amenable to parenchymal-sparing resection, the very high CEA (980 ng/mL) and, most importantly, the MSI-H profile indicate a tumor biology that is highly responsive to immunotherapy. From a hepatobiliary oncologic perspective, this situation is considered potentially resectable, but surgery is not the first step given the expected efficacy of systemic immunotherapy.

Step 2 – Recommended oncologic sequence
A. Preoperative staging
• Perform high-resolution liver MRI and contrast-enhanced CT to confirm the relationship of the 4 lesions to vascular and biliary structures. Precise anatomical mapping is required to plan a safe parenchymal-sparing resection.
• Given the high CEA level (980 ng/mL), perform high-resolution 18FDG PET-CT

B. First-line systemic immunotherapy (mandatory)
• Initiate immunotherapy according to MDT decision as first-line treatment for MSI-H metastatic colorectal cancer.
• The objective is major tumor regression and assessment of tumor biology.

C. Radiologic reassessment
• Perform high-quality liver MRI after 2–3 months to evaluate response.
• Monitor CEA kinetics.

D. Surgical re-evaluation after response
• If a major radiologic response occurs, reassess segmental resectability.
• Plan biopsy of the primary rectal tumor and liver metastases to assess tumor response to immunotherapy
• Consider parenchymal-sparing, ultrasound-guided liver resections only if residual lesions persist and complete clearance is feasible with adequate future liver remnant.

E. Postoperative therapy
• Pathology report : confirmation of tumor type and origin, immunohistochemistry with tumor markers, histological growth pattern, margin status (R0, R1, R2), tumor grade, differentiation, pathologic response score (TRG), necrosis/fibrosis
• Complete a total of 6 months of systemic immunotherapy (including the pre operative cycles). 
• Monitor CEA and imaging at 3 month intervals given the elevated initial tumor marker (CEA 1150 ng/mL).

"
79,"Woman, 70 years old, left T3N1M1 colon tumor, two liver metastases segments II and III (3.2 and 4.0 cm) at the abdominal CT scan. CEA 320 ng/mL, BRAF wild-type, HER2 positive.
MDT Discussion: Limited involvement but HER2 mutation may influence systemic therapeutic strategy.","Step 1 – Resectability Assessment  
• Classification: Potentially resectable.  
• Rationale:  
  – Liver disease is limited to two lesions (3.2 cm and 4.0 cm) confined to segments II and III, which can be removed by a left‑lateral segmentectomy while preserving a sufficient future liver remnant (right liver).  
  – No imaging evidence of vascular, biliary, or major hepatic structure invasion is reported.  
  – No documented extra‑hepatic metastases; however, thoracic imaging has not been performed, so distant disease cannot be excluded.  
  – Primary colon tumor has not yet been resected; its status must be clarified before definitive surgical planning.  
  – Assuming adequate performance status and liver function, the hepatic component meets current criteria for curative intent resection, pending confirmation of absent extra‑hepatic disease and assessment of FLR.

Step 2 – Recommended strategy  
A. Complete Staging  
   – Obtain a contrast‑enhanced thoracic CT (or PET‑CT) to exclude pulmonary or other extra‑hepatic metastases.  
   – Perform liver MRI with hepatobiliary contrast to delineate lesion borders, vascular relationships, and to calculate FLR volume.  
   – Endoscopic evaluation of the primary colon lesion to assess for obstruction, perforation, or bleeding and to obtain histologic grade.  

B. Primary Tumor Management  
   – If the primary lesion is symptomatic (obstruction/bleeding) or high‑risk, proceed with oncologic resection (segmental colectomy) first; otherwise, schedule simultaneous or staged resection after systemic therapy.  

C. Systemic Therapy (Neoadjuvant)  
   – Initiate HER2‑directed doublet therapy (trastuzumab + pertuzumab) combined with standard chemotherapy (e.g., FOLFOX) given HER2 positivity and high CEA.  
   – Aim to treat micrometastatic disease, assess tumor biology, and potentially downsize liver lesions.  

D. Re‑assessment and Liver Resection  
   – Restage after 2–3 months of systemic therapy with repeat liver MRI and thoracic imaging.  
   – If disease remains limited to the liver and FLR is adequate, perform curative left‑lateral segmentectomy (segments II/III).  
   – Consider simultaneous colon and liver resection if the primary is resected and the patient’s physiologic reserve permits; otherwise, stage the procedures (colon first, then liver 4–6 weeks later).  

E. Post‑operative Consolidation  
   – Continue HER2‑targeted therapy with or without chemotherapy for a total of 6–12 months, tailored to response and tolerability.  
   – Implement surveillance with serial CEA, cross‑sectional imaging, and colonoscopy per guidelines.

","Step 1 – Resectability assessment
The patient presents with two liver metastases in segments II and III (3.2 and 4.0 cm) without reported extrahepatic disease. Both lesions are located in the left lateral section and are technically amenable to parenchymal-sparing resection with preservation of an adequate future liver remnant. According to hepatobiliary oncologic criteria, this pattern is considered resectable.

Step 2 – Recommended oncologic sequence
A. Preoperative staging and vascular assessment
• Perform high-resolution liver MRI and contrast-enhanced CT to define precise vascular and biliary relationships.
• Given the high CEA level (320 ng/mL), perform high-resolution 18FDG PET-CT

B. Consider short peri-operative systemic therapy
• Given the elevated CEA (320 ng/mL) and HER2 positivity, a short course (2–3 months) of peri-operative systemic therapy adapted to the molecular profile should be considered to treat micrometastatic disease and assess tumor biology.
• HER2-positive colorectal cancer (CRC), found in 2–6% of cases (mainly RAS wild-type and left-sided), is treated with targeted therapies like trastuzumab combined with tucatinib or trastuzumab deruxtecan. 

C. Radiologic reassessment
• Perform high-quality liver MRI after 2–3 months to evaluate response.
• Monitor CEA kinetics.

D. Surgical management after restaging
• If disease remains controlled, perform ultrasound-guided left lateral sectoriectomy (rection of segments II and III) aiming for R0 margins.
• Intra-operative ultrasound is essential.
• Ideally, consider minimally invasive approach (laparoscopic or robotic) for liver resection.
• Preoperative prehabilitation and ERAS (Enhanced Recovery After Surgery) protocols are evidence-based, multidisciplinary strategies designed to optimize patient health before surgery and accelerate recovery afterward.

E. Surgical management of the primary tumor
• After recovery, perform left hemicolectomy (standard oncologic resection of the left colon cancer) with lymphadectomy (at least 12 harvested lymph nodes) with primary anastomosis 
• Ideally, consider minimally invasive approach (laparoscopic or robotic) for both liver resection and colectomy.
• Preoperative prehabilitation and ERAS (Enhanced Recovery After Surgery) protocols are evidence-based, multidisciplinary strategies designed to optimize patient health before surgery and accelerate recovery afterward.

F. Postoperative therapy and surveillance
• Pathology report : confirmation of tumor type and origin, immunohistochemistry with tumor markers, histological growth pattern, margin status (R0, R1, R2), tumor grade, differentiation, pathologic response score (TRG), necrosis/fibrosis
• Complete a total of approximately 6 months of systemic therapy including pre-operative cycles.
• Close surveillance with CEA and imaging every 3 months.

"
80,"Man, 55 years old, right T4N2M1 colon cancer, nine bilobar metastases at the thoraco-abdominal CT scan. CEA 2500 ng/mL, KRAS mutated.Liver  MRI: infiltration of the right portal pedicle.
MDT Discussion: Major liver involvement, vascular invasion compromising resectability.","Step 1 – Resectability Assessment  
- Classification: Potentially resectable (borderline) after conversion therapy.  
- Justification:  
  • Nine bilobar liver metastases indicate extensive hepatic disease.  
  • MRI shows infiltration of the right portal pedicle, representing major vascular involvement that currently precludes a safe anatomic resection with adequate future liver remnant.  
  • No extra‑hepatic disease is identified on thoraco‑abdominal CT, which preserves the possibility of curative intent.  
  • High CEA (2500 ng/mL) and KRAS mutation suggest aggressive biology but do not rule out down‑staging.  
  • Because the future liver remnant (FLR) volume and segmental distribution are not provided, the technical feasibility of a one‑stage resection cannot be confirmed at this time.  

Step 2 – Recommended strategy  
A. Initiate systemic conversion chemotherapy  
   – Regimen: FOLFOXIRI (or FOLFOX) combined with bevacizumab, given KRAS‑mutated status (anti‑EGFR agents are ineffective).  
   – Rationale: Aim to achieve tumor shrinkage, reduce vascular invasion, and possibly convert disease to resectable status.  

B. Restaging after 2–3 months of therapy  
   – Perform repeat liver MRI with hepatobiliary contrast and CT of chest/abdomen.  
   – Rationale: Assess response of hepatic lesions, degree of portal pedicle involvement, and calculate FLR volume.  

C. If adequate response and FLR <30 % of total liver volume, perform portal vein embolization (PVE) of the right portal branch  
   – Rationale: Induce hypertrophy of the left liver to secure a safe FLR for subsequent resection.  

D. Surgical resection (timing based on response)  
   – If disease is down‑staged to ≤4 lesions with clear margins and adequate FLR, proceed to curative hepatectomy (potentially a staged or associating liver partition and portal vein ligation for staged hepatectomy – ALPPS, if rapid hypertrophy is needed).  
   – Simultaneously perform primary colon resection (right hemicolectomy) if not already done, provided the patient is fit.  
   – Rationale: Achieve R0 resection of both primary tumor and liver metastases.  

E. Post‑operative systemic therapy  
   – Continue adjuvant chemotherapy (e.g., FOLFOX) for at least 6 months.  
   – Rationale: Reduce risk of recurrence given high baseline CEA and aggressive pathology.  

","Step 1 – Resectability assessment
The patient presents with nine bilobar liver metastases associated with infiltration of the right portal pedicle and a very high CEA (2500 ng/mL) in the context of a right T4N2 colon cancer. The combination of extensive bilobar disease and portal pedicle involvement precludes the possibility of achieving a complete R0 resection while preserving an adequate future liver remnant. From a hepatobiliary oncologic perspective, this situation is considered unresectable at this stage.

Step 2 – Recommended oncologic sequence
A. Preoperative staging and vascular assessment
• Perform high-resolution liver MRI and contrast-enhanced CT to define precise vascular and biliary relationships.
• Given the high CEA level (2500 ng/mL), perform high-resolution 18FDG PET-CT

B. Systemic therapy as primary strategy (mandatory)
• Initiate intensive systemic chemotherapy according to MDT decision (FOLFOX/FOLFIRI ± bevacizumab; KRAS mutation excludes anti-EGFR).
• The objective is tumor downsizing and assessment of tumor biology.

C. Radiologic reassessment after treatment
• Perform high-quality liver MRI after 3-6 months to evaluate response and reassess vascular relationships.
• Calculate the future liver remnant (FLR) and evaluate venous outflow preservation or need for reconstruction.
• Monitor CEA kinetics.

D. Criteria for reconsidering surgery (exceptional)
• Surgical re-evaluation could be considered only if a major response occurs with regression of portal pedicle involvement and significant reduction in tumor burden.
• Any surgical consideration would remain highly selective and dependent on restoration of clear vascular anatomy.

E. If disease remains extensive
• Continue second-line systemic therapy and/or consider alternative regimens (such as intra-arterial chemotherapy after resection of the primary tumor).
• If disease remains extensive, consider palliative or symptom-oriented strategies according to MDT.

"
81,"Woman, 61 years old, T3N1M1 rectal tumor, three liver metastases (segments IVa, VI, VIII). CEA 680 ng/mL. KRAS mutated, BRAF wild-type. Liver MRI: extension to the hepatic vein confluence.
MDT Discussion: Metastases near venous confluence, high surgical risk.","Step 1 – Resectability Assessment  
• Classification: Potentially resectable (borderline).  
• Rationale:  
  – Three hepatic lesions confined to segments IVa, VI and VIII meet the numeric criteria for resection.  
  – Presence of vascular contact/invasion at the hepatic‑vein confluence raises technical complexity and may require major hepatectomy or venous reconstruction, but does not automatically preclude resection.  
  – No documented extra‑hepatic disease; if truly absent, liver‑only disease remains a surgical indication.  
  – Critical data needed to confirm resectability (size of lesions, future liver remnant volume, arterial anatomy, liver function, performance status) are missing; therefore the case is considered potentially resectable pending further assessment and possible down‑staging with systemic therapy.

Step 2 – Recommended strategy  
A. Comprehensive restaging  
   – Obtain thoraco‑abdominal CT (or PET‑CT) to rule out occult extra‑hepatic metastases.  
   – Perform high‑resolution liver MRI with hepatocyte‑specific contrast and 3‑D reconstruction to define lesion size, relationship to hepatic veins, arterial anatomy, and to calculate FLR.  
   – Endoscopic evaluation of the rectal primary; if not yet resected, stage with MRI pelvis.  
   – Rationale: Complete anatomic and functional mapping is essential before committing to surgery and to plan possible portal vein embolization or venous reconstruction.  

B. Neoadjuvant systemic therapy (conversion)  
   – Initiate a standard oxaliplatin‑based doublet (FOLFOX or CAPOX) combined with bevacizumab, given KRAS mutation (anti‑EGFR agents ineffective).  
   – Treat for 2–3 months with radiologic reassessment.  
   – Rationale: Aim to achieve tumor shrinkage, improve resectability of the hepatic‑vein confluence lesion, and treat micrometastatic disease.  

C. Management of the rectal primary  
   – If the primary tumor has not been resected, deliver long‑course neoadjuvant chemoradiotherapy (capecitabine‑based) followed by restaging.  
   – Plan low anterior resection (or appropriate sphincter‑preserving surgery) after systemic therapy, preferably before or concurrently with liver surgery depending on operative risk.  
   – Rationale: Control of the primary tumor reduces risk of local complications and aligns with oncologic sequencing (primary first when feasible).  

D. Liver surgery (post‑systemic therapy)  
   – Re‑evaluate imaging after systemic therapy; if adequate response and FLR ≥30 % (≥40 % in steatotic liver), proceed to hepatic resection.  
   – Preferred approach: parenchymal‑sparing resections of segments VI and VIII combined with a segment IVa resection; if venous involvement persists, consider right trisectionectomy with hepatic‑vein reconstruction or portal vein embolization pre‑operatively to augment FLR.  
   – Rationale: Achieve R0 resection while preserving sufficient liver volume; vascular reconstruction is justified only when oncologic clearance is attainable.  

E. Adjuvant/maintenance therapy and surveillance  
   – Resume systemic chemotherapy (e.g., continuation of bevacizumab‑containing regimen) for 3–6 months post‑resection.  
   – Follow with serial CEA measurements and imaging (CT/MRI) every 3–6 months for the first 2 years.  
   – Rationale: Consolidate response, address residual microscopic disease, and monitor for recurrence.

","Step 1 – Resectability assessment
The patient presents with three liver metastases (segments IVa, VI, VIII) with MRI showing extension toward the hepatic vein confluence. Although the number of lesions is limited, their proximity to the venous outflow confluence makes a safe R0 resection with preservation of adequate hepatic venous drainage technically uncertain. From a hepatobiliary oncologic perspective, this situation is considered potentially resectable, but only after careful vascular assessment and likely tumor downsizing.

Step 2 – Recommended oncologic sequence
A. Preoperative staging and vascular assessment
• Perform high-resolution liver MRI and contrast-enhanced CT to define precise vascular and biliary relationships.
• Given the high CEA level (680 ng/mL), perform high-resolution 18FDG PET-CT

B. Mandatory induction systemic therapy
• Given the high CEA (680 ng/mL), KRAS mutation, and complex vascular location, initiate 3–6 months of induction chemotherapy (FOLFOX or FOLFIRI ± bevacizumab).
• The objective is tumor downsizing and assessment of tumor biology.

C. Expert vascular restaging
• Perform high-resolution liver MRI and contrast-enhanced CT after chemotherapy to reassess the relationship of lesions to the hepatic vein confluence.
• Calculate the future liver remnant (FLR) and evaluate venous outflow preservation or need for reconstruction.

D. Surgical management if feasibility is confirmed
• If sufficient tumor regression occurs, plan an ultrasound-guided parenchymal-sparing resection.
• Anticipate possible venous reconstruction or complex vascular control.
• Intra-operative ultrasound is essential.
• Perform ultrasound-guided parenchymal-sparing resections, or standard anatomic major hepatectomy with or without vascular reconstruction aiming for R0 margins.

E. Management of the rectal primary
• Local pelvic treatment (radiotherapy ± surgery) should be coordinated during the systemic therapy period according to rectal oncologic principles.

F. Postoperative therapy and surveillance
• Complete approximately 6 months of systemic therapy including pre-operative cycles.
• Close follow-up with CEA and imaging every 3 months.

"
82,"Man, 64 years old, left colon adenocarcinoma with four bilobar liver metastases. CEA 900 ng/mL, RAS wild-type. Liver MRI: segment VII lesion invading the IVC over 1 cm.
MDT Discussion: Caval invasion requiring multidisciplinary surgical evaluation.","Step 1 – Resectability Assessment  
- Classification: Potentially resectable.  
- Justification:  
  • Four bilobar liver metastases indicate disease amenable to hepatic clearance if sufficient future liver remnant (FLR) can be preserved.  
  • The lesion in segment VII invades the inferior vena cava (IVC) over >1 cm, representing major vascular involvement that can be addressed only with complex IVC resection/reconstruction; this does not automatically preclude resection but requires vascular surgical expertise and careful patient selection.  
  • No documented extra‑hepatic disease; however, absence of staging imaging (chest/abdomen CT) precludes definitive confirmation of isolated hepatic disease.  
  • Primary colorectal tumor status unknown; synchronous resection may be required.  
  • Adequate FLR and vascular anatomy have not been reported; these are essential to deem the case resectable.  

Step 2 - Recommended strategy  
A. Systemic induction therapy  
   - Initiate combination chemotherapy (e.g., FOLFOXIRI ± bevacizumab) for 2–3 months to assess tumor biology, attempt down‑staging of liver lesions, and treat occult micrometastatic disease.  
B. Restaging and comprehensive staging  
   - Perform contrast‑enhanced CT of chest, abdomen, and pelvis; repeat liver MRI with hepatobiliary contrast; obtain PET‑CT if indicated to rule out extra‑hepatic metastases and to evaluate response of the IVC‑invasive lesion.  
C. Multidisciplinary surgical planning  
   - If imaging confirms disease limited to liver and the IVC invasion remains resectable, convene hepatobiliary‑vascular team to plan:  
     • Simultaneous or staged colon resection (if primary not yet removed).  
     • Liver resection with en‑bloc IVC segmental resection and prosthetic or autologous reconstruction, ensuring negative margins.  
     • Intra‑operative ultrasound to delineate lesion borders and assess additional occult disease.  
D. FLR optimization and operative sequencing  
   - Calculate FLR volume; if <30 % in a normal liver or <40 % after chemotherapy‑associated liver injury, consider portal vein embolization (PVE) or a two‑stage hepatectomy/ALPPS to augment FLR before definitive resection.  
   - Proceed to definitive hepatic resection once adequate FLR and patient fitness are confirmed.  

","Step 1 – Resectability assessment
The patient presents with four bilobar liver metastases, including a segment VII lesion invading the IVC over ~1 cm, without reported extrahepatic disease. While the number of lesions is limited, true caval invasion makes a standard parenchymal-sparing R0 resection unlikely without complex vascular resection/reconstruction and carries high operative risk. From a hepatobiliary oncologic perspective, this situation is considered potentially resectable only in a highly selected setting, after tumor downsizing and multidisciplinary vascular assessment.

Step 2 – Recommended oncologic sequence
A. Preoperative staging
• Obtain high resolution liver MRI to define exact segmental distribution of all lesions with detailed vascular and biliary relationships. 
• Given the high CEA level (900 ng/mL), perform high-resolution 18FDG PET-CT

B. Intensive conversion systemic therapy (mandatory)
• Initiate FOLFOXIRI combined with anti-EGFR therapy given RAS wild-type status as discussed in MDT.
• BRAF wild-type does not modify the surgical indication.
• The objective is significant tumor downsizing, reduction in number/volume of lesions, and clearance from the IVC to enable potential surgical planning.

C. Close radiologic monitoring
• Perform high-resolution liver MRI every 2-3 months to assess response, particularly:
– Relationship of lesions to the IVC.
– Global reduction of liver tumor burden.
• Monitor CEA kinetics as an indicator of treatment response.

D. Criteria for secondary resectability
• Surgery can be considered only if chemotherapy induces:
– Marked reduction in lesion size and number.
– Separation from the IVC.
– Feasibility of R0 resection with or without partial IVC resection with acceptable future liver remnant, potentially requiring staged hepatectomy with or without portal vein embolization.
• Multidisciplinary evaluation with vascular surgery is required to assess feasibility of partial IVC resection/reconstruction if needed.

C. Surgical management if feasibility is confirmed
• One or two-stage hepatectomy or extensive parenchymal-sparing resections depending on response pattern.
• If regression of caval invasion occurs or reconstruction is deemed feasible, plan an ultrasound-guided parenchymal-sparing resection of all lesions.
• Anticipate possible IVC tangential resection or graft reconstruction.
• Intra-operative ultrasound is essential.
• Ideally, consider minimally invasive approach (laparoscopic or robotic) for liver resection.
• Preoperative prehabilitation and ERAS (Enhanced Recovery After Surgery) protocols are evidence-based, multidisciplinary strategies designed to optimize patient health before surgery and accelerate recovery afterward.

F. Surgical management of the primary tumor
• After recovery, perform left hemicolectomy (standard oncologic resection of the left colon cancer) with lymphadectomy (at least 12 harvested lymph nodes) with primary anastomosis 
• Ideally, consider minimally invasive approach (laparoscopic or robotic) for both liver resection and colectomy.
• Preoperative prehabilitation and ERAS (Enhanced Recovery After Surgery) protocols are evidence-based, multidisciplinary strategies designed to optimize patient health before surgery and accelerate recovery afterward.

G. If insufficient response
• Continue systemic therapy or adapt regimen (such as intra-arterial chemotherapy after resection of the primary tumor) according to MDT, with possible consideration of local ablative techniques.

"
83,"Woman, 58 years old, right T4N2M1 colon cancer, five liver metastases including one 8.5 cm in segment IVb at the thoraco-abdominal CT scan. CEA 870 ng/mL, KRAS mutated.
MDT Discussion: Large central metastasis with bilateral portal contact, complex technical discussion.","Step 1 – Resectability Assessment  
- Classification: Potentially resectable (borderline).  
- Rationale:  
  • Five hepatic lesions, including an 8.5 cm central metastasis in segment IVb with bilateral portal vein contact, indicate a high tumor burden and technically demanding resection.  
  • No extra‑hepatic disease is identified on current imaging.  
  • Absence of data on future liver remnant (FLR) volume, portal vein anatomy, and response to systemic therapy prevents a definitive “resectable” label.  
  • Current hepatobiliary criteria consider such cases potentially resectable after down‑staging chemotherapy and/or FLR augmentation (e.g., portal vein embolization or staged hepatectomy).  

Step 2 - Recommended strategy  
A. Neoadjuvant systemic therapy  
   - Initiate intensive chemotherapy (e.g., FOLFOXIRI) combined with bevacizumab (KRAS‑mutated disease precludes anti‑EGFR agents).  
   - Goal: tumor shrinkage, control of micrometastatic disease, and assessment of biologic response (CEA trend).  

B. Comprehensive restaging (4–6 weeks after systemic therapy)  
   - Perform liver MRI with hepatobiliary contrast and CT‑angiography to delineate arterial and portal anatomy, lesion response, and to calculate FLR volume.  
   - Re‑evaluate for any occult extra‑hepatic disease (including brain MRI if clinically indicated).  

C. Optimization of hepatic reserve  
   - If FLR is <30 % in a non‑cirrhotic liver, plan portal vein embolization (PVE) of the diseased lobe or consider a two‑stage hepatectomy/ALPPS approach.  

D. Management of the primary colon tumor  
   - If the primary has not yet been resected, schedule colectomy either simultaneously with liver resection (if operative risk acceptable) or as a staged procedure after hepatic down‑staging, based on symptomatology and oncologic urgency.  

E. Definitive liver surgery  
   - Aim for an R0 resection of all hepatic metastases using an anatomic or parenchymal‑sparing technique, guided by intra‑operative ultrasound.  
   - Consider combined right and left hepatectomy, extended left hepatectomy, or staged resections depending on FLR adequacy and intra‑operative findings.  

F. Adjuvant systemic therapy  
   - Continue postoperative chemotherapy (potentially with maintenance bevacizumab) to address residual microscopic disease.  

","Step 1 – Resectability assessment
The patient presents with five liver metastases, including a large 8.5 cm lesion in segment IVb with bilateral portal contact, in the context of a right T4N2 colon cancer and elevated CEA (870 ng/mL). The central location, size, and bilateral portal involvement make a safe R0 resection with preservation of an adequate future liver remnant technically uncertain at this stage. From a hepatobiliary oncologic perspective, this situation is considered potentially resectable only after tumor downsizing.

Step 2 – Recommended oncologic sequence
A. Preoperative staging
• Obtain high resolution liver MRI to define exact segmental distribution of all lesions with detailed vascular and biliary relationships. 
• Given the high CEA level (870 ng/mL), perform high-resolution 18FDG PET-CT

B. Mandatory induction systemic therapy
• Initiate 2–3 months of induction chemotherapy (FOLFOX or FOLFIRI ± bevacizumab; KRAS mutation excludes anti-EGFR).
• The objective is tumor downsizing and assessment of tumor biology, particularly reduction of portal contact.

C. Expert vascular restaging
• Repeat high-resolution liver MRI and contrast-enhanced CT after chemotherapy to reassess the relationship of the segment IVb lesion to both portal branches.
• Calculate the future liver remnant (FLR).

D. Surgical strategy if feasibility is confirmed
• If significant regression occurs, plan a complex parenchymal-sparing resection guided by intra-operative ultrasound.
• Anticipate possible portal vein control or reconstruction depending on residual contact.
• Address additional lesions with wedge/segmental resections.

E. Surgical management of the primary tumor
• After recovery, perform right hemicolectomy (standard oncologic resection of the right colon cancer) with D2 lymphadectomy (at least 12 harvested lymph nodes) with primary anastomosis 
• Ideally, consider minimally invasive approach (laparoscopic or robotic) for both liver resection and colectomy.
• Preoperative prehabilitation and ERAS (Enhanced Recovery After Surgery) protocols are evidence-based, multidisciplinary strategies designed to optimize patient health before surgery and accelerate recovery afterward.

F. If insufficient response
• Continue systemic therapy or adapt regimen (such as intra-arterial chemotherapy after resection of the primary tumor) according to MDT, with possible consideration of local ablative techniques.

G. Postoperative therapy and surveillance
• Pathology report : confirmation of tumor type and origin, immunohistochemistry with tumor markers, histological growth pattern, margin status (R0, R1, R2), tumor grade, differentiation, pathologic response score (TRG), necrosis/fibrosis
• Complete approximately 6 months of systemic therapy including pre-operative cycles.
• Close follow-up with CEA and imaging every 3 months.

"
84,"Man, 73 years old, transverse colon tumor, two liver metastases (4.2 and 4.8 cm) at the thoraco-abdominal CT scan. CEA 70 ng/mL. BRAF wild-type, RAS wild-type.
MDT Discussion: Normal CEA despite high volume, question regarding biological sensitivity for follow-up.","Step 1 – Resectability Assessment  
• Classification: Potentially resectable.  
• Rationale: The patient has two liver metastases, each ≤5 cm, which meets the size and number criteria for hepatic resection. No extra‑hepatic disease is identified on the available thoraco‑abdominal CT. However, critical information required to confirm technical resectability is missing – specifically the hepatic segments involved, presence or absence of major vascular or biliary invasion, and the future liver remnant (FLR) volume/ratio. Without these data the lesions cannot be declared unequivocally resectable, but they are not outright unresectable.

Step 2 – Recommended strategy  
A. Complete restaging and functional imaging  
   – Obtain a liver‑specific MRI (gadoxetate‑enhanced) to delineate segmental distribution, vascular relationships, and to calculate FLR.  
   – Consider a PET‑CT to exclude occult extra‑hepatic metastases (particularly brain, bone, or peritoneum).  
   – Rationale: Precise anatomic mapping and confirmation of disease‑free extra‑hepatic sites are mandatory before committing to curative surgery.

B. Management of the primary colorectal lesion  
   – If the transverse colon tumor has not yet been resected, schedule a curative‑intent colectomy (segmental resection with adequate lymphadenectomy).  
   – This can be performed either before or simultaneously with liver surgery, depending on the patient’s performance status and operative risk.  
   – Rationale: Primary tumor control is essential; simultaneous resection is feasible in selected patients and may shorten overall treatment time.

C. Neoadjuvant systemic therapy  
   – Initiate peri‑operative chemotherapy (e.g., 6 cycles of FOLFOX ± anti‑EGFR monoclonal antibody given RAS/BRAF wild‑type status).  
   – Re‑evaluate tumor response after 2–3 months with repeat imaging.  
   – Rationale: Down‑staging may improve resectability margins, allow assessment of tumor biology (response predicts outcome), and treat micrometastatic disease early.

D. Curative‑intent liver resection  
   – If post‑chemotherapy imaging confirms adequate FLR (>30 % in a normal liver, >40 % if steatosis/fibrosis) and no vascular invasion, proceed with parenchymal‑sparing resection (segmental or wedge) aiming for R0 margins.  
   – Intra‑operative ultrasound should be used to verify lesion location and margins.  
   – Rationale: Achieving negative margins while preserving liver function offers the best chance for long‑term survival.

E. Adjuvant systemic therapy  
   – Resume or complete a total of 6–8 months of systemic chemotherapy after hepatic surgery, tailored to response and tolerability.  
   – Rationale: Consolidates disease control and addresses potential residual microscopic disease.

","Step 1 – Resectability assessment
The patient presents with two liver metastases (4.2 and 4.8 cm) without reported extrahepatic disease. Both lesions are limited in number and appear technically amenable to parenchymal-sparing resection with preservation of an adequate future liver remnant. According to hepatobiliary oncologic criteria, this pattern is considered resectable.

Step 2 – Recommended oncologic sequence
A. Preoperative staging and vascular assessment
• Perform high-resolution liver MRI and contrast-enhanced CT to define precise vascular and biliary relationships.
• Calculate the future liver remnant (FLR).

B. Preoperative systemic therapy (strongly recommended)
• Administer 2–3 months of peri-operative doublet or triplet chemotherapy (FOLFOX or FOLFIRI ± cetuximab) to assess tumor biology and optimize oncologic control according to patient tolerance.
• This allows treatment of potential micrometastatic disease and assessment of tumor biology before surgery.

C. Restaging before surgery
• Perform high-resolution liver MRI and contrast-enhanced CT after chemotherapy to reassess the relationship of the lesions to the right portal branch and confirm maintained resectability.
• Evaluate future liver remnant (FLR) if major hepatectomy is considered.

D. Surgical management (parenchymal-sparing strategy)
• If stability or response is observed, perform combined parenchymal-sparing resections guided by intra-operative ultrasound:
• The goal is R0 resection while preserving maximal functional liver parenchyma and avoiding major hepatectomy.
• Use intra operative ultrasound to verify lesion location and margins. 
• Ideally, consider minimally invasive approach (laparoscopic or robotic) for liver resection.
• Preoperative prehabilitation and ERAS (Enhanced Recovery After Surgery) protocols are evidence-based, multidisciplinary strategies designed to optimize patient health before surgery and accelerate recovery afterward.

E. Management of the primary tumor
• Either combined or staged transverse colectomy of extended right colectomy with adequate oncologic margins and oncological lymphadenectomy with primary anastomosis.
• Ideally, consider minimally invasive approach (laparoscopic or robotic) for primary cancer resection.
• Otherwise, a staged approach with colectomy first is acceptable.

E. Postoperative therapy
• Pathology report : confirmation of tumor type and origin, immunohistochemistry with tumor markers, histological growth pattern, margin status (R0, R1, R2), tumor grade, differentiation, pathologic response score (TRG), necrosis/fibrosis
• Complete a total of 6 months of systemic chemotherapy including pre-operative cycles.
• Close surveillance with CEA and imaging every 3 months

"
85,"Woman, 60 years old, left T4N1M1 colon cancer, six liver metastases (up to 5.6 cm) at the abdominal CT scan. CEA 1400 ng/mL. KRAS G12C mutation confirmed.
MDT Discussion: Specific molecular profile, may benefit from a later targeted strategy.","Step 1 – Resectability Assessment  
- Classification: Potentially resectable (borderline).  
- Justification: The patient has six liver metastases with a maximum diameter of 5.6 cm, which exceeds the ideal “≤4 cm or ≤3 lesions” criteria for straightforward upfront resection. Absence of documented vascular invasion, FLR calculation, and extra‑hepatic disease prevents a definitive “resectable” label. However, no proven extra‑hepatic metastases are reported, and modern conversion chemotherapy can down‑size disease, making a curative intent surgery feasible in many similar cases. Therefore the lesions are considered potentially resectable pending further assessment and systemic therapy response.

Step 2 – Recommended strategy  
A. Systemic conversion therapy  
   - Initiate an intensive first‑line regimen (e.g., FOLFOXIRI ± bevacizumab) combined with a KRAS‑G12C targeted agent (sotorasib or adagrasib) once eligibility is confirmed.  
   - Rationale: Down‑size hepatic disease, treat occult micrometastases, and exploit the known KRAS‑G12C mutation for added response.

B. Comprehensive restaging after 2–3 months  
   - Obtain high‑resolution liver MRI with hepatobiliary contrast, chest CT (or PET‑CT), and repeat abdominal CT.  
   - Assess: number and distribution of lesions, vascular/biliary involvement, future liver remnant (FLR) volume, and any newly evident extra‑hepatic sites.  
   - Rationale: Determine whether sufficient tumor shrinkage and an adequate FLR (>30 % in a normal liver, >40 % if steatosis/fibrosis) have been achieved to permit safe resection.

C. Surgical planning (based on restaging)  
   - If disease is confined to the liver and FLR is adequate: proceed with simultaneous or staged curative hepatectomy (e.g., anatomic or parenchymal‑sparing resections; consider two‑stage or ALPPS only if FLR is marginal).  
   - If the primary colon tumor remains unresected and symptomatic or at risk for obstruction, perform co‑ordinated colon resection (either simultaneous with liver surgery if operative risk is acceptable, or staged before/after hepatic resection).  
   - Rationale: Achieve R0 resection of all macroscopic disease while preserving sufficient liver function.

D. Adjuvant/maintenance therapy and surveillance  
   - Resume systemic therapy (including KRAS‑G12C inhibitor) post‑operatively for a minimum of 6 months, tailored to pathologic response and margin status.  
   - Implement surveillance protocol: CEA every 3 months, contrast CT or MRI of chest/abdomen every 6 months for the first 2 years, then annually.  
   - Rationale: Reduce recurrence risk and detect early metastatic spread.

","Step 1 – Resectability assessment
The patient presents with six liver metastases (up to 5.6 cm) in the context of a left T4N1 colon cancer and very high CEA (1400 ng/mL). The number, size, and likely bilobar distribution of lesions make a safe R0 resection with preservation of an adequate future liver remnant unlikely at this stage. From a hepatobiliary oncologic perspective, this situation is considered unresectable upfront.

Step 2 – Recommended oncologic sequence
A. Preoperative staging and vascular assessment
• Perform high-resolution liver MRI and contrast-enhanced CT to define precise vascular and biliary relationships.
• Given the high CEA level (1400 ng/mL), perform high-resolution 18FDG PET-CT

B. Systemic therapy as primary strategy (mandatory)
• Initiate intensive systemic chemotherapy according to MDT decision (FOLFOX/FOLFIRI ± bevacizumab).
• The presence of a KRAS G12C mutation is poor prognostic factor and may allow consideration of targeted strategies in later lines of therapy. 
• The objective is tumor downsizing and assessment of tumor biology.

C. Radiologic reassessment after treatment
• Perform high-quality liver MRI after 3-6 months to evaluate response.
• Monitor CEA kinetics.

D. Criteria for reconsidering surgery (exceptional)
• Surgical re-evaluation could be considered only if a major radiologic and biologic response occurs with significant reduction in number and size of lesions allowing parenchymal-sparing resections.

E. Management of the primary tumor
• Consider transverse colectomy of right colectomy with adequate oncologic margins and oncological lymphadenectomy with primary anastomosis if the tumor is symptomatic of if MDT propose intra-arterial chemotherapy.

F. If disease remains extensive
• Continue second-line systemic therapy and/or consider alternative regimens (such as intra-arterial chemotherapy after resection of the primary tumor).
• If disease remains extensive, consider palliative or symptom-oriented strategies according to MDT.

"
86,"Man, 57 years old, low T3N2M1 rectal cancer, four peripheral liver metastases (2-3.5 cm) at the thoraco-abdominal CT scan. CEA 90 ng/mL. RAS wild-type, MSS, positive circulating tumor cells.
MDT Discussion: Presence of circulating cells despite low volume, prognostic significance discussed.","Step 1 – Resectability Assessment  
- Classification: Potentially resectable.  
- Rationale: The patient has four peripheral liver metastases, each ≤3.5 cm, which generally meet size and number criteria for hepatic resection. No imaging evidence of major vascular or biliary invasion is reported, and there is no documented extra‑hepatic disease. However, critical data required to confirm technical resectability are missing (hepatic segments involved, relationship to portal/hepatic veins, arterial anatomy, and future liver remnant (FLR) volumetry). Until these are clarified, the lesions can be considered potentially resectable but not definitively resectable.

Step 2 – Recommended strategy  
A. Neoadjuvant chemoradiotherapy for the rectal primary  
   - Rationale: T3N2 rectal cancer warrants long‑course chemoradiation to achieve down‑staging, improve sphincter preservation, and reduce local recurrence risk before definitive surgery.  

B. Systemic chemotherapy (e.g., FOLFOXIRI ± anti‑EGFR monoclonal antibody)  
   - Rationale: Stage IV disease with circulating tumor cells indicates high systemic burden. RAS‑wild‑type status allows use of anti‑EGFR therapy, which may increase response rates and facilitate conversion of liver metastases to resectable status.  

C. Restaging with high‑resolution liver MRI and volumetric CT  
   - Rationale: Precise mapping of metastatic distribution, assessment of vascular involvement, and calculation of FLR are essential to plan a safe hepatic resection and to decide between simultaneous versus staged approach.  

D. Surgical resection (sequence based on restaging results)  
   - If FLR ≥30 % (or ≥40 % after chemotherapy) and no major vascular invasion: proceed with simultaneous resection (total mesorectal excision + anatomic liver resection) in a single operation.  
   - If FLR insufficient or major vascular contact is present: adopt a staged approach – first complete the rectal resection (after neoadjuvant chemoradiation), then perform portal vein embolization or associating liver partition and portal vein ligation for staged hepatectomy (ALPPS) or conventional two‑stage hepatectomy to achieve adequate FLR before definitive liver resection.  

E. Adjuvant systemic therapy (post‑operative)  
   - Rationale: To eradicate microscopic residual disease and address any remaining circulating tumor cells, continue systemic chemotherapy for a total of 6‑12 months, adjusting regimen based on pathologic response and tolerability.

","Step 1 – Resectability assessment
The patient presents with four peripheral liver metastases (2–3.5 cm) without reported extrahepatic disease. The lesions are limited in number and anatomically amenable to parenchymal-sparing resections with preservation of an adequate future liver remnant. According to hepatobiliary oncologic criteria, this pattern is resectable. The presence of circulating tumor cells suggests higher systemic risk but does not alter technical resectability.

Step 2 – Recommended oncologic sequence
A. Preoperative staging and integration with rectal management
• Perform high-resolution liver MRI and contrast-enhanced CT to define vascular and biliary relationships and calculate the future liver remnant (FLR).
• Pelvic MRI to plan rectal treatment (chemoradiotherapy).

B. Mandatory peri-operative systemic therapy
• Given the presence of circulating tumor cells indicating systemic dissemination risk, administer 2–3 months of induction chemotherapy (FOLFOX/FOLFIRI ± anti-EGFR given RAS wild-type status).
• The objective is treatment of micrometastatic disease and assessment of tumor biology.

C. Radiologic reassessment after treatment
• Perform high-quality liver MRI after 2-3 months to evaluate response.
• Monitor CEA kinetics.

D. Surgical management after restaging : management of the rectal primary (oncologic priority)
• Given the T3N2 rectal cancer, long-course radiotherapy is appropriate to optimize local control and allow coordinated surgical planning.

E. Coordinated surgical strategy
• Initiate doublet chemotherapy (FOLFOX or CAPOX) during the waiting period following radiotherapy. This period treats potential micrometastatic disease and tests tumor biology.
• Consider either parenchymal-sparing wedge/segmentectomy or ablation if no biliary or large vessels proximity) aiming for ≥1 mm R0 margin.
• Use intra operative ultrasound to verify lesion location and margins.
• Ideally, consider minimally invasive approach (laparoscopic or robotic) for liver resection.
• After restaging with high-resolution pelvis MRI,
-	If complete morphological rectal tumor response : follow up of primary tumor
-	If near complete morphological rectal tumor response : with strict follow up of primary tumor
-	If incomplete morphological rectal tumor response : rectal resection after appropriate recovery, using a staged or synchronous strategy : oncologic resection of the upper rectum (low anterior resection with TME principles).
• Ideally, consider minimally invasive approach (laparoscopic or robotic) for rectal resection.
• Preoperative prehabilitation and ERAS (Enhanced Recovery After Surgery) protocols are evidence-based, multidisciplinary strategies designed to optimize patient health before surgery and accelerate recovery afterward.

D. Postoperative therapy and surveillance
• Pathology report : confirmation of tumor type and origin, immunohistochemistry with tumor markers, histological growth pattern, margin status (R0, R1, R2), tumor grade, differentiation, pathologic response score (TRG), necrosis/fibrosis
• Complete a total of approximately 6 months of systemic therapy including pre-operative cycles.
• Close surveillance with CEA and imaging every 3 months.

"
87,"Woman, 68 years old, right T4N2 colon cancer, multiple liver metastases (≥10 lesions) at the thoraco-abdominal CT scan. CEA 2700 ng/mL, KRAS mutated.
MDT Discussion: Massive liver disease with high marker elevation, unfavorable prognosis.","Step 1 – Resectability Assessment  
- Current classification: Potentially resectable after down‑staging (not immediately resectable).  
- Justification:  
  • ≥10 hepatic lesions – exceeds the typical threshold for upfront curative hepatectomy.  
  • Distribution of lesions, segmental involvement, vascular or biliary invasion, and future liver remnant (FLR) are unknown, preventing confirmation of technical resectability.  
  • Primary right‑sided T4N2 tumor remains unresected, which is a prerequisite for any curative intent strategy.  
  • Very high CEA (2700 ng/mL) and KRAS mutation indicate aggressive biology, supporting the need for systemic disease control before surgery.  

Step 2 – Recommended strategy  
A. Systemic conversion chemotherapy (e.g., FOLFOXIRI ± bevacizumab).  
   - Rationale: Aim to shrink hepatic disease, reduce lesion number, and assess tumor biology; KRAS‑mutated disease still responds to intensive regimens.  

B. Restaging with high‑resolution liver MRI (including diffusion‑weighted imaging) and repeat thoraco‑abdominal CT after 2–3 months of therapy.  
   - Rationale: Precise mapping of residual lesions, assessment of vascular involvement, and calculation of FLR to determine operability.  

C. Multidisciplinary decision point based on restaging:  
   - If ≤4 lesions confined to ≤2 liver segments with adequate FLR (≥30 % in normal liver, ≥40 % after chemotherapy‑associated liver injury), proceed to curative surgery.  
   - Surgical plan:  
     • First, right hemicolectomy (primary tumor resection) with oncologic lymphadenectomy.  
     • Second, staged liver resection (major hepatectomy or parenchymal‑sparing resection combined with intra‑operative ablation) performed 4–6 weeks after colectomy, provided patient fitness and liver function are acceptable.  

D. If down‑staging is insufficient (still >4 lesions, inadequate FLR, or unresectable vascular involvement):  
   - Continue systemic therapy, consider enrollment in a clinical trial, or discuss best‑supportive care according to patient wishes and performance status.  

","Step 1 – Resectability assessment
The patient presents with ≥10 liver metastases in the context of a right T4N2 colon cancer and very high CEA (2700 ng/mL). The tumor burden, multiplicity of lesions, and likely bilobar distribution preclude the possibility of achieving a complete R0 resection while preserving an adequate future liver remnant. From a hepatobiliary oncologic perspective, this situation is considered unresectable.

Step 2 – Recommended oncologic sequence
A. Preoperative staging and vascular assessment
• Perform high-resolution liver MRI and contrast-enhanced CT to define precise vascular and biliary relationships.
• Given the high CEA level (2700 ng/mL), perform high-resolution 18FDG PET-CT

B. Systemic therapy as primary strategy (mandatory)
• Initiate intensive systemic chemotherapy according to MDT decision (FOLFOX/FOLFIRI ± bevacizumab; KRAS mutation excludes anti-EGFR).
• The objective is global disease control and assessment of tumor biology.

C. Radiologic reassessment after treatment
• Perform high-quality liver MRI after 3-6 months to evaluate response.
• Monitor CEA kinetics.

D. Criteria for reconsidering surgery (exceptional)
• Surgical re-evaluation could be considered only in the rare situation of major radiologic and biologic response with significant reduction in number and size of lesions allowing parenchymal-sparing resections.

D. If disease remains extensive
• Continue second-line systemic therapy and consider palliative or symptom-oriented management according to MDT.

"
88,"Man, 63 years old, left T3N1M1 colon cancer at the abdominal CT scan, three liver metastases (2-3 cm) and confirmed left portal invasion on liver MRI. CEA 310 ng/mL.
MDT Discussion: Unilateral portal involvement, potentially approachable depending on volume.","Step 1 – Resectability Assessment  
- Classification: Potentially resectable.  
- Justification:  
  • Three liver metastases each ≤3 cm, which is within conventional size limits for hepatic resection.  
  • Unilateral left‑portal vein involvement is noted; such vascular involvement can be addressed with portal vein resection/reconstruction or with portal vein embolization to augment future liver remnant (FLR).  
  • No documented extra‑hepatic disease on imaging; however, thoracic imaging has not been performed, so distant metastases cannot be excluded.  
  • Resectability hinges on adequate FLR, arterial anatomy, and confirmation that the primary colon lesion can be controlled; these data are currently missing.  

Step 2 – Recommended strategy  
A. Comprehensive restaging  
   – Obtain contrast‑enhanced thoraco‑abdominal CT (or PET‑CT) to rule out pulmonary or other extra‑hepatic metastases.  
   – Perform colonoscopy if not already done to assess the primary lesion and obtain biopsies for molecular profiling.  

B. Primary tumor control  
   – If the left‑sided colon primary has not been resected, schedule a curative‑intent colectomy (segmental resection with adequate lymphadenectomy) either before or simultaneously with liver surgery, depending on patient fitness and tumor symptoms.  

C. Systemic induction therapy  
   – Initiate 2–3 months of modern combination chemotherapy (e.g., FOLFOXIRI ± bevacizumab) to assess tumor biology, potentially downsize the portal‑vein–involved lesion, and treat occult micrometastatic disease.  
   – Re‑evaluate CEA trend and radiologic response after induction.  

D. Re‑assessment of hepatic resectability  
   – Repeat liver MRI (or contrast‑enhanced CT) to quantify FLR volume, delineate arterial and portal anatomy, and confirm extent of vascular involvement.  
   – If FLR is <30 % in a normal liver (or <40 % after chemotherapy), plan portal vein embolization (PVE) of the right portal branches to induce hypertrophy.  

E. Definitive hepatic surgery (planned after systemic therapy and FLR optimization)  
   – Perform an anatomic left hepatectomy with en‑bloc resection of the involved left portal vein segment, followed by portal vein reconstruction.  
   – If intra‑operative assessment shows adequate margins, consider simultaneous colon resection; otherwise, stage the procedures.  

F. Adjuvant systemic therapy  
   – Continue postoperative chemotherapy (e.g., 6 months total cumulative) based on response and molecular profile.  

","Step 1 – Resectability assessment
The patient presents with three liver metastases (2–3 cm) associated with confirmed left portal vein invasion on MRI, without reported extrahepatic disease. Although the number of lesions is limited, portal involvement compromises the feasibility of a safe R0 resection while preserving an adequate future liver remnant at this stage. From a hepatobiliary oncologic perspective, this situation is considered potentially resectable only after tumor downsizing and precise volumetric reassessment.

Step 2 – Recommended oncologic sequence
A. Preoperative staging
• Perform high-resolution liver MRI and contrast-enhanced CT to confirm the relationship of the 3 lesions to vascular and biliary structures. Precise anatomical mapping is required to plan a safe parenchymal-sparing resection.
• Given the high CEA level (310 ng/mL), perform high-resolution 18FDG PET-CT

B. Preoperative systemic therapy
• The elevated CEA level (310 ng/mL) and multiplicity of lesions suggest biologically active disease.
• Give 2–3 months of peri operative doublet chemotherapy (FOLFOX ± bevacizumab) to treat potential micrometastatic disease and assess tumor biology.
• KRAS status is unknown
• This period treats micrometastatic disease and evaluates tumor biology.

C. Restaging before surgery
• Perform high-resolution liver MRI and contrast-enhanced CT after chemotherapy to confirm maintained resectability and evaluate vascular/biliary relationships.

D. Surgical management of liver metastases
• If restaging confirms continued resectability, perform a first left hepatectomy with parenchymal-sparing liver resection of the remaining lesions aiming for ≥1 mm R0 margin.
• Use intra operative ultrasound to verify lesion location and margins. 
• Ideally, consider minimally invasive approach (laparoscopic or robotic) for both liver resection and colectomy.
• Preoperative prehabilitation and ERAS (Enhanced Recovery After Surgery) protocols are evidence-based, multidisciplinary strategies designed to optimize patient health before surgery and accelerate recovery afterward.

E. Management of primary tumor
• After recovery, perform left hemicolectomy (standard oncologic resection of the left colon cancer) with lymphadectomy (at least 12 harvested lymph nodes) with primary anastomosis.
• Ideally, consider minimally invasive approach (laparoscopic or robotic) for both liver resection and colectomy.
• Preoperative prehabilitation and ERAS (Enhanced Recovery After Surgery) protocols are evidence-based, multidisciplinary strategies designed to optimize patient health before surgery and accelerate recovery afterward.

E. Postoperative therapy
• Pathology report : confirmation of tumor type and origin, immunohistochemistry with tumor markers, histological growth pattern, margin status (R0, R1, R2), tumor grade, differentiation, pathologic response score (TRG), necrosis/fibrosis
• Complete a total of 6 months of systemic chemotherapy (including the pre operative cycles). 
• Monitor CEA and imaging at 3 month intervals given the elevated initial tumor marker (CEA 150 ng/mL).

"
89,"Woman, 72 years old, right T3N0M1 colon tumor, single 5.6 cm metastasis in segment VIII, in close contact with IVC at the thoraco-abdominal CT scan. CEA 540 ng/mL, RAS wild-type.
MDT Discussion: Large central metastasis, major technical question regarding surgical approach.","Step 1 – Resectability Assessment  
- Classification: Potentially resectable (requires further evaluation).  
- Rationale:  
  • Single hepatic lesion, 5.6 cm, confined to segment VIII – meets size and number criteria for hepatic resection.  
  • No radiologic evidence of extra‑hepatic disease (pulmonary, peritoneal, nodal, bone negative).  
  • RAS wild‑type status favors responsiveness to systemic therapy and possible conversion to resectability.  
  • Close contact with the inferior vena cava raises technical concerns (possible IVC involvement, need for vascular control or reconstruction) but does not automatically preclude resection.  
  • Adequate future liver remnant (FLR) cannot be confirmed because volumetric data are missing; therefore resectability remains “potential” pending FLR assessment and liver function evaluation.  
  • Primary colon tumor has not yet been resected; simultaneous or staged resection must be planned after confirming hepatic feasibility.

Step 2 – Recommended strategy  
A. Systemic induction therapy (e.g., 2–3 months of FOLFOXIRI ± bevacizumab)  
   – Rationale: Down‑size the liver lesion, treat occult micrometastases, and assess tumor biology before committing to major surgery.  

B. Restaging work‑up after induction  
   – Contrast‑enhanced liver MRI with hepatobiliary phase, CT‑angiography for arterial/portal anatomy, volumetric CT to calculate FLR, and assessment of IVC involvement (extent of contact, need for vascular reconstruction).  
   – Rationale: Precise anatomic mapping and functional reserve are essential to determine whether an R0 hepatic resection is technically feasible and safe.  

C. Surgical plan (contingent on restaging results)  
   1. If FLR ≥ 30 % (or ≥ 40 % in steatotic liver) and IVC involvement is limited to adventitial contact, proceed with curative intent:  
      – Right hemicolectomy (primary tumor) performed either simultaneously with liver resection or as a staged procedure, depending on operative risk and anticipated liver‑only operative time.  
      – Segment VIII anatomical resection (or extended right hepatectomy) with vascular control; if IVC invasion is confirmed, plan for limited IVC resection and primary repair or patch graft.  
   2. If FLR is insufficient or IVC invasion is extensive, consider:  
      – Portal vein embolization (PVE) to hypertrophy FLR, followed by delayed hepatic resection.  
      – Alternative local therapy (e.g., percutaneous ablation) if surgical margins are unlikely to be negative.  

D. Post‑operative adjuvant systemic therapy (continuation of the same regimen or switch to maintenance) for at least 6 months.  
   – Rationale: Consolidate response, reduce recurrence risk, especially given high pre‑operative CEA.

","Step 1 – Resectability assessment
The patient presents with a single 5.6 cm liver metastasis in segment VIII in close contact with the IVC, without reported extrahepatic disease. Although solitary, the central location and caval proximity make a standard parenchymal-sparing R0 resection technically demanding and potentially unsafe without prior tumor downsizing or vascular planning. From a hepatobiliary oncologic perspective, this situation is considered potentially resectable, but only after careful vascular assessment and likely induction therapy.

Step 2 – Recommended oncologic sequence
A. Preoperative staging
• Obtain high resolution liver MRI to define exact segmental distribution of the lesion with detailed vascular and biliary relationships. 
• Given the high CEA level (540 ng/mL), perform high-resolution 18FDG PET-CT

B. Intensive conversion systemic therapy (mandatory)
• Initiate 2–3 months of induction chemotherapy (FOLFOX/FOLFIRI ± anti-EGFR given RAS wild-type status).
• The objective is significant tumor downsizing, reduction in number/volume of lesions, and clearance from the IVC to enable potential surgical planning.

C. Close radiologic monitoring
• Perform high-resolution liver MRI every 2-3 months to assess response, particularly:
– Relationship of lesions to the IVC.
– Global reduction of liver tumor burden.
• Calculate the future liver remnant (FLR).
• Monitor CEA kinetics as an indicator of treatment response.

D. Surgical management if feasibility is confirmed
• Repeat high-resolution liver MRI and contrast-enhanced CT after chemotherapy to reassess the relationship of the lesion to the IVC and hepatic veins.
• If regression occurs or vascular control is deemed feasible, plan an ultrasound-guided parenchymal-sparing resection of segment VIII, aiming for ≥1 mm R0 margin.
• Anticipate possible IVC tangential resection or reconstruction with multidisciplinary discussion with vascular surgery to assess feasibility of tangential IVC resection if needed.
• Use intra operative ultrasound to verify lesion location and margins. 
• Preoperative prehabilitation and ERAS (Enhanced Recovery After Surgery) protocols are evidence-based, multidisciplinary strategies designed to optimize patient health before surgery and accelerate recovery afterward.

E. Management of primary tumor
• After recovery, perform right hemicolectomy (standard oncologic resection of the right colon cancer) with D2 lymphadectomy (at least 12 harvested lymph nodes) with primary anastomosis.
• Ideally, consider minimally invasive approach (laparoscopic or robotic) for both liver resection and colectomy.
• Preoperative prehabilitation and ERAS (Enhanced Recovery After Surgery) protocols are evidence-based, multidisciplinary strategies designed to optimize patient health before surgery and accelerate recovery afterward.

F. If insufficient response
• Continue systemic therapy or adapt regimen (such as intra-arterial chemotherapy after resection of the primary tumor) according to MDT, with possible consideration of local ablative techniques.

G. Postoperative therapy and surveillance
• Pathology report : confirmation of tumor type and origin, immunohistochemistry with tumor markers, histological growth pattern, margin status (R0, R1, R2), tumor grade, differentiation, pathologic response score (TRG), necrosis/fibrosis
• Complete approximately 6 months of systemic therapy including pre-operative cycles.
• Close follow-up with CEA and imaging every 3 months.

"
90,"Man, 69 years old, left colon adenocarcinoma, six liver metastases (1.5-4 cm) at the thoraco-abdominal CT scan, CEA 850 ng/mL, BRAF V600E mutation.
MDT Discussion: Unfavorable molecular profile, bilobar liver involvement with systemic potential.","Step 1 – Resectability Assessment  
- Classification: Potentially resectable (not outright resectable, not unresectable).  
- Rationale: Six bilobar metastases (1.5‑4 cm) can be technically resected if adequate future liver remnant (FLR) can be achieved and there is no major vascular or biliary invasion. Current imaging lacks detail on segmental distribution, vascular contact, and FLR volume, which are essential to confirm that an R0 resection with sufficient liver reserve is feasible. The presence of a BRAF V600E mutation and markedly elevated CEA (850 ng/mL) indicate aggressive biology, favoring neoadjuvant systemic therapy to improve oncologic outcomes before any surgical attempt.

Step 2 – Recommended strategy  
A. Comprehensive restaging – Obtain liver‑specific MRI with diffusion‑weighted imaging and volumetric analysis, plus PET‑CT if not already performed, to define segmental involvement, vascular/biliary relationships, and to exclude occult extra‑hepatic disease (including brain).  
B. Neoadjuvant systemic therapy – Initiate an intensive regimen appropriate for BRAF‑mutated colorectal cancer (e.g., FOLFOX or FOLFIRI combined with anti‑EGFR therapy plus a BRAF inhibitor such as encorafenib). Goal: tumor down‑staging, CEA reduction, and assessment of treatment response.  
C. Re‑assessment of resectability – After 2–3 months of systemic therapy, repeat imaging and FLR volumetry. If ≥30 % FLR (≥40 % after chemotherapy) and no major vascular encasement, proceed to surgery.  
D. Surgical phase – Perform simultaneous or staged resection depending on intra‑operative assessment:  
   - If primary tumor remains unresected and symptomatic, consider a “colon first” approach (segmental colectomy) followed by liver resection within the same operation or within 2–4 weeks.  
   - If primary tumor is asymptomatic and liver disease is borderline, a staged approach (systemic therapy → liver resection → colon resection) may be preferred to minimize peri‑operative risk.  
   - Aim for R0 liver resection using parenchymal‑sparing techniques (e.g., anatomical segmentectomy, portal vein embolization if FLR insufficient).  
E. Adjuvant/maintenance therapy – Resume or continue targeted systemic therapy post‑operatively for at least 6 months, followed by surveillance with serial CEA and imaging every 3–6 months.  

","Step 1 – Resectability assessment
The patient presents with six bilobar liver metastases (1.5–4 cm) in the context of a left colon adenocarcinoma with a BRAF V600E mutation and elevated CEA (850 ng/mL). Although the number and distribution of lesions might be technically approachable in selected settings, the unfavorable molecular profile and systemic potential indicate aggressive tumor biology. From a hepatobiliary oncologic perspective, this situation is considered potentially resectable.

Step 2 – Recommended oncologic sequence
A. Preoperative staging
• Perform high-resolution liver MRI and contrast-enhanced CT to confirm the relationship of the 6 lesions to vascular and biliary structures. Precise anatomical mapping is required to plan a safe parenchymal-sparing resection.
• Given the high CEA level (850 ng/mL) and the BRAF V600E mutation, perform high-resolution 18FDG PET-CT

B. Preoperative systemic therapy
• Initiate intensive systemic therapy adapted to the BRAF V600E profile according to MDT decision : doublet chemotherapy (FOLFOX ± bevacizumab) to treat potential micrometastatic disease and assess tumor biology.
• KRAS status is unknown
• This period treats micrometastatic disease and evaluates tumor biology.

C. Restaging before surgery
• Perform high-resolution liver MRI and contrast-enhanced CT after chemotherapy to confirm maintained resectability and evaluate vascular/biliary relationships.

D. Criteria for reconsidering surgery (unusual)
• Surgical re-evaluation could be considered only in the rare situation of major radiologic and biologic response with significant reduction in number and size of lesions allowing parenchymal-sparing resections.

E. Management of primary tumor
• After recovery, perform left hemicolectomy (standard oncologic resection of the left colon cancer) with lymphadectomy (at least 12 harvested lymph nodes) with primary anastomosis.
• Ideally, consider minimally invasive approach (laparoscopic or robotic) for both liver resection and colectomy.
• Preoperative prehabilitation and ERAS (Enhanced Recovery After Surgery) protocols are evidence-based, multidisciplinary strategies designed to optimize patient health before surgery and accelerate recovery afterward.

F. If insufficient response
• Continue systemic therapy or adapt regimen (such as intra-arterial chemotherapy after resection of the primary tumor) according to MDT, with possible consideration of local ablative techniques.

G. Postoperative therapy and surveillance
• Pathology report : confirmation of tumor type and origin, immunohistochemistry with tumor markers, histological growth pattern, margin status (R0, R1, R2), tumor grade, differentiation, pathologic response score (TRG), necrosis/fibrosis
• Complete approximately 6 months of systemic therapy including pre-operative cycles.
• Close follow-up with CEA and imaging every 3 months.

"
91,"Woman, 65 years old, T4N1M1 rectal tumor, four liver metastases at the abdominal CT scan, CEA 60 ng/mL, RAS wild-type, MSI-H.
MDT Discussion: Immuno-sensitive profile, discussion on optimal therapeutic sequence.","Step 1 – Resectability Assessment  
- Classification: Potentially resectable (borderline)  
- Rationale:  
  • Four hepatic lesions meet the numeric criteria for resection, and no extra‑hepatic disease has been documented.  
  • RAS wild‑type and MSI‑high status favor responsiveness to systemic therapy, increasing the chance of down‑staging to a resectable state.  
  • Definitive resectability cannot be confirmed because critical anatomic details are missing (size of each lesion, hepatic segmental distribution, relationship to major vessels/ biliary structures, and future liver remnant volume).  

Step 2 – Recommended strategy  
A. Comprehensive restaging  
   – Obtain high‑resolution liver MRI with hepatobiliary contrast, chest CT (or PET‑CT), and full body imaging to define lesion size, segmental involvement, vascular contact, and to rule out occult extra‑hepatic metastases.  
   – Calculate FLR and assess hepatic functional reserve (e.g., ICG clearance, volumetry).  

B. Systemic induction therapy  
   – Initiate first‑line immunotherapy (pembrolizumab) given MSI‑H status, combined with a fluoropyrimidine‑based doublet (e.g., FOLFOX) to maximize tumor shrinkage of both primary and liver lesions.  
   – Rationale: MSI‑H tumors have high response rates to checkpoint inhibition; adding chemotherapy improves conversion rates for liver metastases.  

C. Interim reassessment (after 2–3 months)  
   – Repeat liver MRI and chest imaging to evaluate radiologic response and re‑calculate FLR.  
   – If all hepatic lesions have regressed to ≤3 cm and are amenable to parenchymal‑sparing resection with an adequate FLR (≥30 % in normal liver, ≥40 % after chemotherapy), proceed to surgery.  

D. Surgical phase  
   – If the rectal primary remains symptomatic or at risk for local complications, perform neoadjuvant chemoradiation followed by total mesorectal excision (TME).  
   – Perform simultaneous or staged liver metastasectomy (preferably parenchymal‑sparing, using anatomic or non‑anatomic resections) ensuring negative margins (R0) and preserving sufficient FLR.  
   – Rationale: Combined or staged approach is dictated by operative risk, tumor burden, and response; simultaneous resection is feasible when liver disease is limited and FLR is adequate.  

E. Post‑operative management  
   – Continue pembrolizumab for a total of 2 years or until disease progression, per current guidelines for MSI‑H colorectal cancer.  
   – Consider adjuvant chemotherapy if pathology shows high‑risk features.  

","Step 1 – Resectability assessment
The patient presents with four liver metastases in the setting of a T4N1 rectal tumor. Although the liver disease may be technically amenable to parenchymal-sparing resection, the MSI-H profile indicates a high likelihood of major response to immunotherapy. From a hepatobiliary oncologic perspective, this situation is potentially resectable, but surgery is not the first step given the expected efficacy of systemic immunotherapy.

Step 2 – Recommended oncologic sequence
A. Preoperative staging
• Perform high-resolution liver MRI and contrast-enhanced CT to confirm the relationship of the 4 lesions to vascular and biliary structures. Precise anatomical mapping is required to plan a safe parenchymal-sparing resection.

B. First-line systemic immunotherapy (mandatory)
• Initiate immunotherapy according to MDT decision as first-line treatment for MSI-H metastatic colorectal cancer.
• The objective is major tumor regression and assessment of tumor biology.

C. Radiologic reassessment
• Perform high-quality liver MRI after 2–3 months to evaluate response.
• Monitor CEA kinetics.

D. Surgical re-evaluation after response
• If a major radiologic response occurs, reassess segmental resectability.
• Plan biopsy of the primary rectal tumor and liver metastases to assess tumor response to immunotherapy
• Consider parenchymal-sparing, ultrasound-guided liver resections only if residual lesions persist and complete clearance is feasible with adequate future liver remnant.

E. Postoperative therapy
• Pathology report : confirmation of tumor type and origin, immunohistochemistry with tumor markers, histological growth pattern, margin status (R0, R1, R2), tumor grade, differentiation, pathologic response score (TRG), necrosis/fibrosis
• Complete a total of 6 months of systemic immunotherapy (including the pre operative cycles). 
• Monitor CEA and imaging at 3 month intervals 

"
92,"Man, 60 years old, right T4N2M1 colon cancer, eight bilobar liver metastases at the thoraco-abdominal CT scan, CEA 1300 ng/mL, KRAS mutated. Liver MRI: contact with right hepatic vein.
MDT Discussion: Superior vascular invasion, significant operative risk.","Step 1 – Resectability Assessment  
- Classification: Potentially resectable (borderline)  
- Justification:  
  • Eight bilobar liver metastases exceed the conventional “≤4 lesions” threshold for straightforward resection.  
  • Contact with the right hepatic vein indicates major vascular involvement, raising the risk of insufficient margins and postoperative liver failure.  
  • No data on future liver remnant (FLR) volume or hepatic arterial/portal anatomy, which are essential to confirm that a safe hepatic resection can be achieved.  
  • High CEA (1300 ng/mL) and KRAS mutation are adverse biological factors, suggesting aggressive disease.  
  • The MDT notes “significant operative risk,” reflecting concerns about patient fitness and technical complexity.  
  • Because down‑staging with systemic therapy may reduce tumor burden and allow portal vein embolization or staged hepatectomy, the case is not deemed outright unresectable but requires conversion treatment first.

Step 2 – Recommended strategy  
A. Initial systemic therapy  
   – Administer intensive conversion chemotherapy (e.g., FOLFOXIRI ± bevacizumab) for 2–3 months to attempt tumor shrinkage and assess biologic response.  
   – Rationale: High tumor burden, KRAS mutation, and elevated CEA favor aggressive systemic treatment to improve resectability odds.  

B. Restaging and functional assessment  
   – Repeat high‑resolution liver MRI with hepatocyte‑specific contrast and volumetric CT to:  
        • Measure residual lesion size, number, and vascular involvement.  
        • Calculate FLR volume and assess hepatic arterial/portal anatomy.  
   – Rationale: Determines whether a curative‑intent hepatic resection is feasible and guides need for portal vein embolization (PVE) or ALPPS.  

C. Management of the primary colon tumor  
   – If the primary lesion has not yet been resected and is asymptomatic, plan for simultaneous or staged colectomy after systemic therapy response, depending on operative risk and liver surgery timing.  
   – Rationale: Primary tumor control is required before or concurrent with liver surgery to prevent future complications.  

D. Liver‑directed curative approach (contingent on step B results)  
   – If FLR ≥30 % (or ≥40 % in steatotic liver) and vascular margins are achievable:  
        • Consider a two‑stage hepatectomy with PVE to hypertrophy the future remnant, followed by completion hepatectomy.  
        • Alternatively, if rapid hypertrophy is needed and patient fitness permits, an ALPPS procedure may be contemplated.  
   – If margins remain inadequate despite down‑staging, proceed to best‑available systemic therapy and consider locoregional options (e.g., hepatic arterial infusion, radio‑embolization) for disease control.  
   – Rationale: Staged hepatic resection maximizes curative potential while preserving adequate liver function; ALPPS offers faster hypertrophy but carries higher morbidity, suitable only for selected patients.  

E. Post‑operative/adjuvant therapy  
   – Resume systemic chemotherapy (potentially with different agents) after hepatic surgery to eradicate microscopic disease.  
   – Rationale: High recurrence risk in KRAS‑mutated, high‑CEA disease warrants continued systemic control.  

","Step 1 – Resectability assessment
The patient presents with eight bilobar liver metastases with MRI showing contact with the right hepatic vein, in the context of a right T4N2 colon cancer and markedly elevated CEA (1300 ng/mL). The tumor burden, bilobar distribution, and venous contact make a safe R0 resection with preservation of adequate venous outflow and future liver remnant not achievable at this stage. From a hepatobiliary oncologic perspective, this situation is considered unresectable upfront.

Step 2 – Recommended oncologic sequence
A. Preoperative staging
• Perform high-resolution liver MRI and contrast-enhanced CT to confirm the relationship of the 4 lesions to vascular and biliary structures. Precise anatomical mapping is required to plan a safe parenchymal-sparing resection.
• Given the high CEA level (1300 ng/mL) and the BRAF V600E mutation, perform high-resolution 18FDG PET-CT

B. Systemic therapy as primary strategy (mandatory)
• Initiate intensive systemic chemotherapy according to MDT decision (FOLFOX/FOLFIRI ± bevacizumab;
• KRAS mutation excludes anti-EGFR).
• The objective is tumor downsizing and assessment of tumor biology.

C. Radiologic reassessment after treatment
• Perform high-quality liver MRI after 2–3 months to evaluate response and reassess the relationship to the right hepatic vein.
• Monitor CEA kinetics.

D. Criteria for reconsidering surgery (exceptional)
• Surgical re-evaluation could be considered only if a major radiologic response occurs with regression of venous contact and significant reduction in tumor burden allowing parenchymal-sparing resections with preserved venous drainage.

E. Management of primary tumor
• After recovery, perform right hemicolectomy (standard oncologic resection of the right colon cancer) with D2 lymphadectomy (at least 12 harvested lymph nodes) with primary anastomosis.
• Ideally, consider minimally invasive approach (laparoscopic or robotic) for both liver resection and colectomy.
• Preoperative prehabilitation and ERAS (Enhanced Recovery After Surgery) protocols are evidence-based, multidisciplinary strategies designed to optimize patient health before surgery and accelerate recovery afterward.

F. Postoperative therapy
• Pathology report : confirmation of tumor type and origin, immunohistochemistry with tumor markers, histological growth pattern, margin status (R0, R1, R2), tumor grade, differentiation, pathologic response score (TRG), necrosis/fibrosis
• Complete a total of 6 months of systemic immunotherapy (including the pre operative cycles). 
• Monitor CEA and imaging at 3 month intervals 

"
93,"Woman, 55 years old, left colon cancer, multiple bilobar metastases at the abdominal CT scan. CEA 2100 ng/mL, BRAF wild-type, HER2 amplified.
MDT Discussion: Particular molecular profile, possible sensitivity to an anti-HER2 approach.","Step 1 – Resectability Assessment  
- Classification: Potentially resectable, pending further anatomic and functional assessment.  
- Justification: The patient has bilobar liver metastases, which can be amenable to curative‑intent surgery if the total tumor burden allows an adequate future liver remnant (FLR) and there is no unresectable vascular invasion. However, critical data required to confirm resectability are missing (exact number of lesions, size of each lesion, hepatic segments involved, relationship to major vessels, FLR volume, and presence of extra‑hepatic disease). The primary colorectal lesion has not been documented as resected, and its symptom status is unknown, which also influences timing of hepatic surgery.

Step 2 – Recommended strategy  
A. Complete Staging  
   - Obtain high‑resolution liver MRI with hepatobiliary contrast, and a thoraco‑abdominal CT (or PET‑CT) to define the full extent of hepatic disease, assess vascular involvement, calculate FLR, and detect occult extra‑hepatic metastases (lung, bone, brain).  
   - Rationale: Precise anatomic mapping is essential to determine whether a curative liver resection is technically feasible and to rule out contraindicating extra‑hepatic disease.  

B. Primary Tumor Management  
   - If the left‑sided colon primary has not been resected, schedule oncologic colectomy (segmental resection with adequate lymphadenectomy) before or concurrently with systemic therapy, ensuring no obstruction, perforation, or active bleeding.  
   - Rationale: Primary tumor control is required before definitive hepatic surgery and to prevent complications that could delay systemic treatment.  

C. Systemic Therapy with HER2‑Targeted Regimen  
   - Initiate combination chemotherapy (e.g., FOLFOX or FOLFIRI) together with HER2‑directed agents (trastuzumab + pertuzumab or trastuzumab + lapatinib/tucatinib) given the HER2 amplification and BRAF wild‑type status.  
   - Continue for 2–4 months with radiologic reassessment.  
   - Rationale: HER2‑positive colorectal cancer responds to anti‑HER2 therapy; neoadjuvant treatment aims to downsize liver lesions, increase the chance of achieving an R0 resection, and treat micrometastatic disease.  

D. Re‑assessment and Hepatic Surgery  
   - After systemic therapy, repeat liver MRI and volumetry. If FLR ≥ 30 % (≥ 40 % in steatotic livers) and no new extra‑hepatic disease, proceed with curative‑intent liver surgery. Options include:  
        • Parenchymal‑sparing, anatomic or non‑anatomic resections of all visible lesions;  
        • Two‑stage hepatectomy or associating liver partition and portal vein ligation for staged hepatectomy (ALPPS) if FLR is insufficient after first stage;  
        • Intra‑operative ablation (RFA/MWA) for lesions unsuitable for resection.  
   - Rationale: A staged or combined approach maximizes oncologic clearance while preserving liver function.  

E. Post‑operative Systemic Therapy  
   - Resume HER2‑directed systemic therapy post‑resection for at least 6 months, adapting based on pathologic response and tolerance.  
   - Rationale: Consolidation therapy reduces recurrence risk, especially in high‑CEA disease.  

","Step 1 – Resectability assessment
The patient presents with multiple bilobar liver metastases and very high CEA (2100 ng/mL) in the context of a left colon cancer with HER2 amplification and BRAF wild-type status. The tumor burden and bilobar distribution preclude the possibility of achieving a complete R0 resection while preserving an adequate future liver remnant at this stage. From a hepatobiliary oncologic perspective, this situation is considered unresectable upfront.

Step 2 – Recommended oncologic sequence
A. Preoperative staging and vascular assessment
• Perform high-resolution liver MRI and contrast-enhanced CT to define precise vascular and biliary relationships.
• Given the high CEA level (2100 ng/mL), perform high-resolution 18FDG PET-CT

B. Consider short peri-operative systemic therapy
• Given the elevated CEA (2100 ng/mL) and HER2 positivity, a short course (2–3 months) of peri-operative systemic therapy adapted to the molecular profile should be considered to treat micrometastatic disease and assess tumor biology.
• HER2-positive colorectal cancer (CRC), found in 2–6% of cases (mainly RAS wild-type and left-sided), is treated with targeted therapies like trastuzumab combined with tucatinib or trastuzumab deruxtecan. 

C. Radiologic reassessment
• Perform high-quality liver MRI after 2–3 months to evaluate response.
• Monitor CEA kinetics.

D. Surgical management after restaging
• If disease remains controlled, perform ultrasound-guided left lateral sectoriectomy (rection of segments II and III) aiming for R0 margins.
• Intra-operative ultrasound is essential.
• Ideally, consider minimally invasive approach (laparoscopic or robotic) for liver resection.
• Preoperative prehabilitation and ERAS (Enhanced Recovery After Surgery) protocols are evidence-based, multidisciplinary strategies designed to optimize patient health before surgery and accelerate recovery afterward.

E. Surgical management of the primary tumor
• After recovery, perform left hemicolectomy (standard oncologic resection of the left colon cancer) with lymphadectomy (at least 12 harvested lymph nodes) with primary anastomosis 
• Ideally, consider minimally invasive approach (laparoscopic or robotic) for both liver resection and colectomy.
• Preoperative prehabilitation and ERAS (Enhanced Recovery After Surgery) protocols are evidence-based, multidisciplinary strategies designed to optimize patient health before surgery and accelerate recovery afterward.

F. Postoperative therapy and surveillance
• Pathology report : confirmation of tumor type and origin, immunohistochemistry with tumor markers, histological growth pattern, margin status (R0, R1, R2), tumor grade, differentiation, pathologic response score (TRG), necrosis/fibrosis
• Complete a total of approximately 6 months of systemic therapy including pre-operative cycles.
• Close surveillance with CEA and imaging every 3 months.

G. If disease remains extensive
• Continue systemic and targeted therapy and consider palliative or symptom-oriented management according to MDT.

"
94,"Man, 62 years old, T3N1M1 upper rectal tumor, liver metastases (3-5 cm) with contact with IVC and right hepatic vein at the thoraco-abdominal CT scan. CEA 580 ng/mL.
MDT Discussion: Complex central metastases, discussion on combined approach or venous reconstruction.","Step 1 – Resectability Assessment  
- Classification: Potentially resectable (requires further evaluation).  
- Justification:  
  • Liver lesions are 3‑5 cm with contact to the inferior vena cava and right hepatic vein, a scenario that can be addressed with en‑bloc hepatic resection and venous reconstruction in experienced centers.  
  • No extra‑hepatic disease is identified on current imaging.  
  • Critical data needed to confirm resectability are missing: exact number of metastases, hepatic segments involved, future liver remnant (FLR) volume, arterial and portal anatomy, and baseline liver function. Without these, a definitive “resectable” or “unresectable” label cannot be assigned.

Step 2 – Recommended strategy  
A. Neoadjuvant systemic therapy (plus biologic agent as indicated by molecular profile) and concurrent chemoradiation for the rectal primary  
   – Rationale: Down‑size hepatic disease, treat micrometastatic burden, and achieve optimal local control of the rectal tumor before any major surgery.  

B. Restaging after 2–3 months of systemic therapy  
   – Obtain high‑resolution liver MRI with hepatobiliary contrast, repeat thoraco‑abdominal CT, and assess FLR using volumetry.  
   – Re‑evaluate vascular involvement, tumor response (RECIST), and overall performance status.  

C. Multidisciplinary decision on surgical approach  
   – If imaging shows adequate FLR (≥30 % in normal liver, ≥40 % after chemotherapy‑associated liver injury) and acceptable response, proceed to curative‑intent liver resection with possible IVC/right hepatic vein reconstruction (either ex‑vivo or in‑situ technique).  
   – Simultaneous or staged resection of the rectal primary (low anterior resection or abdominoperineal resection) based on tumor response, sphincter preservation feasibility, and patient comorbidities.  

D. Adjuvant therapy and surveillance  
   – Complete any remaining cycles of systemic chemotherapy post‑operatively, consider adjuvant radiotherapy if margins are close or positive.  
   – Follow‑up with serial CEA, cross‑sectional imaging (CT/MRI) every 3–6 months for the first 2 years, then annually.

","Step 1 – Resectability assessment
The patient presents with centrally located liver metastases (3–5 cm) in contact with the IVC and the right hepatic vein in the setting of an upper rectal T3N1 tumor, without reported extrahepatic disease. Although the number of lesions is not specified as excessive, the venous involvement makes a standard parenchymal-sparing R0 resection unsafe without complex vascular control or reconstruction. From a hepatobiliary oncologic perspective, this situation is considered potentially resectable only after tumor downsizing and expert HPB / vascular reassessment.

Step 2 – Recommended oncologic sequence
A. Preoperative staging and vascular assessment
• Perform high-resolution liver and pelvis MRI and contrast-enhanced CT to define precise vascular and biliary relationships.
• Given the high CEA level (580 ng/mL), perform high-resolution 18FDG PET-CT

B. Mandatory induction systemic therapy
• Initiate 2–3 months of induction chemotherapy (FOLFOX/FOLFIRI ± bevacizumab).
• The objective is tumor downsizing and reduction of venous contact.

C. Expert vascular restaging
• Repeat high-resolution liver MRI and contrast-enhanced CT after chemotherapy to reassess the relationship of lesions to the IVC and right hepatic vein.
• Calculate the future liver remnant (FLR).
• Multidisciplinary evaluation with complex surgery to assess feasibility of venous reconstruction if required or right hepatomy including en-bloc resection of the right hepatic vein according to the future liver remnant.

D. Surgical management if feasibility is confirmed
• If regression occurs or venous reconstruction is deemed feasible, plan an ultrasound-guided parenchymal-sparing resection with the aim of R0 margin.
• Anticipate possible IVC and/or hepatic vein reconstruction.
• Intra-operative ultrasound is essential.

E. Surgical management after restaging : management of the rectal primary (oncologic priority)
• Given the T3N1 rectal cancer, long-course radiotherapy is appropriate to optimize local control and allow coordinated surgical planning.
• After restaging with high-resolution pelvis MRI,
-	If complete morphological rectal tumor response : follow up of primary tumor
-	If near complete morphological rectal tumor response : with strict follow up of primary tumor
-	If incomplete morphological rectal tumor response : rectal resection after appropriate recovery, using a staged or synchronous strategy : oncologic resection of the upper rectum (low anterior resection with TME principles).
• Ideally, consider minimally invasive approach (laparoscopic or robotic) for rectal resection.
• Preoperative prehabilitation and ERAS (Enhanced Recovery After Surgery) protocols are evidence-based, multidisciplinary strategies designed to optimize patient health before surgery and accelerate recovery afterward.

E. Postoperative therapy and surveillance
• Pathology report : confirmation of tumor type and origin, immunohistochemistry with tumor markers, histological growth pattern, margin status (R0, R1, R2), tumor grade, differentiation, pathologic response score (TRG), necrosis/fibrosis
• Complete approximately 6 months of systemic therapy including pre-operative cycles.
• Close follow-up with CEA and imaging every 3 months.

F. If disease remains extensive
• Continue systemic and targeted therapy and consider palliative or symptom-oriented management according to MDT.

"
95,"Woman, 67 years old, right T4N2M1 colon cancer, multiple liver metastases at the thoraco-abdominal CT scan and normal CEA at 3 ng/mL. KRAS mutated, BRAF wild-type.
MDT Discussion: Biological discordance, question regarding the utility of CEA follow-up in this profile.","Step 1 – Resectability Assessment  
• Classification: Potentially resectable (borderline)  
• Rationale: The patient has a T4N2 primary colon cancer with synchronous multiple liver metastases. No data are provided on the number of lesions, maximal diameter, hepatic segmental distribution, vascular or biliary involvement, or future liver remnant (FLR) volume. Absence of extra‑hepatic disease on CT is assumed, but without detailed hepatic mapping the ability to achieve an R0 liver resection with adequate FLR cannot be confirmed. Consequently the case cannot be declared outright resectable or unresectable; it remains potentially resectable pending further anatomic and functional assessment and systemic therapy response.

Step 2 – Recommended strategy  
A. Comprehensive restaging  
   – Obtain high‑resolution liver MRI with hepatobiliary contrast (or contrast‑enhanced CT if MRI unavailable) to define lesion count, size, segmental involvement, and relationship to portal/hepatic vessels.  
   – Perform PET‑CT (or chest‑abdomen‑pelvis CT) to exclude occult extra‑hepatic disease (lung, peritoneum, bone, brain).  
   – Complete colonoscopic evaluation of the primary lesion and assess need for urgent resection (obstruction, perforation, bleeding).  

B. Initiate systemic conversion therapy  
   – Start a standard first‑line regimen for KRAS‑mutated, BRAF‑wild‑type metastatic colorectal cancer (e.g., FOLFOXIRI ± bevacizumab or FOLFOX ± bevacizumab).  
   – Rationale: Down‑size liver disease, treat micrometastatic systemic burden, and allow assessment of tumor biology (response).  

C. Re‑assessment after 2–3 months of chemotherapy  
   – Repeat liver MRI and CT to evaluate radiologic response, FLR adequacy, and any new lesions.  
   – If sufficient tumor shrinkage and FLR ≥20‑30 % (for normal liver) is achievable, proceed to curative‑intent surgery.  

D. Surgical plan (contingent on reassessment)  
   – If primary tumor is resectable and symptomatic, perform simultaneous colon resection and liver resection in a single operation when feasible (limited liver disease, adequate FLR).  
   – If liver disease is extensive but down‑staged, consider a staged approach: (1) colon resection first, (2) portal vein embolization or ALPPS to augment FLR, followed by major hepatectomy; or (2) two‑stage hepatectomy with interval systemic therapy.  
   – Aim for R0 resection of both colon primary and all liver metastases.  

E. Post‑operative management  
   – Resume/adapt systemic therapy (e.g., maintenance bevacizumab) for at least 6 months.  
   – Surveillance with imaging and CEA every 3–6 months; although baseline CEA is low, serial trends remain useful.  

","Step 1 – Resectability assessment
The patient presents with multiple liver metastases in the context of a right T4N2 colon cancer, despite a normal CEA level (3 ng/mL). The multiplicity and likely bilobar distribution of lesions preclude the possibility of achieving a complete R0 resection while preserving an adequate future liver remnant at this stage. From a hepatobiliary oncologic perspective, this situation is considered unresectable upfront. The normal CEA reflects biological discordance and does not modify technical resectability.

Step 2 – Recommended oncologic sequence
A. Preoperative staging and vascular assessment
• Perform high-resolution liver and pelvis MRI and contrast-enhanced CT to define precise vascular and biliary relationships.
• Given the biological discordance of CEA level (3 ng/mL), perform high-resolution 18FDG PET-CT

B. Systemic therapy as primary strategy (mandatory)
• Initiate systemic chemotherapy according to MDT decision (FOLFOX/FOLFIRI ± bevacizumab; KRAS mutation excludes anti-EGFR).
• The objective is tumor control and assessment of tumor biology.

C. Radiologic reassessment after treatment
• Perform high-quality liver MRI after 2–3 months to evaluate response.
• Follow-up should rely primarily on imaging rather than CEA kinetics given the biological discordance.

D. Criteria for reconsidering surgery (exceptional)
• Surgical re-evaluation could be considered only if a major radiologic response occurs with significant reduction in tumor burden allowing parenchymal-sparing resections.

E. Surgical management of the primary tumor
• Perform right hemicolectomy (standard oncologic resection of the right colon cancer) with lymphadectomy (at least 12 harvested lymph nodes) with primary anastomosis 
• Ideally, consider minimally invasive approach (laparoscopic or robotic) for both liver resection and colectomy.
• Preoperative prehabilitation and ERAS (Enhanced Recovery After Surgery) protocols are evidence-based, multidisciplinary strategies designed to optimize patient health before surgery and accelerate recovery afterward.

F. Postoperative therapy 
• Pathology report : confirmation of tumor type and origin, immunohistochemistry with tumor markers, histological growth pattern, margin status (R0, R1, R2), tumor grade, differentiation, pathologic response score (TRG), necrosis/fibrosis
• Complete a total of approximately 6 months of systemic therapy including pre-operative cycles.

G. Surveillance considerations
• Imaging-based surveillance is essential, as CEA is not a reliable marker in this patient.

"
96,"Man, 58 years old, left T3N1M1 colon cancer, bilobar metastases (1.5-3 cm) at the thoraco-abdominal CT scan, CEA 400 ng/mL. RAS wild-type, POLE mutation detected.
MDT Discussion: Hypermutated profile, rare, may justify immunotherapy in some strategies.","Step 1 – Resectability Assessment  
- Classification: Potentially resectable (borderline)  
- Rationale: The patient has synchronous bilobar liver metastases measuring 1.5–3 cm, which are within size limits for parenchymal‑sparing hepatectomy. However, critical data required to confirm resectability are absent: exact number of lesions, precise segmental distribution, presence of vascular or biliary invasion, and future liver remnant (FLR) volume. The primary colon tumor has not been reported as resected, and the patient’s performance status and comorbidities are unknown. Consequently, definitive resectability cannot be declared at this stage, but the disease appears amenable to down‑staging and subsequent curative‑intent surgery.

Step 2 – Recommended strategy  
A. Initiate systemic therapy  
   • Regimen: Combination chemotherapy (e.g., FOLFOX or CAPOX) plus anti‑PD‑1 immunotherapy (pembrolizumab) given the POLE‑mutated, hypermutated phenotype and high CEA.  
   • Rationale: Down‑stage liver disease, treat occult micrometastases, exploit likely high tumor mutational burden for immunotherapy response.  

B. Assess response and hepatic reserve (after 2–3 months)  
   • Imaging: Multiphasic liver MRI with diffusion‑weighted sequences and volumetric CT to define lesion number, segmental involvement, vascular contact, and calculate FLR ratio.  
   • Rationale: Precise anatomic mapping is essential to plan a parenchymal‑sparing or staged hepatectomy and to verify that FLR ≥30 % (≥40 % after chemotherapy) is achievable.  

C. Surgical intervention (contingent on adequate response and FLR)  
   • Option 1: Simultaneous colon resection (left‑sided colectomy) with liver resection if FLR is sufficient and intra‑operative assessment confirms resectability.  
   • Option 2: Staged approach – first colon resection (or endoscopic stenting if obstruction) followed by liver‑first or two‑stage hepatectomy (including portal vein embolization if FLR inadequate).  
   • Rationale: Achieve R0 resection of both primary and hepatic disease while preserving liver function; choice depends on FLR, lesion distribution, and patient’s operative risk.  

D. Post‑operative/adjuvant management  
   • Continue systemic therapy (maintenance immunotherapy ± fluoropyrimidine) for a total of 6–12 months, tailored to pathologic response and residual disease.  
   • Surveillance: Serial CEA, contrast‑enhanced CT or MRI every 3–6 months for the first 2 years.  

","Step 1 – Resectability assessment
The patient presents with bilobar liver metastases (1.5–3 cm) without reported extrahepatic disease. From a purely technical hepatobiliary standpoint, the number and size of lesions could allow parenchymal-sparing resections with preservation of an adequate future liver remnant. This situation is therefore technically potentially resectable. However, the presence of a POLE mutation indicates a hypermutated, potentially immuno-sensitive tumor biology that strongly influences the therapeutic sequence.

Step 2 – Recommended oncologic sequence
A. Preoperative staging and vascular assessment
• Perform high-resolution liver MRI and contrast-enhanced CT to define precise vascular and biliary relationships.
• Given the biological discordance of CEA level (400 ng/mL), perform high-resolution 18FDG PET-CT

B. First-line systemic immunotherapy (preferred strategy)
• Given the POLE mutation and hypermutated profile, initiate immunotherapy according to MDT decision.
• The objective is major tumor regression and assessment of tumor biology before considering surgery.

C. Radiologic reassessment
• Perform high-quality liver MRI after 2–3 months to evaluate response.
• Monitor CEA kinetics.

D. Surgical re-evaluation after response
• If residual lesions persist after a major response, reassess segmental resectability.
• Plan ultrasound-guided parenchymal-sparing resections only if complete clearance is feasible with adequate future liver remnant.

E. Surgical management of the primary tumor
• Perform left hemicolectomy (standard oncologic resection of the left colon cancer) with lymphadectomy (at least 12 harvested lymph nodes) with primary anastomosis 
• Ideally, consider minimally invasive approach (laparoscopic or robotic) for both liver resection and colectomy.
• Preoperative prehabilitation and ERAS (Enhanced Recovery After Surgery) protocols are evidence-based, multidisciplinary strategies designed to optimize patient health before surgery and accelerate recovery afterward.

F. Postoperative therapy 
• Pathology report : confirmation of tumor type and origin, immunohistochemistry with tumor markers, histological growth pattern, margin status (R0, R1, R2), tumor grade, differentiation, pathologic response score (TRG), necrosis/fibrosis
• Complete a total of approximately 6 months of systemic therapy including pre-operative cycles.

"
97,"Woman, 69 years old, T4N2M1 transverse colon cancer, seven liver metastases at the abdominal CT scan, CEA 1150 ng/mL, NRAS Q61R mutation.
MDT Discussion: Specific NRAS molecular profile, no sensitivity to anti-EGFR.","Step 1 – Resectability Assessment  
- Classification: Potentially resectable (requires further evaluation).  
- Rationale: The patient has a solitary primary transverse colon cancer (T4N2) with seven hepatic lesions. Current data lack critical details on lesion size, segmental distribution, vascular or biliary involvement, and future liver remnant (FLR) volume. Absence of documented extra‑hepatic disease on thoracic imaging also limits certainty. According to hepatobiliary oncologic criteria, multiple liver metastases can be resected if they are confined to segments that allow an adequate FLR (≥20‑30 % in a normal liver) and no unresectable extra‑hepatic disease is present. Because these parameters are missing, the case cannot be declared outright resectable or unresectable; it remains potentially resectable pending complete staging and volumetric assessment.

Step 2 – Recommended strategy  
A. Comprehensive restaging  
   - Obtain a contrast‑enhanced thoraco‑abdominal CT (including lung bases) and a liver MRI with hepatobiliary contrast to define lesion size, segmental involvement, vascular/biliary contact, and to detect occult extra‑hepatic disease.  
   - Perform volumetric CT or MRI to calculate FLR and assess portal venous anatomy.  
   - Evaluate performance status, baseline liver function tests, and comorbidities.  

B. Systemic conversion therapy  
   - Initiate a standard first‑line regimen for RAS‑mutated metastatic colorectal cancer, e.g., FOLFOXIRI ± bevacizumab, or FOLFOX ± bevacizumab if tolerance is a concern.  
   - Rationale: anti‑EGFR agents are ineffective with NRAS Q61R; intensive chemotherapy aims to downsize hepatic disease and treat potential microscopic extra‑hepatic disease, increasing the chance of curative resection.  

C. Re‑assessment after 2–3 months of chemotherapy  
   - Repeat imaging (CT/MRI) to evaluate radiologic response, FLR adequacy, and any new extra‑hepatic lesions.  
   - If disease is down‑staged to ≤4 resectable lesions with a satisfactory FLR, proceed to curative surgery.  

D. Surgical phase (curative intent)  
   - Primary tumor: Perform an oncologic right hemicolectomy (or extended transverse colectomy) first, unless obstructive symptoms dictate urgent resection.  
   - Liver: Depending on FLR, choose one‑stage anatomical or non‑anatomical resections; if FLR is insufficient, consider a two‑stage hepatectomy or associating liver partition and portal vein ligation for staged hepatectomy (ALPPS).  
   - Rationale: Simultaneous resection is feasible when operative risk is acceptable and FLR is adequate; staged approaches preserve liver function when extensive resections are needed.  

E. Adjuvant/maintenance therapy  
   - Resume systemic chemotherapy (potentially with maintenance bevacizumab) after postoperative recovery, tailored to pathologic response and residual disease risk.  
   - Implement surveillance with periodic CEA measurement and imaging per guidelines.  

","Step 1 – Resectability assessment
The patient presents with seven liver metastases in the setting of a T4N2 transverse colon cancer and markedly elevated CEA (1150 ng/mL). The number of lesions and likely bilobar distribution make a complete R0 resection with preservation of an adequate future liver remnant not feasible at this stage. From a hepatobiliary oncologic perspective, this situation is considered unresectable upfront.

Step 2 – Recommended oncologic sequence
A. Preoperative staging and vascular assessment
• Perform high-resolution liver MRI and contrast-enhanced CT to define precise vascular and biliary relationships of all lesions.
• Given the high CEA level (1150 ng/mL), perform high-resolution 18FDG PET-CT

B. Systemic therapy as primary strategy (mandatory)
• Initiate systemic chemotherapy according to MDT decision (FOLFOX/FOLFIRI ± bevacizumab).
• The NRAS Q61R mutation excludes anti-EGFR therapy.
• The objective is tumor downsizing and assessment of tumor biology.

C. Radiologic reassessment after treatment
• Perform high-quality liver MRI after 2–3 months to evaluate response.
• Monitor CEA kinetics.

D. Criteria for reconsidering surgery (exceptional)
• Surgical re-evaluation could be considered only if a major radiologic and biologic response occurs with significant reduction in number and size of lesions allowing parenchymal-sparing resections with R0 margin.

E. Management of primary tumor
• If symptomatic or if consideration of intra arterial chemotherapy, perform extended right hemicolectomy (standard oncologic resection of the right and transverse colon cancer) with lymphadectomy (at least 12 harvested lymph nodes) with primary anastomosis.
• Ideally, consider minimally invasive approach (laparoscopic or robotic) for both liver resection and colectomy.
• Preoperative prehabilitation and ERAS (Enhanced Recovery After Surgery) protocols are evidence-based, multidisciplinary strategies designed to optimize patient health before surgery and accelerate recovery afterward.

F. Postoperative therapy and surveillance
• Pathology report : confirmation of tumor type and origin, immunohistochemistry with tumor markers, histological growth pattern, margin status (R0, R1, R2), tumor grade, differentiation, pathologic response score (TRG), necrosis/fibrosis
• Complete a total of approximately 6 months of systemic therapy including pre-operative cycles.
• Close surveillance with CEA and imaging every 3 months.

G. If disease remains extensive
• Continue systemic therapy and consider palliative or symptom-oriented management according to MDT.

"
98,"Man, 70 years old, left colon tumor, three liver metastases at the thoraco-abdominal CT scan, CEA 200 ng/mL, RAS wild-type, MSS. MRI: invasion of the hepatic vein confluence.
MDT Discussion: Superior vascular involvement, significant technical risk, volume to be assessed.","Step 1 – Resectability Assessment  
- Classification: Potentially resectable.  
- Rationale:  
  • Three synchronous liver metastases meet the numeric criteria for resection.  
  • RAS wild‑type status and absence of extra‑hepatic disease are favorable.  
  • Invasion of the hepatic vein confluence represents major vascular involvement that raises technical complexity and may jeopardize an R0 margin or adequate outflow, but does not automatically preclude resection.  
  • Critical data required to confirm feasibility (future liver remnant volume, exact segmental distribution, arterial/portal anatomy, and functional liver reserve) are missing; therefore the case remains potentially resectable pending further assessment and possible down‑staging.

Step 2 – Recommended strategy  
A. Neoadjuvant systemic therapy  
   - Initiate a modern doublet or triplet regimen (e.g., FOLFOXIRI ± anti‑EGFR monoclonal antibody) because the tumor is RAS wild‑type.  
   - Goals: tumor down‑staging, assessment of biological behavior, and treatment of occult micrometastases.  

B. Restaging and volumetric assessment  
   - After 2–3 months of chemotherapy, repeat high‑resolution liver MRI with hepatocyte‑specific contrast and CT‑based volumetry.  
   - Determine FLR ratio, exact hepatic segments involved, and re‑evaluate vascular invasion.  
   - If FLR is insufficient, plan portal vein embolization (PVE) or associating liver partition and portal vein ligation for staged hepatectomy (ALPPS) to induce hypertrophy.  

C. Surgical resection  
   - If adequate FLR is achieved and imaging shows resectable disease with clear margins, proceed to liver resection.  
   - Options include an extended right or left hepatectomy with reconstruction of the hepatic vein confluence (e.g., interposition graft or patch) or a staged two‑step approach (first clearing one lobe, then the second after hypertrophy).  
   - Simultaneous or sequential resection of the primary colon tumor should be performed once the patient is optimized; if the primary has not yet been removed, consider a combined colon resection and liver surgery in the same operative session if operative risk is acceptable, otherwise stage colon resection first.  

D. Adjuvant therapy and surveillance  
   - Resume postoperative systemic therapy (potentially the same regimen) for 3–6 months, tailored to response and tolerance.  
   - Follow with serial CEA measurements and imaging (CT or MRI) every 3–6 months for at least 3 years.  

","Step 1 – Resectability assessment
The patient presents with three liver metastases and MRI evidence of invasion of the hepatic vein confluence, without reported extrahepatic disease. Although the number of lesions is limited, involvement of the venous outflow confluence makes a safe R0 resection with preservation of adequate hepatic venous drainage technically uncertain at this stage. From a hepatobiliary oncologic perspective, this situation is considered potentially resectable only after tumor downsizing and expert vascular reassessment.

Step 2 – Recommended oncologic sequence
A. Preoperative staging and vascular assessment
• Perform high-resolution liver MRI and contrast-enhanced CT to define precise vascular and biliary relationships of all lesions.
• Given the high CEA level (200 ng/mL), perform high-resolution 18FDG PET-CT

B. Mandatory induction systemic therapy
• Initiate 2–3 months of induction chemotherapy (FOLFOX/FOLFIRI ± anti-EGFR given RAS wild-type status).
• The objective is tumor downsizing and potential reduction of venous involvement.

C. Radiologic reassessment after treatment
• Perform high-quality liver MRI after 2-3 months to evaluate response.
• Monitor CEA kinetics.

D. Expert HPB/vascular and volumetric restaging
• Repeat high-resolution liver MRI and contrast-enhanced CT after chemotherapy to reassess the relationship of lesions to the hepatic vein confluence.
• Calculate the future liver remnant (FLR) and evaluate feasibility of venous preservation or need for reconstruction.

E. Surgical management if feasibility is confirmed
• If significant regression occurs, plan an ultrasound-guided parenchymal-sparing resection with the aim of R0 margin.
• Anticipate possible venous reconstruction or complex vascular control.
• Intra-operative ultrasound is essential.

F. Management of primary tumor
• If symptomatic or if consideration of intra arterial chemotherapy, perform left hemicolectomy (standard oncologic resection of the left colon cancer) with lymphadectomy (at least 12 harvested lymph nodes) with primary anastomosis.
• Ideally, consider minimally invasive approach (laparoscopic or robotic) for both liver resection and colectomy.
• Preoperative prehabilitation and ERAS (Enhanced Recovery After Surgery) protocols are evidence-based, multidisciplinary strategies designed to optimize patient health before surgery and accelerate recovery afterward.

G. Postoperative therapy and surveillance
• Pathology report : confirmation of tumor type and origin, immunohistochemistry with tumor markers, histological growth pattern, margin status (R0, R1, R2), tumor grade, differentiation, pathologic response score (TRG), necrosis/fibrosis
• Complete a total of approximately 6 months of systemic therapy including pre-operative cycles.
• Close surveillance with CEA and imaging every 3 months.

"
99,"Woman, 56 years old, right T3N1M1 colon cancer, four liver metastases (3-5 cm) at the thoraco-abdominal CT scan, CEA 780 ng/mL, non-V600E BRAF mutation (D594G).
MDT Discussion: Atypical BRAF mutation, intermediate prognosis, bilobar liver involvement.","Step 1 – Resectability Assessment  
• Classification: Potentially resectable.  
• Rationale:  
  – Four liver metastases (3–5 cm) are present, described as bilobar, which can be addressed with modern hepatic surgery (multiple‑segmental or staged resections).  
  – No extra‑hepatic disease is identified on imaging (pulmonary, peritoneal, nodal, bone assumed absent).  
  – Adequate oncologic criteria (ability to achieve R0 margins, preservation of sufficient future liver remnant) cannot be confirmed because data on segmental distribution, vascular or biliary involvement, and FLR volumetry are missing.  
  – The primary colon tumor has not yet been resected, and the patient’s performance status and liver functional reserve are unknown; therefore definitive resectability cannot be affirmed without further assessment.  

Step 2 – Recommended strategy  
A. Neoadjuvant systemic therapy – Initiate an effective chemotherapy regimen for BRAF‑mutated colorectal cancer (e.g., FOLFOXIRI ± bevacizumab or a doublet with anti‑VEGF) to down‑size hepatic lesions, treat occult micrometastases, and assess tumor biology.  
B. Restaging and functional assessment – After 2–3 cycles, obtain high‑resolution liver MRI with diffusion‑weighted imaging, perform volumetric CT for future liver remnant (FLR) calculation, and repeat thoraco‑abdominal CT to confirm absence of new extra‑hepatic disease. Evaluate vascular and biliary involvement and consider portal vein embolization if FLR < 30 % (or < 40 % after chemotherapy).  
C. Surgical resection –  
   1. Primary tumor – Perform right hemicolectomy (open or laparoscopic) either concurrently with liver surgery if operative risk is acceptable and FLR is adequate, or as a separate staged procedure if liver surgery will be extensive.  
   2. Liver metastases – Execute curative‑intent liver resection (anatomical or parenchymal‑sparing) aiming for R0 margins; choose simultaneous or staged hepatectomy based on FLR, lesion distribution, and intra‑operative assessment.  
D. Adjuvant/Consolidation therapy – Resume or continue systemic chemotherapy post‑operatively (typically 3–6 months) to eradicate residual microscopic disease, with consideration of targeted agents appropriate for the non‑V600E BRAF mutation.  

","Step 1 – Resectability assessment
The patient presents with four bilobar liver metastases (3–5 cm) in the setting of a right T3N1 colon cancer and elevated CEA (780 ng/mL). Despite bilobar distribution, the limited number of lesions suggests that parenchymal-sparing resections could achieve R0 margins while preserving an adequate future liver remnant. The presence of a non-V600E BRAF D594G mutation is associated with a more indolent biology compared with V600E and does not contraindicate surgical intent. From a hepatobiliary oncologic perspective, this situation is considered resectable.

Step 2 – Recommended oncologic sequence
A. Preoperative staging and vascular assessment
• Perform high-resolution liver MRI and contrast-enhanced CT to define precise vascular and biliary relationships of all lesions.
• Calculate the future liver remnant (FLR).

B. Short peri-operative systemic therapy (recommended)
• Given the high CEA and bilobar disease, administer 2–3 months of induction chemotherapy (FOLFOX/FOLFIRI ± bevacizumab).
• The objective is treatment of micrometastatic disease and assessment of tumor biology.

C. Radiologic reassessment after treatment
• Perform high-quality liver MRI after 2-3 months to evaluate response.
• Monitor CEA kinetics.

D. Surgical management after restaging
• If disease remains controlled, perform ultrasound-guided parenchymal-sparing resections of all four lesions.
• Intra-operative ultrasound is essential to optimize margins and preserve parenchyma.
• Ideally, consider minimally invasive approach (laparoscopic or robotic) for liver resection.

E. Management of primary tumor
• Perform right hemicolectomy (standard oncologic resection of the right colon cancer) with D2 lymphadectomy (at least 12 harvested lymph nodes) with primary anastomosis.
• Ideally, consider minimally invasive approach (laparoscopic or robotic) for colectomy.
• Preoperative prehabilitation and ERAS (Enhanced Recovery After Surgery) protocols are evidence-based, multidisciplinary strategies designed to optimize patient health before surgery and accelerate recovery afterward.

F. Postoperative therapy and surveillance
• Pathology report : confirmation of tumor type and origin, immunohistochemistry with tumor markers, histological growth pattern, margin status (R0, R1, R2), tumor grade, differentiation, pathologic response score (TRG), necrosis/fibrosis
• Complete a total of approximately 6 months of systemic therapy including pre-operative cycles.
• Close surveillance with CEA and imaging every 3 months.

"
100,"Man, 65 years old, left T4N2M1 colon cancer, six liver metastases (2-4 cm)at the thoraco-abdominal CT scan, CEA 320 ng/mL, RAS wild-type, MSS. Positive circulating tumor cells detected.
MDT Discussion: Presence of circulating tumor cells despite no visible extension, prognostic value discussed.","Step 1 – Resectability Assessment  
- Classification: Potentially resectable (subject to further anatomic and functional assessment).  
- Justification:  
  • Six hepatic lesions, each 2–4 cm, fall within the range commonly considered amenable to curative hepatectomy when distributed across resectable segments.  
  • No extra‑hepatic disease identified on thoraco‑abdominal CT (pulmonary, peritoneal, nodal, bone negative).  
  • RAS wild‑type and MSS status are favorable for response to systemic therapy and for potential use of anti‑EGFR agents.  
  • High CEA (320 ng/mL) and presence of circulating tumor cells suggest aggressive biology, underscoring the need for systemic control before surgery.  
  • Definitive resectability cannot be confirmed without: hepatic segmental distribution, proximity to major vessels or biliary structures, volumetric FLR assessment, and response to neoadjuvant chemotherapy.  

Step 2 – Recommended strategy  
A. Neoadjuvant systemic therapy – Initiate intensified chemotherapy (e.g., FOLFOXIRI ± anti‑EGFR monoclonal antibody) for 2–3 months to assess tumor biology, achieve possible downsizing of liver lesions, and treat occult micrometastatic disease. Rationale: high CEA/CTC burden and T4 primary warrant systemic control; RAS wild‑type permits anti‑EGFR use.  
B. Restaging work‑up – After chemotherapy, obtain high‑resolution liver MRI with hepatobiliary contrast, repeat thoraco‑abdominal CT, and calculate future liver remnant (FLR) volume (CT volumetry). Evaluate vascular involvement (portal/hepatic veins, hepatic artery) and biliary anatomy. Rationale: precise anatomic mapping is essential to confirm resectability and plan extent of hepatectomy.  
C. Multidisciplinary decision point –  
   • If imaging shows ≥ 70 % FLR (or ≥ 40 % in steatotic liver) with clear margins achievable and no major vascular invasion → proceed to curative surgery.  
   • If FLR insufficient, consider portal vein embolization (PVE) or associating liver partition and portal vein ligation for staged hepatectomy (ALPPS) to augment FLR before resection.  
   • If disease progresses or becomes unresectable, continue systemic therapy or enroll in clinical trial.  
D. Surgical phase –  
   1. Primary colon tumor – Perform oncologic resection (segmental colectomy with adequate lymphadenectomy) first if not already removed, preferably before liver surgery to avoid contamination of the hepatic field.  
   2. Liver resection – Execute an anatomic or parenchymal‑sparing hepatectomy targeting all six metastases with negative margins (R0). Use intra‑operative ultrasound to confirm lesion location and margins. If staged approach chosen, schedule liver resection 4–6 weeks after PVE/ALPPS once FLR is adequate.  
   3. Adjuvant therapy – Resume postoperative systemic therapy (potentially with continuation of anti‑EGFR agent) for 3–6 months, guided by pathological response and postoperative CEA/CTC trends.  

","Step 1 – Resectability assessment
The patient presents with six liver metastases (2–4 cm) without reported extrahepatic disease. Despite the bilobar distribution, the number and size of lesions suggest that parenchymal-sparing resections could achieve R0 margins while preserving an adequate future liver remnant. The detection of circulating tumor cells reflects increased systemic risk but does not alter technical resectability. From a hepatobiliary oncologic perspective, this situation is considered resectable.

Step 2 – Recommended oncologic sequence
A. Preoperative staging and vascular assessment
• Perform high-resolution liver MRI and contrast-enhanced CT to define precise vascular and biliary relationships and calculate the future liver remnant (FLR).

B. Mandatory peri-operative systemic therapy
• Given the presence of circulating tumor cells indicating systemic dissemination risk, administer 2–3 months of induction chemotherapy (FOLFOX/FOLFIRI ± anti-EGFR given RAS wild-type status).
• The objective is treatment of micrometastatic disease and assessment of tumor biology.

C. Radiologic reassessment after treatment
• Perform high-quality liver MRI after 2-3 months to evaluate response.
• Monitor CEA kinetics.

D. Surgical management after restaging
• If disease remains controlled, perform ultrasound-guided parenchymal-sparing resections of all six lesions.
• Intra-operative ultrasound is essential.

E. Management of primary tumor
• If symptomatic or if consideration of intra arterial chemotherapy, perform left hemicolectomy (standard oncologic resection of the left colon cancer) with lymphadectomy (at least 12 harvested lymph nodes) with primary anastomosis.
• Ideally, consider minimally invasive approach (laparoscopic or robotic) for both liver resection and colectomy.
• Preoperative prehabilitation and ERAS (Enhanced Recovery After Surgery) protocols are evidence-based, multidisciplinary strategies designed to optimize patient health before surgery and accelerate recovery afterward.

F. Postoperative therapy and surveillance
• Pathology report : confirmation of tumor type and origin, immunohistochemistry with tumor markers, histological growth pattern, margin status (R0, R1, R2), tumor grade, differentiation, pathologic response score (TRG), necrosis/fibrosis
• Complete a total of approximately 6 months of systemic therapy including pre-operative cycles.
• Close surveillance with CEA and imaging every 3 months.

"
