Case_Number,Case_Content,Response,Reference
1,"Man, 64 years old, no significant medical history, presenting with a left colon tumor revealed by subocclusive syndrome.  Thoraco-abdominal CT scan shows a 6 cm colonic mass and two liver metastases in segments II and V measuring 2.2 and 3 cm. CEA: 120 ng/mL. RAS wild-type, MSS. No extra-hepatic disease.
MDT Discussion: Metastases considered primarily resectable, symptomatic colonic lesion is the priority.","Step 1 – Resectability Assessment  
- The patient is resectable.  
- Rationale:  
  • Two liver metastases (2.2 cm in segment II and 3 cm in segment V) are limited in number and size, allowing an R0 resection with preservation of ≥2 contiguous liver segments.  
  • Expected future liver remnant after left‑lateral sectionectomy (segments II‑III) plus a segment V resection would exceed the 30 % functional liver volume threshold for a normal liver.  
  • No extra‑hepatic disease is identified on staging CT.  
  • Primary left‑colon tumor is symptomatic and amenable to curative resection (left hemicolectomy).  
  • Patient has no reported comorbidities that would preclude major abdominal surgery.

Step 2 – Recommended strategy  
A. Pre‑operative work‑up  
   - Obtain high‑resolution liver MRI with hepatocyte‑specific contrast to confirm lesion number, size, and relationship to vascular structures.  
   - Perform colonoscopy with biopsy to stage the primary (T/N status) and assess for obstruction.  
   - Calculate volumetric FLR; portal vein embolization is not anticipated.  
   - Optimize nutrition, assess cardiopulmonary fitness (ASA, ECOG).  

B. Surgical phase (simultaneous resection)  
   - Perform an oncologic left hemicolectomy with primary tumor removal and adequate lymphadenectomy.  
   - Conduct liver resection: left‑lateral sectionectomy (segments II‑III) plus anatomical segment V resection (or wedge) to achieve R0 margins (>1 mm).  
   - Rationale: the liver component is minor; simultaneous surgery avoids a second laparotomy, shortens overall treatment time, and is safe when the colorectal resection is not extensive.  

C. Post‑operative systemic therapy  
   - Initiate adjuvant chemotherapy within 6–8 weeks (e.g., 6 months of FOLFOX ± anti‑EGFR monoclonal antibody given RAS‑wild‑type status).  
   - Rationale: synchronous disease, elevated pre‑operative CEA, and high‑risk primary tumor warrant systemic treatment to eradicate micrometastatic disease and improve disease‑free survival.  

D. Surveillance  
   - Monitor CEA every 3 months for the first 2 years, then every 6 months.  
   - Cross‑sectional imaging (CT or MRI) of chest/abdomen every 6 months for 2 years, then annually.  

","Step 1 – Resectability assessment
The patient has a single 2.5 cm peripheral metastasis in segment VI, no radiologically evident extra hepatic disease, and the lesion is amenable to a non anatomic wedge resection with an expected R0 margin. According to current hepatobiliary oncologic criteria, this pattern is considered to be resectable.

Step 2 – Recommended oncologic sequence
A. Preoperative staging
• Obtain high resolution liver MRI and contrast enhanced CT to confirm absence of vascular/biliary involvement, evaluate arterial anatomy. Precise anatomic mapping is required to avoid intra operative surprise.

B. Systemic therapy
• Give 2–3 months of peri operative doublet chemotherapy (FOLFOX ± bevacizumab) because the tumor is KRAS mutated (no anti EGFR benefit).
• Re stage after chemotherapy with high resolution liver MRI (and contrast-enhanced CT).

C. Surgical management
• If restaging confirms continued resectability, perform a simultaneous right hemicolectomy (standard oncologic resection of the right colon primary) with D2 lymphadectomy (at least 12 harvested lymph nodes) + a segment VI wedge/segmentectomy aiming for ≥1 mm R0 margin.
• Use intra operative ultrasound to verify lesion location and margins. (Simultaneous resection for solitary peripheral metastases is safe and oncologically equivalent to staged procedures.
• Ideally, consider minimally invasive approach (laparoscopic or robotic) for liver resection.
• Preoperative prehabilitation and ERAS (Enhanced Recovery After Surgery) protocols are evidence-based, multidisciplinary strategies designed to optimize patient health before surgery and accelerate recovery afterward.
• Alternative : consider two-stage surgical resection of primary and liver tumors / consider right hemicolectomy (standard oncologic resection of the right colon primary) with D2 lymphadectomy (at least 12 harvested lymph nodes) + an image-guided ablation using high-energy radio waves to generate heat via a probe (if no biliary or large vessels proximity)

D. Postoperative therapy
• Pathology report : confirmation of tumor type and origin, immunohistochemistry with tumor markers, histological growth pattern, margin status (R0, R1, R2), tumor grade, differentiation, pathologic response score (TRG), necrosis/fibrosis
• Complete a total of 6 months of systemic chemotherapy (including the pre operative cycles). 
• Monitor CEA and imaging at 3 month intervals. A level of 35 ng/mL is acceptable but warrants close surveillance (Minagawa et al.)

"
2,"Woman, 56 years old, incidental discovery of a right colon tumor during a workup for iron deficiency anemia. Thoraco-Abdominal CT scan shows an ileocecal mass and a single 2.5 cm metastasis in segment VI. CEA 35 ng/mL, KRAS mutation present. No other lesions on FDG-PET.
MDT Discussion: Single peripheral metastasis, situation suitable for combined surgical treatment.","Step 1 – Resectability Assessment  
The patient is resectable.  The classification is based on the following criteria:  
- Solitary liver lesion, 2.5 cm, peripheral (segment VI) – meets technical criteria for complete R0 resection with preservation of ≥2 contiguous segments and adequate inflow/outflow.  
- No additional intra‑ or extra‑hepatic disease on FDG‑PET; therefore disease burden is limited to one hepatic site.  
- Future liver remnant will remain well above the 30 % functional threshold after a segmental resection of segment VI; portal vein embolization is unnecessary.  
- No reported contraindicating comorbidities or impaired liver function.  
- Although the metastasis is synchronous, the small size and solitary nature outweigh the negative predictive impact of synchrony and KRAS mutation.  

Step 2 – Recommended strategy  
A. Pre‑operative work‑up (within 2 weeks)  
   • High‑resolution liver MRI with hepatocyte‑specific contrast to confirm lesion size, location and exclude occult disease.  
   • Full laboratory panel (LFTs, bilirubin, INR, albumin, renal function) and assessment of performance status (ECOG/ASA).  
   • Multidisciplinary confirmation of fitness for combined surgery.  
   Rationale: ensures accurate anatomic mapping and verifies that the patient can tolerate a simultaneous procedure.  

B. Short‑course neoadjuvant systemic therapy (2–3 cycles, 6–8 weeks)  
   • Regimen: FOLFOX (or CAPEOX) ± bevacizumab (anti‑VEGF), given KRAS‑mutated status precludes anti‑EGFR agents.  
   Rationale: in synchronous disease with elevated CEA (35 ng/mL) and KRAS mutation, a brief chemotherapy window tests tumor biology, may further downsize the metastasis, and provides early systemic control.  

C. Simultaneous curative‑intent surgery (within 4–6 weeks after chemotherapy)  
   • Right hemicolectomy with oncologic lymphadenectomy (D3) for the ileocecal primary.  
   • Anatomical segment VI resection (segmentectomy or wedge) aiming for ≥1 cm macroscopic margin (R0).  
   • Intra‑operative ultrasound to reconfirm absence of additional lesions.  
   Rationale: the hepatic lesion is peripheral and small, allowing a limited liver resection that can be safely combined with the colorectal operation, reducing total hospital stay and avoiding two separate recovery periods.  

D. Adjuvant systemic therapy and surveillance  
   • Complete a total of 6 months of peri‑operative chemotherapy (additional 3–4 cycles post‑op).  
   • Follow‑up: CEA every 3 months, contrast‑enhanced CT or MRI of chest/abdomen every 6 months for the first 2 years, then annually.  
   Rationale: consolidates systemic disease control, addresses micrometastatic risk, and enables early detection of recurrence.  

","Step 1 – Resectability assessment
The patient has a single 2.5 cm peripheral metastasis in segment VI, no radiologically evident extra hepatic disease, and the lesion is amenable to a non anatomic wedge resection with an expected R0 margin. According to current hepatobiliary oncologic criteria, this pattern is considered to be resectable.

Step 2 – Recommended oncologic sequence
A. Preoperative staging
• Obtain high resolution liver MRI and contrast enhanced CT to confirm absence of vascular/biliary involvement, evaluate arterial anatomy. Precise anatomic mapping is required to avoid intra operative surprise.

B. Systemic therapy
• Give 2–3 months of peri operative doublet chemotherapy (FOLFOX ± bevacizumab) because the tumor is KRAS mutated (no anti EGFR benefit).
• Re stage after chemotherapy with high resolution liver MRI (and contrast-enhanced CT). 

C. Surgical management
• If restaging confirms continued resectability, perform a simultaneous right hemicolectomy (standard oncologic resection of the right colon primary) with D2 lymphadectomy (at least 12 harvested lymph nodes) + a segment VI wedge/segmentectomy aiming for ≥1 mm R0 margin.
• Use intra operative ultrasound to verify lesion location and margins. (Simultaneous resection for solitary peripheral metastases is safe and oncologically equivalent to staged procedures)
• Ideally, consider minimally invasive approach (laparoscopic or robotic) for liver resection.
• Preoperative prehabilitation and ERAS (Enhanced Recovery After Surgery) protocols are evidence-based, multidisciplinary strategies designed to optimize patient health before surgery and accelerate recovery afterward.
• Alternative : consider two-stage surgical resection of primary and liver tumors / consider right hemicolectomy (standard oncologic resection of the right colon primary) with D2 lymphadectomy (at least 12 harvested lymph nodes) + an image-guided ablation using high-energy radio waves to generate heat via a probe (if no biliary or large vessels proximity)

D. Postoperative therapy
• Pathology report : confirmation of tumor type and origin, immunohistochemistry with tumor markers, histological growth pattern, margin status (R0, R1, R2), tumor grade, differentiation, pathologic response score (TRG), necrosis/fibrosis
• Complete a total of 6 months of systemic chemotherapy (including the pre operative cycles). 
• Monitor CEA and imaging at 3 month intervals. A level of 35 ng/mL is acceptable but warrants close surveillance 

"
3,"Man, 68 years old, history of smoking, presenting with T3N1 upper rectal adenocarcinoma with a single 1.8 cm liver metastasis in segment III. Pelvic MRI: limited parietal invasion. CEA 45 ng/mL. RAS wild-type.
MDT Discussion: Single resectable metastasis, possibility of coordinated surgical treatment after short-course radiotherapy.","Step 1 – Resectability Assessment  
- Classification: Resectable  
- Rationale:  
  • Single hepatic lesion, 1.8 cm, located in segment III – amenable to wedge resection or limited segmentectomy with preservation of ≥2 contiguous liver segments and an adequate future liver remnant (>30 % in a normal liver).  
  • No radiologically evident extra‑hepatic disease (chest CT/MRI not reported but presumed negative by MDT).  
  • Primary rectal tumor is T3N1, limited parietal invasion, technically resectable by low anterior resection (LAR).  
  • RAS wild‑type, CEA moderately elevated but not prohibitive.  
  • Patient’s age (68) and smoking history do not preclude surgery provided functional status is acceptable.  

Step 2 – Recommended strategy  
A. Short‑course pre‑operative radiotherapy (5 × 5 Gy) to the rectum.  
   – Rationale: Provides local control of the T3 rectal lesion, creates a treatment window for hepatic surgery, and is standard for upper rectal cancers when long‑course chemoradiation is not required.  

B. Peri‑operative systemic chemotherapy (4–6 cycles of FOLFOX ± anti‑EGFR monoclonal antibody, e.g., cetuximab, given RAS wild‑type).  
   – Rationale: Treats micrometastatic disease, serves as a biological test of tumor aggressiveness, and may further down‑size the liver lesion if needed.  

C. Restaging imaging (contrast‑enhanced liver MRI or multiphase CT, plus chest CT) after chemotherapy.  
   – Rationale: Confirms that the hepatic metastasis remains resectable, excludes new extra‑hepatic sites, and assesses FLR volume.  

D. Coordinated surgical resection – preferred simultaneous minimally invasive approach (laparoscopic LAR + laparoscopic segment III wedge resection) performed 4–6 weeks after radiotherapy, provided the patient’s operative risk is low.  
   – Rationale: Both procedures are limited in extent; simultaneous resection avoids a second hospitalization, shortens overall treatment time, and is supported by literature for minor hepatectomy combined with low anterior resection when the primary is asymptomatic after radiotherapy.  

   If intra‑operative assessment reveals inadequate FLR or unexpected disease, convert to a staged approach (liver‑first then rectal resection 4–6 weeks later).  

","Step 1 – Resectability assessment
The patient presents with a single 1.8 cm liver metastasis located in segment III, without evidence of extrahepatic disease. The lesion seems technically amenable to a parenchymal-sparing resection with preservation of an adequate future liver remnant. According to current hepatobiliary oncologic criteria for solitary, small metastases, this pattern is considered resectable.

Step 2 – Recommended oncologic sequence
A. Preoperative staging
• Obtain high resolution liver MRI and contrast enhanced CT to confirm absence of vascular/biliary involvement, evaluate arterial liver anatomy. 

B. Systemic therapy
• Give 2–3 months of peri operative doublet chemotherapy (FOLFOX ± bevacizumab or cetuximab)
• RAS wild-type status allows consideration of anti-EGFR therapy depending on MDT strategy.
• Re stage after chemotherapy with high resolution liver and rectum MRI (and contrast-enhanced CT) to assess tumor biology and optimize oncologic control for both

C. Management of the rectal primary (oncologic priority)
• Given the T3N1 upper rectal tumor with limited parietal invasion, long-course radiotherapy is appropriate to optimize local control and allow coordinated surgical planning.

D. Coordinated surgical strategy
• Initiate doublet chemotherapy (FOLFOX or CAPOX) during the waiting period following radiotherapy. This period treats potential micrometastatic disease and tests tumor biology.
• Consider image-guided ablation of the single segment III lesion using high-energy radio waves to generate heat via a probe (if no biliary or large vessels proximity)
• After restaging with high-resolution liver MRI and pelvic imaging,
-	If complete morphological rectal tumor response : resection / ablation of the segment III metastasis with follow up of primary tumor
-	If near complete morphological rectal tumor response : resection / ablation of the segment III metastasis followed with strict follow up of primary tumor
-	If incomplete morphological rectal tumor response : liver-first resection or ablation of the single segment III metastasis, then rectal resection after appropriate recovery, using a staged or synchronous strategy : oncologic resection of the upper rectum (low anterior resection with TME principles).
– Parenchymal-sparing segment III wedge/segmentectomy aiming for ≥1 mm R0 margin.
• Use intra operative ultrasound to verify lesion location and margins.
(Simultaneous resection for solitary peripheral metastases is safe and oncologically equivalent to staged procedures
• Ideally, consider minimally invasive approach (laparoscopic or robotic) for liver resection.
• Preoperative prehabilitation and ERAS (Enhanced Recovery After Surgery) protocols are evidence-based, multidisciplinary strategies designed to optimize patient health before surgery and accelerate recovery afterward.

D. Postoperative therapy
• Pathology report : confirmation of tumor type and origin, immunohistochemistry with tumor markers, histological growth pattern, margin status (R0, R1, R2), tumor grade, differentiation, pathologic response score (TRG), necrosis/fibrosis
• Complete a total of 6 months of systemic chemotherapy including pre-operative cycles.
• Close surveillance with CEA and imaging at 3-month intervals.

"
4,"Woman, 72 years old, discovery at abdominal CT scan of a transverse colon adenocarcinoma, CEA 410 ng/mL, three liver metastases (segments IV, V and VI) measuring 2 to 3 cm. Liver MRI: partial contact with the right portal branch without invasion. KRAS mutated, BRAF wild-type.
MDT Discussion: Primarily resectable metastases, simple liver surgery possible.","Step 1 – Resectability Assessment  
- Classification: Potentially resectable (borderline resectable).  
- Rationale:  
  • Technical factors – three metastases 2‑3 cm in segments IV, V, VI with only partial contact to the right portal branch and no radiologic invasion; these lesions can be removed with non‑anatomic or segmental resections while preserving ≥30 % future liver remnant (FLR).  
  • Oncologic factors – synchronous disease, KRAS mutation and markedly elevated CEA (410 ng/mL) are adverse prognostic indicators; guidelines therefore favor neoadjuvant systemic therapy to test tumor biology before definitive surgery.  
  • No documented extra‑hepatic disease, but confirmation is required.  

Step 2 – Recommended strategy  
A. Comprehensive restaging and fitness assessment  
   - Perform chest CT or PET‑CT to exclude pulmonary or other extra‑hepatic metastases.  
   - Obtain full liver function panel, indocyanine‑green clearance (or similar) and calculate FLR using volumetric CT/MRI.  
   - Record performance status (ECOG/ASA), comorbidities, and baseline labs (CBC, renal, coagulation).  

B. Neoadjuvant systemic therapy  
   - Initiate 3–4 months of a doublet chemotherapy (FOLFOX or FOLFIRI) combined with anti‑VEGF (bevacizumab), given KRAS‑mutated status (anti‑EGFR agents ineffective).  
   - Goal: tumor down‑staging, assess biological aggressiveness, and potentially increase R0 resection rates.  

C. Restaging after chemotherapy  
   - Repeat contrast‑enhanced liver MRI (or triphasic CT) and chest imaging.  
   - Re‑evaluate FLR; if FLR remains adequate and all lesions are still resectable with clear margins, proceed to surgery.  
   - If disease progresses (new lesions, vascular invasion, or inadequate FLR), consider alternative curative options (portal vein embolization, two‑stage hepatectomy, or ablative therapies) or shift to palliative intent.  

D. Surgical phase (assuming continued resectability)  
   - Sequence: Prefer a “liver‑first” or simultaneous approach depending on patient fitness and primary‑tumor symptoms.  
   - Perform non‑anatomic wedge resections or segmentectomies of segments IV, V, VI aiming for R0 margins (≥1 mm). Preserve at least two contiguous liver segments with adequate inflow/outflow and ≥30 % FLR (≥40 % if prior chemotherapy).  
   - Address the transverse colon primary with oncologic resection (right hemicolectomy) ensuring adequate lymphadenectomy; order of operations can be liver first then colon, or simultaneous if operative risk acceptable.  

E. Adjuvant therapy and surveillance  
   - Complete 6 months of postoperative systemic chemotherapy (same regimen as neoadjuvant, without bevacizumab if wound healing concerns).  
   - Follow‑up with CEA measurement and imaging (CT/MRI) every 3–6 months for the first 2 years, then annually.  

","Step 1 – Resectability assessment
The patient presents with three liver metastases located in segments IV, V, and VI (2–3 cm), confined to the right liver and central segments. MRI shows only partial contact with the right portal branch and no evidence of vascular invasion. These lesions appear technically amenable to parenchymal-sparing resections or anatomicalm resection while preserving adequate future liver remnant. According to current hepatobiliary oncologic criteria for limited number and size of metastases with preserved vascular structures, this pattern is considered resectable.

Step 2 – Recommended oncologic sequence
A. Preoperative systemic therapy (strongly recommended)
• The very high CEA level (410 ng/mL) and KRAS mutation suggest biologically aggressive disease.
• Given the high CEA level (410 ng/mL), perform high-resolution 18FDG PET-CT to assess extra-hepatic disease
• Administer 2–3 months of peri-operative doublet or triplet chemotherapy (FOLFOX or FOLFIRI ± bevacizumab) to assess tumor biology and optimize oncologic control according to patient tolerance.
• This allows treatment of potential micrometastatic disease and assessment of tumor biology before surgery.

B. Restaging before surgery
• Perform high-resolution liver MRI and contrast-enhanced CT after chemotherapy to reassess the relationship of the lesions to the right portal branch and confirm maintained resectability.
• Evaluate future liver remnant (FLR) if right hepatectomy of considered.

C. Surgical management (parenchymal-sparing strategy)
• If stability or response is observed, perform combined parenchymal-sparing resections guided by intra-operative ultrasound:
– Segment IV wedge/segmentectomy.
– Segment V and VI wedge resections.
• The goal is R0 resection while preserving maximal functional liver parenchyma and avoiding major hepatectomy.
• Use intra operative ultrasound to verify lesion location and margins. 
• Ideally, consider minimally invasive approach (laparoscopic or robotic) for liver resection.
• Preoperative prehabilitation and ERAS (Enhanced Recovery After Surgery) protocols are evidence-based, multidisciplinary strategies designed to optimize patient health before surgery and accelerate recovery afterward.

D. Management of the primary tumor
• Transverse colectomy of extended right colectomy with adequate oncologic margins and oncological lymphadenectomy with primary anastomosis.
• Ideally, consider minimally invasive approach (laparoscopic or robotic) for primary cancer resection.
• Otherwise, a staged approach with colectomy first is acceptable.

E. Postoperative therapy
• Pathology report : confirmation of tumor type and origin, immunohistochemistry with tumor markers, histological growth pattern, margin status (R0, R1, R2), tumor grade, differentiation, pathologic response score (TRG), necrosis/fibrosis
• Complete a total of 6 months of systemic chemotherapy including pre-operative cycles.
• Close surveillance with CEA and imaging every 3 months given the high CEA level (410 ng/mL).

"
5,"Man, 59 years old, T3N1 sigmoid colon tumor associated with four peripheral liver metastases (segments II, III, V, VIII) at the abdominal CT scan. Maximum size: 2.9 cm. CEA 200 ng/mL. RAS wild-type, HER2 negative.
MDT Discussion: Primarily resectable lesions, no vascular or extra-hepatic involvement.","Step 1 – Resectability Assessment  
The patient is resectable.  Rationale: four peripheral metastases (segments II, III, V, VIII) each ≤3 cm, no vascular invasion, no extra‑hepatic disease, and the distribution allows segmental or non‑anatomic resections that will preserve at least two contiguous liver segments with adequate inflow/outflow and biliary drainage.  Assuming a normal liver, the anticipated future liver remnant (FLR) will exceed the minimum 30 % (or >40 % if chemotherapy‑associated liver injury is present).  Therefore both oncologic (potential for R0 resection) and technical criteria for resectability are satisfied.

Step 2 – Recommended strategy  
A. Pre‑operative systemic therapy (6 cycles FOLFOX ± anti‑EGFR monoclonal antibody) – to assess tumor biology, lower the high CEA level, and treat occult micrometastatic disease.  
B. Restaging imaging (contrast‑enhanced CT or liver‑specific MRI with volumetry) after chemotherapy – to confirm disease stability, verify that all lesions remain resectable and to calculate FLR.  
C. Curative‑intent surgery – simultaneous sigmoid colectomy (segmental resection with adequate lymphadenectomy) and liver resection (segmental resections of SII/SIII and SV/VIII or combined limited anatomical resection) aiming for R0 margins while preserving ≥2 contiguous segments and adequate vascular/biliary flow.  
D. Post‑operative adjuvant chemotherapy (completion of 6 months total systemic therapy) – to eradicate residual microscopic disease and address the elevated pre‑operative CEA.  
If volumetric analysis after step B shows FLR <30 % (or <40 % in the setting of chemotherapy‑induced liver injury), modify step C to a two‑stage hepatectomy or portal vein embolization before definitive liver resection.

","Step 1 – Resectability assessment
The patient presents with four peripheral liver metastases (segments II, III, V, and VIII), all smaller than 3 cm, without vascular involvement or extrahepatic disease. The distribution is bilobar but the lesions are technically amenable to multiple parenchymal-sparing resections while preserving an adequate future liver remnant. According to current hepatobiliary oncologic criteria for limited number, small size, and peripheral location of metastases, this pattern is considered resectable.

Step 2 – Recommended oncologic sequence
A. Preoperative systemic therapy (recommended)
• The elevated CEA level (200 ng/mL) and multiplicity of lesions suggest biologically active disease.
• Given the high CEA level (200 ng/mL), perform high-resolution 18FDG PET-CT to assess extra-hepatic disease
• Administer 2–3 months of peri-operative doublet or triplet chemotherapy (FOLFOX or FOLFIRI).
• RAS wild-type status allows consideration of anti-EGFR therapy according to MDT decision.
• This period treats micrometastatic disease and evaluates tumor biology.

B. Restaging before surgery
• Perform high-resolution liver MRI and contrast-enhanced CT after chemotherapy to confirm maintained resectability and reassess lesion relationships.

C. Surgical management (parenchymal-sparing strategy)
• If stability or response is observed, perform multiple wedge/segmental resections guided by intra-operative ultrasound:
– Segments II–III resections (left lateral section wedges).
– Segment V wedge resection.
– Segment VIII wedge resection.
• The goal is R0 resection while preserving maximal functional liver parenchyma and avoiding major hepatectomy.
• Use intra operative ultrasound to verify lesion location and margins. 
• Ideally, consider minimally invasive approach (laparoscopic or robotic) for liver resection.
• Preoperative prehabilitation and ERAS (Enhanced Recovery After Surgery) protocols are evidence-based, multidisciplinary strategies designed to optimize patient health before surgery and accelerate recovery afterward.

D. Management of the primary tumor
• If the sigmoid tumor has not yet been resected, a simultaneous sigmoid colectomy with adequate oncologic margins and oncological lymphadenectomy with primary anastomosis can be considered, provided the patient’s condition allows combined surgery.
• Otherwise, a staged approach with colectomy first is acceptable.
• Ideally, consider minimally invasive approach (laparoscopic or robotic) for primary cancer resection.

E. Postoperative therapy
• Pathology report : confirmation of tumor type and origin, immunohistochemistry with tumor markers, histological growth pattern, margin status (R0, R1, R2), tumor grade, differentiation, pathologic response score (TRG), necrosis/fibrosis
• Complete a total of 6 months of systemic chemotherapy including pre-operative cycles.
• Close surveillance with CEA and imaging at 3-month intervals.

"
6,"Woman, 63 years old, right-sided T4N2M1 colon cancer, two liver metastases in segments II and IVa (3 and 4 cm) at the thoraco-abdominal CT scan. Liver MRI: middle hepatic vein preserved. CEA 95 ng/mL, KRAS mutated.
MDT Discussion: Technically resectable metastases, with priority given to controlling the primary tumor.","Step 1 – Resectability Assessment  
The patient is potentially resectable.  
- Oncologic factors: only two liver metastases (size 3 cm and 4 cm), both in segments II and IVa, no reported bilobar disease, and the middle hepatic vein is preserved, satisfying the current oncologic definition that all known disease can be removed with an R0 margin while preserving vascular inflow/outflow.  
- Technical factors: Resection of segments II and IVa (or non‑anatomic wedge resections) would leave at least two contiguous segments (III + IVb + V‑VIII) with adequate inflow/outflow and an expected future liver remnant > 30 % of total liver volume, meeting the technical criteria for hepatic resection.  
- However, the primary tumor is T4N2, indicating a high‑risk primary that must be controlled first; therefore the case is classified as “potentially resectable” pending confirmation of adequate FLR and patient fitness.

Step 2 – Recommended strategy  
A. Control of the primary tumor (surgical) – Perform a right hemicolectomy (or extended right hemicolectomy if required for T4 involvement) as the first operative step. Rationale: the primary is locally advanced (T4) and symptomatic control (obstruction, bleeding) is prioritized; resection also provides pathological staging and reduces tumor‑related complications.  

B. Post‑operative systemic therapy (neoadjuvant for liver disease) – After recovery from the colon resection, give 3–4 cycles of intensive doublet or triplet chemotherapy (e.g., FOLFOXIRI + bevacizumab) because of KRAS mutation and high CEA. Rationale: systemic therapy serves to (i) treat micrometastatic disease, (ii) assess tumor biology (response vs. progression), and (iii) potentially downsize the hepatic lesions, increasing the likelihood of an R0 liver resection.  

C. Re‑assessment of hepatic disease – Repeat high‑quality liver MRI with volumetry after chemotherapy. Confirm that the FLR remains ≥30 % (or ≥0.5 % body weight) and that no new extra‑hepatic lesions have appeared. Rationale: ensures that the liver resection remains technically feasible and oncologically justified.  

D. Curative liver resection – Proceed with segmental resection/wedge excision of the metastases in segments II and IVa (or a left‑lateral plus segment IVa resection) aiming for R0 margins, preserving at least two contiguous segments and the middle hepatic vein. Rationale: complete extirpation of all hepatic disease offers the only chance for long‑term survival.  

E. Adjuvant systemic therapy – Complete the planned total of 12 cycles of chemotherapy (including the pre‑operative cycles) after hepatic surgery, adjusting the regimen based on response and tolerability. Rationale: consolidates systemic control and addresses any residual microscopic disease.

","Step 1 – Resectability assessment
The patient presents with two liver metastases located in segments II and IVa (3 and 4 cm), without evidence of extrahepatic disease. MRI confirms preservation of the middle hepatic vein and no major vascular invasion. Both lesions are technically amenable to parenchymal-sparing resections (in case of effective tumor shrinkage with neoadjuvant therapy) or left hepatectomy with preservation of the middle hepatic vein. According to current hepatobiliary oncologic criteria for limited number and favorable anatomical location of metastases, this pattern is considered resectable.

Step 2 – Recommended oncologic sequence
A. Priority: control of the primary tumor
• The elevated CEA level (95 ng/mL) and right-sided T4N2 colon cancer represents locally advanced disease and is the immediate oncologic priority.
• Given the high CEA level (95 ng/mL), perform high-resolution 18FDG PET-CT to assess extra-hepatic disease
• Assess potential extension of primary tumor to adjacent organ (abdominal wall, ureter, small bowel, duodenum)
• 3 options
-	Perform an oncologic right hemicolectomy with adequate oncologic margins and oncological lymphadenectomy with primary anastomosis, first to control the primary tumor and prevent local complications.
-	Perform an derivation ileostomy first to control the primary tumor and prevent local complications during chemotherapy.
-	Initiate peri-operative doublet chemotherapy (FOLFOX or FOLFIRI ± bevacizumab).

B. Early systemic therapy after recovery
• Initiate peri-operative doublet chemotherapy (FOLFOX or FOLFIRI ± bevacizumab).
• KRAS mutation excludes anti-EGFR therapy.
• This period allows treatment of micrometastatic disease and assessment of tumor biology.

C. Liver surgery after restaging
• After 2–3 months of chemotherapy, perform high-resolution liver MRI and enhanced CT-scan restaging.
• If tumor response is observed on primary cancer : proceed to oncologic right hemicolectomy with adequate oncologic margins and oncological lymphadenectomy with primary anastomosis
• If tumor response is observed on liver metastases, proceed to parenchymal-sparing resections guided by intra-operative ultrasound:
– Segment II wedge/segmentectomy.
– Segment IVa wedge/segmentectomy.
• If stability or progression is observed, proceed to anatomic left hepatectomy preserving the middle hepatic vein guided by intra-operative ultrasound:
• The goal is R0 resection while preserving maximal functional liver parenchyma and avoiding major hepatectomy.
• Use intra operative ultrasound to verify lesion location and margins. 
• Ideally, consider minimally invasive approach (laparoscopic or robotic) for liver resection.
• Preoperative prehabilitation and ERAS (Enhanced Recovery After Surgery) protocols are evidence-based, multidisciplinary strategies designed to optimize patient health before surgery and accelerate recovery afterward.

D. Postoperative therapy
• Pathology report : confirmation of tumor type and origin, immunohistochemistry with tumor markers, histological growth pattern, margin status (R0, R1, R2), tumor grade, differentiation, pathologic response score (TRG), necrosis/fibrosis
• Complete a total of 6 months of systemic chemotherapy including pre-operative cycles.
• Close surveillance with CEA and imaging at 3-month intervals.

"
7,"Man, 47 years old,at the abdominal CT scan T3N0 upper rectal cancer with three liver metastases (segments VI, VII and VIII), sizes 1-2 cm. CEA 60 ng/mL, RAS wild-type. No other lesions on PET.
MDT Discussion: Bilobar metastases primarily resectable, considered for combined treatment after short-course pelvic radiotherapy.","Step 1 – Resectability Assessment  
- Classification: Resectable.  
- Technical justification: three metastases 1‑2 cm located in segments VI‑VIII can be removed by limited right‑lobe or non‑anatomic segmental resections; left liver (segments II‑IV) remains intact, providing an estimated future liver remnant >30 % (well above the 20‑30 % safety threshold).  
- Oncologic justification: synchronous disease, ≤3 lesions, each ≤2 cm, no extra‑hepatic disease on PET, RAS wild‑type, and primary staged T3N0 (no nodal involvement). These factors meet current consensus criteria for curative‑intent hepatic resection (ability to achieve R0 margins with adequate FLR).  

Step 2 – Recommended strategy  
A. Short‑course pelvic radiotherapy (5 × 5 Gy) for the upper rectal primary – provides local control while minimizing delay to systemic therapy or liver surgery.  
B. Systemic chemotherapy (optional) – after radiotherapy, give 2–3 cycles of an oxaliplatin‑based doublet (e.g., FOLFOX) ± anti‑EGFR antibody (cetuximab) because the tumor is RAS wild‑type and CEA is elevated; this serves as a “biologic test” and may further reduce microscopic disease.  
C. Liver‑first hepatic resection – 4–6 weeks after radiotherapy (or after chemotherapy if given), perform parenchyma‑sparing resections of the three right‑lobe metastases (segmental or wedge resections) ensuring negative margins (R0) and preserving ≥30 % FLR. Intra‑operative ultrasound to confirm no additional lesions.  
D. Rectal primary resection – 6–8 weeks after hepatic surgery, perform a low anterior resection (laparoscopic or open) with total mesorectal excision, using a protective diverting loop ileostomy if indicated.  
E. Adjuvant systemic therapy – complete 6 months of peri‑operative chemotherapy (including the cycles given pre‑operatively) and consider continuation of anti‑EGFR therapy given RAS wild‑type status.  

","Step 1 – Resectability assessment
The patient presents with three small liver metastases (1–2 cm) located in segments VI, VII, and VIII, without evidence of extrahepatic disease. Although confined to the right liver, the lesions seem technically amenable to parenchymal-sparing resections with preservation of an adequate future liver remnant. According to current hepatobiliary oncologic criteria for limited number, small size, and favorable location of metastases, this pattern is considered resectable.

Step 2 – Recommended oncologic sequence
A. Preoperative staging
• Obtain high resolution pelvic MRI and contrast enhanced CT to confirm primary tumor location, circumferential and distal margins, lymph nodes involvement, invasion of fascia recti. 

B. Systemic therapy
• Give 2–3 months of peri operative doublet chemotherapy (FOLFOX ± bevacizumab or cetuximab)
• RAS wild-type status allows consideration of anti-EGFR therapy depending on MDT strategy.
• Re stage after chemotherapy with high resolution liver and pelvic MRI (and contrast-enhanced CT) to assess tumor biology and optimize oncologic control for both primary tumor and liver metastases

C. Management of the rectal primary (oncologic priority)
• Given the T3N0 upper rectal cancer, long-course radiotherapy is appropriate to optimize local control and allow coordinated surgical planning.

D. Coordinated surgical strategy
• Initiate doublet chemotherapy (FOLFOX or CAPOX) during the waiting period following radiotherapy. This period treats potential micrometastatic disease and tests tumor biology.
• Consider image-guided ablation of the three lesions using high-energy radio waves to generate heat via a probe (if no biliary or large vessels proximity)
• After restaging with high-resolution liver MRI and pelvic imaging,
-	If complete morphological rectal tumor response : resection / ablation of the segments VI, VII and VIII metastases with follow up of primary tumor
-	If near complete morphological rectal tumor response : resection / ablation of the segments VI, VII and VIII metastases followed with strict follow up of primary tumor
-	If incomplete morphological rectal tumor response : liver-first resection or ablation of the segments VI, VII and VIII metastases, then rectal resection after appropriate recovery, using a staged or synchronous strategy : oncologic resection of the upper rectum (low anterior resection with TME principles).
– Parenchymal-sparing segment III wedge/segmentectomy aiming for ≥1 mm R0 margin.
• Use intra operative ultrasound to verify lesion location and margins.
• Ideally, consider minimally invasive approach (laparoscopic or robotic) for liver resection.
• Preoperative prehabilitation and ERAS (Enhanced Recovery After Surgery) protocols are evidence-based, multidisciplinary strategies designed to optimize patient health before surgery and accelerate recovery afterward.

D. Postoperative therapy
• Pathology report : confirmation of tumor type and origin, immunohistochemistry with tumor markers, histological growth pattern, margin status (R0, R1, R2), tumor grade, differentiation, pathologic response score (TRG), necrosis/fibrosis
• Complete a total of 6 months of systemic chemotherapy including pre-operative cycles.
• Close surveillance with CEA and imaging at 3-month intervals.

"
8,"Woman, 70 years old, history of hypertension, discovery of left colon cancer and a single 2.7 cm liver metastasis in segment IVb at the thoraco-abdominal CT scan. CEA 40 ng/mL. BRAF wild-type, MSS.
MDT Discussion: Isolated metastasis, anatomically favorable for a single resection.","Step 1 – Resectability Assessment  
The patient is resectable. Rationale:  
- Only one hepatic lesion (2.7 cm) located in segment IVb, amenable to an anatomic segmentectomy or non‑anatomic wedge with negative margins.  
- Technical criteria are satisfied: removal of the lesion would leave >30 % future liver remnant (FLR) and preserve inflow/outflow of at least two contiguous segments.  
- No radiologic evidence of extra‑hepatic disease on the thoraco‑abdominal CT.  
- Molecular profile (BRAF wild‑type, MSS) and left‑sided primary are associated with higher resection rates.  
- Patient’s comorbidity (controlled hypertension) does not preclude major abdominal surgery; age 70 alone is not a contraindication if functional status is adequate.

Step 2 – Recommended strategy  
A. Pre‑operative work‑up (within 2 weeks)  
   • Full performance status assessment (ECOG/ASA), baseline liver function tests, and volumetric CT or MRI to confirm FLR >30 % (or >0.5 % liver‑body‑weight ratio).  
   • Staging of the primary tumor (colonoscopy with biopsy, CT chest, pelvic MRI) to determine T‑stage and nodal status (N).  
   • KRAS/NRAS mutation testing (if not already done).  
   Rationale: ensures patient fitness, confirms absence of occult extra‑hepatic disease, and provides complete oncologic staging.

B. Neoadjuvant systemic therapy (optional)  
   • If the primary tumor is T3/T4 or N‑positive, or if there is concern about micrometastatic disease, administer 2–3 cycles of a fluoropyrimidine‑based doublet (e.g., FOLFOX) ± anti‑VEGF (bevacizumab).  
   • For a truly low‑risk biology (small solitary lesion, normal CEA trend, no nodal disease), proceed directly to surgery without pre‑operative chemotherapy.  
   Rationale: peri‑operative chemotherapy can down‑stage occult disease and serves as a “test of time” for tumor biology; however, it is not mandatory for a solitary, resectable metastasis with favorable features.

C. Surgical phase – Simultaneous resection (preferred)  
   • Perform a left‑sided colectomy (segmental resection or hemicolectomy) with oncologic lymphadenectomy.  
   • In the same operation, execute a segment IVb resection (anatomic segmentectomy or wedge) with a ≥5 mm margin, guided by intra‑operative ultrasound.  
   • Ensure meticulous hemostasis, bile duct preservation, and adequate FLR perfusion.  
   Rationale: the liver resection is minor (<3 segments), the primary is left‑sided and not obstructed, and simultaneous surgery avoids a second anesthesia, reduces overall treatment time, and has comparable morbidity to staged procedures in this setting.

D. Adjuvant therapy (post‑operative)  
   • Resume systemic chemotherapy (e.g., 6 months of FOLFOX ± biologic) after adequate postoperative recovery (usually 4–6 weeks).  
   • Consider adding targeted therapy based on KRAS/NRAS status (anti‑EGFR if wild‑type).  
   Rationale: adjuvant chemotherapy improves disease‑free survival for resected colorectal liver metastases, especially when high‑risk features (CEA > 30 ng/mL, nodal involvement) are present.

E. Surveillance  
   • CEA every 3 months for the first 2 years, then every 6 months.  
   • Contrast‑enhanced CT or MRI of the liver and chest CT at 6‑month intervals for the first 2 years, then annually up to 5 years.  
   Rationale: early detection of recurrence allows timely salvage therapies (repeat resection, ablation, or systemic treatment).

","Step 1 – Resectability assessment
The patient presents with a single 2.7 cm liver metastasis located in segment IVb, without evidence of extrahepatic disease. The lesion is anatomically favorable for a a non anatomic wedge resection with an expected R0 margin. According to current hepatobiliary oncologic criteria for solitary metastasis with favorable anatomy, this pattern is considered resectable.

Step 2 – Recommended oncologic sequence
A. Preoperative staging
• Perform high-resolution liver MRI and contrast-enhanced CT to confirm the relationship of the lesion to segment IVb vascular and biliary structures. Precise anatomical mapping is required to plan a safe parenchymal-sparing resection.

B. Systemic therapy
• Give 2–3 months of peri operative doublet chemotherapy (FOLFOX ± bevacizumab) to treat potential micrometastatic disease and assess tumor biology, however the KRAS status is unknown.
• BRAF wild-type and MSS status do not modify the surgical indication.
• Re stage after chemotherapy with high resolution liver MRI and contrast-enhanced CT. 

C. Surgical management
• If restaging confirms continued resectability, perform a simultaneous left hemicolectomy (standard oncologic resection of the left colon cancer) with lymphadectomy (at least 12 harvested lymph nodes) + a segment IVb wedge/segmentectomy aiming for ≥1 mm R0 margin.
• Use intra operative ultrasound to verify lesion location and margins. 
• Ideally, consider minimally invasive approach (laparoscopic or robotic) for liver resection.
• Preoperative prehabilitation and ERAS (Enhanced Recovery After Surgery) protocols are evidence-based, multidisciplinary strategies designed to optimize patient health before surgery and accelerate recovery afterward.
• Alternative : simultaneous left hemicolectomy (standard oncologic resection of the left colon cancer) with lymphadectomy (at least 12 harvested lymph nodes) + an image-guided ablation using high-energy radio waves to generate heat via a probe (if no biliary or large vessels proximity)
• Simultaneous resection for solitary peripheral metastases is safe and oncologically equivalent to staged procedures. However, a staged approach with colectomy first is acceptable.

D. Postoperative therapy
• Pathology report : confirmation of tumor type and origin, immunohistochemistry with tumor markers, histological growth pattern, margin status (R0, R1, R2), tumor grade, differentiation, pathologic response score (TRG), necrosis/fibrosis
• Complete a total of 6 months of systemic chemotherapy (including the pre operative cycles). 
• Monitor CEA and imaging at 3 month intervals.

"
9,"Man, 61 years old, T3N1 sigmoid colon tumor with two contiguous liver metastases in segment VI (2.1 and 2.4 cm) at the abdominal CT scan. CEA 180 ng/mL, KRAS mutation.
MDT Discussion: Limited and accessible liver involvement, no indication for upfront chemotherapy.","Step 1 – Resectability Assessment  
- Classification: Resectable  
- Justification:  
  • Only two hepatic metastases, both ≤ 2.5 cm, located in segment VI (right posterior) – amenable to wedge or segmentectomy.  
  • Resection of segment VI preserves at least two contiguous liver segments (e.g., left lateral and right anterior sectors) and maintains vascular inflow/outflow and biliary drainage.  
  • Expected future liver remnant (FLR) > 30 % of total liver volume given the limited disease; no need for portal vein embolization.  
  • No radiologically evident extra‑hepatic disease.  
  • Primary tumor (T3N1) is resectable with curative intent.  
  • Current oncologic criteria (ability to achieve R0 resection of all disease while preserving adequate FLR) are satisfied.  

Step 2 - Recommended strategy  
A. Pre‑operative assessment  
   - Obtain high‑resolution liver MRI (or triphasic CT) for precise volumetry and lesion characterization.  
   - Complete staging: chest CT, colonoscopy, baseline labs (LFTs, coagulation, CEA, renal function).  
   - Cardiopulmonary evaluation (ECOG/ASA) to confirm fitness for combined surgery.  
   - Rationale: confirms absence of occult disease, quantifies FLR, and ensures operative safety.  

B. Simultaneous resection (single operative session)  
   - Perform sigmoid colectomy with oncologic lymphadenectomy and primary anastomosis (or diverting stoma if intra‑operative concern).  
   - Perform hepatic resection of segment VI lesions (anatomic segmentectomy or non‑anatomic wedge) aiming for R0 margins (≥ 1 mm acceptable).  
   - Preserve ≥ 2 contiguous liver segments, maintain inflow/outflow, and ensure adequate biliary drainage.  
   - Rationale: both procedures are of limited extent, combined approach reduces total treatment time, avoids progression of liver disease, and is associated with acceptable morbidity in fit patients.  

C. Adjuvant systemic therapy  
   - Recommend 6 months of postoperative FOLFOX (or CAPOX) chemotherapy.  
   - Anti‑EGFR agents are contraindicated due to KRAS mutation; consider bevacizumab if high‑risk features persist.  
   - Rationale: N1 disease, elevated pre‑operative CEA (180 ng/mL), and KRAS mutation confer higher recurrence risk; adjuvant chemotherapy improves disease‑free survival.  

D. Surveillance  
   - CEA measurement every 3 months for the first 2 years, then every 6 months up to 5 years.  
   - Contrast‑enhanced CT or MRI of chest/abdomen every 6 months for 2 years, then annually.  
   - Rationale: early detection of recurrence allows timely salvage therapy.  

","Step 1 – Resectability assessment
The patient presents with two contiguous liver metastases in segment VI (2.1 and 2.4 cm), without evidence of extrahepatic disease. The lesions are peripheral, confined to a single segment, and technically amenable to a limited parenchymal-sparing resection with preservation of an adequate future liver remnant. According to current hepatobiliary oncologic criteria for limited number, small size, and favorable location of metastases, this pattern is considered resectable.

Step 2 – Recommended oncologic sequence
A. Preoperative staging
• Perform high-resolution liver MRI and contrast-enhanced CT to confirm the relationship of the lesion to segment IVb vascular and biliary structures. Precise anatomical mapping is required to plan a safe parenchymal-sparing resection.
• Given the high CEA level (180 ng/mL), perform high-resolution 18FDG PET-CT

B. Systemic therapy
• Give 2–3 months of peri operative doublet chemotherapy (FOLFOX ± bevacizumab) to treat potential micrometastatic disease and assess tumor biology.
• KRAS mutation excludes anti-EGFR therapy.
• Re stage after chemotherapy with high resolution liver MRI and contrast-enhanced CT. 

C. Surgical management
• If restaging confirms continued resectability, perform a simultaneous left hemicolectomy (standard oncologic resection of the left colon cancer) with lymphadectomy (at least 12 harvested lymph nodes) + a segmentectomy VI removing both contiguous metastases en bloc aiming for ≥1 mm R0 margin.
• Use intra operative ultrasound to verify lesion location and margins. 
• Ideally, consider minimally invasive approach (laparoscopic or robotic) for liver resection.
• Preoperative prehabilitation and ERAS (Enhanced Recovery After Surgery) protocols are evidence-based, multidisciplinary strategies designed to optimize patient health before surgery and accelerate recovery afterward.
• Alternative : staged approach with colectomy first segmentectomy VI aiming for ≥1 mm R0 margin then left hemicolectomy (standard oncologic resection of the left colon cancer) with lymphadectomy (at least 12 harvested lymph nodes).

D. Postoperative therapy
• Pathology report : confirmation of tumor type and origin, immunohistochemistry with tumor markers, histological growth pattern, margin status (R0, R1, R2), tumor grade, differentiation, pathologic response score (TRG), necrosis/fibrosis
• Complete a total of 6 months of systemic chemotherapy (including the pre operative cycles). 
• Monitor CEA and imaging at 3 month intervals given the elevated initial tumor marker (CEA 180 ng/mL).

"
10,"Woman, 65 years old, simultaneous discovery of a right colon adenocarcinoma and a 3 cm liver metastasis in segment VII at the abdominal CT scan CEA 70 ng/mL, RAS wild-type.
MDT Discussion: Deep but resectable metastasis, discussion of simultaneous versus sequential surgery.","Step 1 – Resectability Assessment  
- Classification: Resectable.  
- Justification:  
  • Single hepatic lesion, 3 cm in size, located in segment VII – meets criteria for curative resection (≤5 cm, solitary).  
  • No reported extra‑hepatic disease on staging CT.  
  • Resection would require only a non‑anatomical/segmental hepatectomy (segment VII) preserving >30 % future liver remnant; combined with a right hemicolectomy this is considered a minor hepatic resection.  
  • RAS wild‑type, no vascular invasion described, and CEA, while elevated, does not preclude resection.  

Step 2 – Recommended strategy  
A. Pre‑operative systemic therapy (2–3 cycles of FOLFOX ± anti‑EGFR).  
   – Rationale: short‑course neoadjuvant chemotherapy for synchronous disease provides a test of tumor biology, may lower CEA, and can improve disease‑free survival; RAS wild‑type permits anti‑EGFR use if needed.  

B. Restaging imaging (contrast‑enhanced MRI of liver ± CT chest/abdomen).  
   – Rationale: confirm that the liver lesion remains resectable, assess FLR, and exclude occult extra‑hepatic metastases after chemotherapy.  

C. Simultaneous curative surgery: right hemicolectomy + segment VII liver resection (open or laparoscopic, based on surgeon expertise).  
   – Rationale: primary tumor is right‑sided and asymptomatic; liver resection is minor, making combined operation safe and reducing total hospital stay and time to adjuvant therapy.  

D. Post‑operative adjuvant systemic therapy (completion of 6 months total peri‑operative chemotherapy).  
   – Rationale: consolidates systemic control, especially given initial CEA 70 ng/mL; aligns with standard of care for stage IV colorectal cancer with resected metastases.  

","Step 1 – Resectability assessment
The patient presents with a single 3 cm liver metastasis located in segment VII, without evidence of extrahepatic disease. Despite the lesion is deep, it remains technically amenable to a parenchymal-sparing resection with preservation of an adequate future liver remnant. According to current hepatobiliary oncologic criteria for solitary metastasis with preserved vascular structures, this pattern is considered resectable.

Step 2 – Recommended oncologic sequence
A. Preoperative staging
• Perform high-resolution liver MRI and contrast-enhanced CT to confirm the relationship of the lesion to segment VII vascular and biliary structures. Precise anatomical mapping (related to the right hepatic vein) is required to plan a safe parenchymal-sparing resection. Assess extension of primary right-sided cancer to adjacent organs (ureter, duodenum, small intestine, abdominal wall)

B. Systemic therapy
• Give 2–3 months of peri operative doublet chemotherapy (FOLFOX ± bevacizumab or cetuximab) to treat potential micrometastatic disease and assess tumor biology
• RAS wild-type does not modify the surgical indication.
• Re stage after chemotherapy with high resolution liver MRI and contrast-enhanced CT. 

B. Surgical strategy: preference for sequential approach
• Given the depth of the segment VII lesion and the technical complexity of the liver resection, a sequential strategy is preferable to reduce operative risk.
• If restaging confirms continued resectability, perform a first deep wedge / segmentectomy VII aiming while preserving maximal liver parenchyma, for ≥1 mm R0 margin.
• Use intra operative ultrasound to verify lesion location and margins. 
• Ideally, consider minimally invasive approach (laparoscopic or robotic) for liver resection.
• Preoperative prehabilitation and ERAS (Enhanced Recovery After Surgery) protocols are evidence-based, multidisciplinary strategies designed to optimize patient health before surgery and accelerate recovery afterward.
• After recovery, perform right hemicolectomy (standard oncologic resection of the right colon cancer) with D2-D3 lymphadectomy (at least 12 harvested lymph nodes)
• Alternative : simultaneous oncologic right hemicolectomy + deep wedge / segmentectomy VII aiming for ≥1 mm R0 margin

C. Postoperative therapy
• Pathology report : confirmation of tumor type and origin, immunohistochemistry with tumor markers, histological growth pattern, margin status (R0, R1, R2), tumor grade, differentiation, pathologic response score (TRG), necrosis/fibrosis
• Complete a total of 6 months of systemic chemotherapy (including the pre operative cycles). 
• Monitor CEA and imaging at 3 month intervals.

"
11,"Man, 53 years old, T3N0M1 sigmoid colon tumor, multiple metastases limited to the left lobe (three lesions 1-2.5 cm) at the thoraco-abdominal CT scan. CEA 150 ng/mL, KRAS mutated.
MDT Discussion: Metastases considered primarily resectable, left liver surgery possible.","Step 1 – Resectability Assessment  
- Classification: Resectable  
- Justification:  
  • Three hepatic lesions, each ≤2.5 cm, confined to the left hepatic lobe – unilateral disease satisfies the technical criterion of resectability.  
  • Expected future liver remnant (right lobe) exceeds 30‑50 % of total liver volume, meeting the functional FLR requirement.  
  • No radiologically evident extra‑hepatic metastases; therefore complete macroscopic clearance is feasible.  
  • Lesion size <5 cm and number ≤4 are within contemporary oncologic limits for R0 resection.  
  • Primary tumor is T3N0, without nodal involvement, allowing simultaneous colorectal resection if desired.  
  • KRAS mutation and elevated CEA do not preclude surgery but indicate a biologically aggressive tumor; they support the need for systemic therapy but do not affect technical resectability.  

Step 2 – Recommended strategy  
A. Neoadjuvant systemic therapy (e.g., 6 cycles of FOLFOX ± bevacizumab, given KRAS mutation).  
   – Rationale: Treat micrometastatic disease, assess tumor biology (“test of time”), and potentially improve disease‑free survival in synchronous metastases.  

B. Restaging imaging (contrast‑enhanced liver MRI or triphasic CT, plus chest CT) after chemotherapy.  
   – Rationale: Confirm that all hepatic lesions remain resectable, verify no new extra‑hepatic disease, and re‑calculate FLR volume.  

C. Surgical resection – simultaneous or staged based on patient fitness:  
   • If ECOG 0‑1 and comorbidities minimal, perform simultaneous sigmoid colectomy (oncologic resection with adequate margins) and left hepatectomy (left lateral segmentectomy or formal left hepatectomy) aiming for R0 margins.  
   • If concerns about operative time, liver quality, or borderline FLR, adopt a staged approach: first colorectal resection, then liver resection 4‑6 weeks later after recovery.  
   – Rationale: Achieve curative‑intent removal of both primary and all hepatic disease while preserving adequate inflow/outflow and biliary drainage.  

D. Adjuvant/continuation systemic therapy to complete a total of 6 months peri‑operative chemotherapy.  
   – Rationale: Consolidate response, eradicate residual microscopic disease, and address the high‑risk biology (KRAS‑mutated, high CEA).  

","Step 1 – Resectability assessment
The patient presents with three liver metastases confined to the left lobe (segments II/III/IV), measuring 1–2.5 cm, without evidence of extrahepatic disease. The lesions are limited to a single hemi-liver and technically amenable to a left-sided liver resection or multiple parenchymal-sparing resections while preserving an adequate future liver remnant. According to current hepatobiliary oncologic criteria for unilobar, limited number, and small-size metastases, this pattern is considered resectable.

Step 2 – Recommended oncologic sequence
A. Preoperative staging
• Perform high-resolution liver MRI and contrast-enhanced CT to confirm the relationship of the 3 lesions to segment II et III vascular and biliary structures. Precise anatomical mapping is required to plan a safe parenchymal-sparing resection.
• Given the high CEA level (150 ng/mL), perform high-resolution 18FDG PET-CT

B. Preoperative systemic therapy
• The elevated CEA level (150 ng/mL) and multiplicity of lesions suggest biologically active disease.
• Give 2–3 months of peri operative doublet chemotherapy (FOLFOX ± bevacizumab) to treat potential micrometastatic disease and assess tumor biology.
• KRAS mutation excludes anti-EGFR therapy.
• This period treats micrometastatic disease and evaluates tumor biology.

C. Restaging before surgery
• Perform high-resolution liver MRI and contrast-enhanced CT after chemotherapy to confirm maintained resectability and evaluate vascular/biliary relationships.

D. Surgical management
• If restaging confirms continued resectability, perform a simultaneous left hemicolectomy (standard oncologic resection of the left colon cancer) with lymphadectomy (at least 12 harvested lymph nodes) + a left lateral sectionectomy (segments II–III) removing the 3 metastases en bloc with wedge resection of the remaining lesion, or a formal left hepatectomy if anatomically more appropriate, aiming for ≥1 mm R0 margin .
• Use intra operative ultrasound to verify lesion location and margins. 
• Ideally, consider minimally invasive approach (laparoscopic or robotic) for both liver resection and colectomy.
• Preoperative prehabilitation and ERAS (Enhanced Recovery After Surgery) protocols are evidence-based, multidisciplinary strategies designed to optimize patient health before surgery and accelerate recovery afterward.
• Alternative : staged approach with first left lateral sectionectomy (segments II–III) with wedge resection of the remaining lesion, or a formal left hepatectomy if anatomically more appropriate, removing the 3 metastases en bloc aiming for ≥1 mm R0 margin followed with left hemicolectomy (standard oncologic resection of the left colon cancer) with lymphadectomy (at least 12 harvested lymph nodes).

E. Postoperative therapy
• Pathology report : confirmation of tumor type and origin, immunohistochemistry with tumor markers, histological growth pattern, margin status (R0, R1, R2), tumor grade, differentiation, pathologic response score (TRG), necrosis/fibrosis
• Complete a total of 6 months of systemic chemotherapy (including the pre operative cycles). 
• Monitor CEA and imaging at 3 month intervals given the elevated initial tumor marker (CEA 150 ng/mL).

"
12,"Woman, 66 years old, high rectal T3N1 cancer with a single 1.5 cm metastasis in segment II at the abdominal CT scan. CEA 50 ng/mL, RAS wild-type.
MDT Discussion: Peripheral resectable metastasis, possibility of combined surgery after pelvic treatment.","Step 1 – Resectability Assessment  
- The liver lesion is a solitary 1.5 cm metastasis located peripherally in segment II, which can be removed with a non‑anatomic wedge or segmentectomy while preserving >2 contiguous liver segments and an adequate future liver remnant (>30 % of total liver volume).  
- No extra‑hepatic disease is reported.  
- Oncologic factors (single lesion, size < 2 cm, RAS wild‑type, N1 disease) are within the favorable range for curative intent.  
Classification: Resectable.  

Step 2 – Recommended strategy  
A. Neoadjuvant chemoradiotherapy for the rectal primary  
   - Deliver long‑course pelvic radiotherapy (45‑50 Gy) with concurrent 5‑FU/Capecitabine (or oxaliplatin‑based) chemotherapy, or short‑course RT (5 × 5 Gy) followed by systemic chemotherapy (e.g., CAPOX).  
   - Rationale: down‑stage the T3 lesion, improve chances of a clear circumferential margin, and address micrometastatic disease.  

B. Systemic chemotherapy during the interval  
   - Continue peri‑operative systemic therapy (e.g., 6 cycles of CAPOX or FOLFOX) while awaiting radiotherapy completion.  
   - Rationale: RAS‑wild‑type disease may also benefit from anti‑EGFR (cetuximab) if a high‑risk biology is suspected; chemotherapy provides “proof of time” for tumor biology and may further shrink occult disease.  

C. Restaging after neoadjuvant treatment  
   - Perform pelvic MRI for the rectal tumor and liver MRI (or contrast‑enhanced CT) to confirm that the hepatic metastasis remains resectable and that no new lesions have appeared.  
   - Rationale: ensure that the disease is still amenable to curative surgery before proceeding to the operative phase.  

D. Surgical phase – Simultaneous resection  
   - Perform a low anterior resection (LAR) with total mesorectal excision (TME) and a non‑anatomic segment II wedge/segmentectomy (or laparoscopic left lateral sectionectomy) in the same operative session.  
   - Rationale: the liver lesion is peripheral and requires only a minor hepatectomy; simultaneous surgery is safe for low‑complexity liver resections and shortens overall treatment time, avoiding a second major operation.  

E. Post‑operative adjuvant systemic therapy  
   - Administer 6 months of adjuvant chemotherapy (CAPOX or FOLFOX) after recovery from surgery.  
   - Rationale: high‑risk features (N1, elevated pre‑operative CEA) warrant systemic treatment to reduce recurrence risk.  

","Step 1 – Resectability assessment
The patient presents with a single 1.5 cm liver metastasis located in segment II, without evidence of extrahepatic disease. The lesion is peripheral and technically amenable to a parenchymal-sparing resection with preservation of an adequate future liver remnant. According to current hepatobiliary oncologic criteria for solitary, small, peripherally located metastasis, this pattern is considered resectable.

Step 2 – Recommended oncologic sequence
A. Preoperative staging
• Obtain high resolution pelvic MRI and contrast enhanced CT to confirm primary tumor location, circumferential and distal margins, lymph nodes involvement, invasion of fascia recti. 

B. Systemic therapy
• Give 2–3 months of peri operative doublet chemotherapy (FOLFOX ± bevacizumab or cetuximab)
• RAS wild-type status allows consideration of anti-EGFR therapy depending on MDT strategy.
• Re stage after chemotherapy with high resolution liver and pelvic MRI (and contrast-enhanced CT) to assess tumor biology and optimize oncologic control for both primary tumor and liver metastases

C. Management of the rectal primary (oncologic priority)
• Given the T3N1 upper rectal cancer, long-course radiotherapy is appropriate to optimize local control and allow coordinated surgical planning. 

D. Coordinated surgical strategy (combined approach preferred)
• Initiate doublet chemotherapy (FOLFOX or CAPOX) during the waiting period following radiotherapy. This period treats potential micrometastatic disease and tests tumor biology.
• Consider image-guided ablation of the single lesion using high-energy radio waves to generate heat via a probe (if no biliary or large vessels proximity)
• After restaging with high-resolution liver MRI and pelvic imaging,
-	If complete morphological rectal tumor response : resection / ablation of the segment II metastasis with follow up of primary tumor
-	If near complete morphological rectal tumor response : resection / ablation of the segment II metastasis followed with strict follow up of primary tumor
-	If incomplete morphological rectal tumor response : liver-first resection or ablation of the segment II metastasis, then rectal resection after appropriate recovery, using a staged or synchronous strategy : oncologic resection of the upper rectum (low anterior resection with TME principles).
– Parenchymal-sparing segment II wedge/segmentectomy aiming for ≥1 mm R0 margin.
• Use intra operative ultrasound to verify lesion location and margins.
• Ideally, consider minimally invasive approach (laparoscopic or robotic) for liver resection.
• Preoperative prehabilitation and ERAS (Enhanced Recovery After Surgery) protocols are evidence-based, multidisciplinary strategies designed to optimize patient health before surgery and accelerate recovery afterward.
• This combined approach avoids multiple surgeries and is safe for a solitary peripheral metastasis.

D. Postoperative therapy
• Pathology report : confirmation of tumor type and origin, immunohistochemistry with tumor markers, histological growth pattern, margin status (R0, R1, R2), tumor grade, differentiation, pathologic response score (TRG), necrosis/fibrosis
• Complete a total of 6 months of systemic chemotherapy including pre-operative cycles.
• Close surveillance with CEA and imaging at 3-month intervals.

"
13,"Man, 58 years old, left T4aN2 colon cancer, three liver metastases (segments IV, V and VIII) at the abdominal CT scan. Max size 3.8 cm. CEA 330 ng/mL, KRAS mutated.
MDT Discussion: Limited liver involvement, potentially curative upfront.","Step 1 – Resectability Assessment  
- Classification: Potentially resectable (borderline resectable)  
- Rationale:  
  • Three hepatic metastases (segments IV, V, VIII) ≤ 3.8 cm each – technically amenable to anatomic or non‑anatomic resections while preserving ≥ 2 contiguous liver segments.  
  • No reported extra‑hepatic disease; presumed adequate future liver remnant (FLR) > 30 % based on typical volumetry for three limited lesions.  
  • High‑risk oncologic features (T4a, N2, KRAS‑mutated, CEA 330 ng/mL, synchronous disease) suggest biologic aggressiveness; current guidelines recommend systemic therapy first to test disease biology before definitive surgery.  
  • Therefore, while technically feasible, the case is best regarded as potentially resectable pending response to neoadjuvant chemotherapy and confirmation of sufficient FLR.

Step 2 - Recommended strategy  
A. Neoadjuvant systemic chemotherapy  
   - Initiate 6 cycles of a fluoropyrimidine‑oxaliplatin doublet (FOLFOX) plus bevacizumab (anti‑VEGF) given KRAS mutation precludes anti‑EGFR therapy.  
   - Goal: assess tumor biology, achieve disease control, and possibly downsize liver lesions.  

B. Restaging and functional assessment  
   - Perform contrast‑enhanced triphasic liver CT or MRI with volumetric analysis to re‑evaluate number, size, and distribution of metastases and calculate FLR.  
   - Re‑assess for occult extra‑hepatic disease (chest CT, PET‑CT if indicated).  
   - If FLR < 30 % after planned resections, consider portal vein embolization (PVE) or a two‑stage hepatectomy.  

C. Surgical sequencing  
   - If primary tumor is asymptomatic and patient is fit: proceed with a liver‑first approach – segmental/wedge resections of segments IV, V, VIII (aiming for R0 margins) preserving at least two contiguous segments and adequate inflow/outflow.  
   - If primary tumor shows risk of obstruction, perforation, or bleeding: consider colon‑first (left hemicolectomy with en‑bloc resection of any involved adjacent structures) followed by hepatic resection after recovery (≈ 6–8 weeks).  
   - Simultaneous resection may be contemplated only if operative time is acceptable, liver resection is limited (≤ 2 segments), and the patient has no significant comorbidities.  

D. Adjuvant therapy  
   - Post‑operative systemic chemotherapy (additional 6 cycles) tailored to response and tolerability, with continuation of bevacizumab if not contraindicated.  
   - Surveillance: CEA every 3 months, cross‑sectional imaging (CT/MRI) every 6 months for the first 2 years, then annually.

","Step 1 – Resectability assessment
The patient presents with three liver metastases located in segments IV, V, and VIII, the largest measuring 3.8 cm, without evidence of extrahepatic disease. Although the distribution involves central and right segments, the lesions are technically amenable to parenchymal-sparing resections with preservation of adequate vascular structures and an acceptable future liver remnant. According to current hepatobiliary oncologic criteria for limited number and technically accessible metastases, this pattern is considered resectable.

Step 2 – Recommended oncologic sequence
A. Preoperative staging
• Perform high-resolution liver MRI and contrast-enhanced CT to confirm the relationship of the 3 lesions to segment IV, V et VIII vascular and biliary structures. Precise anatomical mapping is required to plan a safe parenchymal-sparing resection.
• Given the high CEA level (330 ng/mL), perform high-resolution 18FDG PET-CT

B. Preoperative systemic therapy
• The very high CEA level (330 ng/mL), T4aN2 primary tumor, KRAS mutation and multiplicity of lesions indicate biologically aggressive disease.
• Give 2–3 months of peri operative doublet chemotherapy (FOLFOX ± bevacizumab) to treat potential micrometastatic disease and assess tumor biology.
• KRAS mutation excludes anti-EGFR therapy.
• This period treats micrometastatic disease and evaluates tumor biology.

C. Restaging before surgery
• Perform high-resolution liver MRI and contrast-enhanced CT after chemotherapy to confirm maintained resectability and evaluate vascular/biliary relationships.

D. Surgical management (staged approach preferred))
• If restaging confirms continued resectability, perform a first parenchymal-sparing resections guided by intra-operative ultrasound, aiming for ≥1 mm R0 margin:
– Segment IV wedge/segmentectomy.
– Segment V wedge resection.
– Segment VIII wedge resection.
• Use intra operative ultrasound to verify lesion location and margins. 
• Ideally, consider minimally invasive approach (laparoscopic or robotic) for liver resection.
• Preoperative prehabilitation and ERAS (Enhanced Recovery After Surgery) protocols are evidence-based, multidisciplinary strategies designed to optimize patient health before surgery and accelerate recovery afterward.

E. Management of the primary tumor
• After recovery, left hemicolectomy (standard oncologic resection of the left colon cancer) with lymphadectomy (at least 12 harvested lymph nodes) with anastomosis
• Ideally, consider minimally invasive approach (laparoscopic or robotic) for colectomy.

F. Postoperative therapy
• Pathology report : confirmation of tumor type and origin, immunohistochemistry with tumor markers, histological growth pattern, margin status (R0, R1, R2), tumor grade, differentiation, pathologic response score (TRG), necrosis/fibrosis
• Complete a total of 6 months of systemic chemotherapy (including the pre operative cycles). 
• Monitor CEA and imaging at 3 month intervals given the elevated initial tumor marker (CEA 330 ng/mL).

"
14,"Woman, 74 years old, right T3N0 colon cancer, two liver metastases in segments III and VI (2.2 and 3 cm)at the thoraco-abdominal CT scan. CEA 88 ng/mL, BRAF wild-type.
MDT Discussion: Anatomically accessible metastases, indication for primary surgery.","Step 1 – Resectability Assessment  
- Technical resectability: Two metastases (2.2 cm in segment III, 3 cm in segment VI) are anatomically accessible; removal can be achieved with a left‑lateral segmentectomy or wedge and a non‑anatomic resection of segment VI while preserving at least two contiguous segments and an estimated future liver remnant >30 % in a patient with presumed normal liver.  
- Oncologic resectability: Meets favorable oncologic criteria – ≤4 lesions, each <5 cm, no documented extra‑hepatic disease, BRAF wild‑type, and N0 primary. CEA is elevated (88 ng/mL) but not an absolute exclusion.  
- Classification: Resectable (both technically and oncologically) pending confirmation of adequate functional liver reserve and patient fitness.  

Step 2 – Recommended strategy  
A. Comprehensive pre‑operative work‑up  
   - Obtain high‑quality liver MRI with hepatobiliary contrast for precise volumetry and to rule out additional occult lesions.  
   - Perform chest CT/PET‑CT to confirm absence of extra‑hepatic disease.  
   - Assess performance status (ECOG), cardiopulmonary reserve, liver function tests, and calculate FLR volume; if FLR <30 % consider portal vein embolisation or staged approach.  

B. Surgical sequencing (if fitness confirmed)  
   - Simultaneous resection (preferred): right hemicolectomy for the T3N0 primary combined with liver resection (segment III wedge/segmentectomy + segment VI non‑anatomic resection) in a single operative session. Rationale: synchronous disease, limited hepatic burden, and avoidance of two separate major operations.  

C. Adjuvant systemic therapy  
   - Initiate 6 months of peri‑operative chemotherapy (e.g., FOLFOX ± anti‑VEGF biologic) beginning within 6–8 weeks post‑op, given synchronous presentation and elevated CEA, to treat micrometastatic disease and improve disease‑free survival.  

D. Post‑operative surveillance  
   - CEA measurement and contrast‑enhanced CT or MRI of the liver every 3–4 months for the first 2 years, then every 6 months up to 5 years; colonoscopic surveillance per standard guidelines.  

","Step 1 – Resectability assessment
The patient presents with two liver metastases located in segments III and VI (2.2 and 3 cm), without evidence of extrahepatic disease. Both lesions are situated in opposite lobes but technically amenable to parenchymal-sparing resections with preservation of an adequate future liver remnant. According to current hepatobiliary oncologic criteria for limited number, small size, and favorable location of metastases, this pattern is considered resectable.

Step 2 – Recommended oncologic sequence

A. Preoperative staging
• Perform high-resolution liver MRI and contrast-enhanced CT to confirm the relationship of the lesion to segment III and VI vascular and biliary structures. Precise anatomical mapping is required to plan a safe parenchymal-sparing resection. Assess extension of primary right-sided cancer to adjacent organs (ureter, duodenum, small intestine, abdominal wall)

B. Systemic therapy
• Give 2–3 months of peri operative doublet chemotherapy (FOLFOX ± bevacizumab or cetuximab) to treat potential micrometastatic disease and assess tumor biology
• BRAF wild-type does not modify the surgical indication.
• Re stage after chemotherapy with high resolution liver MRI and contrast-enhanced CT. 

B. Surgical strategy: preference for combined approach
• Given the number of lesion (2) and the location of the primary cancer, a combined strategy could be considered.
• If restaging confirms continued resectability, perform a first wedge resection of segment III and a wedge resection of segment VI aiming while preserving maximal liver parenchyma, for ≥1 mm R0 margin and a right hemicolectomy (standard oncologic resection of the right colon cancer) with D2-D3 lymphadectomy (at least 12 harvested lymph nodes).
• Use intra operative ultrasound to verify lesion location and margins. 
• Ideally, consider minimally invasive approach (laparoscopic or robotic) for both liver resection and colectomy.
• Preoperative prehabilitation and ERAS (Enhanced Recovery After Surgery) protocols are evidence-based, multidisciplinary strategies designed to optimize patient health before surgery and accelerate recovery afterward.
• Alternative : staged atypical resection of the two metastases followed after reconvery with oncologic a right hemicolectomy (standard oncologic resection of the right colon cancer) with D2-D3 lymphadectomy (at least 12 harvested lymph nodes)

C. Postoperative therapy
• Pathology report : confirmation of tumor type and origin, immunohistochemistry with tumor markers, histological growth pattern, margin status (R0, R1, R2), tumor grade, differentiation, pathologic response score (TRG), necrosis/fibrosis
• Complete a total of 6 months of systemic chemotherapy (including the pre operative cycles). 
• Monitor CEA and imaging at 3 month intervals.

"
15,"Man, 49 years old, T2N0 rectal tumor associated with a single 2.8 cm liver metastasis in segment V at the abdominal CT scan, CEA 35 ng/mL, KRAS mutated.
MDT Discussion: Single metastasis, resectable upfront, surgery considered after local treatment of the primary.","Step 1 – Resectability Assessment  
- Classification: Resectable.  
- Justification:  
  • Single hepatic lesion, 2.8 cm, located in segment V – amenable to non‑anatomic wedge resection or segmentectomy with clear (≥1 mm) margins.  
  • No radiologically evident extra‑hepatic disease on the provided CT.  
  • Lesion size <3 cm and solitary meets technical criteria for preserving ≥2 contiguous liver segments and an adequate future liver remnant (FLR > 30 % in a 70 kg adult).  
  • Primary rectal tumor is T2N0, low stage, not invading adjacent structures; therefore no contraindication to combined surgery.  
  • Patient age (49) and presumed good performance status suggest sufficient physiologic reserve for major abdominal surgery.  

Step 2 – Recommended strategy  
A. Comprehensive restaging and functional assessment  
   – Obtain chest CT, liver MRI with hepatocyte‑specific contrast, and high‑resolution pelvic MRI to confirm solitary disease and exclude occult lesions.  
   – Perform liver function tests, indocyanine‑green clearance (or volumetric CT) to quantify FLR.  
   – Record ASA score, cardiopulmonary evaluation, and baseline CEA.  

B. Neoadjuvant/peri‑operative systemic therapy (optional)  
   – Because the disease is technically resectable and low‑risk, peri‑operative chemotherapy is not mandatory; however, a short course (3–4 cycles) of FOLFOX (or CAPOX) can be offered to treat micrometastatic disease and provide a “test of time.”  
   – If chemotherapy is given, reassess imaging after completion to confirm continued resectability.  

C. Surgical phase – simultaneous resection  
   – Perform minimally invasive (laparoscopic or robotic) low anterior resection with total mesorectal excision for the T2 rectal cancer.  
   – Immediately thereafter, execute a laparoscopic segment V wedge resection/segmentectomy achieving R0 margins; liver resection precedes colorectal resection to minimize blood loss and allow intra‑operative ultrasound confirmation of margins.  
   – Preserve at least two contiguous liver segments and ensure adequate inflow/outflow; no need for portal vein embolization given the small volume resected.  

D. Post‑operative management  
   – Pathology review of both specimens; if margins are negative (R0) and nodes remain N0, proceed with adjuvant systemic chemotherapy (6 months FOLFOX) because KRAS mutation and pre‑operative CEA = 35 ng/mL indicate higher recurrence risk.  
   – Schedule CEA monitoring every 3 months and cross‑sectional imaging (CT or MRI) every 6 months for the first 2 years, then annually.  

","Step 1 – Resectability assessment
The patient presents with a single 2.8 cm liver metastasis located in segment V, without evidence of extrahepatic disease. The lesion is peripheral and technically amenable to a parenchymal-sparing resection with preservation of an adequate future liver remnant. According to current hepatobiliary oncologic criteria for solitary, small, peripherally located metastasis, this pattern is considered resectable.

Step 2 – Recommended oncologic sequence
A. Preoperative staging
• Obtain high resolution pelvic MRI and contrast enhanced CT to confirm primary tumor location, circumferential and distal margins, lymph nodes involvement, invasion of fascia recti. 

B. Systemic therapy
• Give 2–3 months of peri operative doublet chemotherapy (FOLFOX ± bevacizumab or cetuximab)
• KRAS mutation excludes anti-EGFR therapy.
• This period treats micrometastatic disease and evaluates tumor biology.
• Re stage after chemotherapy with high resolution liver and pelvic MRI (and contrast-enhanced CT) to assess tumor biology and optimize oncologic control for both primary tumor and liver metastases

C. Management of the rectal primary (oncologic priority)
• Given the T2N0 rectal cancer, long-course radiotherapy is appropriate to optimize local control and allow coordinated surgical planning.

D. Coordinated surgical strategy (combined approach preferred)
• Initiate doublet chemotherapy (FOLFOX or CAPOX) during the waiting period following radiotherapy. This period treats potential micrometastatic disease and tests tumor biology.
• Consider image-guided ablation of the single lesion <3cm using high-energy radio waves to generate heat via a probe (if no biliary or large vessels proximity)
• After restaging with high-resolution liver MRI and pelvic imaging,
-	If complete morphological rectal tumor response : resection / ablation of the segment V metastasis with follow up of primary tumor
-	If near complete morphological rectal tumor response : resection / ablation of the segment V metastasis followed with strict follow up of primary tumor
-	If incomplete morphological rectal tumor response : liver-first resection or ablation of the segment V metastasis, then rectal resection after appropriate recovery, using a staged or synchronous strategy : oncologic resection of the upper rectum (low anterior resection with TME principles).
– Parenchymal-sparing segment II wedge/segmentectomy aiming for ≥1 mm R0 margin.
• Use intra operative ultrasound to verify lesion location and margins.
• Ideally, consider minimally invasive approach (laparoscopic or robotic) for liver resection.
• Preoperative prehabilitation and ERAS (Enhanced Recovery After Surgery) protocols are evidence-based, multidisciplinary strategies designed to optimize patient health before surgery and accelerate recovery afterward.
• This combined approach avoids multiple surgeries and is safe for a solitary peripheral metastasis.
• Alternative : staged atypical resection of the single metastasis followed after recovery with oncologic low anterior resection with TME principles

D. Postoperative therapy
• Pathology report : confirmation of tumor type and origin, immunohistochemistry with tumor markers, histological growth pattern, margin status (R0, R1, R2), tumor grade, differentiation, pathologic response score (TRG), necrosis/fibrosis
• Complete a total of 6 months of systemic chemotherapy including pre-operative cycles.
• Close surveillance with CEA and imaging at 3-month intervals.

"
16,"Man, 57 years old, right T4aN2M1 colon cancer, seven bilobar liver metastases, sizes 1 to 4 cm at the thoraco-abdominal CT scan, CEA 520 ng/mL, KRAS mutated. Liver MRI: vascular contact with the right portal branch.
MDT Discussion: Metastases not resectable upfront, considered for conversion chemotherapy FOLFOX + bevacizumab.","Step 1 – Resectability Assessment  
- Classification: Potentially resectable / borderline.  
- Justification:  
  • Seven bilobar metastases (1–4 cm) are technically resectable if an adequate future liver remnant (FLR) can be preserved; current criteria require ≥2 contiguous segments with sufficient inflow/outflow and ≥30 % FLR (or ≥20 % in a healthy liver).  
  • No extra‑hepatic disease is reported, and liver function tests are stated to be normal, satisfying functional criteria.  
  • Vascular contact with the right portal branch may necessitate limited vascular reconstruction but does not preclude resection.  
  • The number and size of lesions exceed older “four‑lesion” rules, but modern guidelines allow multiple lesions provided an R0 resection and adequate FLR are achievable, especially after down‑staging.  
  • Therefore the disease is not resectable upfront but may become resectable after conversion therapy and/or hypertrophy strategies.

Step 2 – Recommended strategy  
A. Conversion systemic therapy  
   - Start FOLFOX + bevacizumab (KRAS‑mutated, anti‑EGFR ineffective).  
   - Give 3–6 cycles (≈12–18 weeks), monitor CEA trend and toxicity.  
   - Rationale: down‑size lesions, test tumor biology, increase likelihood of R0 resection.  

B. Restaging and volumetric assessment (after 3–4 cycles)  
   - Contrast‑enhanced liver MRI with hepatobiliary phase + CT chest/abdomen/pelvis.  
   - Perform 3‑D volumetry to calculate FLR; assess response of each lesion and portal‑branch involvement.  
   - Rationale: determine if sufficient FLR exists or if hypertrophy procedures are needed.  

C. Hypertrophy strategy (if FLR < 30 %)  
   - Options: portal vein embolization (PVE) of the lobe to be resected, or ALPPS/associating liver partition and portal vein ligation if rapid hypertrophy is required.  
   - Re‑image 2–3 weeks after PVE to confirm FLR growth.  
   - Rationale: create a safe functional remnant before major hepatectomy.  

D. Surgical sequencing  
   - Liver‑first approach (preferred if primary tumor is not obstructing or bleeding):  
        1. Perform definitive hepatic resection aiming for R0 margins (e.g., right posterior sectionectomy + wedge resections of left‑lobe lesions, or staged right hepatectomy after left‑lobe clearance).  
        2. After hepatic recovery (≈4–6 weeks), proceed to extended right hemicolectomy with primary tumor removal.  
   - Simultaneous resection may be considered only if operative risk is low, the primary tumor requires urgent removal, and the planned liver resection is limited (≤3 segments).  
   - Rationale: liver‑first avoids delay of hepatic control and allows assessment of postoperative liver function before a second major operation.  

E. Adjuvant/maintenance therapy  
   - Resume/continue FOLFOX ± bevacizumab for up to 6 months post‑resection, provided recovery and tolerance.  
   - Serial CEA and imaging (CT or MRI) every 3–6 months for surveillance.  

","Step 1 – Resectability assessment
The patient presents with seven bilobar liver metastases (1–4 cm) associated with vascular contact with the right portal branch and no reported extrahepatic disease. The number of lesions, bilobar distribution, and portal contact make a complete R0 resection with adequate future liver remnant unlikely with an upfront surgical approach. According to hepatobiliary oncologic criteria, this pattern is considered unresectable upfront.

Step 2 – Recommended oncologic sequence
A. Preoperative staging
• Given the high CEA level (520 ng/mL), perform high-resolution 18FDG PET-CT

B. Conversion systemic therapy (mandatory)
• Initiate intensive conversion chemotherapy with FOLFIRINOX + bevacizumab.
• KRAS mutation excludes anti-EGFR therapy.
• The objective is tumor downsizing, separation from portal structures, and reduction in the number/volume of lesions to achieve secondary resectability.

C. Early and repeated radiologic reassessment
• Perform high-resolution liver MRI every 2-3 months to evaluate response, particularly the relationship of lesions to the right portal branch and overall liver tumor burden.
• Monitor CEA dynamics as a marker of response.

D. Criteria for secondary resectability
• Consider surgery if chemotherapy induces:
– Reduction in lesion size and number allowing parenchymal-sparing resections or staged hepatectomy or combined resection and ablation.
– Clearance from portal structures.
– Feasibility of achieving R0 resection with adequate future liver remnant.

E. Potential surgical strategies if response is favorable
• Two-stage hepatectomy or combined parenchymal-sparing resections depending on response pattern and tumor location.
• Portal vein embolization may be required if major hepatectomy becomes necessary.
• Ideally, consider minimally invasive approach (laparoscopic or robotic) for liver resection.
• Preoperative prehabilitation and ERAS (Enhanced Recovery After Surgery) protocols are evidence-based, multidisciplinary strategies designed to optimize patient health before surgery and accelerate recovery afterward.

F. If no adequate response
• Continue second-line systemic therapy and/or consider alternative regimens (such as intra-arterial chemotherapy after resection of the primary tumor).

"
17,"Woman, 60 years old, T3N1M1 sigmoid tumor, four bilobar liver metastases (segments II, III, VI, VIII) with one in contact with the right hepatic vein at the thoraco-abdominal CT scan. CEA 240 ng/mL. RAS wild-type.
MDT Discussion: Bilobar involvement for conversion, imaging to be re-evaluated after 4 cycles of chemotherapy.","Step 1 – Resectability Assessment  
- Classification: Potentially resectable (borderline)  
- Justification:  
  • Four bilobar metastases (segments II, III, VI, VIII) – number and distribution exceed classic “easy” resectability but do not per se preclude surgery if adequate FLR can be preserved.  
  • One lesion contacts the right hepatic vein, threatening outflow; this is a technical limitation that may require vascular reconstruction or R1‑vascular resection, but it is not an absolute contraindication.  
  • No documented extra‑hepatic disease; however, the extent of hepatic involvement and the need to preserve at least two contiguous segments with adequate inflow/outflow remain to be quantified.  
  • High CEA (240 ng/mL) suggests aggressive biology, but RAS wild‑type permits effective anti‑EGFR conversion therapy.  
  • Current MDT plan to reassess after 4 cycles of chemotherapy reflects the expectation that systemic therapy can downsize disease and clarify FLR adequacy, consistent with conversion criteria in the literature.  

Step 2 – Recommended strategy  
A. Conversion systemic therapy  
   - Start a 4‑6‑cycle oxaliplatin‑based doublet (FOLFOX) plus anti‑EGFR monoclonal antibody (cetuximab) given RAS wild‑type; consider adding bevacizumab only if anti‑EGFR contraindicated.  
   - Goal: achieve ≥30 % tumor shrinkage, assess disease biology, and avoid early progression.  

B. Restaging and functional assessment (after 4 cycles)  
   - Perform contrast‑enhanced liver MRI with hepatocyte‑specific agent; obtain volumetric analysis of future liver remnant (FLR).  
   - Measure liver function (ICG‑R15, bilirubin, AST/ALT, platelet count).  
   - If FLR <30 % (or <40 % in steatotic liver), plan right portal vein embolization (PVE) or combined portal vein ligation (PVL) to induce hypertrophy of left lateral sector (segments II‑III).  

C. Surgical sequencing  
   - Option 1 – Two‑stage hepatectomy (TSH)  
     1st stage: Non‑anatomic resection/ablation of left‑lateral lesions (segments II‑III) plus right PVE (or intra‑operative PVL).  
     Interval: 4‑6 weeks, repeat imaging to confirm FLR growth (>30 %).  
     2nd stage: Right hepatectomy (segments VI‑VIII) with careful dissection of the right hepatic vein; if tumor‑vein contact persists, perform R1‑vascular resection or reconstruct the vein as needed.  
   - Option 2 – Single‑stage parenchymal‑sparing resection (if post‑chemotherapy FLR >30 % and margins ≥1 mm can be achieved). Use intra‑operative ultrasound, consider R1‑vascular resection only when margin <1 mm but no macroscopic residual disease.  

D. Adjuvant/maintenance phase  
   - Resume systemic therapy (FOLFOX ± cetuximab) for a total of 6 months peri‑operatively.  
   - Serial CEA monitoring and cross‑sectional imaging every 3 months for the first 2 years.  
   - Consider liver‑directed local therapy (e.g., intra‑operative ablation of any disappearing lesions) if intra‑operative ultrasound identifies residual disease.  

","Step 1 – Resectability assessment
The patient presents with four bilobar liver metastases (segments II, III, VI, and VIII), one of which is in contact with the right hepatic vein, without reported extrahepatic disease. The bilobar distribution and venous contact make a complete R0 parenchymal-sparing resection unlikely with an upfront approach while preserving an adequate future liver remnant. According to hepatobiliary oncologic criteria, this pattern is considered potentially resectable after conversion therapy, but not safely resectable upfront.

Step 2 – Recommended oncologic sequence
A. Preoperative staging
• Obtain high resolution liver MRI to define exact segmental distribution of all 4 lesions with detailed vascular and biliary relationships. 
• Given the high CEA level (240 ng/mL), perform high-resolution 18FDG PET-CT

B. Conversion systemic therapy (mandatory)
• Initiate doublet or triplet chemotherapy (FOLFOX or FOLFIRI or FOLFIRINOX) combined with anti-EGFR therapy given RAS wild-type status.
• The objective is tumor downsizing, separation from the right hepatic vein, and reduction of bilobar tumor burden to enable secondary resectability.

C. Early radiologic reassessment
• Perform high-resolution liver MRI and enhanced CT-scan after 4 cycles as planned to reassess:
– Relationship of the segment VIII lesion to the right hepatic vein.
– Global tumor response and potential for parenchymal-sparing resections.

D. Criteria for secondary resectability
• Surgery can be considered if imaging shows:
– Clearance from the right hepatic vein.
– Feasibility of multiple parenchymal-sparing resections or a staged hepatectomy.
– Adequate future liver remnant after planned resections.

E. Potential surgical strategies if response is favorable
• Combined parenchymal-sparing resections of segments II, III, VI, and VIII.
• If necessary, a two-stage hepatectomy strategy depending on response pattern and FLR considerations.
• Ideally, consider minimally invasive approach (laparoscopic or robotic) for liver resection.
• Preoperative prehabilitation and ERAS (Enhanced Recovery After Surgery) protocols are evidence-based, multidisciplinary strategies designed to optimize patient health before surgery and accelerate recovery afterward.

F. If insufficient response
• Continue systemic therapy or adapt regimen (such as intra-arterial chemotherapy after resection of the primary tumor) according to MDT, with possible consideration of local ablative techniques.

"
18,"Man, 63 years old, left T4N2M1 colon cancer, multiple liver metastases (≥8 lesions), maximum size 4.5 cm, partial contact with the IVC at the abdominal CT scan. CEA 890 ng/mL. BRAF wild-type.
MDT Discussion: Extensive liver disease, potentially resectable after major response to FOLFOXIRI.","Step 1 – Resectability Assessment  
- Classification: Potentially resectable (borderline)  
- Justification:  
  • Multiple liver metastases (≥8) and size up to 4.5 cm exceed traditional “favorable” numbers but current criteria prioritize ability to achieve an R0 resection rather than absolute lesion count.  
  • Partial contact with the inferior vena cava raises concern for vascular involvement; resection/reconstruction may be required, adding technical complexity.  
  • No data on future liver remnant (FLR) volume; adequacy of FLR is a core technical criterion.  
  • High CEA (890 ng/mL) suggests aggressive biology, but BRAF wild‑type is favorable; response to FOLFOXIRI will be used to gauge biological resectability.  
  • Absence of documented extra‑hepatic disease; if none, conversion therapy can render the case resectable.  

Step 2 – Recommended strategy  
A. Continuation of conversion chemotherapy  
   - Administer FOLFOXIRI (± anti‑EGFR if KRAS/NRAS wild‑type) for 3–4 months, aiming for ≥30 % radiologic shrinkage or reduction to ≤5 lesions.  
   - Rationale: maximizes chance of converting to resectable status and provides a biological test of tumor aggressiveness.  

B. Restaging and functional assessment  
   - Perform contrast‑enhanced liver MRI with hepatobiliary agent plus CT volumetry to calculate FLR.  
   - Obtain PET‑CT or chest CT to exclude occult extra‑hepatic disease.  
   - Re‑measure CEA; a falling trend supports favorable biology.  
   - Rationale: precise mapping of disease burden, vascular relationships, and FLR is essential before operative planning.  

C. Pre‑operative liver augmentation if needed  
   - If FLR <30 % (or <0.5 % body weight), schedule portal vein embolization (PVE) or consider ALPPS/associating liver partition with staged hepatectomy, depending on liver quality and patient fitness.  
   - Rationale: ensures sufficient postoperative liver function and reduces risk of liver failure.  

D. Surgical sequencing (liver‑first approach)  
   - First stage: curative‑intent liver resection aiming for R0 margins; options include extended right hepatectomy or combined segmental resections with IVC reconstruction if necessary, guided by intra‑operative ultrasound.  
   - Second stage (within 6–8 weeks): definitive resection of the primary left‑sided colon cancer (extended left colectomy) once hepatic recovery is confirmed.  
   - Rationale: prioritizes control of the dominant metastatic burden, minimizes risk of hepatic progression during bowel surgery, and allows assessment of postoperative hepatic reserve before colon surgery.  

E. Adjuvant systemic therapy  
   - Resume postoperative chemotherapy (e.g., FOLFOX or CAPOX) for 6 months; consider continuation of anti‑EGFR therapy if KRAS/NRAS wild‑type.  
   - Rationale: eradicates microscopic disease and addresses any residual systemic risk.  

F. Surveillance  
   - Monitor CEA every 3 months; imaging (contrast‑enhanced MRI or CT) every 6 months for the first 2 years, then annually.  

","Step 1 – Resectability assessment
The patient presents with extensive bilobar liver metastases (≥8 lesions, up to 4.5 cm) with partial contact with the inferior vena cava and no reported extrahepatic disease. The tumor burden, bilobar distribution, and caval contact make a complete R0 resection with adequate future liver remnant not feasible with an upfront surgical approach. According to hepatobiliary oncologic criteria, this pattern is considered unresectable upfront, with a possibility of secondary resectability only after major tumor response.

Step 2 – Recommended oncologic sequence
A. Preoperative staging
• Obtain high resolution liver MRI to define exact segmental distribution of all lesions with detailed vascular and biliary relationships. 
• Given the high CEA level (890 ng/mL), perform high-resolution 18FDG PET-CT

B. Intensive conversion systemic therapy (mandatory)
• Initiate FOLFOXIRI combined with anti-EGFR therapy given RAS wild-type status as discussed in MDT.
• BRAF wild-type and MSS status do not modify the surgical indication.
• The objective is significant tumor downsizing, reduction in number/volume of lesions, and clearance from the IVC to enable potential surgical planning.

C. Close radiologic monitoring
• Perform high-resolution liver MRI every 2-3 months to assess response, particularly:
– Relationship of lesions to the IVC.
– Global reduction of liver tumor burden.
• Monitor CEA kinetics as an indicator of treatment response.

D. Criteria for secondary resectability
• Surgery can be considered only if chemotherapy induces:
– Marked reduction in lesion size and number.
– Separation from the IVC.
– Feasibility of R0 resection with acceptable future liver remnant, potentially requiring staged hepatectomy with or without portal vein embolization.

E. Potential surgical strategies if response is favorable
• Two-stage hepatectomy or extensive parenchymal-sparing resections depending on response pattern.
• Preoperative portal vein embolization / venous deprivation / ALPPS may be required if major hepatectomy is needed.
• Ideally, consider minimally invasive approach (laparoscopic or robotic) for liver resection.
• Preoperative prehabilitation and ERAS (Enhanced Recovery After Surgery) protocols are evidence-based, multidisciplinary strategies designed to optimize patient health before surgery and accelerate recovery afterward.

E. If insufficient response
• Continue systemic therapy or adapt regimen (such as intra-arterial chemotherapy after resection of the primary tumor) according to MDT, with possible consideration of local ablative techniques.

"
19,"Woman, 52 years old, T3N2 upper rectal adenocarcinoma with bilobar liver metastases (six lesions, 2-5 cm) at the thoraco-abdominal CT scan, CEA 600 ng/mL, KRAS mutated. Liver MRI: invasion of the middle hepatic vein.
MDT Discussion: Not initially resectable, goal of volumetric reduction with chemotherapy.","Step 1 – Resectability Assessment  
- Classification: Potentially resectable (borderline)  
- Justification:  
   Technical factors – six bilobar metastases (2‑5 cm), invasion of the middle hepatic vein, and likely insufficient future liver remnant (FLR) for an R0 resection with preservation of ≥2 contiguous segments.  
   Oncologic factors – synchronous disease, high CEA (600 ng/mL), KRAS mutation, and N2 nodal status indicate aggressive biology, favoring initial systemic therapy to test disease control (“proof of time”).  
   Current MDT opinion already labels the case as “not initially resectable” with the aim of volumetric reduction, which aligns with the definition of potentially resectable disease that may become resectable after down‑staging and/or hypertrophy strategies.  

Step 2 – Recommended strategy  
A. Conversion systemic therapy  
   - Initiate 4–6 cycles of a doublet or triplet regimen (e.g., FOLFOXIRI + bevacizumab) because KRAS is mutated (anti‑EGFR agents are contraindicated).  
   - Rationale: high tumor burden and need for rapid down‑staging; bevacizumab improves response rates and may facilitate later resection.  

B. Early radiologic reassessment (2–3 months)  
   - Perform contrast‑enhanced liver MRI with volumetric analysis; repeat CEA; assess RECIST response and calculate FLR.  
   - Rationale: determine whether sufficient tumor shrinkage and FLR (>30 % in a normal liver, >40 % after chemotherapy) have been achieved to allow a safe hepatectomy.  

C. Hypertrophy induction if FLR remains inadequate  
   - Options: right portal vein embolization (PVE) or liver venous deprivation (PVE + hepatic vein embolization) targeting the right lobe.  
   - Continue systemic therapy during the hypertrophy interval (typically 2–4 weeks).  
   - Rationale: augment FLR to meet the 30 % (or 40 % after chemotherapy) threshold while maintaining disease control.  

D. First‑stage liver surgery (parenchyma‑sparing/ablation)  
   - Clear all metastases in the future liver remnant (usually left lateral segments) using non‑anatomic resections or intra‑operative ultrasound‑guided ablation.  
   - Rationale: achieve R0 clearance of the FLR before the major resection, preserving maximal functional liver tissue.  

E. Second‑stage major hepatectomy  
   - After confirmed FLR hypertrophy (typically 4–6 weeks post‑PVE) perform right hepatectomy (or extended right hepatectomy) to remove remaining lesions, ensuring negative margins and adequate inflow/outflow.  
   - Rationale: completes curative‑intent hepatic clearance while respecting technical resectability criteria.  

F. Management of the primary rectal tumor  
   - If not already given, deliver long‑course chemoradiotherapy (or short‑course radiotherapy followed by consolidation chemotherapy) during the hepatic treatment interval.  
   - Follow with total mesorectal excision (low anterior resection or abdominoperineal resection as dictated by tumor response and sphincter involvement).  
   - Rationale: synchronous rectal cancer requires definitive local control; a “liver‑first” sequence avoids delay of hepatic curative intent.  

G. Adjuvant systemic therapy  
   - Post‑operative FOLFOX (± bevacizumab) for 6 months, adjusted to postoperative recovery and liver function.  
   - Rationale: consolidates disease control, addresses micrometastatic risk, and follows evidence from peri‑operative trials.  

","Step 1 – Resectability assessment
The patient presents with six bilobar liver metastases (2–5 cm) associated with invasion of the middle hepatic vein. The bilobar distribution, tumor burden, and venous invasion make a complete R0 resection with preservation of an adequate future liver remnant not feasible with an upfront surgical approach. According to hepatobiliary oncologic criteria, this pattern is considered unresectable upfront.

Step 2 – Recommended oncologic sequence
A. Preoperative staging
• Given the high CEA level (600 ng/mL), perform high-resolution 18FDG PET-CT

B. Conversion systemic therapy (mandatory)
• Initiate intensive doublet or triplet chemotherapy (e.g., FOLFOXIRI ± bevacizumab) as discussed in MDT.
• KRAS mutation excludes anti-EGFR therapy.
• The objective is tumor downsizing, reduction of bilobar tumor burden, and potential clearance from the middle hepatic vein.

C. Early radiologic reassessment
• Perform high-resolution liver MRI and enhanced CT-scan every 2 months to assess:
– Response of lesions.
– Evolution of the relationship with the middle hepatic vein.
• Monitor CEA kinetics as a marker of treatment response.

D. Criteria for secondary resectability
• Surgery can be considered only if chemotherapy induces:
– Significant reduction in lesion size and number.
– Separation from the middle hepatic vein.
– Feasibility of staged or parenchymal-sparing resections with adequate future liver remnant.

E. Potential surgical strategies if response is favorable
• Two-stage hepatectomy or combined parenchymal-sparing resections depending on response pattern.
• Portal vein embolization / venous deprivation / ALPPS may be required if major hepatectomy becomes necessary.
• Ideally, consider minimally invasive approach (laparoscopic or robotic) for liver resection.
• Preoperative prehabilitation and ERAS (Enhanced Recovery After Surgery) protocols are evidence-based, multidisciplinary strategies designed to optimize patient health before surgery and accelerate recovery afterward.

F. Management of the rectal primary
• Local pelvic treatment (radiotherapy ± surgery) should be coordinated during the systemic therapy period according to rectal oncologic principles (PRODIGE 23 protocol).
• After restaging with high-resolution pelvic MRI,
-	If complete morphological rectal tumor response : follow up of primary tumor
-	If near complete morphological rectal tumor response : strict follow up of primary tumor
-	If incomplete morphological rectal tumor response : rectal resection after appropriate recovery: oncologic resection of the upper rectum (low anterior resection with TME principles).
• Ideally, consider minimally invasive approach (laparoscopic or robotic) for rectal resection.
• Preoperative prehabilitation and ERAS (Enhanced Recovery After Surgery) protocols are evidence-based, multidisciplinary strategies designed to optimize patient health before surgery and accelerate recovery afterward.

F. If insufficient response
• Continue systemic therapy or adapt regimen (such as intra-arterial chemotherapy after resection of the primary tumor) according to MDT, with possible consideration of local ablative techniques.

"
20,"Man, 67 years old, T3N1M1 right colon tumor, five liver metastases (segments IV, V, VII, VIII), sizes 1.5-3.8 cm at the abdominal CT scan, CEA 270 ng/mL, RAS wild-type.
MDT Discussion: Potentially resectable after partial response to systemic therapy.","Step 1 – Resectability Assessment  
- Classification: Potentially resectable, now considered resectable pending confirmation of functional liver remnant.  
- Justification:  
  • Five metastases (1.5‑3.8 cm) are bilobar but confined to segments IV, V, VII, VIII; left lateral segments II‑III are disease‑free, allowing preservation of ≥2 contiguous segments.  
  • No extra‑hepatic disease reported; limited disease meets oncologic criteria for curative intent.  
  • Partial radiologic response to systemic therapy indicates favorable tumor biology and suggests that an R0 resection is feasible.  
  • RAS wild‑type status supports use of anti‑EGFR agents and is associated with better outcomes after liver resection.  
  • Technical criteria (preservation of inflow/outflow, biliary drainage) appear achievable; definitive assessment requires volumetric FLR calculation (target >30 % of total liver volume).  

Step 2 - Recommended strategy  
A. Continue conversion systemic therapy (e.g., 2–3 additional cycles of oxaliplatin‑based doublet ± anti‑EGFR).  
   - Rationale: maximize tumor shrinkage, confirm disease stability, and further assess biological behavior before surgery.  

B. Restaging work‑up (contrast‑enhanced liver MRI, chest CT/PET‑CT, laboratory liver function panel, and volumetric CT for FLR).  
   - Rationale: verify that no new lesions have appeared, quantify FLR, and ensure adequate hepatic reserve.  

C. Surgical phase – choose the most appropriate sequencing based on patient fitness:  
   - If operative risk acceptable, perform simultaneous right colectomy and right hepatectomy with segment IV resection, preserving left lateral segments II‑III as FLR.  
   - If concerns about operative time or patient comorbidity, adopt a staged approach: (1) resect the primary colon tumor first, allow recovery, then proceed to liver resection; alternatively, a liver‑first strategy if liver disease is deemed the limiting factor.  
   - Goal: achieve R0 resection of all intra‑hepatic lesions with negative margins and maintain ≥30 % functional liver remnant.  

D. Adjuvant/maintenance therapy (post‑operative) – resume systemic chemotherapy for 3–6 months (e.g., FOLFOX ± anti‑EGFR) based on final pathology; consider enrollment in clinical trials or use of peri‑operative targeted agents if indicated.  
   - Rationale: reduce risk of recurrence, address micrometastatic disease, and exploit the RAS‑wild‑type status.  

E. Surveillance – CEA monitoring every 3 months, cross‑sectional imaging (CT or MRI) every 6 months for the first 2 years, then annually.  

","Step 1 – Resectability assessment
The patient presents with five liver metastases located in segments IV, V, VII, and VIII (1.5–3.8 cm). The number of lesions and their distribution in central and right segments make a complete R0 parenchymal-sparing resection challenging with an upfront approach while preserving an adequate future liver remnant. According to hepatobiliary oncologic criteria, this pattern is considered potentially resectable after conversion therapy.

Step 2 – Recommended oncologic sequence
A. Preoperative staging
• Obtain high resolution liver MRI to define exact segmental distribution of all lesions with detailed vascular and biliary relationships. 
• Given the high CEA level (270 ng/mL), perform high-resolution 18FDG PET-CT

B. Conversion systemic therapy (mandatory)
• Initiate doublet or triplet chemotherapy (FOLFOX or FOLFIRI) combined with anti-EGFR therapy given RAS wild-type status.
• The objective is tumor downsizing and reduction of tumor burden to enable secondary resectability.

C. Early radiologic reassessment
• Perform high-resolution liver MRI after 2–3 months to reassess lesion size, distribution, and relationships with vascular structures.
• Monitor CEA kinetics as an indicator of response.

D. Criteria for secondary resectability
• Surgery can be considered if imaging shows:
– Reduction in lesion size allowing parenchymal-sparing resections.
– Feasibility of R0 resection with adequate future liver remnant.

D. Potential surgical strategies if response is favorable
• Combined parenchymal-sparing resections of segments IV, V, VII, and VIII guided by intra-operative ultrasound.
• If necessary, right or extended right hepatectomy after portal vein embolization / venous deprivation / ALPPS depending on remnant volume.
• Ideally, consider minimally invasive approach (laparoscopic or robotic) for liver resection.
• Preoperative prehabilitation and ERAS (Enhanced Recovery After Surgery) protocols are evidence-based, multidisciplinary strategies designed to optimize patient health before surgery and accelerate recovery afterward.

E. Management of the primary tumor
• Right hemicolectomy (standard oncologic resection of the right colon primary) with D2 lymphadectomy (at least 12 harvested lymph nodes) should be coordinated according to response and patient condition (ideally after liver surgery).
• Ideally, consider minimally invasive approach (laparoscopic or robotic) for colectomy.
• Preoperative prehabilitation and ERAS (Enhanced Recovery After Surgery) protocols are evidence-based, multidisciplinary strategies designed to optimize patient health before surgery and accelerate recovery afterward.

F. If insufficient response
• Continue systemic therapy or adapt regimen (such as intra-arterial chemotherapy after resection of the primary tumor) according to MDT, with possible consideration of local ablative techniques.

"
21,"Woman, 71 years old, T4N1M1 transverse colon cancer, nine bilobar liver metastases at the thoraco-abdominal CT scan, CEA 950 ng/mL, KRAS mutated. Liver MRI: several lesions close to the hepatic veins.
MDT Discussion: Liver involvement not resectable upfront, conversion strategy considered.","Step 1 – Resectability Assessment  
- Classification: Potentially resectable (borderline) after conversion  
- Justification:  
  • Nine bilobar metastases exceed the traditional “≤4 lesions” cutoff and are located close to major hepatic veins, making an R0 resection technically challenging.  
  • Preservation of ≥2 contiguous liver segments with adequate inflow/outflow and biliary drainage is unlikely without substantial liver volume reduction; current imaging suggests insufficient future liver remnant (FLR).  
  • High tumor burden (CEA 950 ng/mL) and KRAS mutation indicate aggressive biology, but do not preclude conversion.  
  • According to contemporary criteria, patients who cannot achieve an R0 resection now but may do so after downsizing with systemic therapy are deemed “potentially resectable.”  

Step 2 – Recommended strategy  
A. Conversion systemic therapy  
   - Initiate an oxaliplatin‑based triplet (FOLFOXIRI) plus bevacizumab (anti‑VEGF) for 4–6 cycles (KRAS‑mutated disease excludes anti‑EGFR agents).  
   - Rationale: highest reported response rates (>50 %) in KRAS‑mutated mCRC; provides both tumor downsizing and a test of disease biology.  

B. Imaging reassessment and functional liver evaluation (after 2–3 months)  
   - Repeat contrast‑enhanced liver MRI and triphasic CT; measure FLR (volumetry) and assess response (RECIST, CEA trend).  
   - If FLR ≥ 30 % (healthy liver) or ≥ 40 % (post‑chemotherapy liver) and margins appear achievable → proceed to surgery.  
   - If FLR remains inadequate, plan a hypertrophy strategy:  
        • Portal vein embolization (PVE) of the liver segments to be resected, or  
        • Liver venous deprivation (LVD) if rapid hypertrophy is needed, or  
        • Two‑stage hepatectomy (TSH) with first‑stage clearance of the future liver remnant followed by PVE.  

C. Surgical sequencing  
   - Liver‑first approach (preferred because primary tumor is not reported as obstructive or bleeding).  
        • Perform parenchyma‑sparing hepatectomy aiming for R0; if lesions abut hepatic veins, consider R1 vascular resection or limited vascular reconstruction, which is acceptable in KRAS‑mutated disease when FLR is adequate.  
        • Use intra‑operative ultrasound to locate any disappearing lesions; consider fiducial markers placed before chemotherapy for guidance.  
   - Primary tumor resection after hepatic recovery (typically 4–6 weeks later).  
        • Standard right hemicolectomy with adequate lymphadenectomy (aim for ≥12 nodes).  

D. Adjuvant/maintenance therapy  
   - Resume the same systemic regimen (or switch to FOLFIRI + bevacizumab if toxicity limits) for an additional 6 months post‑operatively, provided R0/R1 resection is achieved and the patient recovers adequately.  
   - Continue surveillance with CEA and imaging every 3 months for the first 2 years.  

","Step 1 – Resectability assessment
The patient presents with nine bilobar liver metastases, several of which are close to the hepatic veins, without reported extrahepatic disease. The tumor burden, bilobar distribution, and proximity to major hepatic venous structures make a complete R0 resection with preservation of an adequate future liver remnant not feasible with an upfront surgical approach. According to hepatobiliary oncologic criteria, this pattern is considered unresectable upfront.

Step 2 – Recommended oncologic sequence
A. Preoperative staging
• Given the high CEA level (950 ng/mL), perform high-resolution 18FDG PET-CT
• Perform enhanced multi-phase CT-scan to detect potential extension of primary tumor to adjacent organ (abdominal wall, ureter, small bowel)

B. Conversion systemic therapy (mandatory)
• Initiate intensive doublet or triplet chemotherapy (e.g., FOLFOXIRI ± bevacizumab).
• KRAS mutation excludes anti-EGFR therapy.
• The objective is significant tumor downsizing, reduction of lesion number/volume, and clearance from hepatic venous structures.

C. Early radiologic reassessment
• Perform high-resolution liver MRI every 2-3 months to assess response, particularly the relationship of lesions to hepatic veins.
• Monitor CEA kinetics as an indicator of treatment response.

D. Criteria for secondary resectability
• Surgery can be considered only if chemotherapy induces:
– Marked reduction in lesion size and number.
– Safe separation from hepatic veins.
– Feasibility of staged or parenchymal-sparing resections with adequate future liver remnant.

E. Potential surgical strategies if response is favorable
• Two-stage hepatectomy or combined parenchymal-sparing resections depending on response pattern.
• Portal vein embolization / venous deprivation / ALPPS may be required if major hepatectomy becomes necessary.
• Ideally, consider minimally invasive approach (laparoscopic or robotic) for liver resection.
• Preoperative prehabilitation and ERAS (Enhanced Recovery After Surgery) protocols are evidence-based, multidisciplinary strategies designed to optimize patient health before surgery and accelerate recovery afterward.

F. Management of the primary tumor
• If no perspectives of curative option for liver metastases, not consider oncologic extended right colectomy
• If perspectives of curative option for liver metastases (i.e. intensive chemotherapy of intra-arterial chemotherapy), perform extended right hemicolectomy (standard oncologic resection of the right colon primary) with D2 lymphadectomy (at least 12 harvested lymph nodes) should be coordinated according to response and patient condition (ideally after liver surgery).
• Ideally, consider minimally invasive approach (laparoscopic or robotic) for colectomy.
• Preoperative prehabilitation and ERAS (Enhanced Recovery After Surgery) protocols are evidence-based, multidisciplinary strategies designed to optimize patient health before surgery and accelerate recovery afterward.

G. If insufficient response
• Continue systemic therapy or adapt regimen (such as intra-arterial chemotherapy after resection of the primary tumor) according to MDT, with possible consideration of local ablative techniques.

"
22,"Man, 59 years old, T3N1M1 rectosigmoid cancer, five bilobar liver metastases (1-3 cm)at the abdominal CT scan, CEA 420 ng/mL, RAS wild-type.
MDT Discussion: Response expected with FOLFOX + cetuximab before surgical re-evaluation.","Step 1 – Resectability Assessment  
- Classification: potentially resectable (borderline).  
- Justification:  
  • Five liver metastases, bilobar distribution – exceeds the classic “≤4 lesions” rule but each lesion is small (1‑3 cm), making technical resection feasible.  
  • No extra‑hepatic disease reported on the available CT, satisfying the oncologic criterion of disease limited to the liver.  
  • RAS wild‑type predicts good response to anti‑EGFR therapy, supporting a conversion strategy.  
  • Adequate future liver remnant (FLR) cannot be confirmed because volumetric data are missing; if FLR is ≥30 % (or ≥0.5 %/kg), resection is technically possible after downsizing.  
  • High CEA (420 ng/mL) suggests aggressive biology, reinforcing the need for systemic therapy to test disease kinetics before committing to surgery.  

Step 2 – Recommended strategy  
A. Induction systemic therapy – 6–8 cycles of FOLFOX + cetuximab.  
   • Rationale: maximize tumor shrinkage, assess tumor biology, exploit RAS‑wild‑type sensitivity to anti‑EGFR agents, and potentially convert borderline disease to resectable.  

B. Restaging and functional assessment – after induction:  
   • Contrast‑enhanced liver MRI with hepatobiliary contrast (or high‑quality CT) to re‑measure lesion size, number, and relationship to vascular structures.  
   • Chest CT/PET‑CT to exclude occult extra‑hepatic metastases.  
   • Volumetric CT to calculate FLR; if FLR < 30 % (or <0.5 %/kg), plan portal vein embolization (PVE) or consider a two‑stage hepatectomy.  
   • CEA re‑measurement to gauge biochemical response.  

C. Surgical sequencing – if restaging shows disease control and FLR adequate:  
   1. Liver‑first approach (preferred for synchronous disease with multiple bilobar lesions).  
      • Option 1: Single‑stage extended hepatectomy (e.g., right hepatectomy + non‑anatomic resections of left‑lobe lesions) if FLR ≥30 % and vascular margins can be preserved.  
      • Option 2: Two‑stage hepatectomy: first stage – clear lesions in one lobe (e.g., left lateral sectionectomy), perform right‑portal vein embolization; second stage – right hepatectomy after hypertrophy (≈6–8 weeks).  
   2. Intra‑operative ultrasound to detect occult lesions and confirm R0 margins.  

D. Management of the primary rectosigmoid tumor – after hepatic clearance (or concurrently if liver surgery is limited):  
   • Low anterior resection (or APR if sphincter involvement) with total mesorectal excision.  
   • Pre‑operative radiotherapy only if threatened circumferential resection margin or if tumor down‑staging is required.  

E. Adjuvant therapy – complete a total of 6 months of systemic therapy (continue FOLFOX ± cetuximab or switch to capecitabine‑based regimen) post‑operatively, provided recovery is adequate.  

","Step 1 – Resectability assessment
The patient presents with five bilobar liver metastases (1–3 cm) without reported extrahepatic disease. The number of lesions and bilobar distribution make a complete R0 parenchymal-sparing resection challenging with an upfront approach while preserving an adequate future liver remnant. According to hepatobiliary oncologic criteria, this pattern is considered potentially resectable after conversion therapy, but not safely resectable upfront.

Step 2 – Recommended oncologic sequence
A. Preoperative staging
• Given the high CEA level (420 ng/mL), perform high-resolution 18FDG PET-CT
• Obtain high resolution liver MRI to define exact segmental distribution of all lesions with detailed vascular and biliary relationships. 

B. Conversion systemic therapy (mandatory)
• Initiate FOLFOX combined with cetuximab as planned, given RAS wild-type status.
• The objective is tumor downsizing and reduction of bilobar tumor burden to enable secondary resectability.

C. Early radiologic reassessment
• Perform high-resolution liver MRI after 2–3 months to reassess lesion size, distribution, and vascular relationships.
• Monitor CEA kinetics as an indicator of response.

D. Criteria for secondary resectability
• Surgery can be considered if imaging shows:
– Reduction in lesion size allowing parenchymal-sparing resections / multiple ablations.
– Feasibility of R0 resection with adequate future liver remnant.

E. Potential surgical strategies if response is favorable
• Combined parenchymal-sparing resections or multiple ablations guided by intra-operative ultrasound.
• If necessary, staged hepatectomy depending on remnant volume and lesion distribution.
• Ideally, consider minimally invasive approach (laparoscopic or robotic) for liver resection.
• Preoperative prehabilitation and ERAS (Enhanced Recovery After Surgery) protocols are evidence-based, multidisciplinary strategies designed to optimize patient health before surgery and accelerate recovery afterward.

F. Management of the primary tumor
• If no perspectives of curative option for liver metastases, not consider oncologic left colectomy
• If perspectives of curative option for liver metastases (i.e. intensive chemotherapy of intra-arterial chemotherapy), perform left hemicolectomy (standard oncologic resection of the left colon primary) with D2 lymphadectomy (at least 12 harvested lymph nodes) should be coordinated according to response and patient condition (ideally after liver surgery).
• Ideally, consider minimally invasive approach (laparoscopic or robotic) for colectomy.
• Preoperative prehabilitation and ERAS (Enhanced Recovery After Surgery) protocols are evidence-based, multidisciplinary strategies designed to optimize patient health before surgery and accelerate recovery afterward.

G. If insufficient response
• Continue systemic therapy or adapt regimen (such as intra-arterial chemotherapy after resection of the primary tumor) according to MDT, with possible consideration of local ablative techniques.

"
23,"Woman, 55 years old, left T3N2M1 colon cancer, seven liver metastases, some coalescent in the hilar region at the thoraco-abdominal CT scan, maximum size 5.5 cm. CEA 800 ng/mL, KRAS mutated.
MDT Discussion: Borderline disease, possible two-stage hepatectomy after effective chemotherapy.","Step 1 – Resectability Assessment  
- Classification: potentially resectable (borderline)  
- Justification:  
  • Seven hepatic metastases, bilobar distribution with coalescent lesions in the hilar region → technically demanding, close to major vascular inflow/outflow.  
  • Largest lesion 5.5 cm (size >5 cm is an unfavorable oncologic factor).  
  • High pre‑operative CEA (800 ng/mL) and KRAS mutation indicate aggressive biology.  
  • No extra‑hepatic disease reported on the current CT, satisfying the oncologic criterion that limited extra‑hepatic disease does not preclude resection.  
  • Ability to preserve at least two contiguous liver segments and achieve adequate vascular inflow/outflow is uncertain without volumetric data; therefore, conversion to resectability will likely require hypertrophy strategies (PVE/ALPPS) and systemic down‑staging.  

Step 2 – Recommended strategy  
A. Induction systemic therapy  
   - Start a doublet or triplet regimen (e.g., FOLFOXIRI + bevacizumab) for 2–3 months.  
   - Rationale: down‑size lesions, test tumor biology, and improve the chance of an R0 resection; anti‑EGFR agents are avoided because of KRAS mutation.  

B. Restaging and functional assessment  
   - Perform contrast‑enhanced MRI or CT, PET‑CT if needed, and calculate future liver remnant (FLR) volume.  
   - Assess liver function (ICG clearance, bilirubin, albumin) and patient performance status (ECOG).  
   - Rationale: determine response, detect occult extra‑hepatic disease, and decide whether hypertrophy is required.  

C. Portal vein embolization (PVE) / liver hypertrophy  
   - If FLR is <30 % of total liver volume, embolize the portal branches feeding the lobe that will be resected first (typically the right lobe).  
   - Rationale: induce hypertrophy of the future liver remnant to meet the ≥30 % functional reserve criterion.  

D. First stage of two‑stage hepatectomy  
   - Resect all metastases located in the future liver remnant (e.g., left lateral section) or perform limited resection of lesions in the non‑embolized lobe, combined with PVE if not already done.  
   - Rationale: clear disease from the segment that will remain, allow maximal hypertrophy before the major resection.  

E. Interval reassessment (4–6 weeks)  
   - Repeat volumetry and imaging to confirm FLR growth (>30 %) and absence of progression.  
   - Rationale: ensure safe hepatic reserve before the second, more extensive operation.  

F. Second stage – curative‑intent major hepatectomy  
   - Perform right (or left) hepatectomy to remove the remaining metastases, aiming for R0 margins while preserving the hypertrophied FLR.  
   - Rationale: achieve complete extirpation of all hepatic disease.  

G. Management of the primary colon tumor  
   - If the primary is asymptomatic, schedule a definitive left‑sided colectomy after hepatic clearance (within 4–6 weeks).  
   - If obstructive or symptomatic, consider simultaneous colon resection during the first stage or a “liver‑first” approach with early colon surgery after hepatic clearance, depending on intra‑operative findings and patient condition.  

H. Adjuvant systemic therapy  
   - Resume or modify chemotherapy post‑operatively based on pathological response, margin status, and nodal stage (T3N2).  

","Step 1 – Resectability assessment
The patient presents with seven liver metastases, some coalescent in the hilar region, with a maximum size of 5.5 cm and no reported extrahepatic disease. The tumor burden, central/hilar location, and likely involvement of major vascular and biliary structures make a complete R0 resection with preservation of an adequate future liver remnant not feasible with an upfront surgical approach. According to hepatobiliary oncologic criteria, this pattern is considered (borderline) unresectable upfront, with a possibility of secondary resectability after effective conversion therapy.

Step 2 – Recommended oncologic sequence
A. Preoperative staging
• Given the high CEA level (800 ng/mL), perform high-resolution 18FDG PET-CT
• Obtain high resolution liver MRI to define exact segmental distribution of all lesions with detailed vascular and biliary relationships. 

B. Intensive conversion systemic therapy (mandatory)
• Initiate doublet or triplet chemotherapy (e.g., FOLFOXIRI ± bevacizumab).
• KRAS mutation excludes anti-EGFR therapy.
• The objective is tumor downsizing, separation from hilar structures, and reduction of overall tumor burden.

C. Early and repeated radiologic reassessment
• Perform high-resolution liver MRI every 2-3 months to assess response, particularly the relationship of lesions to portal pedicles, hepatic arteries, and bile ducts.
• Monitor CEA kinetics as an indicator of response.

D. Criteria for secondary resectability
• Surgery can be considered only if chemotherapy induces:
– Significant reduction in lesion size and central coalescence.
– Feasibility of staged resections with adequate future liver remnant.
– Possibility of achieving R0 margins without complex vascular reconstruction.

E. Potential surgical strategy if response is favorable
• Two-stage hepatectomy strategy:
– First stage: clearance of the future liver remnant with parenchymal-sparing resections.
– Portal vein embolization / venous deprivation / ALPPS if required.
– Second stage: major hepatectomy to remove remaining disease.
• Ideally, consider minimally invasive approach (laparoscopic or robotic) for liver resection.
• Preoperative prehabilitation and ERAS (Enhanced Recovery After Surgery) protocols are evidence-based, multidisciplinary strategies designed to optimize patient health before surgery and accelerate recovery afterward.

F. Management of the primary tumor
• If no perspectives of curative option for liver metastases, not consider oncologic left colectomy
• If perspectives of curative option for liver metastases (i.e. intensive chemotherapy of intra-arterial chemotherapy), perform left hemicolectomy (standard oncologic resection of the left colon primary) with D2 lymphadectomy (at least 12 harvested lymph nodes) should be coordinated according to response and patient condition (ideally after liver surgery).
• Ideally, consider minimally invasive approach (laparoscopic or robotic) for colectomy.
• Preoperative prehabilitation and ERAS (Enhanced Recovery After Surgery) protocols are evidence-based, multidisciplinary strategies designed to optimize patient health before surgery and accelerate recovery afterward.

G. If insufficient response
• Continue systemic therapy or adapt regimen (such as intra-arterial chemotherapy after resection of the primary tumor) according to MDT, with possible consideration of local ablative techniques.

"
24,"Man, 68 years old, right T4aN2 colon cancer, ten bilobar liver metastases (1-4 cm) at the abdominal CT scan, CEA 1350 ng/mL, BRAF wild-type. Liver MRI: contact with IVC and left portal branch.
MDT Discussion: Not initially resectable, induction therapy planned before re-evaluation.","Step 1 – Resectability Assessment  
- Classification: Potentially resectable (borderline)  
- Justification:  
  • Ten bilobar metastases (1‑4 cm) exceed the traditional “≤4 lesions” rule, but modern criteria allow extensive disease if a complete (R0) resection with adequate future liver remnant (FLR) is feasible.  
  • MRI shows contact of lesions with the inferior vena cava and left portal branch, indicating technical complexity (vascular proximity) that may require vascular reconstruction or staged approaches.  
  • No extra‑hepatic disease is reported, which is favorable.  
  • High CEA (1350 ng/mL) and T4aN2 primary suggest aggressive biology, supporting the need for neoadjuvant therapy to test disease kinetics.  
  • Absence of FLR volumetry and functional liver reserve data prevents a definitive “resectable” label; therefore the case is best considered potentially resectable pending response to systemic therapy and reassessment of liver remnant.

Step 2 – Recommended strategy  
A. Induction systemic therapy (3–4 months)  
   - Regimen: FOLFOXIRI (or FOLFOX/FOLFIRI) + anti‑EGFR antibody (cetuximab or panitumumab) because the tumor is BRAF‑wild‑type; KRAS status pending.  
   - Rationale: maximize tumor shrinkage, assess biologic behavior (“proof of time”), treat micrometastatic disease, and potentially convert borderline disease to resectable.  

B. Restaging and functional assessment (after induction)  
   - Repeat multiphase CT and liver‑specific MRI with volumetric analysis; calculate FLR (target ≥30 % in normal liver, ≥40 % if chemotherapy‑associated liver injury is suspected).  
   - Evaluate response (RECIST), CEA trend, and vascular involvement.  
   - If FLR is insufficient, plan portal vein embolization (PVE) or associating liver partition and portal vein ligation for staged hepatectomy (ALPPS) to hypertrophy the remnant.  

C. Surgical phase (once adequate FLR and disease control are confirmed)  
   - Preferred approach: Two‑stage hepatectomy or ALPPS depending on distribution and response; aim for R0 resection of all hepatic lesions, including those abutting IVC/left portal branch (possible vascular reconstruction).  
   - Consider intra‑operative ultrasound and, if needed, adjunctive thermal ablation (RFA/SBRT) for lesions in difficult locations to achieve negative margins while preserving parenchyma.  

D. Management of the primary colon tumor  
   - If the primary is asymptomatic after hepatic clearance, perform a delayed colectomy (segmental resection or right hemicolectomy) 4–6 weeks post‑hepatectomy.  
   - If the primary becomes symptomatic or obstructive, consider a simultaneous colon‑first or colon‑first then liver strategy based on intra‑operative assessment and patient fitness.  
   - Follow hepatic and colonic surgery with adjuvant systemic therapy (completion of a total of 6‑8 months of peri‑operative chemotherapy) to reduce recurrence risk.  

","Step 1 – Resectability assessment
The patient presents with ten bilobar liver metastases (1–4 cm) with contact to the inferior vena cava and the left portal branch, without reported extrahepatic disease. The very high tumor burden, bilobar distribution, and involvement of major vascular structures make a complete R0 resection with preservation of an adequate future liver remnant not feasible with an upfront surgical approach. According to hepatobiliary oncologic criteria, this pattern is considered unresectable upfront.

Step 2 – Recommended oncologic sequence
A. Preoperative staging
• Given the high CEA level (1350 ng/mL), perform high-resolution 18FDG PET-CT
• Perform enhanced multi-phase CT-scan to detect potential extension of primary tumor to adjacent organ (abdominal wall, ureter, small bowel)

B. Induction (conversion) systemic therapy (mandatory)
• Initiate intensive systemic chemotherapy as planned : triplet chemotherapy (e.g., FOLFOXIRI ± bevacizumab).
• KRAS status is unknown
• BRAF wild-type does not modify the surgical indication.
• The objective is major tumor downsizing, reduction in lesion number/volume, and clearance from the IVC and left portal branch.

C. Close radiologic monitoring
• Perform high-resolution liver MRI every 2-3 months to assess response, particularly the evolution of vascular contact.
• Monitor CEA kinetics as a marker of treatment response.

D. Criteria for secondary resectability
• Surgery can be considered only if chemotherapy induces:
– Marked reduction in tumor burden.
– Separation from the IVC and left portal branch.
– Feasibility of staged or parenchymal-sparing resections with adequate future liver remnant.

E. Potential surgical strategies if response is favorable
• Two-stage hepatectomy or extensive parenchymal-sparing resections with or without combined tumor ablation guided by imaging depending on response pattern.
• Portal vein embolization / venous deprivation / ALPPS may be required if major hepatectomy becomes necessary.

F. Management of the primary tumor
• Right hemicolectomy (standard oncologic resection of the right colon primary) with D2 lymphadectomy (at least 12 harvested lymph nodes) should be coordinated according to response and patient condition (ideally after liver surgery).
• Ideally, consider minimally invasive approach (laparoscopic or robotic) for colectomy.
• Preoperative prehabilitation and ERAS (Enhanced Recovery After Surgery) protocols are evidence-based, multidisciplinary strategies designed to optimize patient health before surgery and accelerate recovery afterward.

G. If insufficient response
• Continue systemic therapy or adapt regimen (such as intra-arterial chemotherapy after resection of the primary tumor) according to MDT, with possible consideration of local ablative techniques.

"
25,"Woman, 50 years old, T3N1M1 rectal cancer, five liver metastases (segments II, III, IVa, VI, VII), max size 4.1 cm. CEA 370 ng/mL, KRAS mutated.
MDT Discussion: Extensive bilobar involvement, possibility of conversion depending on response to chemotherapy.","Step 1 – Resectability Assessment  
- Classification: potentially resectable (borderline)  
- Rationale:  
  • Five bilobar metastases, each ≤4.1 cm, meet technical criteria for R0 resection if adequate future liver remnant (FLR) can be preserved (≥30 % in a normal liver, ≥40 % after chemotherapy).  
  • No documented extra‑hepatic disease; therefore, disease is not excluded on oncologic grounds.  
  • KRAS mutation and markedly elevated CEA (370 ng/mL) indicate aggressive biology but are not absolute contraindications; they support the need for a conversion strategy and careful postoperative surveillance.  
  • The number of lesions (5) and bilobar distribution preclude a single‑stage major hepatectomy without risking insufficient FLR, making a staged or parenchymal‑sparing approach necessary.  

Step 2 – Recommended strategy  
A. Conversion systemic therapy  
   – Initiate 3–4 months of intensive chemotherapy (e.g., FOLFOXIRI + bevacizumab, given KRAS‑mutated status).  
   – Goal: achieve ≥30 % reduction in total tumor volume, assess tumor biology (“proof of time”), and avoid chemotherapy‑induced liver injury by limiting cycles to ≤6.  

B. Restaging and volumetric assessment  
   – Perform contrast‑enhanced CT or MRI with liver volumetry, PET‑CT to rule out occult extra‑hepatic disease, and calculate FLR.  
   – If FLR ≥30 % (or ≥40 % after chemotherapy) and all lesions are resectable with negative margins, proceed to surgery; if FLR insufficient, plan hypertrophy.  

C. Surgical plan (liver‑first approach)  
   – Option 1: Two‑stage hepatectomy (TSH) – first stage clears lesions in the future liver remnant (segments II/III/IV), followed by right‑portal vein embolization (PVE) to induce hypertrophy, then second‑stage right hepatectomy.  
   – Option 2: Parenchymal‑sparing non‑anatomic resections combined with intra‑operative ablation (RFA/MWA) for lesions adjacent to major vessels, aiming for R0 resection while preserving ≥2 contiguous segments.  
   – Choose the approach that yields adequate FLR and R0 margins with the lowest morbidity.  

D. Management of the primary rectal tumor  
   – If not already resected, schedule total mesorectal excision (TME) after hepatic recovery (typically 6–8 weeks).  
   – Provide short‑course radiotherapy (5 × 5 Gy) pre‑operatively if not given, especially given T3 stage.  
   – Post‑operative (adjuvant) systemic therapy for 6 months, tailored to pathology and response, to address micrometastatic disease.  

","Step 1 – Resectability assessment
The patient presents with five bilobar liver metastases (segments II, III, IVa, VI, VII), up to 4.1 cm. The bilobar distribution and tumor burden make a complete R0 parenchymal-sparing resection unlikely with an upfront approach while preserving an adequate future liver remnant. According to hepatobiliary oncologic criteria, this pattern is considered potentially resectable after conversion therapy, but not safely resectable upfront.

Step 2 – Recommended oncologic sequence
A. Preoperative staging
• Given the high CEA level (370 ng/mL), perform high-resolution 18FDG PET-CT
• Obtain high resolution liver MRI to define exact segmental distribution of all lesions with detailed vascular and biliary relationships. 

B. Conversion systemic therapy (mandatory)
• Initiate intensive doublet or triplet chemotherapy (e.g., FOLFOXIRI ± bevacizumab) as discussed in MDT.
• KRAS mutation excludes anti-EGFR therapy.
• The objective is tumor downsizing, reduction of bilobar tumor burden.

C. Early radiologic reassessment
• Perform high-resolution liver MRI and enhanced CT-scan every 2 months to assess:
– Response of liver metastases and primary cancer.
• Monitor CEA kinetics as a marker of treatment response.

D. Criteria for secondary resectability
• Surgery can be considered only if chemotherapy induces:
– Significant reduction in lesion size and number.
– Separation from the middle hepatic vein.
– Feasibility of staged or parenchymal-sparing resections and/or ablation with adequate future liver remnant.

E. Potential surgical strategies if response is favorable
• Two-stage hepatectomy or combined parenchymal-sparing resections depending on response pattern.
• Portal vein embolization / venous deprivation / ALPPS may be required if major hepatectomy becomes necessary.
• Ideally, consider minimally invasive approach (laparoscopic or robotic) for liver resection.
• Preoperative prehabilitation and ERAS (Enhanced Recovery After Surgery) protocols are evidence-based, multidisciplinary strategies designed to optimize patient health before surgery and accelerate recovery afterward.

F. Management of the rectal primary
• Local pelvic treatment (radiotherapy ± surgery) should be coordinated during the systemic therapy period according to rectal oncologic principles.
• After restaging with high-resolution pelvic MRI,
-	If complete morphological rectal tumor response : follow up of primary tumor
-	If near complete morphological rectal tumor response : strict follow up of primary tumor
-	If incomplete morphological rectal tumor response : rectal resection after appropriate recovery: oncologic resection of the upper rectum (low anterior resection with TME principles).
• Ideally, consider minimally invasive approach (laparoscopic or robotic) for rectal resection.
• Preoperative prehabilitation and ERAS (Enhanced Recovery After Surgery) protocols are evidence-based, multidisciplinary strategies designed to optimize patient health before surgery and accelerate recovery afterward.

F. If insufficient response
• Continue systemic therapy or adapt regimen (such as intra-arterial chemotherapy after resection of the primary tumor) according to MDT, with possible consideration of local ablative techniques.

"
26,"Man, 62 years old, operated 4 years ago for right colon adenocarcinoma (T3N1M0), no initial recurrence. Surveillance: CEA 180 ng/mL. At the thoraco-abdominal CT scan: two liver lesions segments V and VIII, 2.8 and 3.2 cm. Liver MRI confirms no other foci. KRAS mutated, BRAF wild-type.
MDT Discussion: Isolated metachronous metastases, anatomically accessible, good general condition.","Step 1 – Resectability Assessment  
- Classification: Resectable (not merely potentially resectable).  
- Technical factors supporting resectability:  
  • Two discrete lesions (2.8 cm in segment V, 3.2 cm in segment VIII) amenable to segmental resection or limited right hepatectomy.  
  • Expected future liver remnant >30 % of total liver volume, satisfying the ≥30 % FLR rule.  
  • No radiologic evidence of vascular invasion, biliary obstruction, or multifocal bilobar disease.  
- Biological/clinical factors supporting curative intent:  
  • Metachronous presentation (4 years after primary resection) – associated with better outcomes than synchronous disease.  
  • No extra‑hepatic metastases on thoraco‑abdominal CT and liver MRI.  
  • Patient described as in “good general condition” (presumed ECOG 0‑1).  
  • KRAS mutation is a negative prognostic marker but does not preclude resection; BRAF wild‑type further supports feasibility.  
  • CEA markedly elevated (180 ng/mL) – high but not an absolute contraindication; can be used for postoperative surveillance.  

Step 2 – Recommended strategy  
A. Confirm disease extent  
   – Obtain repeat high‑resolution liver MRI with hepatobiliary contrast and a chest CT (or PET‑CT) to rule out occult extra‑hepatic disease and to reassess lesion size/vascular relationships.  
   – Calculate volumetric future liver remnant (CT‑based or MRI‑based).  

B. Surgical intervention (first‑line)  
   – Proceed to curative‑intent liver resection aiming for R0 margins.  
   – Preferred operation: limited right hepatectomy or combined segment V + VIII resection, preserving ≥30 % FLR.  
   – Intra‑operative ultrasound to confirm lesion boundaries and detect any additional sub‑centimeter metastases.  

C. Peri‑operative systemic therapy  
   – Given KRAS mutation and high CEA, administer adjuvant chemotherapy after surgery (e.g., 3–6 months of FOLFOX ± bevacizumab).  
   – Neoadjuvant chemotherapy is optional; if there is any uncertainty about tumor biology, a short (2‑3 month) pre‑operative FOLFOX regimen can be given to obtain “proof of time” and assess response before resection.  

D. Post‑operative surveillance  
   – CEA every 2–3 months for the first 2 years, then every 6 months.  
   – Contrast‑enhanced CT or MRI of the liver and chest CT every 6 months for the first 3 years, then annually.  

","Step 1 – Resectability assessment
The patient presents with two metachronous liver metastases in segments V and VIII (2.8 and 3.2 cm), without evidence of extrahepatic disease. Both lesions are peripherally located in the right liver and technically amenable to parenchymal-sparing resections with preservation of an adequate future liver remnant. According to hepatobiliary oncologic criteria for limited, metachronous, anatomically favorable metastases, this pattern is considered resectable.

Step 2 – Recommended oncologic sequence
A. Preoperative staging
• Given the high CEA level (180 ng/mL), perform high-resolution 18FDG PET-CT

B. Preoperative systemic therapy (recommended)
• Administer 2–3 months of peri-operative doublet chemotherapy (FOLFOX or FOLFIRI).
• KRAS mutation excludes anti-EGFR therapy.
• This period treats micrometastatic disease and evaluates tumor biology.
• Given the metachronous presentation after a long disease-free interval and the limited number of lesions, immediate surgical resection is appropriate without mandatory neoadjuvant chemotherapy cou ld be considered

C. Restaging before surgery
• Perform high-resolution liver MRI after chemotherapy to confirm maintained resectability and reassess lesion relationships.

D. Surgical management (parenchymal-sparing strategy)
• If stability or response is observed, two wedge/segmental resections :
– Segment V wedge resection.
– Segment VIII wedge resection.
• The goal is R0 resection while preserving maximal functional liver parenchyma and avoiding major hepatectomy.
• Use intra operative ultrasound to verify lesion location and margins. 
• Ideally, consider minimally invasive approach (laparoscopic or robotic) for liver resection.
• Preoperative prehabilitation and ERAS (Enhanced Recovery After Surgery) protocols are evidence-based, multidisciplinary strategies designed to optimize patient health before surgery and accelerate recovery afterward.

E. Postoperative therapy
• Pathology report : confirmation of tumor type and origin, immunohistochemistry with tumor markers, histological growth pattern, margin status (R0, R1, R2), tumor grade, differentiation, pathologic response score (TRG), necrosis/fibrosis
• Complete a total of 6 months of systemic chemotherapy including pre-operative cycles.
• Close surveillance with CEA and imaging at 3-month intervals.

"
27,"Woman, 70 years old, operated for low rectal cancer 3 years ago (T3N1M0) after chemoradiotherapy. CEA 95 ng/mL. Liver MRI: lesion in segment II (2.5 cm) and micronodule segment V. RAS wild-type, MSS.
MDT Discussion: Metachronous metastases, potentially curable, negative extra-hepatic workup.","Step 1 – Resectability Assessment  
- Classification: Resectable (not merely potentially resectable)  
- Rationale:  
   Only two hepatic lesions (segment II 2.5 cm and a sub‑centimeter micronodule in segment V) – limited tumor burden.  
   Both lesions are amenable to anatomic left lateral segmentectomy (II‑III) plus a non‑anatomic wedge of segment V, preserving at least two contiguous segments (e.g., right posterior sector) and providing an expected future liver remnant >30 % in a non‑cirrhotic liver.  
   No radiologic evidence of extra‑hepatic disease; prior rectal resection was curative and there is no current rectal lesion.  
   RAS wild‑type, MSS – favorable biology for surgical cure.  
   Technical criteria (adequate inflow/outflow, biliary drainage, FLR) are satisfied based on the described lesion locations.  

Step 2 – Recommended strategy  
A. Neoadjuvant systemic therapy (3–4 cycles of FOLFOX ± anti‑EGFR monoclonal antibody).  
   - Rationale: high pre‑operative CEA (95 ng/mL) suggests aggressive biology; pre‑operative chemotherapy provides “proof of time,” allows CEA trend monitoring, and may down‑size the micronodule if needed.  

B. Restaging after chemotherapy (contrast‑enhanced liver MRI ± CT, repeat CEA).  
   - Rationale: confirm disease stability or response, ensure no new lesions, and re‑calculate FLR volume.  

C. Curative liver resection (left lateral segmentectomy + wedge resection of segment V).  
   - Rationale: achieves R0 resection of all known disease with adequate margins; avoids major hepatectomy, limits operative risk in a 70‑year‑old.  

D. Adjuvant systemic therapy (completion of 6 months total peri‑operative chemotherapy).  
   - Rationale: high‑risk features (node‑positive primary, elevated CEA) merit postoperative chemotherapy to eradicate micrometastatic disease.  

E. Surveillance (CEA every 3 months, cross‑sectional imaging of liver and chest every 6 months for at least 3 years).  
   - Rationale: early detection of recurrence, which is common after hepatic resection.  

","Step 1 – Resectability assessment
The patient presents with two metachronous liver lesions: a 2.5 cm metastasis in segment II and a small micronodule in segment V, without evidence of extrahepatic disease. Both lesions are peripherally located and technically amenable to parenchymal-sparing resections with preservation of an adequate future liver remnant. According to hepatobiliary oncologic criteria for limited, metachronous, anatomically favorable metastases, this pattern is considered resectable.

Step 2 – Recommended oncologic sequence
A. Surgical management upfront
• Given the metachronous presentation after a long disease-free interval and limited liver involvement, immediate surgical resection is appropriate.
• Perform parenchymal-sparing wedge/segmentectomy of segment II and wedge resection / imaging guided tumor ablation of the segment V micronodule guided by intra-operative ultrasound, aiming for R0 margins.
• The goal is R0 resection while preserving maximal functional liver parenchyma and avoiding major hepatectomy.
• Use intra operative ultrasound to verify lesion location and margins. 
• Ideally, consider minimally invasive approach (laparoscopic or robotic) for liver resection.
• Preoperative prehabilitation and ERAS (Enhanced Recovery After Surgery) protocols are evidence-based, multidisciplinary strategies designed to optimize patient health before surgery and accelerate recovery afterward.

B. Postoperative systemic therapy
• Pathology report : confirmation of tumor type and origin, immunohistochemistry with tumor markers, histological growth pattern, margin status (R0, R1, R2), tumor grade, differentiation, pathologic response score (TRG), necrosis/fibrosis
• Initiate adjuvant doublet chemotherapy (FOLFOX or CAPOX).
• RAS wild-type status allows consideration of anti-EGFR therapy according to MDT decision.
• Complete a total of 6 months of systemic treatment.

C. Surveillance
• Close postoperative follow-up with CEA and imaging every 3 months.

"
28,"Man, 68 years old, history of left colectomy for T4N2 tumor, in remission for 2 years. Surveillance: CEA 430 ng/mL. FDG-PET: three bilobar liver lesions, 2-3 cm, no other foci. BRAF wild-type.
MDT Discussion: Metachronous liver recurrence, potentially resectable after discussion.","Step 1 – Resectability Assessment  
- Classification: Potentially resectable  
- Justification:  
   Technical factors – three lesions, each 2‑3 cm, bilobar but limited in number; such disease can be cleared with anatomic or non‑anatomic resections while preserving a future liver remnant (FLR) ≥30 % (or FLR/body‑weight ratio >0.5) in most patients with normal liver parenchyma.  
   Oncologic factors – metachronous recurrence, BRAF wild‑type, left‑sided primary, no extra‑hepatic disease on PET; these favor a curative intent approach.  
   Biological concern – markedly elevated CEA (430 ng/mL) suggests aggressive biology; therefore a trial of systemic therapy (“proof of time”) is advisable before committing to surgery.  
   Medical fitness – not provided; assuming acceptable performance status, the case remains in the “potentially resectable” category pending confirmation of liver functional reserve and comorbidities.

Step 2 - Recommended strategy  
A. Neoadjuvant systemic therapy (e.g., 6 cycles of FOLFOX ± anti‑VEGF or anti‑EGFR based on RAS status).  
   - Rationale: tests tumor biology, may lower CEA, can down‑size lesions, and treats micrometastatic disease; high baseline CEA warrants this “proof of time.”  

B. Restaging and volumetric assessment after neoadjuvant therapy (contrast‑enhanced MRI or multiphase CT with liver‑specific contrast, plus calculation of FLR).  
   - Rationale: confirms response, ensures no new extra‑hepatic sites, and determines whether a single‑stage hepatectomy is feasible or whether portal vein embolization (PVE) or a two‑stage approach is needed.  

C. Curative‑intent liver resection (single‑stage if FLR adequate; otherwise staged approach).  
   - If FLR ≥ 30 % (or >0.5 % of body weight): perform combined non‑anatomic resections or limited segmentectomies to achieve R0 margins (≥1 mm, preferably ≥5 mm).  
   - If FLR insufficient: proceed with PVE (or ALPPS/2‑stage hepatectomy) to hypertrophy the remnant before definitive resection.  
   - Rationale: complete macroscopic clearance offers the best chance for long‑term survival; bilobar disease is no longer a contraindication when FLR is preserved.  

D. Adjuvant systemic therapy (completion of peri‑operative chemotherapy, e.g., additional 6 cycles of FOLFOX or a regimen guided by molecular profile).  
   - Rationale: addresses residual microscopic disease, improves disease‑free survival, and aligns with evidence that peri‑operative chemotherapy adds progression‑free benefit.  

","Step 1 – Resectability assessment
The patient presents with two metachronous liver lesions: a 2.5 cm metastasis in segment II and a small micronodule in segment V, without evidence of extrahepatic disease. Both lesions are peripherally located and technically amenable to parenchymal-sparing resections with preservation of an adequate future liver remnant. According to hepatobiliary oncologic criteria for limited, metachronous, anatomically favorable metastases, this pattern is considered resectable.

Step 2 – Recommended oncologic sequence
A. Surgical management upfront
• Given the metachronous presentation after a long disease-free interval and limited liver involvement, immediate surgical resection is appropriate.
• Perform parenchymal-sparing wedge/segmentectomy of segment II and wedge resection / imaging guided tumor ablation of the segment V micronodule guided by intra-operative ultrasound, aiming for R0 margins.
• The goal is R0 resection while preserving maximal functional liver parenchyma and avoiding major hepatectomy.
• Use intra operative ultrasound to verify lesion location and margins. 
• Ideally, consider minimally invasive approach (laparoscopic or robotic) for liver resection.
• Preoperative prehabilitation and ERAS (Enhanced Recovery After Surgery) protocols are evidence-based, multidisciplinary strategies designed to optimize patient health before surgery and accelerate recovery afterward.

B. Postoperative systemic therapy
• Pathology report : confirmation of tumor type and origin, immunohistochemistry with tumor markers, histological growth pattern, margin status (R0, R1, R2), tumor grade, differentiation, pathologic response score (TRG), necrosis/fibrosis
• Initiate adjuvant doublet chemotherapy (FOLFOX or CAPOX).
• RAS wild-type status allows consideration of anti-EGFR therapy according to MDT decision.
• Complete a total of 6 months of systemic treatment.

C. Surveillance
• Close postoperative follow-up with CEA and imaging every 3 months.

"
29,"Woman, 58 years old, sigmoid colon cancer treated 5 years earlier. Rising CEA (65 ng/mL). Liver MRI: single lesion segment VI, 3.4 cm, well-defined, no vascular contact. KRAS mutated.
MDT Discussion: Late solitary metastasis, anatomically favorable for isolated resection.","Step 1 – Resectability Assessment  
- Classification: Resectable.  
- Justification:  
   Imaging shows a single 3.4 cm metastasis confined to segment VI with a well‑defined capsule and no contact with major hepatic vessels, fulfilling the technical requirement of achieving an R0 resection while preserving at least two contiguous liver segments and adequate inflow/outflow.  
   The lesion size (<5 cm) and solitary nature meet oncologic criteria for curative intent.  
   No extra‑hepatic disease is reported on the available work‑up, satisfying the oncologic prerequisite of disease limited to the liver.  
   Metachronous presentation (5 years after primary resection) is associated with more favorable biology.  
   KRAS mutation and elevated CEA are adverse prognostic markers but do not preclude resection; they influence systemic therapy choices rather than resectability.  

Step 2 – Recommended strategy  
A. Comprehensive pre‑operative assessment  
   - Repeat high‑resolution liver MRI (including hepatobiliary phase) and contrast‑enhanced CT of chest/abdomen to confirm absence of occult extra‑hepatic disease.  
   - Calculate future liver remnant (FLR) volume; a segment VI resection typically leaves >30 % FLR in a normal liver.  
   - Perform routine pre‑operative labs (CBC, LFTs, coagulation profile, renal function) and cardiopulmonary evaluation (ECOG/ASA) to ensure fitness for major surgery.  

B. Up‑front hepatic resection  
   - Proceed with a laparoscopic or open anatomical segmentectomy of segment VI (or non‑anatomical wedge if intra‑operative ultrasound confirms clear margins).  
   - Aim for ≥1 mm (R0) microscopic margin; intra‑operative ultrasound and palpation to exclude additional lesions.  
   - Rationale: solitary, technically favorable lesion allows curative‑intent surgery without the need for pre‑operative down‑staging.  

C. Post‑operative systemic therapy  
   - Initiate adjuvant chemotherapy within 6–8 weeks after surgery (e.g., FOLFOX).  
   - Given KRAS mutation, anti‑EGFR agents are ineffective; consider adding bevacizumab (anti‑VEGF) if not contraindicated.  
   - Rationale: high CEA and KRAS mutation indicate a higher risk of microscopic disease; adjuvant therapy improves disease‑free survival.  

D. Surveillance  
   - Serial CEA measurements every 3 months for the first 2 years, then every 6 months.  
   - Cross‑sectional imaging (contrast‑enhanced MRI or CT) at 6‑month intervals for the first 2 years, then annually, to detect recurrence early.  
   - Rationale: early detection of hepatic or extra‑hepatic recurrence allows timely salvage therapy (repeat resection, ablation, or systemic treatment).  

","Step 1 – Resectability assessment
The patient presents with a single metachronous liver metastasis in segment VI (3.4 cm), without evidence of extrahepatic disease and no vascular contact on MRI. The lesion is peripheral and technically amenable to a parenchymal-sparing resection with preservation of an adequate future liver remnant. According to hepatobiliary oncologic criteria for late solitary, anatomically favorable metastasis, this pattern is considered resectable.

Step 2 – Recommended oncologic sequence
A. Surgical management upfront
• Given the long disease-free interval and isolated liver involvement, immediate surgical resection is appropriate without mandatory neoadjuvant chemotherapy.
• Perform a segment VI wedge/segmentectomy guided by intra-operative ultrasound aiming for R0 margins.
• The goal is R0 resection while preserving maximal functional liver parenchyma and avoiding major hepatectomy.
• Use intra operative ultrasound to verify lesion location and margins. 
• Ideally, consider minimally invasive approach (laparoscopic or robotic) for liver resection.
• Preoperative prehabilitation and ERAS (Enhanced Recovery After Surgery) protocols are evidence-based, multidisciplinary strategies designed to optimize patient health before surgery and accelerate recovery afterward.

C. Postoperative systemic therapy
• Pathology report : confirmation of tumor type and origin, immunohistochemistry with tumor markers, histological growth pattern, margin status (R0, R1, R2), tumor grade, differentiation, pathologic response score (TRG), necrosis/fibrosis
• Initiate adjuvant doublet chemotherapy (FOLFOX or CAPOX ± bevacizumab).
• KRAS mutation excludes anti-EGFR therapy.
• Complete a total of 6 months of systemic treatment.

D. Surveillance
• Close postoperative follow-up with CEA and imaging every 3 months.

"
30,"Man, 72 years old, history of right colon resection 2 years prior (T3N0M0). Surveillance: CEA 250 ng/mL. Liver MRI: three lesions segments IV, V and VII (2.0 to 3.6 cm). RAS wild-type.
MDT Discussion: Bilobar metachronous metastases, no extra-hepatic involvement, feasible in a single surgery.","Step 1 – Resectability Assessment  
- Classification: Resectable.  
- Justification:  
   Technical criteria – three lesions (2.0‑3.6 cm) located in segments IV, V and VII can be removed with negative margins while preserving at least two contiguous liver segments (e.g., left lateral sector II‑III) and maintaining a future liver remnant (FLR) >30 % of total liver volume. No involvement of major hepatic veins or portal pedicles is reported.  
   Oncologic criteria – metachronous disease, ≤3 lesions, each <5 cm, no extra‑hepatic disease, RAS wild‑type, and a disease‑free interval of 2 years all favor a curative‑intent approach.  
   MDT comment explicitly states “feasible in a single surgery,” supporting resectability.

Step 2 – Recommended strategy  
A. Neoadjuvant systemic therapy (2–3 months)  
   - Regimen: FOLFOX (or CAPOX) plus an anti‑EGFR antibody (cetuximab or panitumumab) given RAS wild‑type status.  
   - Rationale: High CEA (250 ng/mL) and bilobar disease are adverse prognostic factors; peri‑operative chemotherapy provides “proof of time,” treats micrometastatic disease, and may improve R0 rates.  

B. Restaging assessment  
   - Repeat contrast‑enhanced MRI (or CT) and CEA measurement after chemotherapy.  
   - Rationale: Confirm disease stability or response, re‑evaluate FLR volume, and exclude new extra‑hepatic lesions before committing to surgery.  

C. Curative‑intent liver resection (single‑stage)  
   - Planned operation: Non‑anatomic or segmental resections of segments IV, V and VII (or a limited right hepatectomy sparing left lateral sector) aiming for R0 margins ≥1 mm.  
   - Intra‑operative ultrasound to locate all lesions and verify margins.  
   - Ensure preservation of ≥30 % FLR (or liver‑to‑body‑weight ratio >0.5 %).  
   - Rationale: Technical feasibility allows complete extirpation in one procedure, avoiding the morbidity of staged approaches.  

D. Adjuvant systemic therapy (3–6 months)  
   - Continue the same doublet ± biologic regimen used pre‑operatively, unless toxicity dictates modification.  
   - Rationale: Consolidates disease control after surgery and addresses potential residual microscopic disease.  

E. Surveillance  
   - CEA every 3 months for the first 2 years, then every 6 months; cross‑sectional imaging (CT or MRI) at 6‑month intervals or sooner if CEA rises.  
   - Rationale: Early detection of recurrence, which occurs in up to 50 % of resected patients.  

","Step 1 – Resectability assessment
The patient presents with three metachronous liver metastases located in segments IV, V, and VII (2.0–3.6 cm), without evidence of extrahepatic disease. Although bilobar, the limited number and peripheral location of the lesions suggest that parenchymal-sparing resections can achieve R0 margins while preserving an adequate future liver remnant. According to hepatobiliary oncologic criteria for limited bilobar metachronous metastases, this pattern is considered resectable.

Step 2 – Recommended oncologic sequence
A. Preoperative staging
• Perform high-resolution liver MRI and contrast-enhanced CT to define precise vascular and biliary relationships and to calculate the future liver remnant (FLR).
• Given the high CEA level (250 ng/mL), perform high-resolution 18FDG PET-CT to confirm absence of additional occult lesions.

B. Consider short peri-operative systemic therapy
• Given the elevated CEA level (250 ng/mL), a short course (2–3 months) of peri-operative doublet chemotherapy (FOLFOX or FOLFIRI ± anti-EGFR given RAS wild-type status may be considered to treat micrometastatic disease and assess tumor biology.

C. Restaging before surgery
• Perform high-resolution liver MRI and enhanced CT-scan after chemotherapy to confirm maintained resectability and reassess lesion relationships.

D. Surgical management
• If resectability is confirmed, perform a single-stage parenchymal-sparing surgery guided by intra-operative ultrasound:
– Segment IV wedge/segmentectomy or ablation.
– Segment V wedge resection or ablation.
– Segment VII wedge resection or ablation.
• The goal is R0 resection while preserving maximal functional liver parenchyma and avoiding major hepatectomy.
• Use intra operative ultrasound to verify lesion location and margins. 
• Ideally, consider minimally invasive approach (laparoscopic or robotic) for liver resection.
• Preoperative prehabilitation and ERAS (Enhanced Recovery After Surgery) protocols are evidence-based, multidisciplinary strategies designed to optimize patient health before surgery and accelerate recovery afterward.

E. Postoperative therapy and surveillance
• Pathology report : confirmation of tumor type and origin, immunohistochemistry with tumor markers, histological growth pattern, margin status (R0, R1, R2), tumor grade, differentiation, pathologic response score (TRG), necrosis/fibrosis
• Complete a total of 6 months of systemic chemotherapy including pre-operative cycles if administered.
• Close surveillance with CEA and imaging at 3-month intervals.

"
31,"Woman, 63 years old, rectal tumor operated 3 years earlier (T3N1M0). Surveillance liver MRI: segment VIII lesion, 2.8 cm, hypermetabolic on PET. No other foci on PET. KRAS mutated.
MDT Discussion: Single metachronous metastasis, accessible, good general condition.","Step 1 – Resectability Assessment  
- Resectable.  
  • Single metachronous lesion, 2.8 cm, in segment VIII – amenable to an anatomic segmentectomy or non‑anatomic wedge with clear margins.  
  • No other intra‑ or extra‑hepatic disease on PET/CT, fulfilling the oncologic criterion of liver‑only disease.  
  • Metachronous presentation (3 years after primary resection) is a favorable prognostic factor.  
  • KRAS mutation is a negative prognostic marker but does not preclude resection.  
  • Assuming a standard liver volume, removal of a single segment will leave >70 % future liver remnant, well above the 30 % (or FLR > 0.5 % body weight) threshold.  
  • Patient described as “good general condition,” suggesting adequate performance status and low operative risk.  

Step 2 – Recommended strategy  
A. Pre‑operative confirmation  
   – Obtain high‑resolution liver MRI with hepatobiliary contrast and volumetric analysis to verify FLR >30 % and to map vascular anatomy.  
   – Review recent labs (CBC, LFTs, coagulation, CEA) and assess ECOG/ASA.  
   – Multidisciplinary confirmation that no occult extra‑hepatic disease is present.  

B. Decision on neoadjuvant therapy  
   – Given solitary small lesion, good performance status, and absence of high‑risk features, proceed directly to surgery (upfront hepatectomy).  
   – If any concern about micrometastatic disease or if postoperative pathology shows high‑risk features, plan adjuvant systemic therapy (e.g., 3–6 months FOLFOX ± anti‑EGFR not indicated because of KRAS mutation).  

C. Surgical resection (liver‑first approach)  
   – Perform laparoscopic or open segment VIII resection (anatomic segmentectomy or wedge) with intra‑operative ultrasound guidance to ensure negative (R0) margins (≥1 mm).  
   – Preserve at least two contiguous segments with intact inflow/outflow and biliary drainage.  
   – No need for portal vein embolization or two‑stage hepatectomy.  

D. Post‑operative management  
   – Pathology review for margin status, tumor regression grade, and nodal involvement.  
   – If R0 resection confirmed, initiate adjuvant chemotherapy (FOLFOX) for 3–6 months, given KRAS‑mutated disease.  
   – Schedule surveillance: CEA every 3 months for 2 years, then every 6 months; contrast‑enhanced MRI or CT of liver and chest CT every 6 months for the first 2 years, then annually.  

","Step 1 – Resectability assessment
The patient presents with a single metachronous liver metastasis in segment VIII (2.8 cm), hypermetabolic on PET, without evidence of extrahepatic disease. Although located in a posterior segment, the lesion is technically amenable to a parenchymal-sparing resection with preservation of an adequate future liver remnant. According to hepatobiliary oncologic criteria for solitary, metachronous, anatomically accessible metastasis, this pattern is considered resectable.

Step 2 – Recommended oncologic sequence
A. Preoperative staging
• Perform high-resolution liver MRI and contrast-enhanced CT to precisely define vascular and biliary relationships and calculate the future liver remnant (FLR).
• CEA dosage.

B. Surgical management upfront
• Given the long disease-free interval and isolated liver involvement, immediate surgical resection is appropriate without mandatory neoadjuvant chemotherapy.
• Perform a parenchymal-sparing wedge/segmentectomy of segment VIII aiming for R0 margins.
• Use intra operative ultrasound to verify lesion location and margins. 
• Ideally, consider minimally invasive approach (laparoscopic or robotic) for liver resection.
• Preoperative prehabilitation and ERAS (Enhanced Recovery After Surgery) protocols are evidence-based, multidisciplinary strategies designed to optimize patient health before surgery and accelerate recovery afterward.

C. Postoperative systemic therapy
• Pathology report : confirmation of tumor type and origin, immunohistochemistry with tumor markers, histological growth pattern, margin status (R0, R1, R2), tumor grade, differentiation, pathologic response score (TRG), necrosis/fibrosis
• Initiate adjuvant doublet chemotherapy (FOLFOX or CAPOX ± bevacizumab).
• KRAS mutation excludes anti-EGFR therapy.
• Complete a total of 6 months of systemic treatment.

D. Surveillance
• Close postoperative follow-up with CEA and imaging every 3 months.

"
32,"Man, 67 years old, left colectomy for T4N2M0 colon cancer 18 months ago. Surveillance: CEA 380 ng/mL. Liver MRI: four bilobar lesions, 2 to 3.5 cm.thoracic CT scan negative for metastases. BRAF wild-type.
MDT Discussion: Metachronous liver recurrence, potentially resectable based on volumetric assessment.","Step 1 – Resectability Assessment  
- Classification: Potentially resectable.  
- Technical factors supporting resectability:  
  • Four liver metastases, each ≤3.5 cm, bilobar distribution.  
  • No radiologic evidence of extra‑hepatic disease on thoracic CT.  
  • Volumetric assessment (as reported) indicates that a future liver remnant (FLR) of ≥30 % can be achieved, satisfying the standard technical threshold.  
- Biological/clinical factors suggesting caution:  
  • Very high CEA (380 ng/mL) indicating aggressive tumor biology.  
  • Metachronous presentation (favorable) and left‑sided, BRAF‑wild‑type primary (favorable).  
  • Number of lesions (four) is at the upper limit of what is routinely resected without conversion therapy.  
- Therefore, while a margin‑negative (R0) resection is technically feasible, the high tumor marker and lesion count warrant a neoadjuvant systemic approach to confirm disease control before definitive surgery, placing the case in the “potentially resectable” category.

Step 2 – Recommended strategy  
A. Neoadjuvant systemic therapy (2–3 months)  
   - Preferred regimen: FOLFOX or CAPOX combined with an anti‑EGFR monoclonal antibody (cetuximab or panitumumab) because the tumor is RAS‑wild‑type (assumed) and BRAF‑wild‑type.  
   - Goals: reduce tumor burden, lower CEA, treat occult micrometastases, and provide a “proof of time” to confirm biologic stability.  

B. Restaging after neoadjuvant therapy  
   - Repeat liver MRI with hepatocyte‑specific contrast, CT chest, and serum CEA.  
   - Re‑calculate FLR; if FLR <30 % or borderline, plan portal vein embolization (PVE) to augment hypertrophy.  

C. Surgical phase – choose based on FLR and response:  
   - If FLR adequate (>30 % and remnant liver/body‑weight ratio >0.5) and disease remains resectable: proceed to a single‑stage, margin‑negative (≥1 mm) hepatectomy, employing a combined right‑plus‑left lateral/segmental resection as needed.  
   - If FLR borderline or response modest: perform a staged approach:  
        1. First stage – right portal vein embolization (or ligation) ± limited resection of accessible lesions.  
        2. Interval (4–6 weeks) for hypertrophy, re‑assessment of FLR.  
        3. Second stage – completion hepatectomy (e.g., right hepatectomy or extended left resection) to achieve R0 clearance of all lesions.  
   - Rationale: staged or PVE‑assisted strategy minimizes risk of postoperative liver failure in bilobar disease.  

D. Post‑operative (adjuvant) systemic therapy  
   - Continue the same chemotherapy backbone for an additional 3–6 months, adjusting based on postoperative pathology and tolerance.  

E. Surveillance  
   - CEA every 3 months for the first 2 years, then every 6 months.  
   - Contrast‑enhanced MRI of the liver and CT chest/abdomen every 6 months for the first 3 years, then annually.  

","Step 1 – Resectability assessment
The patient presents with four metachronous bilobar liver metastases (2–3.5 cm) without evidence of extrahepatic disease. Although distributed in both lobes, the limited number and size of lesions suggest that parenchymal-sparing resections could achieve R0 margins while preserving an adequate future liver remnant. According to hepatobiliary oncologic criteria for limited bilobar metachronous metastases, this pattern is considered resectable, pending volumetric confirmation.

Step 2 – Recommended oncologic sequence
A. Preoperative staging and volumetric assessment
• Perform high-resolution contrast-enhanced CT to precisely define the segmental distribution and vascular/biliary relationships of the 4 lesions.
• Calculate the future liver remnant (FLR) to confirm feasibility of a single-stage approach.

B. Consider short peri-operative systemic therapy
• Given the high CEA level (380 ng/mL) and early recurrence (18 months), a short course (2–3 months) of peri-operative doublet chemotherapy (FOLFOX or FOLFIRI ± bevacizumab) is advisable to treat micrometastatic disease and assess tumor biology.
• BRAF wild-type does not modify the surgical indication.

C. Restaging before surgery
• Perform high-resolution liver MRI and enhanced CT-scan after chemotherapy to confirm maintained resectability and reassess lesion relationships.

D. Surgical management after restaging
• If resectability and adequate FLR are confirmed, perform parenchymal-sparing resections or ablation of the four lesions guided by intra-operative ultrasound aiming for R0 margins.
• Depending on lesion distribution and FLR, this may be performed in a single stage or staged approach.
• Use intra operative ultrasound to verify lesion location and margins. 
• Ideally, consider minimally invasive approach (laparoscopic or robotic) for liver resection.
• Preoperative prehabilitation and ERAS (Enhanced Recovery After Surgery) protocols are evidence-based, multidisciplinary strategies designed to optimize patient health before surgery and accelerate recovery afterward.

E. Postoperative therapy
• Pathology report : confirmation of tumor type and origin, immunohistochemistry with tumor markers, histological growth pattern, margin status (R0, R1, R2), tumor grade, differentiation, pathologic response score (TRG), necrosis/fibrosis
• Complete a total of 6 months of systemic chemotherapy including pre-operative cycles.
• Close surveillance with CEA and imaging at 3-month intervals.

"
33,"Woman, 54 years old, right colon adenocarcinoma resected 3 years earlier. CEA 520 ng/mL. at the abdominal CT scan: two liver metastases (segments II and VI), sizes 3.1 and 4.0 cm. KRAS mutated.
MDT Discussion: Bilobar metachronous liver recurrence, anatomically possible.","Step 1 – Resectability Assessment  
- Classification: Potentially resectable (high‑risk resectable disease).  
- Technical factors supporting resectability:  
  • Two discrete metastases (3.1 cm in segment II, 4.0 cm in segment VI) – both amenable to non‑anatomic wedge resection.  
  • Bilobar distribution but limited number; expected future liver remnant (FLR) >30 % of total liver volume.  
  • No reported vascular invasion, biliary involvement, or need for major hepatectomy.  
- Oncologic factors suggesting caution:  
  • Very elevated CEA (520 ng/mL) – marker of aggressive biology.  
  • KRAS mutation – associated with poorer prognosis and reduced responsiveness to anti‑EGFR agents.  
  • Metachronous recurrence after 3 years, but high tumor marker raises concern for occult disease.  
- Conclusion: lesions are technically resectable, but the unfavorable biological profile warrants neoadjuvant systemic therapy to confirm disease control before definitive surgery, thus placing the case in the “potentially resectable” category.

Step 2 - Recommended strategy  
A. Restaging and baseline assessment  
   - Obtain high‑resolution liver MRI with hepatocyte‑specific contrast (or triphasic CT) to confirm lesion size, number, and relationship to vascular structures.  
   - Perform chest CT (or PET‑CT if available) to exclude occult extra‑hepatic disease.  
   - Calculate FLR volume; if <30 % (or <0.5 %/kg body weight), plan portal vein embolization (PVE) before resection.  
   - Review performance status (ECOG/ASA), liver function tests, and comorbidities.  

B. Neoadjuvant systemic therapy  
   - Initiate 4–6 cycles of a fluoropyrimidine‑oxaliplatin doublet (FOLFOX or CAPEOX) combined with bevacizumab (anti‑VEGF) – anti‑EGFR agents are contraindicated by KRAS mutation.  
   - Goal: achieve disease stability or partial response, obtain “proof of time” for tumor biology, and potentially downsize lesions to facilitate margin‑negative resection.  
   - Monitor CEA after each cycle; a significant decline (e.g., >50 %) would support proceeding to surgery.  

C. Re‑evaluation and surgical planning  
   - Repeat imaging after chemotherapy to assess response and FLR.  
   - If lesions remain resectable with adequate FLR, schedule liver‑only surgery (no need for colon resection, primary already removed).  
   - Preferred operative approach: open or minimally invasive (laparoscopic/robotic) non‑anatomic wedge resections of segment II and segment VI with aim for R0 margins (≥1 mm).  
   - If FLR is marginal, perform pre‑operative PVE and re‑image after hypertrophy before resection.  

D. Post‑operative adjuvant therapy and surveillance  
   - Complete a total of 6 months of peri‑operative chemotherapy (add 2–3 cycles post‑resection if not already completed).  
   - Serial CEA measurements every 6–8 weeks for the first 6 months, then every 3–4 months.  
   - Imaging surveillance (contrast‑enhanced MRI or CT) every 3 months for the first 2 years, then every 6 months up to 5 years.  

","Step 1 – Resectability assessment
The patient presents with two metachronous liver metastases located in segments II and VI (3.1 and 4.0 cm), without evidence of extrahepatic disease. Although bilobar, both lesions are peripherally located and technically amenable to parenchymal-sparing resections with preservation of an adequate future liver remnant. According to hepatobiliary oncologic criteria for limited bilobar metachronous metastases, this pattern is considered resectable.

Step 2 – Recommended oncologic sequence
A. Preoperative staging
• Perform high-resolution liver MRI and contrast-enhanced CT to precisely define vascular and biliary relationships and to calculate the future liver remnant (FLR).
• Given the high CEA level (520 ng/mL), perform high-resolution 18FDG PET-CT to confirm absence of additional occult lesions.

B. Consider short peri-operative systemic therapy
• Given the very high CEA level (520 ng/mL), a short course (2–3 months) of peri-operative doublet chemotherapy (FOLFOX or FOLFIRI ± bevacizumab) is advisable to treat micrometastatic disease and assess tumor biology.
• KRAS mutation excludes anti-EGFR therapy.

C. Restaging before surgery
• Perform high-resolution liver MRI and enhanced CT-scan after chemotherapy to confirm maintained resectability and reassess lesion relationships.

D. Surgical management after restaging
• If stability or response is observed, perform parenchymal-sparing wedge/segmental resections or ablation of segments II and VI guided by intra-operative ultrasound.
• Aim for R0 resection while preserving maximal liver parenchyma.
• Use intra operative ultrasound to verify lesion location and margins. 
• Ideally, consider minimally invasive approach (laparoscopic or robotic) for liver resection.
• Preoperative prehabilitation and ERAS (Enhanced Recovery After Surgery) protocols are evidence-based, multidisciplinary strategies designed to optimize patient health before surgery and accelerate recovery afterward.

D. Postoperative therapy
• Pathology report : confirmation of tumor type and origin, immunohistochemistry with tumor markers, histological growth pattern, margin status (R0, R1, R2), tumor grade, differentiation, pathologic response score (TRG), necrosis/fibrosis
• Complete a total of 6 months of systemic chemotherapy including pre-operative cycles.
• Close surveillance with CEA and imaging at 3-month intervals.

"
34,"Man, 60 years old, right colectomy for T3N1 tumor 2 years ago. CEA 140 ng/mL. Liver MRI: three liver metastases (IV, V, VI), sizes 2 to 3 cm. RAS wild-type.
MDT Discussion: Limited liver involvement, no other locations.","Step 1 – Resectability Assessment  
- Classification: Resectable  
- Justification:  
   Three metastases, each 2‑3 cm, located in segments IV, V and VI – limited number and size.  
   Distribution is bilobar but confined to segments that can be removed with parenchyma‑sparing wedge or segmental resections while preserving at least two contiguous liver segments.  
   No radiologic evidence of extra‑hepatic disease.  
   Assuming normal liver parenchyma, resection of these three lesions would leave a future liver remnant (FLR) well above the minimum 20‑30 % required for safe hepatectomy.  
   RAS wild‑type status does not preclude surgery; it informs systemic therapy choice.  

Step 2 – Recommended strategy  
A. Comprehensive restaging  
   - Obtain chest CT (or PET‑CT) to definitively exclude pulmonary or other extra‑hepatic metastases.  
   - Perform liver volumetry (CT or MRI) to quantify FLR and confirm adequacy.  
   - Review performance status, comorbidities, liver function tests, and prior chemotherapy exposure.  

B. Peri‑operative systemic therapy (neoadjuvant)  
   - Initiate 2–3 months of FOLFOX (5‑FU/oxaliplatin) combined with an anti‑EGFR agent (cetuximab) given RAS wild‑type, aiming for disease control and to assess tumor biology.  
   - Rationale: high CEA (140 ng/mL) suggests aggressive biology; pre‑operative chemotherapy can treat occult micrometastases, potentially improve disease‑free survival, and provide a “test of time” for tumor behavior.  

C. Curative‑intent liver resection  
   - Restage with liver MRI after chemotherapy; if disease remains resectable, proceed to surgery.  
   - Perform parenchyma‑sparing resections (segmentectomy or non‑anatomic wedge) of lesions in segments IV, V and VI, aiming for R0 margins (≥1 mm).  
   - Use intra‑operative ultrasound to confirm lesion location and exclude occult disease.  
   - Preserve at least two contiguous segments and maintain inflow/outflow and biliary drainage to the FLR.  

D. Adjuvant therapy and surveillance  
   - Complete a total of 6 months of systemic therapy (continue postoperative chemotherapy to reach the planned duration).  
   - Monitor CEA serially (post‑op baseline then every 3 months).  
   - Imaging surveillance with contrast‑enhanced MRI or CT of the liver and chest CT every 6 months for the first 2 years, then annually.  

","Step 1 – Resectability assessment
The patient presents with three metachronous liver metastases located in segments IV, V, and VI (2–3 cm). The lesions are limited in number and anatomically amenable to parenchymal-sparing resections while preserving an adequate future liver remnant. According to hepatobiliary oncologic criteria for limited, anatomically accessible metastases, this pattern is considered resectable.

Step 2 – Recommended oncologic sequence
A. Preoperative staging
• Perform high-resolution contrast-enhanced CT to define precise vascular and biliary relationships and to calculate the future liver remnant (FLR).
• Given the high CEA level (140 ng/mL), perform high-resolution 18FDG PET-CT to confirm absence of additional occult lesions.

B. Consider short peri-operative systemic therapy
• Given the elevated CEA level (140 ng/mL) and relatively early recurrence (2 years), a short course (2–3 months) of peri-operative doublet chemotherapy (FOLFOX or FOLFIRI ± anti-EGFR given RAS wild-type status) may be considered to treat micrometastatic disease and assess tumor biology.

C. Restaging before surgery
• Perform high-resolution liver MRI and enhanced CT-scan after chemotherapy to confirm maintained resectability and reassess lesion relationships.

D. Surgical management
• If resectability is confirmed, perform parenchymal-sparing resections or ablation of segments IV, V, and VI guided by intra-operative ultrasound.
• Aim for R0 resection while preserving maximal functional liver parenchyma.
• Use intra operative ultrasound to verify lesion location and margins. 
• Ideally, consider minimally invasive approach (laparoscopic or robotic) for liver resection.
• Preoperative prehabilitation and ERAS (Enhanced Recovery After Surgery) protocols are evidence-based, multidisciplinary strategies designed to optimize patient health before surgery and accelerate recovery afterward.

E. Postoperative therapy
• Pathology report : confirmation of tumor type and origin, immunohistochemistry with tumor markers, histological growth pattern, margin status (R0, R1, R2), tumor grade, differentiation, pathologic response score (TRG), necrosis/fibrosis
• Complete a total of 6 months of systemic chemotherapy including pre-operative cycles if administered.
• Close surveillance with CEA and imaging at 3-month intervals.

"
35,"Woman, 74 years old, rectal cancer resected 5 years ago, new CEA elevation to 600 ng/mL. at the thoraco-abdominal CT scan: single liver metastasis segment IVa (4.2 cm). KRAS mutated.
MDT Discussion: Late solitary metastasis, potentially curable situation.","Step 1 – Resectability Assessment  
- Classification: Resectable (potentially curable).  
- Technical justification: solitary 4.2 cm metastasis confined to segment IVa; resection can be achieved with a segmentectomy or limited left hepatectomy while preserving ≥30 % future liver remnant (FLR) and maintaining vascular inflow/outflow and biliary drainage.  
- Oncologic justification: metachronous presentation (5 years after primary), solitary lesion, no reported extra‑hepatic disease, and the lesion is amenable to an R0 margin. KRAS mutation is a negative prognostic factor but does not preclude resection. The very high CEA (600 ng/mL) raises concern for aggressive biology, supporting the need for systemic therapy before definitive surgery, but does not make the disease unresectable.  

Step 2 – Recommended strategy  
A. Comprehensive restaging – obtain liver‑specific MRI with hepatobiliary contrast, chest CT (or PET‑CT) to exclude occult extra‑hepatic disease, assess liver function (bilirubin, INR, albumin), calculate FLR volumetrically, and document performance status/comorbidities.  
B. Neoadjuvant systemic therapy – 2–3 months of a doublet regimen (e.g., FOLFOX ± bevacizumab) given the KRAS‑mutated status and markedly elevated CEA. Goals: (i) “test of time” to confirm disease stability, (ii) treat micrometastatic disease, (iii) potentially improve postoperative disease‑free survival.  
C. Surgical resection – after imaging confirms stable or responding disease and adequate FLR, proceed to curative‑intent liver surgery: anatomical segment IVa resection (segmentectomy) or left lateral sectionectomy, aiming for R0 margins (>1 mm) and preserving ≥30 % functional liver. No need for simultaneous colorectal surgery because the rectal primary was resected previously.  
D. Adjuvant/maintenance therapy – resume systemic chemotherapy to complete a total of 6 months peri‑operative treatment (e.g., additional 3–4 months post‑op). KRAS mutation precludes anti‑EGFR agents; consider continuation of bevacizumab if tolerated. Implement intensive surveillance: CEA every 3 months, cross‑sectional imaging (CT or MRI) every 6 months for the first 2 years, then annually.  

","Step 1 – Resectability assessment
The patient presents with a single metachronous liver metastasis in segment IVa (4.2 cm), without evidence of extrahepatic disease. Despite its central location, the lesion is technically amenable to a parenchymal-sparing resection with preservation of an adequate future liver remnant. According to hepatobiliary oncologic criteria for late solitary, anatomically accessible metastasis, this pattern is considered resectable.

Step 2 – Recommended oncologic sequence
A. Preoperative staging
• Perform high-resolution liver MRI to precisely define vascular and biliary relationships.
• Given the high CEA level (600 ng/mL), perform high-resolution 18FDG PET-CT to confirm absence of additional occult lesions.

B. Surgical management upfront
• Given the long disease-free interval and isolated liver involvement, immediate surgical resection is appropriate without mandatory neoadjuvant chemotherapy.
• Perform a segment IVa wedge/segmentectomy guided by intra-operative ultrasound aiming for R0 margins.
• Aim for R0 resection while preserving maximal functional liver parenchyma.
• Use intra operative ultrasound to verify lesion location and margins. 
• Ideally, consider minimally invasive approach (laparoscopic or robotic) for liver resection.
• Preoperative prehabilitation and ERAS (Enhanced Recovery After Surgery) protocols are evidence-based, multidisciplinary strategies designed to optimize patient health before surgery and accelerate recovery afterward.

C. Postoperative systemic therapy
• Pathology report : confirmation of tumor type and origin, immunohistochemistry with tumor markers, histological growth pattern, margin status (R0, R1, R2), tumor grade, differentiation, pathologic response score (TRG), necrosis/fibrosis
• Initiate adjuvant doublet chemotherapy (FOLFOX or CAPOX ± bevacizumab).
• KRAS mutation excludes anti-EGFR therapy.
• Complete a total of 6 months of systemic treatment.

D. Surveillance
• Close postoperative follow-up with CEA and imaging every 3 months.

"
36,"Man, 59 years old, left T3N1 colon cancer operated 3 years earlier. Surveillance: CEA 310 ng/mL. Liver MRI: segment VII lesion (3.8 cm) and small segment V lesion. BRAF wild-type.
MDT Discussion: Metachronous liver recurrence, eligible for local treatment.","Step 1 – Resectability Assessment  
- Classification: Potentially resectable (technically resectable but biologically high‑risk).  
- Technical factors supporting resectability:  
  • Two liver metastases (segment VII 3.8 cm and a small lesion in segment V).  
  • Both lesions are amenable to anatomic or non‑anatomic resection while preserving ≥30 % future liver remnant (FLR) – typical FLR after resection of segment VII and a wedge of segment V would exceed the 30 % threshold in a 70‑kg adult.  
  • No reported extra‑hepatic disease on imaging.  
- Biological/clinical factors suggesting caution:  
  • Very elevated CEA (310 ng/mL) indicating aggressive tumor biology.  
  • Metachronous recurrence after a 3‑year disease‑free interval is favorable, but the high CEA and nodal positivity (N1) at primary resection raise recurrence risk.  
- Medical fitness cannot be confirmed from the data (performance status, cardiopulmonary reserve, liver function).  

Step 2 – Recommended strategy  
A. Neoadjuvant systemic therapy (e.g., 2–3 months of FOLFOX ± bevacizumab or an oxaliplatin‑based doublet).  
   – Rationale: “test of time” to assess tumor biology, down‑size lesions if possible, and treat micrometastatic disease given high CEA.  

B. Restaging after neoadjuvant therapy with contrast‑enhanced MRI and CT of chest/abdomen.  
   – Rationale: Confirm that lesions remain resectable, evaluate response, and rule out new extra‑hepatic sites.  

C. Curative‑intent liver resection (segment VII anatomical resection ± non‑anatomic wedge of segment V) aiming for R0 margins and preserving ≥30 % FLR.  
   – Rationale: Technical feasibility confirmed; removal of all visible disease offers best chance for long‑term survival.  

D. Adjuvant systemic therapy to complete a total of 6 months of peri‑operative chemotherapy (or longer if response was suboptimal).  
   – Rationale: Improves disease‑free survival in resected CRLM, especially in high‑risk patients.  

E. Surveillance (CEA every 3 months, cross‑sectional imaging every 6 months for the first 2 years, then annually).  
   – Rationale: Early detection of recurrence, which is common after hepatic resection.  

","Step 1 – Resectability assessment
The patient presents with two metachronous liver metastases: a 3.8 cm lesion in segment VII and a small lesion in segment V. Both lesions are peripherally located in the right liver and technically amenable to parenchymal-sparing resections while preserving an adequate future liver remnant. According to hepatobiliary oncologic criteria for limited, metachronous, anatomically accessible metastases, this pattern is considered resectable.

Step 2 – Recommended oncologic sequence
A. Preoperative staging
• Perform high-resolution liver contrast-enhanced CT to define precise vascular and biliary relationships of both lesions and to calculate the future liver remnant (FLR).
• Given the high CEA level (310 ng/mL), perform high-resolution 18FDG PET-CT to confirm absence of additional occult lesions.

B. Consider short peri-operative systemic therapy
• Given the elevated CEA level (310 ng/mL), a short course (2–3 months) of peri-operative doublet chemotherapy (FOLFOX or FOLFIRI ± bevacizumab) is advisable to treat micrometastatic disease and assess tumor biology.
• KRAS status is unknown
• BRAF wild-type does not modify the surgical indication.
• The objective is treat micrometastatic disease and assess tumor biology

C. Restaging before surgery
• Perform high-resolution liver MRI and enhanced CT-scan after chemotherapy to confirm maintained resectability and reassess lesion relationships.

C. Surgical management after restaging
• If stability or response is observed, perform parenchymal-sparing wedge/segmental resections of segments VII and V guided by intra-operative ultrasound.
• Aim for R0 resection while preserving maximal functional liver parenchyma.
• Use intra operative ultrasound to verify lesion location and margins. 
• Ideally, consider minimally invasive approach (laparoscopic or robotic) for liver resection.
• Preoperative prehabilitation and ERAS (Enhanced Recovery After Surgery) protocols are evidence-based, multidisciplinary strategies designed to optimize patient health before surgery and accelerate recovery afterward.

D. Postoperative therapy
• Pathology report : confirmation of tumor type and origin, immunohistochemistry with tumor markers, histological growth pattern, margin status (R0, R1, R2), tumor grade, differentiation, pathologic response score (TRG), necrosis/fibrosis
• Complete a total of 6 months of systemic chemotherapy including pre-operative cycles.
• Close surveillance with CEA and imaging at 3-month intervals.

"
37,"Woman, 68 years old, T3N2 rectal tumor operated 4 years ago. CEA 78 ng/mL. Liver MRI: two metastases segments III and VI (2 and 2.6 cm), no extra-hepatic involvement.
MDT Discussion: Bilobar metachronous recurrence, anatomically simple.","Step 1 – Resectability Assessment  
- Technically resectable: two lesions (2 cm in segment III, 2.6 cm in segment VI) are amenable to non‑anatomic wedge resection or limited segmentectomy with preservation of ≥30 % future liver remnant.  
- Oncologically favorable: metachronous presentation, ≤3 cm size, ≤2 lesions, no radiologic extra‑hepatic disease.  
- Unfavorable prognostic factors: prior T3N2 rectal cancer, elevated CEA 78 ng/mL, and unknown molecular profile (RAS/BRAF).  
- Classification: Potentially resectable – technically resectable but high‑risk biology warrants systemic therapy (“test of time”) before definitive hepatectomy.

Step 2 - Recommended strategy  
A. Restaging and baseline assessment  
   • Obtain contrast‑enhanced chest CT (or PET‑CT) to exclude occult extra‑hepatic disease.  
   • Repeat liver MRI with volumetry to calculate future liver remnant and confirm lesion stability.  
   • Laboratory work‑up: liver function tests, bilirubin, INR, albumin, and assessment of performance status (ECOG/ASA).  

B. Neoadjuvant systemic therapy (4–6 cycles)  
   • Preferred regimen: doublet chemotherapy (FOLFOX or CAPOX) ± biologic agent (bevacizumab) given prior CEA elevation and N2 status.  
   • Goal: achieve disease control, assess tumor biology, and potentially downsize lesions.  

C. Re‑evaluation after chemotherapy  
   • Repeat MRI and CEA; if lesions remain resectable and no new disease, proceed to curative‑intent liver surgery.  

D. Hepatic resection (single‑stage)  
   • Perform limited anatomical or non‑anatomic resections of segment III and segment VI lesions, aiming for R0 margins ≥1 cm when feasible.  
   • No need for concurrent colorectal surgery as the rectal primary was resected 4 years ago and is asymptomatic.  

E. Adjuvant/maintenance therapy  
   • Post‑operative 4–6 cycles of the same systemic regimen (or switch to a different doublet) to address micrometastatic disease.  
   • Serial CEA monitoring and imaging (CT/MRI) every 3–6 months for the first 2 years, then annually.  

","Step 1 – Resectability assessment
The patient presents with two metachronous liver metastases located in segments III and VI (2 and 2.6 cm), without evidence of extrahepatic disease. Although bilobar, both lesions are peripheral and technically amenable to parenchymal-sparing resections with preservation of an adequate future liver remnant. According to hepatobiliary oncologic criteria for limited bilobar metachronous metastases, this pattern is considered resectable.

Step 2 – Recommended oncologic sequence
A. Preoperative staging
• Perform high-resolution contrast-enhanced CT to define precise vascular and biliary relationships and to calculate the future liver remnant (FLR).

B. Surgical management
• Perform parenchymal-sparing wedge/segmental resections of segments III and VI guided by intra-operative ultrasound.
• Aim for R0 resection while preserving maximal functional liver parenchyma.
• Use intra operative ultrasound to verify lesion location and margins. 
• Ideally, consider minimally invasive approach (laparoscopic or robotic) for liver resection.
• Preoperative prehabilitation and ERAS (Enhanced Recovery After Surgery) protocols are evidence-based, multidisciplinary strategies designed to optimize patient health before surgery and accelerate recovery afterward.

C. Postoperative therapy
• Pathology report : confirmation of tumor type and origin, immunohistochemistry with tumor markers, histological growth pattern, margin status (R0, R1, R2), tumor grade, differentiation, pathologic response score (TRG), necrosis/fibrosis
• Complete a total of 6 months of systemic doublet chemotherapy (FOLFOX or CAPOX ± bevacizumab).
• KRAS status is unknown
• Close surveillance with CEA and imaging at 3-month intervals.

"
38,"Man, 66 years old, right colectomy for T4N2M0 cancer 24 months ago. FDG-PET: four liver foci, 1.5-3.5 cm, no extra-hepatic. KRAS mutated.
MDT Discussion: Multiple metachronous liver involvement, surgical feasibility to be discussed.","Step 1 – Resectability Assessment  
- Classification: Potentially resectable / borderline.  
- Justification:  
  • Four hepatic metastases (1.5‑3.5 cm) exceed the historic “< 4 lesions” rule but current criteria prioritize the ability to achieve an R0 resection with preservation of ≥ 2 contiguous liver segments and an adequate future liver remnant (FLR ≥ 30 % in a normal liver).  
  • No extra‑hepatic disease on PET, fulfilling the basic oncologic requirement for liver‑only curative intent.  
  • KRAS mutation is a negative prognostic factor but does not preclude resection.  
  • Lack of information on lesion distribution (unilateral vs bilateral), proximity to major vessels, and baseline liver function prevents a definitive “resectable” label; therefore the case is considered potentially resectable pending further technical assessment (volumetry, vascular anatomy) and biological assessment (response to systemic therapy).

Step 2 – Recommended strategy  
A. Restaging and technical assessment  
   - Perform high‑resolution liver MRI with hepatocyte‑specific contrast and three‑dimensional volumetric analysis.  
   - Determine FLR volume, lesion topography (segmental location, bilobar vs unilobar), and relationship to hepatic veins/portal pedicles.  
   - Review liver function tests (bilirubin, INR, albumin), indocyanine‑green clearance if available, and patient performance status (ECOG/ASA).  

B. Systemic induction therapy  
   - Initiate 2–3 months (≈ 4–6 cycles) of modern doublet chemotherapy (e.g., FOLFOX ± bevacizumab) or triplet (FOLFOXIRI) if tolerated, given the high‑risk primary (T4 N2) and KRAS‑mutated biology.  
   - Aim to (i) assess tumor biology (stability vs progression) and (ii) potentially downsize lesions to facilitate a less extensive hepatectomy.  
   - Re‑image after chemotherapy to document response and re‑evaluate resectability.  

C. Surgical plan (curative intent)  
   - If lesions are confined to one lobe and FLR ≥ 30 %: proceed with a single‑stage anatomical or non‑anatomical resection (segmentectomy/partial hepatectomy) aiming for R0 margins; consider intra‑operative ultrasound and, when needed, adjunctive radiofrequency ablation for deep or marginal lesions.  
   - If lesions are bilateral and FLR would be insufficient: adopt a staged approach:  
        • First stage – clear metastases from the future remnant liver (e.g., left lateral sectionectomy or limited resections) and perform portal vein embolization (PVE) of the diseased lobe to induce hypertrophy.  
        • Interval of 4–6 weeks with repeat imaging to confirm FLR growth (> 30 %).  
        • Second stage – resect the hypertrophied remnant‑lobe disease (right hepatectomy or extended resection).  
   - If rapid hypertrophy is required and patient fitness permits: consider ALPPS (partial) as an alternative, recognizing higher morbidity and the need for careful selection.  

D. Post‑operative systemic therapy and surveillance  
   - Resume/adapt systemic chemotherapy for 3–6 months post‑resection (same regimen if tolerated, or switch to a different backbone if progression occurred).  
   - Follow‑up schedule: CEA every 3 months, contrast‑enhanced CT or MRI of the liver every 6 months for the first 2 years, then annually; PET‑CT if CEA rises or imaging is equivocal.  

","Step 1 – Resectability assessment
The patient presents with four metachronous liver metastases (1.5–3.5 cm) without evidence of extrahepatic disease. Although multiple, the limited number and size of lesions suggest that parenchymal-sparing resections could achieve R0 margins while preserving an adequate future liver remnant. According to hepatobiliary oncologic criteria for limited metachronous liver metastases, this pattern is considered resectable, pending precise anatomical assessment.

Step 2 – Recommended oncologic sequence
A. Preoperative staging
• Perform high-resolution liver MRI and contrast-enhanced CT to define precise segmental distribution and vascular/biliary relationships of the lesions.
• Calculate the future liver remnant (FLR).
• CEA dosage

B. Consider short peri-operative systemic therapy
• Given the multiplicity of lesions and KRAS mutation, a short course (2–3 months) of peri-operative doublet chemotherapy (FOLFOX or FOLFIRI ± bevacizumab) is advisable to treat micrometastatic disease and assess tumor biology.
• KRAS mutation excludes anti-EGFR therapy.

C. Restaging before surgery
• Perform high-resolution liver MRI and enhanced CT-scan after chemotherapy to confirm maintained resectability and reassess lesion relationships.

D. Surgical management after restaging
• If resectability is confirmed, perform parenchymal-sparing resections of the four lesions guided by intra-operative ultrasound.
• Depending on distribution and FLR, a single-stage or staged approach may be selected.
• Aim for R0 resection while preserving maximal functional liver parenchyma.
• Use intra operative ultrasound to verify lesion location and margins. 
• Ideally, consider minimally invasive approach (laparoscopic or robotic) for liver resection.
• Preoperative prehabilitation and ERAS (Enhanced Recovery After Surgery) protocols are evidence-based, multidisciplinary strategies designed to optimize patient health before surgery and accelerate recovery afterward.

E. Postoperative therapy
• Pathology report : confirmation of tumor type and origin, immunohistochemistry with tumor markers, histological growth pattern, margin status (R0, R1, R2), tumor grade, differentiation, pathologic response score (TRG), necrosis/fibrosis
• Complete a total of 6 months of systemic chemotherapy including pre-operative cycles.
• Close surveillance with CEA and imaging at 3-month intervals.

"
39,"Woman, 71 years old, left colon cancer operated 5 years ago. Liver MRI: liver lesion segment V, 2.8 cm. CEA 90 ng/mL, RAS wild-type.
MDT Discussion: Isolated metastasis, favorable context, good general condition.","Step 1 – Resectability Assessment  
- Classification: Resectable.  
- Justification:  
  • Single hepatic metastasis, 2.8 cm, located in segment V – amenable to a non‑anatomic segmentectomy or wedge resection.  
  • Technical criteria for resectability are met: removal of the lesion would preserve at least two contiguous liver segments (the remaining left lateral and right posterior sectors), maintain vascular inflow/outflow and biliary drainage, and leave a future liver remnant (FLR) well above the minimum 30 % (estimated FLR > 70 % given solitary lesion).  
  • No radiologic evidence of extra‑hepatic disease on the provided MRI; MDT notes “isolated metastasis.”  
  • Patient is described as having good general condition, implying adequate performance status and organ reserve.  
  • RAS wild‑type status does not preclude surgery and supports eligibility for anti‑EGFR‑containing systemic regimens if needed.  

Step 2 - Recommended strategy  
A. Comprehensive restaging – obtain contrast‑enhanced chest CT (or PET‑CT) and a full liver CT/MRI volumetric study to confirm absence of occult extra‑hepatic disease and to quantify FLR precisely.  
   • Rationale: ensures true liver‑only disease and validates that the FLR is sufficient; aligns with oncologic criteria that require complete R0 resection of all known disease.  

B. Upfront hepatic resection – perform a segment V anatomical/non‑anatomical resection with a goal of R0 margin (≥1 mm, preferably ≥5 mm).  
   • Rationale: solitary, technically resectable lesion in a fit patient; upfront surgery avoids delay and provides the best chance for cure.  

C. Adjuvant systemic therapy – initiate 6 months of peri‑operative chemotherapy (e.g., FOLFOX ± anti‑EGFR monoclonal antibody such as cetuximab, given RAS wild‑type) beginning within 6–8 weeks post‑op once recovery is adequate.  
   • Rationale: high pre‑operative CEA (90 ng/mL) suggests aggressive biology; adjuvant chemotherapy reduces micrometastatic risk and is supported by EORTC 40983 and subsequent data.  

D. Surveillance – follow with CEA every 3 months for the first 2 years, then every 6 months; contrast‑enhanced CT or MRI of the liver and chest imaging at 6‑month intervals for at least 3 years.  
   • Rationale: early detection of recurrence improves eligibility for repeat curative interventions (re‑resection, ablation).  

","Step 1 – Resectability assessment
The patient presents with a single metachronous liver metastasis in segment V (2.8 cm), without evidence of extrahepatic disease. The lesion is technically amenable to a parenchymal-sparing resection with preservation of an adequate future liver remnant. According to hepatobiliary oncologic criteria for solitary, metachronous, anatomically favorable metastasis, this pattern is considered resectable.

Step 2 – Recommended oncologic sequence
A. Preoperative staging
• Perform high-resolution contrast-enhanced CT to define precise vascular and biliary relationships.

B. Surgical management upfront
• Given the long disease-free interval and isolated liver involvement, immediate surgical resection is appropriate without mandatory neoadjuvant chemotherapy.
• Perform a segment V wedge/segmentectomy or ablation guided by intra-operative ultrasound aiming.
• Aim for R0 resection while preserving maximal functional liver parenchyma.
• Use intra operative ultrasound to verify lesion location and margins. 
• Ideally, consider minimally invasive approach (laparoscopic or robotic) for liver resection.
• Preoperative prehabilitation and ERAS (Enhanced Recovery After Surgery) protocols are evidence-based, multidisciplinary strategies designed to optimize patient health before surgery and accelerate recovery afterward.

C. Postoperative systemic therapy
• Pathology report : confirmation of tumor type and origin, immunohistochemistry with tumor markers, histological growth pattern, margin status (R0, R1, R2), tumor grade, differentiation, pathologic response score (TRG), necrosis/fibrosis
• Initiate adjuvant doublet chemotherapy (FOLFOX or CAPOX ± anti-EGFR given RAS wild-type status).
• Complete a total of 6 months of systemic treatment.

D. Surveillance
• Close postoperative follow-up with CEA and imaging every 3 months.

"
40,"Man, 64 years old, history of rectal resection (T3N1) 2 years ago. Liver MRI: two liver metastases, segments II and VIII, 2.5 and 3 cm. Thoracic CT scan negative for metastases. KRAS mutated, CEA 240 ng/mL.
MDT Discussion: Bilobar metachronous recurrence, technically accessible.","Step 1 – Resectability Assessment  
- Technical assessment: Two isolated metastases (2.5 cm in segment II, 3 cm in segment VIII) are amenable to non‑anatomic or segmental resections; the remaining liver volume is expected to exceed the 30 % future liver remnant threshold, and vascular inflow/outflow can be preserved.  
- Oncologic assessment: Metachronous recurrence (2 years after primary surgery) is favorable, but the patient has a high pre‑operative CEA (240 ng/mL > 200 ng/mL) and a KRAS mutation, both recognized adverse prognostic factors. No extra‑hepatic disease is identified on thoracic CT.  
- Classification: Technically resectable but with unfavorable biological markers → potentially resectable / borderline. Neoadjuvant systemic therapy is recommended before definitive liver surgery to obtain “proof of time” and improve disease‑free survival.

Step 2 - Recommended strategy  
A. Neoadjuvant systemic therapy (3–4 months)  
   - Regimen: oxaliplatin‑based doublet (FOLFOX or CAPOX) plus bevacizumab (anti‑VEGF), avoiding anti‑EGFR agents because of KRAS mutation.  
   - Rationale: down‑size lesions if needed, treat occult micrometastases, and assess tumor biology through radiologic response.  

B. Restaging after chemotherapy  
   - Repeat liver MRI (or contrast‑enhanced CT) with volumetric analysis of the future liver remnant.  
   - Rationale: confirm that both lesions remain resectable and that FLR is adequate; identify any new lesions or progression.  

C. Surgical resection (if restaging confirms resectability)  
   - Perform simultaneous, non‑major hepatectomy: segment II wedge/segmentectomy and segment VIII wedge/segmentectomy, preserving ≥30 % liver volume.  
   - No need for portal vein embolization given the limited extent.  
   - Rationale: curative‑intent R0 resection achievable with low operative risk; simultaneous approach avoids a second operation and shortens overall treatment time.  

D. Adjuvant/peri‑operative systemic therapy  
   - Resume or continue the same chemotherapy regimen for an additional 2–3 months post‑operatively to complete a total of 6 months of peri‑operative therapy, or switch to a different doublet if resistance is suspected.  
   - Rationale: consolidates the benefit of neoadjuvant treatment, addresses microscopic disease, and aligns with guideline‑based peri‑operative chemotherapy for CRLM.  

If restaging shows progression or insufficient FLR, consider alternative strategies such as portal vein embolization, two‑stage hepatectomy, or local ablative modalities (RFA/SBRT) before attempting resection.

","Step 1 – Resectability assessment
The patient presents with two metachronous liver metastases located in segments II and VIII (2.5 and 3 cm), without evidence of pulmonary disease. Although bilobar, both lesions are technically amenable to parenchymal-sparing resections or ablation while preserving an adequate future liver remnant. According to hepatobiliary oncologic criteria for limited bilobar metachronous metastases, this pattern is considered resectable.

Step 2 – Recommended oncologic sequence
A. Preoperative staging
• Perform high-resolution contrast-enhanced CT to define precise vascular and biliary relationships and to calculate the future liver remnant (FLR).
• Given the high CEA level (240 ng/mL), perform high-resolution 18FDG PET-CT to confirm absence of additional occult lesions.

B. Consider short peri-operative systemic therapy
• Given the elevated CEA level (240 ng/mL) and relatively early recurrence (2 years), a short course (2–3 months) of peri-operative doublet chemotherapy (FOLFOX or FOLFIRI ± bevacizumab) is advisable to treat micrometastatic disease and assess tumor biology.
• KRAS mutation excludes anti-EGFR therapy.

C. Restaging before surgery
• Perform high-resolution liver MRI and enhanced CT-scan after chemotherapy to confirm maintained resectability and reassess lesion relationships.

D. Surgical management after restaging
• If resectability is confirmed, perform parenchymal-sparing wedge/segmental resections or ablation of segments II and VIII guided by intra-operative ultrasound.
• Aim for R0 resection while preserving maximal functional liver parenchyma.
• Use intra operative ultrasound to verify lesion location and margins. 
• Ideally, consider minimally invasive approach (laparoscopic or robotic) for liver resection.
• Preoperative prehabilitation and ERAS (Enhanced Recovery After Surgery) protocols are evidence-based, multidisciplinary strategies designed to optimize patient health before surgery and accelerate recovery afterward.

E. Postoperative therapy
• Pathology report : confirmation of tumor type and origin, immunohistochemistry with tumor markers, histological growth pattern, margin status (R0, R1, R2), tumor grade, differentiation, pathologic response score (TRG), necrosis/fibrosis
• Complete a total of 6 months of systemic chemotherapy including pre-operative cycles.
• Close surveillance with CEA and imaging at 3-month intervals.

"
41,"Woman, 58 years old, left T4aN2M1 colon cancer with multiple bilobar metastases. After 6 cycles FOLFOX + bevacizumab: 60% volumetric reduction, CEA dropped from 880 to 180 ng/mL. Liver MRI: 5 remaining lesions, well-defined.
MDT Discussion: Major response to chemotherapy, surgical conversion considered.","Step 1 – Resectability Assessment  
- Classification: potentially resectable.  
- Justification:  
  • After 6 cycles of FOLFOX + bevacizumab there is a 60 % volumetric reduction and CEA falls from 880 ng/mL to 180 ng/mL, indicating good biologic response.  
  • Imaging now shows 5 residual liver lesions that are well‑defined and bilobar, a number that can be addressed with parenchymal‑sparing resections provided adequate future liver remnant (FLR) can be preserved.  
  • No extra‑hepatic disease is reported on the available work‑up, satisfying the oncologic requirement for an R0 resection of all known disease.  
  • Technical criteria for resectability (preservation of at least two contiguous hepatic segments, maintenance of inflow/outflow and biliary drainage) cannot be confirmed without FLR volumetry and assessment of vascular proximity; therefore the case remains “potentially” rather than definitively resectable.  

Step 2 – Recommended strategy  
A. Complete conversion chemotherapy – administer 2–4 additional cycles of the same regimen (FOLFOX + bevacizumab) or switch to a short course of FOLFIRI if toxicity emerges, aiming to maximize tumor shrinkage while limiting total pre‑operative cycles to ≤8 to avoid chemotherapy‑induced liver injury.  
B. Comprehensive restaging – obtain:  
   • Triple‑phase contrast CT of chest, abdomen and pelvis (or PET‑CT) to rule out occult extra‑hepatic metastases.  
   • Gd‑EOB‑MRI with volumetric analysis to calculate FLR; if FLR <30 % (normal liver) or <40 % (chemotherapy‑injured liver), plan portal vein embolization (PVE) or a two‑stage/ALPPS approach.  
   • Laboratory assessment: liver function tests, bilirubin, INR, indocyanine‑green clearance, and assessment of chemotherapy‑related hepatotoxicity (sinusoidal injury, steatohepatitis).  
C. Surgical plan –  
   • If FLR is adequate, proceed with a one‑stage, parenchymal‑sparing hepatectomy (multiple non‑anatomic wedge resections or segmental resections) targeting all 5 lesions with intra‑operative ultrasound guidance, aiming for R0 margins (≥1 mm) or R1 vascular resection if necessary.  
   • Decide on timing of primary tumor resection: if the primary is asymptomatic and patient’s performance status permits, perform simultaneous left‑sided colectomy (or anterior resection) with liver surgery; if not, schedule staged approach (primary first → liver, or reverse liver‑first) based on symptomatology and FLR considerations.  
D. Post‑operative oncologic management –  
   • Resume systemic therapy within 6–8 weeks after liver surgery, completing a total of 6 months of peri‑operative chemotherapy (pre‑ + post‑operative).  
   • Consider continuation of bevacizumab in the adjuvant phase if no wound‑healing complications and if the primary tumor has been resected with clear margins.  
   • Enroll patient in a structured surveillance program (CEA every 3 months, cross‑sectional imaging at 6‑month intervals) for early detection of recurrence.  

","Step 1 – Resectability assessment
After 6 cycles of FOLFOX + bevacizumab, the patient shows a major radiologic and biologic response (≈60% volumetric reduction; CEA from 880 to 180 ng/mL). MRI now demonstrates five well-defined residual liver lesions without reported extrahepatic disease. In this context of marked downsizing and clearer lesion delineation, a complete R0 resection with preservation of an adequate future liver remnant appears potentially achievable. This pattern is therefore considered potentially resectable after conversion therapy.

Step 2 – Recommended oncologic sequence
A. Immediate high-quality restaging
• Perform high-resolution liver MRI and contrast-enhanced CT to reassess precise segmental distribution and vascular/biliary relationships after tumor shrinkage.
• Calculate the future liver remnant (FLR).

B. Surgical conversion strategy
• If imaging confirms feasibility, proceed to parenchymal-sparing resections or ablation of all five lesions guided by intra-operative ultrasound.
• Depending on distribution and FLR, this may be performed as a single-stage or staged hepatectomy.
• The goal is complete clearance of residual disease while preserving maximal functional parenchyma.
• Aim for R0 resection while preserving maximal functional liver parenchyma.
• Use intra operative ultrasound to verify lesion location and margins. 
• Ideally, consider minimally invasive approach (laparoscopic or robotic) for liver resection.
• Preoperative prehabilitation and ERAS (Enhanced Recovery After Surgery) protocols are evidence-based, multidisciplinary strategies designed to optimize patient health before surgery and accelerate recovery afterward.

C. Management of the primary tumor
• Left colectomy with adequate oncologic margins and oncological lymphadenectomy with primary anastomosis.
• Ideally, consider minimally invasive approach (laparoscopic or robotic) for primary cancer resection.
• A staged approach with colectomy first is preferred.

D. Postoperative systemic therapy
• Pathology report : confirmation of tumor type and origin, immunohistochemistry with tumor markers, histological growth pattern, margin status (R0, R1, R2), tumor grade, differentiation, pathologic response score (TRG), necrosis/fibrosis
• Resume systemic chemotherapy after recovery to complete a total of approximately 6 months of treatment (including preoperative cycles).

E. Surveillance
• Close follow-up with CEA and imaging every 3 months given the initially very high tumor burden.

"
42,"Man, 65 years old, sigmoid tumor with eight bilobar liver metastases. After 4 months FOLFIRI: radiological stability, CEA unchanged at 420 ng/mL. Thoracic CT scan negative for metastases.
MDT Discussion: Stable disease, not resectable, discussion on continuing systemic therapy.","Step 1 – Resectability Assessment  
- Classification: Potentially resectable (borderline)  
- Justification:  
  • Eight bilobar metastases exceed the traditional “≤4 lesions” cut‑off, making upfront R0 resection technically challenging.  
  • No extra‑hepatic disease on thoracic CT, preserving the possibility of a curative intent liver‑first approach.  
  • Imaging after 4 months of FOLFIRI shows disease stability (no progression, no shrinkage) and CEA remains markedly elevated (420 ng/mL), indicating biologically aggressive disease and insufficient tumor response to date.  
  • Future liver remnant (FLR) volume and hepatic functional reserve are not provided; without this data a definitive technical resectability cannot be confirmed.  
  • According to current criteria, patients with multiple bilobar lesions who have not demonstrated a radiologic response are considered “borderline” and may become resectable after further effective systemic therapy and/or hypertrophy strategies (PVE, two‑stage hepatectomy, ALPPS).  

Step 2 – Recommended strategy  
A. Optimise systemic therapy – Switch to a more intensive regimen (e.g., FOLFOXIRI ± bevacizumab or, if RAS wild‑type, add anti‑EGFR therapy). Rationale: achieve tumor shrinkage and assess disease biology; conversion rates are higher with triplet or doublet plus targeted agents.  
B. Re‑assessment after 2–3 months – Repeat high‑resolution liver MRI (or contrast‑enhanced CT) with volumetry, measure FLR, and obtain RECIST response and CEA trend. Rationale: determine whether sufficient downsizing and FLR adequacy have been achieved to permit curative surgery.  
C. Conversion to resectability (if response achieved) –  
   • If FLR ≥ 30 % (or ≥ 40 % with chemotherapy‑associated liver injury) and all lesions can be cleared with negative margins, plan a parenchymal‑sparing, staged hepatectomy (e.g., right‑portal vein embolisation followed by right‑hepatectomy, or two‑stage hepatectomy with segmental resections).  
   • If FLR remains insufficient, consider ALPPS or associating liver partition and portal vein ligation for staged hepatectomy.  
   Rationale: achieve an R0 liver resection while preserving adequate hepatic function.  
D. Primary tumour management –  
   • If the primary sigmoid tumour has not been resected and the patient is asymptomatic, schedule either a simultaneous limited liver resection with primary resection (if FLR and operative time allow) or a staged approach (primary resection first, then liver surgery).  
   Rationale: avoid postoperative complications related to combined major procedures; prioritize curative intent for both sites.  
E. Post‑operative adjuvant therapy – Resume or continue systemic chemotherapy (e.g., 6 months total peri‑operative therapy) tailored to molecular profile. Rationale: eradicate microscopic disease and improve disease‑free survival.  

","Step 1 – Resectability assessment
The patient presents with eight bilobar liver metastases and, after 4 months of FOLFIRI, shows radiological stability with persistently elevated CEA (420 ng/mL). The number of lesions, bilobar distribution, and absence of meaningful tumor downsizing make a complete R0 resection with preservation of an adequate future liver remnant not feasible. According to hepatobiliary oncologic criteria, this pattern is considered unresectable in the current setting.

Step 2 – Recommended oncologic sequence
A. Continuation and adaptation of systemic therapy
• Given the absence of radiologic response and stable high CEA, modification of the systemic regimen should be considered according to MDT discussion.
• The objective remains to achieve tumor downsizing sufficient to allow potential secondary resectability.

B. Close radiologic reassessment
• Perform high-resolution liver MRI every 2 months to detect any delayed response or change in lesion distribution.
• Monitor CEA kinetics as a marker of treatment effect.

C. Criteria for reconsidering surgery
• Surgical re-evaluation can be considered only if a significant reduction in lesion size and number occurs, enabling parenchymal-sparing resections or multiples ablations or staged hepatectomy with adequate future liver remnant.

D. Alternative local strategies
• If systemic therapy achieves only partial control, consider alternative regimens (such as intra-arterial chemotherapy after resection of the primary tumor).

"
43,"Woman, 49 years old, metastatic rectal cancer, ten initial liver lesions, CEA 1200 ng/mL. On FOLFOXIRI: disappearance of three foci, 40% reduction of others.Liver  MRI: several lesions became hypo-intense.
MDT Discussion: Partial response, evaluation of segmental resectability.","Step 1 – Resectability Assessment  
- Classification: Potentially resectable (borderline).  
- Justification:  
   Initial burden of ten liver metastases has been reduced to seven detectable lesions after FOLFOXIRI, with three lesions disappearing and the remaining showing a ≥40 % size reduction and hypo‑intense signal on MRI, indicating a favorable biological response.  
   No documented extra‑hepatic disease, but the extent of hepatic involvement (segmental distribution, proximity to major vessels, and future liver remnant volume) has not been quantified; therefore technical feasibility cannot be confirmed.  
   Current oncologic criteria (ability to achieve R0 resection, control of disease on systemic therapy) are met in principle, but the technical criteria (preservation of ≥2 contiguous segments, adequate inflow/outflow, and sufficient FLR) remain unevaluated. Hence the case is not yet clearly resectable but is convertible with further assessment and possible adjuncts (PVE, two‑stage approach).

Step 2 – Recommended strategy  
A. Continue systemic therapy (FOLFOXIRI ± biologic agent appropriate to molecular profile).  
   - Rationale: consolidate tumor response, further downsize lesions, and use response as a biological test of disease aggressiveness before committing to surgery.  

B. Comprehensive restaging (within 4–6 weeks of the last chemotherapy cycle):  
   - Multiphasic contrast‑enhanced MRI with hepatobiliary contrast for precise lesion mapping and volumetric analysis of future liver remnant (FLR).  
   - CT chest/abdomen‑pelvis or PET‑CT to exclude occult extra‑hepatic disease.  
   - Laboratory panel: liver function tests, bilirubin, INR, albumin, platelet count, and assessment for chemotherapy‑associated liver injury (steatosis, sinusoidal obstruction).  
   - Rationale: determine technical resectability, FLR adequacy, and confirm absence of extra‑hepatic disease.  

C. Surgical planning based on restaging results  
   - If FLR ≥ 30 % of total liver volume in a healthy liver (or ≥ 40 % if chemotherapy‑injured) and all residual lesions can be cleared with negative margins while preserving vascular inflow/outflow, proceed to curative‑intent liver resection (potentially a staged or extended hepatectomy).  
   - If FLR is insufficient, consider portal vein embolization (PVE) or a two‑stage hepatectomy/ALPPS to induce hypertrophy before definitive resection.  
   - Rationale: achieve an R0 resection while minimizing risk of post‑hepatectomy liver failure.  

D. Management of the rectal primary  
   - If not already treated, deliver neoadjuvant chemoradiotherapy for the rectal tumor after hepatic surgery (or concurrently if patient fitness allows).  
   - Follow with definitive rectal resection (low anterior resection or appropriate sphincter‑preserving procedure) once the patient has recovered from hepatic surgery.  
   - Complete the course with adjuvant systemic therapy (continuation of FOLFOXIRI or a maintenance regimen) to address micrometastatic disease.  
   - Rationale: coordinated treatment of both sites maximizes oncologic control and functional outcomes.  

E. If resection remains infeasible after restaging:  
   - Consider local ablative modalities (RFA, microwave ablation, or stereotactic body radiotherapy) for residual liver lesions.  
   - Continue systemic therapy and reassess periodically.  

","Step 1 – Resectability assessment
The patient initially presented with ten liver metastases. After FOLFOXIRI, three lesions have radiologically disappeared and the remaining lesions show ~40% reduction, with several becoming hypo-intense on MRI. Despite this favorable response, the initial tumor burden and presumed bilobar distribution make immediate R0 resection uncertain without precise segmental mapping and volumetric assessment. This situation is therefore considered potentially resectable after conversion therapy, pending detailed re-evaluation.

Step 2 – Recommended oncologic sequence
A. Mandatory expert restaging before any decision
• Perform high-quality liver MRI with diffusion sequences and compare meticulously with pre-treatment imaging.
• Identify the exact locations of the three “disappeared” metastases, as these sites may still harbor viable microscopic disease.
• Calculate the future liver remnant (FLR).

B. Assessment of true segmental resectability
• Determine whether all initial metastatic sites (not only visible residual lesions) can be encompassed within a surgical plan using parenchymal-sparing resections, staged hepatectomy, or combined resection/ablation.
• Intra-operative ultrasound will be essential to localize occult residual disease.

C. Surgical strategy if complete clearance is feasible
• If all initial sites can be addressed, proceed with an ultrasound-guided parenchymal-sparing strategy, potentially in staged fashion depending on FLR.
• The objective is removal or ablation of every original metastatic location.
• Aim for R0 resection while preserving maximal functional liver parenchyma.
• Use intra operative ultrasound to verify lesion location and margins. 
• Ideally, consider minimally invasive approach (laparoscopic or robotic) for liver resection.

D. If complete clearance is not achievable
• Continue systemic therapy and reassess after additional cycles.
• Consider local ablative techniques as part of a multimodal approach.

"
44,"Man, 71 years old, metastatic right colon cancer (KRAS mutated). After 8 cycles FOLFOX: progression of two lesions segment VII and VIII (up to 5.2 cm) at the thoraco-abdominal CT scan. CEA 950 ng/mL.
MDT Discussion: Progression on chemotherapy, no surgical window at this stage.","Step 1 – Resectability Assessment  
- Classification: Potentially resectable (borderline).  
- Rationale:  
   Technical factors: only two metastases located in segments VII and VIII; a right posterior sectionectomy (or limited right hepatectomy) could achieve an R0 resection while preserving ≥2 contiguous liver segments.  
   Functional factors: no data on future liver remnant (FLR) volume, but assuming no diffuse liver disease, a limited resection is likely to leave an adequate FLR (>30 %).  
   Oncologic/biologic factors: disease has progressed after 8 cycles of optimal FOLFOX, indicating aggressive tumor biology; current guidelines advise deferring surgery until disease control is demonstrated with second‑line systemic therapy.  
   No documented extra‑hepatic disease, but the high CEA (950 ng/mL) and KRAS mutation further support a need for systemic disease control before operative intervention.  

Step 2 – Recommended strategy  
A. Second‑line systemic therapy  
   - Initiate FOLFIRI ± bevacizumab (anti‑VEGF) given KRAS‑mutated status; aim for disease stabilization or response.  
   - Rationale: progression on first‑line oxaliplatin‑based regimen necessitates a change in chemotherapy backbone; anti‑VEGF improves response rates and may increase conversion to resectability.  

B. Re‑assessment after 2–3 months of second‑line therapy  
   - Perform triphasic CT or MRI with volumetric analysis to:  
     • Evaluate tumor response (size reduction or stability).  
     • Calculate FLR; if FLR <30 % consider portal vein embolization (PVE) or associating liver partition and portal vein ligation for staged hepatectomy (ALPPS).  
   - Rationale: confirmation of disease control and adequate hepatic reserve are prerequisites for curative surgery.  

C. Curative‑intent hepatic resection (if criteria met)  
   - Proceed with right posterior sectionectomy (segments VII‑VIII) or extended right hepatectomy, ensuring negative margins (R0) and preservation of inflow/outflow and biliary drainage.  
   - Rationale: removal of all viable hepatic disease offers the only chance for long‑term survival; limited anatomic resection minimizes loss of functional liver parenchyma.  

D. Post‑operative management  
   - Resume the same systemic regimen (FOLFIRI ± bevacizumab) for 6 months as adjuvant therapy, provided postoperative recovery is adequate.  
   - Consider enrollment in a clinical trial (e.g., hepatic arterial infusion pump, Y‑90 radioembolisation) if further disease control is needed.  
   - Rationale: adjuvant systemic therapy consolidates the surgical benefit and addresses micrometastatic disease; targeted approaches may improve outcomes in KRAS‑mutated mCRC.  

","Step 1 – Resectability assessment
The patient shows progression of liver disease under FOLFOX with enlargement of two lesions in segments VII and VIII (up to 5.2 cm) and markedly elevated CEA (950 ng/mL). This radiologic progression under systemic therapy indicates biologically aggressive disease and makes a complete R0 resection with adequate oncologic control not achievable at this stage. According to hepatobiliary oncologic criteria, this situation is considered unresectable in the current setting.

Step 2 – Recommended oncologic sequence
A. Adaptation of systemic therapy (mandatory)
• Given progression on FOLFOX, a change of systemic regimen is required according to MDT decision (e.g., switch to FOLFIRI ± bevacizumab).
• KRAS mutation excludes anti-EGFR therapy.
• The objective is to regain disease control and potentially create a future surgical window.

B. Close radiologic reassessment
• Perform high-resolution liver MRI every 2 months to evaluate response to the new regimen.
• Monitor CEA kinetics as a marker of treatment effect.

C. Criteria for reconsidering surgery
• Surgical re-evaluation can be considered only if a significant radiologic response occurs, allowing parenchymal-sparing resection with adequate future liver remnant.

D. If disease remains progressive
• Continue systemic therapy and consider alternative regimens (such as intra-arterial chemotherapy after resection of the primary tumor).
• Consider local palliative approaches if needed according to MDT.

"
45,"Woman, 62 years old, left colon adenocarcinoma with seven liver metastases. After 6 cycles FOLFOX + panitumumab: complete disappearance of four foci and reduction of others at the thoraco-abdominal CT scan. CEA normalized.
MDT Discussion: Radiological complete response in several segments, uncertainty regarding microscopic persistence.","Step 1 – Resectability Assessment  
- Classification: Potentially resectable (converted from initially unresectable).  
- Justification:  
  • Initial burden was seven liver metastases, now four have radiologically disappeared and the remaining lesions have shrunk, indicating a major tumor response.  
  • Normalized CEA and good systemic response suggest favorable tumor biology.  
  • Current imaging shows residual disease in only a few segments; assuming the remaining lesions are amenable to an R0 resection and that at least two contiguous liver segments can be preserved, the technical criteria for resection are met.  
  • Oncologic criteria require removal of all disease, including the sites of the lesions that have disappeared, because microscopic persistence is common; therefore the case is not yet resectable without further surgical planning, placing it in the “potentially resectable” category.  

Step 2 - Recommended strategy  
A. Comprehensive restaging  
   - Obtain high‑resolution liver MRI with hepatobiliary contrast (or contrast‑enhanced CT) and compare with baseline pre‑chemotherapy imaging to map the exact locations of the four lesions that have disappeared.  
   - Perform a volumetric CT‑based calculation of future liver remnant (FLR); target ≥30 % of total liver volume in a liver previously exposed to oxaliplatin‑based chemotherapy (or ≥0.5 % of body weight).  
   - Rationale: precise anatomical mapping is essential for planning parenchymal‑sparing resections and for confirming that the FLR is adequate.  

B. Surgical planning – liver  
   - Plan a parenchymal‑sparing hepatectomy that removes all radiologically visible metastases and includes anatomical resection (segmentectomy or subsegmentectomy) of the original sites of the four lesions that have disappeared, guided intra‑operatively by ultrasound and the pre‑treatment imaging overlay.  
   - Ensure negative macroscopic margins (R0) and preservation of at least two contiguous functional segments with intact inflow, outflow, and biliary drainage.  
   - If FLR is borderline, consider portal vein embolization (PVE) or a two‑stage approach before definitive resection.  
   - Rationale: microscopic disease is present in most “disappearing” sites; resection of those areas reduces recurrence risk and aligns with oncologic standards.  

C. Management of the primary colon tumor  
   - If the primary left‑sided colon cancer is resectable and the patient’s performance status permits, perform a simultaneous extended left colectomy (or segmental resection) with the liver operation.  
   - If operative risk is high or extensive liver work is required, adopt a staged approach (colon first, then liver after recovery).  
   - Rationale: simultaneous resection shortens overall treatment time and avoids a second laparotomy when feasible; staging is reserved for high‑risk patients.  

D. Post‑operative systemic therapy  
   - Resume systemic chemotherapy (FOLFOX) ± panitumumab for a total of 6 months (including the pre‑operative cycles) as adjuvant treatment.  
   - Monitor CEA and cross‑sectional imaging every 3 months for the first 2 years.  
   - Rationale: peri‑operative chemotherapy improves disease‑free survival and addresses micrometastatic disease that may remain after resection.  

","Step 1 – Resectability assessment
The patient initially had seven liver metastases. After 6 cycles of FOLFOX + panitumumab, four lesions have radiologically disappeared and the remaining lesions have significantly decreased in size, with normalization of CEA. Despite this excellent response, the initial tumor burden and the phenomenon of “disappearing metastases” mean that viable microscopic disease may persist at the original sites. This situation is therefore considered potentially resectable after conversion therapy, but requires meticulous mapping of all initial metastatic locations before surgery.

Step 2 – Recommended oncologic sequence
A. Mandatory expert restaging
• Perform high-resolution liver MRI with diffusion sequences and systematically compare with pre-treatment imaging.
• Precisely localize all initial metastatic sites, including those no longer visible.
• Calculate the future liver remnant (FLR).

B. Surgical strategy addressing initial disease map
• Plan a parenchymal-sparing, ultrasound-guided surgical approach that includes resection or ablation of all initial metastatic locations, not only residual visible lesions.
• Intra-operative ultrasound is essential to identify occult residual disease.
• Depending on lesion distribution, this may require a staged approach.

C. Management of the primary tumor
• Left colectomy with adequate oncologic margins and oncological lymphadenectomy with primary anastomosis.
• Ideally, consider minimally invasive approach (laparoscopic or robotic) for primary cancer resection.
• A staged approach with colectomy first is preferred.

D. Postoperative systemic therapy
• Pathology report : confirmation of tumor type and origin, immunohistochemistry with tumor markers, histological growth pattern, margin status (R0, R1, R2), tumor grade, differentiation, pathologic response score (TRG), necrosis/fibrosis
• Resume systemic therapy after surgery to complete approximately 6 months of total treatment.

E. If complete surgical clearance of all initial sites is not feasible
• Continue systemic therapy and reassess, or consider local ablative techniques as part of a multimodal approach.

"
46,"Man, 55 years old, metastatic rectal cancer (RAS wild-type), ten initial liver lesions. After 4 cycles of chemotherapy,liver MRI: three residual lesions <2 cm, CEA decreased from 1100 to 80 ng/mL.
MDT Discussion: Major response, potentially curative situation to be surgically re-evaluated.","Step 1 – Resectability Assessment  
- Classification: Potentially resectable (borderline)  
- Justification:  
  • After 4 cycles of systemic therapy the liver MRI shows only three residual lesions, each <2 cm, indicating a major radiologic response.  
  • Current oncologic criteria accept any number of lesions provided an R0 resection can be achieved with an adequate future liver remnant (≥20‑30 % of total liver volume).  
  • No extra‑hepatic disease has been reported; absence of such disease removes a major oncologic contraindication.  
  • The initial burden (10 lesions) was high, so the case remains “potentially” rather than unequivocally “resectable” until technical feasibility (lesion location, FLR volume) is confirmed.  

Step 2 - Recommended strategy  
A. Comprehensive restaging  
   - Perform high‑resolution hepatobiliary MRI with volumetric analysis, contrast‑enhanced CT of chest/abdomen, and PET‑CT to exclude occult extra‑hepatic metastases and to calculate the future liver remnant (FLR).  
   - Rationale: definitive assessment of oncologic and technical resectability before committing to surgery.  

B. Multidisciplinary decision & optimization  
   - If FLR ≥ 30 % (or FLR/body‑weight ratio > 0.5) and no extra‑hepatic disease, proceed to curative‑intent surgery.  
   - If FLR is insufficient, schedule portal vein embolization (PVE) or consider a two‑stage hepatectomy to hypertrophy the remnant.  
   - Rationale: ensures safe hepatic reserve and maximizes chance of R0 resection.  

C. Surgical sequencing  
   - Liver‑first approach (preferred when the rectal primary is asymptomatic and no urgent need for pelvic control):  
        • Perform anatomical or non‑anatomical resection of the three lesions with intra‑operative ultrasound guidance, aiming for ≥1 mm negative margin (R0).  
        • Preserve at least two contiguous liver segments with intact inflow/outflow and biliary drainage.  
   - Rectal primary management: after hepatic recovery (≈4‑6 weeks), deliver standard neoadjuvant chemoradiotherapy for the rectal tumor followed by total mesorectal excision (TME) or consider simultaneous liver‑first + TME if operative risk acceptable.  
   - Rationale: liver‑first minimizes risk of chemotherapy‑induced liver injury before major hepatectomy and addresses the disease with the best chance of cure first.  

D. Adjuvant systemic therapy & surveillance  
   - Resume/continue systemic chemotherapy (e.g., FOLFOX or FOLFIRI) for at least 3‑6 months post‑operatively; given RAS‑wild‑type status, add anti‑EGFR monoclonal antibody if not previously used.  
   - Serial CEA monitoring and imaging (CT or MRI) every 3‑6 months for the first 2 years, then annually.  
   - Rationale: eradicates microscopic disease, leverages the “proof of time” concept, and enables early detection of recurrence.  

","Step 1 – Resectability assessment
The patient initially presented with ten liver metastases. After 4 cycles of chemotherapy, MRI shows only three residual lesions <2 cm and a major biologic response (CEA from 1100 to 80 ng/mL). Despite this marked response, the initial tumor burden and likely bilobar distribution require careful mapping of all original metastatic sites. This situation is considered resectable after conversion therapy, pending detailed segmental and volumetric reassessment.

Step 2 – Recommended oncologic sequence
A. Mandatory expert restaging
• Perform high-resolution liver MRI with diffusion sequences and meticulous comparison with baseline imaging.
• Precisely localize all initial metastatic sites, including those no longer visible (“disappeared metastases”).
• Calculate the future liver remnant (FLR).

B. Surgical strategy based on the initial disease map
• If technically feasible, plan a parenchymal-sparing, ultrasound-guided approach aiming to resect or ablate all original metastatic locations, not only the three visible lesions.
• Depending on distribution and FLR, this may require a staged hepatectomy.
• The objective is removal or ablation of every original metastatic location.
• Aim for R0 resection while preserving maximal functional liver parenchyma.
• Use intra operative ultrasound to verify lesion location and margins. 
• Ideally, consider minimally invasive approach (laparoscopic or robotic) for liver resection.

C. Integration with rectal primary management
• Local pelvic treatment (radiotherapy ± surgery) should be coordinated during the systemic therapy period according to rectal oncologic principles (PRODIGE 23 protocol).
• After restaging with high-resolution pelvic MRI,
-	If complete morphological rectal tumor response : follow up of primary tumor + resection or ablation of the remaining lesions
-	If near complete morphological rectal tumor response : strict follow up of primary tumor + resection or ablation of the remaining lesions
-	If incomplete morphological rectal tumor response : rectal resection after appropriate recovery: oncologic resection of the upper rectum (low anterior resection with TME principles) + resection or ablation of the remaining lesions
• Coordinate pelvic treatment and timing of rectal surgery with the hepatic surgical plan according to rectal oncologic principles.
• Ideally, consider minimally invasive approach (laparoscopic or robotic) for rectal resection.
• Preoperative prehabilitation and ERAS (Enhanced Recovery After Surgery) protocols are evidence-based, multidisciplinary strategies designed to optimize patient health before surgery and accelerate recovery afterward.

D. Postoperative systemic therapy
• Pathology report : confirmation of tumor type and origin, immunohistochemistry with tumor markers, histological growth pattern, margin status (R0, R1, R2), tumor grade, differentiation, pathologic response score (TRG), necrosis/fibrosis
• Resume systemic therapy after surgery to complete approximately 6 months of total treatment.

E. If complete clearance of all initial sites is not achievable
• Continue systemic therapy and reassess, or consider local ablative techniques as part of a multimodal approach.

"
47,"Woman, 67 years old, T4N2M1 transverse colon cancer, multiple bilobar liver metastases, CEA 600 ng/mL. On FOLFOX: overall stability, two new lesions detected at the thoraco-abdominal CT scan.
MDT Discussion: Limited progression on treatment, question of changing protocol.","Step 1 – Resectability Assessment  
- Classification: Potentially resectable (borderline)  
- Justification:  
  • Technical criteria for hepatic resection (ability to preserve ≥2 contiguous segments, adequate inflow/outflow, and an FLR ≥ 30% of total liver volume) are not documented; therefore a definitive technical assessment cannot be made.  
  • Oncologic criteria: the patient has T4N2 primary disease, CEA = 600 ng/mL, and has developed new metastatic lesions while on FOLFOX, indicating disease progression and an unfavorable biology. Progression on optimal first‑line chemotherapy is a negative prognostic factor and generally contraindicates immediate surgery.  
  • Bilobar distribution of metastases further challenges a single‑stage curative resection, but modern strategies (portal vein embolization, two‑stage hepatectomy, ALPPS, parenchymal‑sparing surgery) can convert selected patients.  
  • No documented extra‑hepatic disease (e.g., lung, peritoneum) is reported; if present, it would shift the classification toward unresectable.  
  • In the absence of clear FLR data and given limited response, the case remains potentially resectable pending further systemic control and detailed volumetric assessment.

Step 2 – Recommended strategy  
A. Optimize systemic therapy  
   - Switch to a more intensive conversion regimen (e.g., FOLFOXIRI ± anti‑EGFR if RAS wild‑type, or FOLFIRI + bevacizumab if RAS‑mutated).  
   - Rationale: higher response rates (>50 %) increase the likelihood of down‑staging bilobar disease and provide a “test‑of‑time” to assess tumor biology.  

B. Comprehensive restaging after 2–3 months  
   - Perform contrast‑enhanced liver MRI (or CT with liver protocol) plus chest CT/PET to evaluate: number, size, distribution of hepatic lesions, appearance of new extra‑hepatic sites, and calculate FLR volume.  
   - Rationale: precise imaging is essential to determine technical resectability and to detect occult disease that would preclude curative surgery.  

C. Conversion/augmentation plan if disease control achieved  
   - If ≥ 70 % of lesions are resectable and FLR is < 30 % but ≥ 25 %: consider portal vein embolization (PVE) or liver venous deprivation to induce hypertrophy.  
   - If disease remains bilobar with insufficient FLR after PVE, evaluate a two‑stage hepatectomy (TSH) or ALPPS (only in highly selected patients with good performance status).  
   - Rationale: these strategies expand the pool of patients who can undergo an R0 liver resection while preserving adequate liver function.  

D. Surgical phase  
   - Once hepatic disease is down‑staged and FLR is adequate, proceed with curative intent surgery:  
     • Primary tumor: extended right colectomy with oncologic lymphadenectomy (addressing T4 disease).  
     • Liver: parenchymal‑sparing resections of all remaining metastases (aim for R0; R1 vascular resection acceptable in selected cases).  
   - Decide between simultaneous versus staged resection based on operative risk (major hepatectomy + colectomy) and liver remnant size; staged approach is preferred when major hepatectomy is required.  
   - Rationale: achieving complete macroscopic clearance of both intra‑ and extra‑hepatic disease offers the only chance for long‑term survival.  

","Step 1 – Resectability assessment
The patient has multiple bilobar liver metastases with the appearance of two new lesions while on FOLFOX, indicating disease progression under systemic therapy. The tumor burden, bilobar distribution, and ongoing progression make a complete R0 resection with preservation of an adequate future liver remnant not feasible at this stage. According to hepatobiliary oncologic criteria, this situation is considered unresectable in the current setting.

Step 2 – Recommended oncologic sequence
A. Adaptation of systemic therapy (mandatory)
• The appearance of new lesions under FOLFOX indicates resistance to the current regimen.
• A change of systemic protocol is required according to MDT decision (e.g., switch to FOLFIRI ± targeted therapy depending on molecular profile).
• The objective is to regain disease control and potentially create a future surgical window.

B. Close radiologic reassessment
• Perform high-resolution liver MRI every 2 months to evaluate response to the new regimen.
• Monitor CEA kinetics as a marker of treatment effect.

C. Criteria for reconsidering surgery
• Surgical re-evaluation can be considered only if a significant radiologic response occurs, allowing parenchymal-sparing resection with adequate future liver remnant.

D. If disease remains progressive
• Continue systemic therapy and consider alternative regimens (such as intra-arterial chemotherapy after resection of the primary tumor).
• Consider local palliative approaches if needed according to MDT.

"
48,"Man, 61 years old, left colon cancer, KRAS mutated. Ten initial liver metastases. After chemotherapy: three lesions not visualized, six stable, one progressing (segment VII, 5 cm) at the abdominal CT scan.
MDT Discussion: Heterogeneous response, feasibility of selective local treatment to be discussed.","Step 1 – Resectability Assessment  
The patient is potentially resectable.  
- Current imaging shows 7 viable liver metastases (6 stable, 1 progressing, 5 cm in segment VII).  
- Technical resectability criteria (ability to achieve R0 margins, preserve ≥20‑30 % future liver remnant with adequate inflow/outflow) cannot be confirmed without data on lesion distribution, proximity to major vessels, and volumetric liver reserve.  
- Oncologic criteria: no documented extra‑hepatic disease, primary tumor status unknown, KRAS‑mutated (predicts poorer response to EGFR‑targeted agents but does not preclude surgery).  
- Heterogeneous response after systemic therapy suggests that disease biology is not uniformly aggressive, supporting a “borderline/potentially resectable” classification pending further evaluation.

Step 2 – Recommended strategy  
A. Comprehensive restaging (2–3 weeks)  
   • Perform triphasic contrast‑enhanced CT or MRI with liver‑specific contrast, and PET‑CT to confirm the number, size, exact location of all hepatic lesions and to rule out occult extra‑hepatic disease.  
   • Calculate future liver remnant (FLR) volume; assess vascular anatomy (portal/hepatic veins, hepatic artery) and biliary drainage.  
   • Review performance status, comorbidities, liver function tests, and baseline tumor markers (CEA, CA 19‑9).  

B. Systemic therapy optimisation (4–6 weeks)  
   • If the progressing 5 cm lesion is deemed borderline resectable, switch to a second‑line regimen (e.g., FOLFIRI + bevacizumab) because KRAS mutation precludes anti‑EGFR antibodies.  
   • Continue systemic therapy for 2–3 months (“test‑of‑time”) to assess disease kinetics; aim for disease stability or further shrinkage of the progressing lesion.  

C. Local‑regional control of the progressing lesion (concurrent with B)  
   • Consider image‑guided ablative therapy (RFA or microwave) or stereotactic body radiotherapy (SBRT) for the segment VII lesion if it remains >2 cm after systemic therapy and is technically amenable, thereby converting the patient to a resectable state while preserving FLR.  

D. Re‑assessment of resectability (after 2–3 months of combined systemic + local therapy)  
   • Multidisciplinary review of updated imaging and FLR calculation.  
   • If FLR is adequate, plan curative‑intent hepatic resection aiming for R0 margins of all lesions.  
   • If FLR is insufficient, employ portal vein embolization (PVE) or a two‑stage hepatectomy to induce hypertrophy before definitive resection.  

E. Surgical phase  
   • Perform liver‑first (reverse) approach if major hepatectomy is required and the primary colon tumor is asymptomatic; otherwise consider simultaneous resection if the primary is resectable and the hepatic operation is limited.  
   • Aim for negative margins (≥1 mm) and preserve at least two contiguous liver segments with intact inflow/outflow.  

F. Post‑operative management  
   • Resume/adapt systemic chemotherapy (same regimen if tolerated) for 3–6 months as adjuvant therapy.  
   • Surveillance with 3‑month imaging for the first year, then 6‑month intervals, monitoring CEA and clinical status.  

","Step 1 – Resectability assessment
The patient initially had ten liver metastases. After chemotherapy, three lesions are no longer visualized, six remain stable, and one lesion in segment VII has progressed to 5 cm. This heterogeneous response, with persistent multifocal disease and one progressing focus, makes a complete R0 resection of all initial metastatic sites unlikely while preserving an adequate future liver remnant. According to hepatobiliary oncologic criteria, this situation is considered unresectable at this stage, though selective local strategies may be considered.

Step 2 – Recommended oncologic sequence
A. Reassessment of systemic strategy
• The progressing segment VII lesion indicates partial resistance to current chemotherapy.
• Adaptation of systemic therapy should be discussed in MDT to regain global disease control.

B. Detailed restaging and mapping
• Perform high-resolution liver MRI with comparison to baseline imaging to localize all initial sites, including the “disappeared” lesions.
• Assess the precise anatomy of the progressing segment VII lesion and overall tumor distribution.
• Calculate the future liver remnant (FLR).

C. Consideration of selective local treatment
• If systemic control is regained, a combined strategy may be considered:
– Parenchymal-sparing resection of the progressing segment VII lesion.
– Possible ablation/resection of other accessible stable lesions.
• The objective would be cytoreduction rather than complete clearance unless all initial sites can be addressed.

D. If global control cannot be achieved
• Continue systemic therapy and consider local ablative techniques for symptomatic or dominant lesions.
• If systemic therapy achieves only partial control, consider alternative regimens (such as local ablative techniques or intra-arterial chemotherapy after resection of the primary tumor).

"
49,"Woman, 59 years old, metastatic rectal adenocarcinoma with initial bilobar involvement. After 6 cycles FOLFOXIRI: complete disappearance of lesions at the thoraco-abdominal CT scan, CEA normal.
MDT Discussion: Radiological complete response, need to assess risk of occult residual disease.","Step 1 – Resectability Assessment  
- Classification: Potentially resectable (oncologically)  
- Rationale:  
  • Technical criteria are fulfilled – current CT shows no detectable hepatic lesions and the future liver remnant (FLR) would be >30 % if any limited resection were required.  
  • Oncologic criteria are uncertain because a radiologic complete response after intensive chemotherapy (FOLFOXIRI) does not guarantee eradication of microscopic disease; literature reports residual tumor in the majority of “disappearing” lesions.  
  • Therefore the case is not deemed outright resectable (R0 resection of known disease) but is amenable to curative‑intent surgery after confirmation of disease status, placing it in the “potentially resectable” category.

Step 2 – Recommended strategy  
A. Confirmatory restaging  
   - Perform high‑resolution liver MRI with hepatocyte‑specific contrast (gadoxetate‑enhanced) and a PET‑CT to verify the absence of residual hepatic and extra‑hepatic disease.  
   - Review pre‑chemotherapy imaging to map the original locations of all liver metastases.  

B. Surgical exploration with intra‑operative ultrasound (IOUS)  
   - Schedule a laparotomy (or minimally invasive approach if expertise available) for liver exploration.  
   - Use IOUS to detect any occult lesions at the sites of the original metastases.  

C. Parenchyma‑sparing resection or targeted ablation  
   - If IOUS identifies residual disease, perform anatomic or non‑anatomic resection (segmentectomy/wedge) of the involved segment(s) ensuring:  
        • Negative macroscopic and microscopic margins (R0).  
        • Preservation of at least two contiguous liver segments, adequate inflow/outflow, and FLR ≥ 30 % (or FLR/body‑weight > 0.5 %).  
   - If lesions are sub‑centimetric or in difficult locations, consider intra‑operative radiofrequency/ microwave ablation as adjunct.  
   - If FLR would be insufficient, plan portal vein embolization (PVE) and a staged hepatectomy.  

D. Post‑operative systemic therapy and surveillance  
   - Resume systemic chemotherapy (e.g., 3–4 additional cycles of FOLFOX or FOLFIRI) to treat potential micrometastatic disease, given the high risk of occult residual disease after a radiologic CR.  
   - Continue regular follow‑up: CEA every 3 months, contrast‑enhanced CT or MRI of chest/abdomen every 6 months for the first 2 years, then annually.  

","Step 1 – Resectability assessment
The patient initially had bilobar liver metastases. After 6 cycles of FOLFOXIRI, CT shows complete radiological disappearance of all lesions and CEA has normalized. Despite this apparent complete response, the high risk of occult residual microscopic disease at the sites of the initial metastases makes the situation potentially resectable after conversion therapy, but not safely classifiable as disease-free without precise remapping of the original disease.

Step 2 – Recommended oncologic sequence
A. Mandatory expert restaging
• Perform high-resolution liver MRI with diffusion-weighted sequences and compare meticulously with baseline imaging.
• Precisely localize all initial metastatic sites, even if no lesion is currently visible.
• Calculate the future liver remnant (FLR).

B. Surgical strategy based on the initial disease map
• If technically feasible, plan a parenchymal-sparing, ultrasound-guided approach targeting the original metastatic locations, not only visible lesions.
• Intra-operative ultrasound is essential to detect occult residual disease.
• Depending on distribution, a staged approach may be required.

C. If surgical targeting of all initial sites is not feasible
• Continue systemic therapy and close imaging surveillance.
• Consider local ablative techniques as part of a multimodal strategy.

D. Integration with rectal primary management
• Local pelvic treatment (radiotherapy ± surgery) should be coordinated during the systemic therapy period according to rectal oncologic principles (PRODIGE 23 protocol).
• After restaging with high-resolution pelvic MRI,
-	If complete morphological rectal tumor response : follow up of primary tumor + resection or ablation of the remaining lesions
-	If near complete morphological rectal tumor response : strict follow up of primary tumor + resection or ablation of the remaining lesions
-	If incomplete morphological rectal tumor response : rectal resection after appropriate recovery: oncologic resection of the upper rectum (low anterior resection with TME principles) + resection or ablation of the remaining lesions
• Coordinate pelvic treatment and timing of rectal surgery with the hepatic surgical plan according to rectal oncologic principles.
• Ideally, consider minimally invasive approach (laparoscopic or robotic) for rectal resection.
• Preoperative prehabilitation and ERAS (Enhanced Recovery After Surgery) protocols are evidence-based, multidisciplinary strategies designed to optimize patient health before surgery and accelerate recovery afterward.

E. Postoperative systemic therapy
• Pathology report : confirmation of tumor type and origin, immunohistochemistry with tumor markers, histological growth pattern, margin status (R0, R1, R2), tumor grade, differentiation, pathologic response score (TRG), necrosis/fibrosis
• If surgery is performed, resume systemic therapy to complete approximately 6 months of total treatment.

"
50,"Man, 68 years old, right T4N2M1 colon cancer with bulky metastases. After 8 cycles of chemotherapy: incomplete reduction, persistence of three lesions >5 cm. CEA 450 ng/mL.
MDT Discussion: Partial response insufficient, no criteria for immediate resectability.","Step 1 – Resectability Assessment  
- Classification: Potentially resectable (borderline)  
- Rationale:  
  • Three hepatic lesions remain >5 cm after 8 cycles of chemotherapy, indicating substantial tumor burden that likely precludes an immediate R0 resection while preserving two contiguous liver segments and an adequate future liver remnant (FLR).  
  • No explicit evidence of extra‑hepatic disease, but the MDT noted “bulky metastases” and lack of immediate resectability criteria, suggesting that technical factors (size, possible bilobar distribution) are currently limiting.  
  • The persistent high CEA (450 ng/mL) and only partial radiologic response imply aggressive biology, but also indicate that further systemic control may convert disease to a resectable state.  
  • According to current oncologic criteria, resectability hinges on achieving an R0 resection with adequate inflow/outflow and FLR; these conditions are not yet met, but may become attainable with additional conversion strategies (e.g., portal vein embolization, staged hepatectomy).  

Step 2 – Recommended strategy  
A. Optimize systemic therapy  
   - Switch to a second‑line regimen (e.g., FOLFIRI ± anti‑VEGF or anti‑EGFR agents based on molecular profile) to attempt further tumor shrinkage and assess disease biology.  
   - Rationale: progression on first‑line therapy is a contraindication to immediate surgery; a different regimen may achieve better downsizing and provide a clearer prognostic signal.  

B. Comprehensive restaging  
   - Perform high‑resolution liver MRI with hepatobiliary contrast, triphasic CT, and PET‑CT to delineate lesion size, exact segmental location, vascular involvement, and to detect occult extra‑hepatic disease.  
   - Calculate FLR volume (CT volumetry) and assess liver function (ICG clearance, bilirubin, AST/ALT).  
   - Rationale: precise anatomical and functional data are essential to decide between single‑stage, two‑stage, or ALPPS approaches and to confirm absence of contraindicating extra‑hepatic disease.  

C. Conversion/augmentation procedures (if imaging permits)  
   - If lesions are bilobar with insufficient FLR, consider portal vein embolization (PVE) of the tumor‑bearing lobe to induce hypertrophy of the future remnant.  
   - If disease remains multifocal after PVE or FLR remains <30 %, evaluate a two‑stage hepatectomy (first stage: clearance of lesions in the future remnant plus PVE; second stage: resection of the diseased lobe).  
   - In selected patients with limited liver reserve and good performance status, ALPPS may be considered, recognizing its higher morbidity.  
   - Rationale: these techniques expand the pool of patients who can achieve an R0 resection while preserving adequate liver function.  

D. Surgical resection  
   - Once adequate tumor shrinkage and FLR are confirmed, proceed to curative‑intent liver resection aiming for R0 margins (≥1 mm).  
   - Plan primary colon resection either simultaneously (if primary tumor is symptomatic or low operative risk) or in a staged fashion (colon first if obstruction/bleeding risk, liver‑first if extensive hepatic disease).  
   - Post‑operative adjuvant chemotherapy should be resumed to address micrometastatic disease.  
   - Rationale: combined resection of primary and hepatic disease offers the only chance for long‑term survival in stage IV colorectal cancer.  

","Step 1 – Resectability assessment
The patient initially had bulky liver metastases. After 8 cycles of chemotherapy, there is only partial reduction with persistence of three large lesions >5 cm and persistently elevated CEA (450 ng/mL). The residual tumor burden and limited response make a complete R0 resection with preservation of an adequate future liver remnant not achievable at this stage. According to hepatobiliary oncologic criteria, this situation is considered unresectable in the current setting.

Step 2 – Recommended oncologic sequence
A. Adaptation of systemic therapy (mandatory)
• The insufficient response to current chemotherapy requires modification of the systemic regimen or consider intra arterial chemotherapy after resection of the primary cancer, according to MDT decision.
• The objective remains to achieve further tumor downsizing that may open a future surgical window.

B. Close radiologic reassessment
• Perform high-resolution liver MRI every 2 months to evaluate response to the new regimen.
• Given the high CEA level (450 ng/mL), perform high-resolution 18FDG PET-CT to confirm absence of additional occult lesions.
• Monitor CEA kinetics as a marker of treatment effect.

C. Criteria for reconsidering surgery
• Surgical re-evaluation can be considered only if a significant radiologic response occurs, reducing lesion size and allowing parenchymal-sparing resection with adequate future liver remnant.

D. If disease remains insufficiently responsive
• Continue systemic therapy and consider local palliative approaches if needed according to MDT.

"
51,"Man, 63 years old, operated two years earlier with a right hepatectomy for synchronous metastases from a left colon cancer. Surveillance: CEA 220 ng/mL. Liver MRI: two lesions segments II and III (2.1 and 3.4 cm). KRAS mutated.
MDT Discussion: Contralateral liver recurrence, anatomically accessible, no extra-hepatic disease.","Step 1 – Resectability Assessment  
- Classification: Potentially resectable (borderline)  
- Justification:  
  • Two metachronous lesions (2.1 cm and 3.4 cm) are confined to segments II and III, anatomically accessible for a left‑lateral segmentectomy.  
  • Prior right hepatectomy leaves only the left liver; removal of segments II‑III would leave segment IV (and possibly caudate) as the future liver remnant (FLR).  
  • Current oncologic criteria require preservation of at least two contiguous segments with adequate inflow/outflow and a FLR ≥ 30 % (≥ 40 % if prior chemotherapy was given). Without volumetric data the FLR is uncertain and may be marginal, therefore the case is deemed potentially but not unequivocally resectable.  
  • No extra‑hepatic disease is identified, satisfying the oncologic component of resectability.  
  • KRAS mutation indicates a more aggressive biology, reinforcing the need for careful selection and systemic control before definitive surgery.  

Step 2 – Recommended strategy  
A. Pre‑operative functional and volumetric assessment  
   - Obtain contrast‑enhanced CT or MRI with liver volumetry to calculate the FLR after planned resection of segments II‑III.  
   - Perform liver function tests (bilirubin, INR, albumin), indocyanine‑green clearance or LiMAx if available, and assess performance status/comorbidities.  
   - If FLR ≥ 30 % (or ≥ 40 % after prior chemotherapy) and liver function is adequate, proceed to step B. If FLR is insufficient, consider portal vein embolization of the left portal branches (to hypertrophy segment IV) or a staged approach (e.g., ALPPS or two‑stage hepatectomy with ablation of one lesion).  

B. Neoadjuvant systemic therapy  
   - Initiate 2–3 months of intensive chemotherapy (e.g., FOLFOXIRI ± bevacizumab) given the high CEA (220 ng/mL) and KRAS‑mutated disease, to assess tumor biology and possibly downsize the lesions.  
   - Re‑image after chemotherapy to confirm disease stability or response and to re‑evaluate FLR.  

C. Surgical phase (repeat hepatectomy)  
   - If post‑chemotherapy imaging shows stable or regressed lesions and FLR remains adequate, perform a repeat left‑lateral segmentectomy (segments II‑III) with intra‑operative ultrasound guidance.  
   - Aim for R0 resection; if margins are <1 cm but negative, consider adjunctive intra‑operative ablation of the margin.  
   - Preserve segment IV and caudate to ensure at least two contiguous segments with intact inflow/outflow and biliary drainage.  

D. Adjuvant and surveillance plan  
   - Complete a total of 6 months of peri‑operative systemic therapy (continue postoperative chemotherapy to reach the planned duration).  
   - Monitor CEA every 6–8 weeks and perform liver MRI/CT every 3 months for the first 2 years, then every 6 months up to 5 years.  
   - Discuss enrollment in clinical trials targeting KRAS‑mutated metastatic CRC if available.  

","Step 1 – Resectability assessment
The patient presents with two metachronous liver metastases in segments II and III (2.1 and 3.4 cm) occurring in the left lateral section after a prior right hepatectomy, without evidence of extrahepatic disease. The lesions are peripherally located but arise in the only remaining functional liver. Resection is technically feasible but must strictly preserve adequate parenchyma and inflow/outflow. According to hepatobiliary oncologic criteria in the setting of previous major hepatectomy, this pattern is considered resectable with a strict parenchymal-sparing strategy, pending volumetric confirmation.

Step 2 – Recommended oncologic sequence
A. Mandatory preoperative volumetric and vascular assessment
• Perform high-resolution liver MRI and contrast-enhanced CT to define precise vascular and biliary relationships.
• Calculate the future liver remnant (which is the current liver) and ensure preservation of sufficient functional parenchyma.
• Assess portal inflow and venous outflow carefully given prior right hepatectomy.

B. Peri-operative systemic therapy
• Given the elevated CEA (220 ng/mL) and early recurrence, a short course (2–3 months) of peri-operative doublet chemotherapy (FOLFOX or FOLFIRI ± bevacizumab) may be considered.
• KRAS mutation excludes anti-EGFR therapy.

C. Restaging before surgery
• Perform high-resolution liver MRI and enhanced CT-scan after chemotherapy to confirm maintained resectability and reassess lesion relationships.

D. Surgical management after restaging
• If resectability and adequate FLR are confirmed, perform parenchymal-sparing resections or ablation of the 2 lesions of segments II and III aiming for R0 margins.
• Avoid any formal left hepatectomy or extended resection.
• Depending on lesion distribution and FLR, this may be performed in a single stage or staged approach.
• Use intra operative ultrasound to verify lesion location and margins. 
• Ideally, consider minimally invasive approach (laparoscopic or robotic) for liver resection.
• Preoperative prehabilitation and ERAS (Enhanced Recovery After Surgery) protocols are evidence-based, multidisciplinary strategies designed to optimize patient health before surgery and accelerate recovery afterward.
E. Postoperative therapy and surveillance
• Pathology report : confirmation of tumor type and origin, immunohistochemistry with tumor markers, histological growth pattern, margin status (R0, R1, R2), tumor grade, differentiation, pathologic response score (TRG), necrosis/fibrosis
• Complete a total of 6 months of systemic chemotherapy including pre-operative cycles if given.
• Close surveillance with CEA and imaging every 3 months.

"
52,"Woman, 70 years old, history of left R0 hepatectomy for liver metastases three years ago. CEA 180 ng/mL. Liver MRI: single lesion segment VIII (3.8 cm) in contact with the IVC. RAS wild-type.
MDT Discussion: Deep solitary recurrence, technical assessment of resection required.","Step 1 – Resectability Assessment  
The patient is potentially resectable.  
- Oncologic factors: solitary 3.8 cm liver metastasis, RAS wild‑type (favorable biology), but markedly elevated CEA (180 ng/mL) suggesting aggressive disease and prior recurrence after left hepatectomy. No documented extra‑hepatic disease, which would otherwise downgrade resectability.  
- Technical factors: the lesion is in segment VIII and abuts the IVC. After a prior left hepatectomy the remaining liver consists of segments V‑VIII; removal of segment VIII would still leave ≥2 contiguous segments (V‑VI‑VII) with preserved inflow/outflow. Estimated future liver remnant (FLR) is likely >30 % of total liver volume, but a formal volumetric study is required. Vascular control or limited IVC resection/reconstruction may be needed, making the case technically demanding but feasible in an experienced HPB unit.  

Step 2 – Recommended strategy  
A. Neoadjuvant systemic therapy – 2–3 months of a doublet (FOLFOX or FOLFIRI) plus anti‑EGFR monoclonal antibody (cetuximab) given RAS‑wild‑type status, aiming to (i) assess tumor biology (“test‑of‑time”), (ii) potentially down‑size the lesion away from the IVC, and (iii) treat occult micrometastatic disease.  

B. Restaging and functional assessment – Repeat high‑resolution liver MRI (or contrast‑enhanced CT) with volumetry, plus PET‑CT/CT chest to exclude extra‑hepatic disease. Obtain liver function tests, indocyanine‑green clearance (or similar) and calculate FLR; if FLR <30 % (or <40 % in a liver pre‑treated with chemotherapy), plan portal vein embolization (PVE) to augment the remnant.  

C. Multidisciplinary re‑evaluation – MDT review of imaging, response to chemotherapy, FLR, and patient performance status. If disease remains solitary, stable or responding, and FLR is adequate (or after successful PVE), proceed to surgery.  

D. Surgical phase –  
   • Goal: R0 resection of the segment VIII metastasis with negative margins (≥1 mm acceptable).  
   • Approach: anatomic segmentectomy of VIII or extended right hepatectomy with selective IVC control; if tumor encroaches the IVC wall, consider limited IVC resection with primary repair or graft reconstruction.  
   • Intra‑operative ultrasound to confirm no additional lesions and to guide margins.  
   • Preserve at least two contiguous segments (V‑VI‑VII) with intact inflow/outflow and biliary drainage.  

E. Post‑operative management – Early recovery pathway, monitor liver function, and resume adjuvant systemic therapy (e.g., continuation of the same regimen or switch to a different doublet) for 3–6 months, given the high pre‑operative CEA and prior recurrence. Consider enrollment in a clinical trial if available.  

","Step 1 – Resectability assessment
The patient presents with a single metachronous liver recurrence in segment VIII (3.8 cm) occurring after a prior left R0 hepatectomy. The lesion is deep and in contact with the IVC, in the only remaining right liver. Although solitary, the location adjacent to the IVC and the reduced liver reserve make resection technically demanding. According to hepatobiliary oncologic criteria in the setting of prior major hepatectomy, this pattern is considered potentially resectable, pending detailed vascular and volumetric assessment.

Step 2 – Recommended oncologic sequence
A. Mandatory preoperative vascular and volumetric assessment
• Perform expert liver MRI and contrast-enhanced CT to precisely evaluate the relationship of the lesion to the IVC and right hepatic vein.
• Calculate the future liver remnant (which is the current liver) and assess inflow/outflow preservation.
• Evaluate whether R0 resection can be achieved without caval reconstruction.

B. Consider short peri-operative systemic therapy
• Given the elevated CEA (180 ng/mL) and recurrence, a short course (2–3 months) of peri-operative doublet chemotherapy (FOLFOX or FOLFIRI ± anti-EGFR given RAS wild-type status) may be considered to treat micrometastatic disease and assess tumor biology.

C. Restaging before surgery
• Perform high-resolution liver MRI and enhanced CT-scan after chemotherapy to confirm maintained resectability and reassess lesion relationships.

D. Surgical management (parenchymal-sparing mandatory)
• If resectability is confirmed, proceed with an ultrasound-guided parenchymal-sparing resection of segment VIII.
• The goal is R0 resection while strictly preserving hepatic inflow/outflow.
• Intra-operative ultrasound is essential.
• Ideally, consider minimally invasive approach (laparoscopic or robotic) for liver resection.
• Preoperative prehabilitation and ERAS (Enhanced Recovery After Surgery) protocols are evidence-based, multidisciplinary strategies designed to optimize patient health before surgery and accelerate recovery afterward.

E. Postoperative therapy and surveillance
• Pathology report : confirmation of tumor type and origin, immunohistochemistry with tumor markers, histological growth pattern, margin status (R0, R1, R2), tumor grade, differentiation, pathologic response score (TRG), necrosis/fibrosis
• Complete a total of 6 months of systemic chemotherapy including pre-operative cycles if given.
• Close surveillance with CEA and imaging every 3 months.

"
53,"Man, 59 years old, left hepatectomy performed two years prior. Liver MRI: three new lesions (segments V, VI, VII) measuring 1.5 to 2.8 cm.On the thoracic CT scan no other metastases. KRAS mutated, CEA 480 ng/mL.
MDT Discussion: Multiple liver recurrence, feasibility of local treatment to be re-evaluated.","Step 1 – Resectability Assessment  
- Classification: Potentially resectable (borderline) – not currently resectable but may become resectable after conversion strategies.  
- Justification:  
  • Prior left hepatectomy has removed segments II‑IV, leaving the right hemiliver (segments V‑VIII) as the only hepatic parenchyma.  
  • New metastases involve segments V, VI and VII; resection of these three lesions would leave only segment VIII, which does not satisfy the technical requirement of preserving at least two contiguous liver segments with adequate inflow, outflow and biliary drainage.  
  • Consequently the future liver remnant (FLR) would be <30 % of total liver volume, below the accepted safety threshold for patients who have received chemotherapy.  
  • No extra‑hepatic disease is seen on thoracic CT, but high‑risk oncologic features (KRAS mutation, CEA 480 ng/mL) suggest aggressive biology, reinforcing the need for disease control before any major hepatic operation.  

Step 2 – Recommended strategy  
A. Systemic therapy (induction)  
   - Initiate an intensive chemotherapy regimen (e.g., FOLFOXIRI ± bevacizumab) appropriate for KRAS‑mutated disease.  
   - Rationale: to treat micrometastatic disease, assess tumor biology, and attempt radiologic downsizing of the three liver lesions.  

B. Re‑assessment after 2–3 months  
   - Repeat contrast‑enhanced MRI with volumetric analysis of the liver.  
   - Evaluate response of the three lesions and calculate the FLR volume.  

C. Portal vein embolization (PVE) of the right portal branches feeding segments V‑VII (if imaging shows that the FLR (segment VIII) is still insufficient).  
   - Goal: induce hypertrophy of segment VIII to achieve an FLR ≥ 30‑40 % (adjusted for chemotherapy‑related liver injury).  
   - Rationale: to create a safe functional reserve for a subsequent curative‑intent hepatic resection.  

D. Surgical/locoregional intervention (performed after adequate hypertrophy, typically 4–6 weeks post‑PVE):  
   - Option 1: Staged right‑sided hepatectomy sparing the hypertrophied segment VIII, achieving R0 removal of all visible disease.  
   - Option 2 (if FLR remains marginal): Combine limited anatomical resection of the dominant lesion(s) with percutaneous or intra‑operative ablative modalities (RFA or SBRT) for the remaining small lesions, ensuring complete local control while preserving liver parenchyma.  
   - Rationale: to obtain an R0 resection or complete ablation while respecting the technical criteria of preserving ≥2 contiguous segments and adequate vascular/biliary inflow‑outflow.  

E. Post‑operative/adjuvant systemic therapy  
   - Resume or continue systemic chemotherapy for at least 3–6 months, tailored to response and tolerance.  
   - Rationale: KRAS‑mutated disease carries a high risk of systemic recurrence; adjuvant therapy improves disease‑free survival.  

","Step 1 – Resectability assessment
The patient presents with three metachronous liver metastases (segments V, VI, VII; 1.5–2.8 cm) occurring after a prior left hepatectomy, without reported extrahepatic disease. The lesions are located in the only remaining right liver and appear peripherally distributed. Resection may be technically feasible with a strict parenchymal-sparing strategy while preserving adequate inflow/outflow and functional reserve. According to hepatobiliary oncologic criteria in the setting of previous major hepatectomy, this pattern is considered potentially resectable, pending detailed vascular and volumetric assessment.

Step 2 – Recommended oncologic sequence
A. Mandatory preoperative vascular and volumetric assessment
• Perform expert liver MRI and contrast-enhanced CT to precisely define vascular and biliary relationships of the three lesions.
• Calculate the future liver remnant (which is the current liver) and assess portal inflow and hepatic venous outflow.
• Given the high CEA level (480 ng/mL) and multifocal recurrence, perform high-resolution 18FDG PET-CT

B. Consider short peri-operative systemic therapy
• Given the high CEA level (480 ng/mL) and multifocal recurrence, a short course (2–3 months) of peri-operative doublet chemotherapy (FOLFOX or FOLFIRI ± bevacizumab) is advisable.
• KRAS mutation excludes anti-EGFR therapy.
• This period allows assessment of tumor biology and potential further downsizing.

C. Surgical management (parenchymal-sparing mandatory)
• If resectability is confirmed, proceed with ultrasound-guided wedge/segmental resections or ablation of segments V, VI, and VII.
• Avoid any major resection and preserve maximal functional parenchyma.
• Intra-operative ultrasound is essential.
• The goal is R0 resection while strictly preserving hepatic inflow/outflow.
• Intra-operative ultrasound is essential.
• Ideally, consider minimally invasive approach (laparoscopic or robotic) for liver resection.
• Preoperative prehabilitation and ERAS (Enhanced Recovery After Surgery) protocols are evidence-based, multidisciplinary strategies designed to optimize patient health before surgery and accelerate recovery afterward.

E. Postoperative therapy and surveillance
• Pathology report : confirmation of tumor type and origin, immunohistochemistry with tumor markers, histological growth pattern, margin status (R0, R1, R2), tumor grade, differentiation, pathologic response score (TRG), necrosis/fibrosis
• Complete a total of 6 months of systemic chemotherapy including pre-operative cycles if administered.
• Close surveillance with CEA and imaging every 3 months.

"
54,"Woman, 65 years old, right hepatectomy for metastases in 2022. Surveillance: CEA 150 ng/mL. Liver MRI: two lesions segments II and III (2.3 and 3.1 cm). BRAF wild-type.
MDT Discussion: Late liver recurrence, no other locations, satisfactory liver volume.","Step 1 – Resectability Assessment  
- Classification: Potentially resectable (borderline)  
- Justification:  
  • Two metachronous liver lesions (2.3 cm in segment II, 3.1 cm in segment III) are technically amenable to resection, but they are located in the left lateral sector after a prior right hepatectomy, leaving only segment IV as future liver remnant (FLR).  
  • Current guidelines require ≥30 % FLR (or >0.5 % body‑weight ratio). Without volumetric data the FLR is likely marginal; therefore the case sits at the edge of technical feasibility.  
  • Elevated CEA (150 ng/mL) and early hepatic recurrence suggest aggressive biology; neoadjuvant systemic therapy is recommended before definitive surgery to obtain “proof of time.”  
  • No extra‑hepatic disease is identified, fulfilling the oncologic criterion for curative intent if adequate liver reserve can be preserved.  

Step 2 – Recommended strategy  
A. Neoadjuvant systemic therapy  
   - Initiate an intensive doublet or triplet regimen (e.g., FOLFOXIRI ± bevacizumab) for 2–3 months.  
   - Rationale: high CEA and early recurrence indicate biologically aggressive disease; systemic therapy may down‑size lesions, treat micrometastatic disease, and allow assessment of tumor biology (response vs progression).  

B. Restaging and volumetric assessment  
   - Repeat liver MRI with volumetry and obtain chest CT/PET to reconfirm absence of extra‑hepatic disease.  
   - Rationale: determine post‑chemotherapy lesion size, FLR percentage, and confirm that no new sites have emerged.  

C. Surgical decision based on restaging  
   - If FLR ≥30 % (or >0.5 % body weight) and lesions remain resectable with clear margins, proceed to left lateral sectionectomy (segments II + III) preserving segment IV.  
   - If FLR is insufficient but lesions are responsive, consider combined approach: limited resection of the larger lesion plus percutaneous/ intra‑operative RFA of the second lesion, or pure ablative therapy for both lesions.  
   - Rationale: achieve R0 resection while avoiding postoperative liver failure; ablative adjuncts expand curative options when liver reserve is limited.  

D. Post‑operative/adjuvant therapy  
   - Resume the same systemic regimen (or switch to a maintenance biologic) for 3–6 months post‑resection, provided recovery is uneventful.  
   - Continue CEA monitoring and imaging surveillance every 3–6 months.  
   - Rationale: adjuvant therapy improves disease‑free survival in high‑risk patients and addresses potential microscopic residual disease.  

","Step 1 – Resectability assessment
The patient presents with two metachronous liver metastases in segments II and III (2.3 and 3.1 cm) occurring after a prior right hepatectomy, without evidence of extrahepatic disease. The lesions are peripherally located in the remaining left liver and appear technically amenable to strict parenchymal-sparing resections while preserving adequate inflow/outflow and functional reserve. According to hepatobiliary oncologic criteria in the setting of previous major hepatectomy, this pattern is considered resectable, pending detailed vascular and volumetric confirmation.

Step 2 – Recommended oncologic sequence
A. Mandatory preoperative vascular and volumetric assessment
• Perform high-resolution liver MRI and contrast-enhanced CT to define precise vascular and biliary relationships.
• Calculate the future liver remnant (which is the current liver) and confirm preservation of portal inflow and hepatic venous outflow.

B. Consider peri-operative systemic therapy
• Given the elevated CEA (150 ng/mL) and recurrence, a short course (2–3 months) of peri-operative doublet chemotherapy (FOLFOX or FOLFIRI ± bevacizumab) may be considered to address potential micrometastatic disease.

C. Surgical management (parenchymal-sparing mandatory)
• Proceed with ultrasound-guided wedge/segmental resections or ablation of segments II and III aiming for R0 margins while preserving maximal functional parenchyma.
• Avoid any major resection and preserve maximal functional parenchyma.
• Intra-operative ultrasound is essential.
• The goal is R0 resection while strictly preserving hepatic inflow/outflow.
• Intra-operative ultrasound is essential.
• Ideally, consider minimally invasive approach (laparoscopic or robotic) for liver resection.
• Preoperative prehabilitation and ERAS (Enhanced Recovery After Surgery) protocols are evidence-based, multidisciplinary strategies designed to optimize patient health before surgery and accelerate recovery afterward.

D. Postoperative therapy and surveillance
• Pathology report : confirmation of tumor type and origin, immunohistochemistry with tumor markers, histological growth pattern, margin status (R0, R1, R2), tumor grade, differentiation, pathologic response score (TRG), necrosis/fibrosis
• Complete a total of 6 months of systemic chemotherapy including pre-operative cycles if administered.
• Close surveillance with CEA and imaging every 3 months.

"
55,"Man, 67 years old, history of bisegmentectomy V-VI. Liver MRI: recurrence segment IVa (2.6 cm) and suspicious lesion segment VIII (1.9 cm).No other metastases at the thoracic  CT scan. CEA 250 ng/mL, KRAS mutated.
MDT Discussion: Bilobar recurrence on partially resected liver, question of surgical or thermo-ablative approach.","Step 1 – Resectability Assessment  
- Classification: Potentially resectable (borderline).  
- Rationale:  
  • Two discrete metastases (2.6 cm in segment IVa, 1.9 cm in segment VIII) meet size criteria for curative intent.  
  • Bilobar distribution after prior bisegmentectomy V‑VI reduces overall liver volume; adequacy of future liver remnant (FLR) cannot be confirmed without volumetry.  
  • Technical criteria for resection (negative margins, preservation of ≥2 contiguous functional segments, intact inflow/outflow, biliary drainage) are achievable with segmental or wedge resections, provided FLR > 30 % (chemotherapy‑injured liver) or > 20 % (normal liver).  
  • No extra‑hepatic disease on thoracic CT; CEA is markedly elevated (250 ng/mL) and KRAS mutation indicates aggressive biology, supporting the need for careful oncologic planning but not excluding resection.  

Step 2 – Recommended strategy  
A. Comprehensive pre‑operative assessment  
   - Obtain liver function tests, indocyanine‑green clearance (or similar) and a contrast‑enhanced CT‑based volumetric analysis to quantify FLR after planned resections.  
   - Review prior systemic therapy (type, cycles, liver toxicity) and performance status (ASA, cardiopulmonary reserve).  
   - Rationale: Determines whether a single‑stage resection is safe or if a staged approach/augmentation is required.  

B. Neoadjuvant systemic therapy (if FLR borderline or to assess tumor biology)  
   - Initiate 4–6 cycles of FOLFOX (or CAPEOX) ± bevacizumab (anti‑EGFR not indicated due to KRAS mutation).  
   - Re‑image after chemotherapy to evaluate response of both lesions and CEA trend.  
   - Rationale: “Proof of time” for biologic aggressiveness; potential downsizing; may improve resectability and allow better selection for surgery.  

C. Surgical plan based on FLR and response  
   - If FLR ≥ 30 % after anticipated resections:  
        • Perform parenchyma‑sparing wedge resection of segment IVa and segment VIII in a single operation (or combine resection of one lesion with intra‑operative radiofrequency ablation of the other if anatomical constraints exist).  
        • Aim for R0 margins (>1 mm) while preserving maximal healthy parenchyma.  
   - If FLR < 30 %:  
        • First‑stage: Ablate the smaller lesion (segment VIII) or perform limited resection of the left‑lobe lesion (segment IVa) to clear the future liver remnant.  
        • Perform right portal vein embolization (PVE) to induce hypertrophy of the left lobe.  
        • After 4–6 weeks and confirmation of adequate FLR growth, proceed to second‑stage anatomical resection of the remaining lesion.  
   - Rationale: Ensures sufficient postoperative liver function while achieving complete eradication of disease.  

D. Post‑operative adjuvant therapy  
   - Resume systemic chemotherapy (FOLFOX ± bevacizumab) for 6 months, tailored to postoperative recovery and residual disease risk (high CEA, KRAS mutation).  
   - Schedule serial CEA monitoring and imaging (MRI/CT) every 3–6 months for the first 2 years.  
   - Rationale: Reduces risk of hepatic recurrence, addresses micrometastatic disease, and aligns with evidence that peri‑operative chemotherapy improves disease‑free survival.  

","Step 1 – Resectability assessment
The patient presents with two liver lesions after prior bisegmentectomy V–VI: a 2.6 cm recurrence in segment IVa and a 1.9 cm suspicious lesion in segment VIII, without reported extrahepatic disease. This represents bilobar recurrence in a previously partially resected liver. Both lesions appear technically accessible to local treatment with preservation of adequate inflow/outflow and functional reserve. According to hepatobiliary oncologic criteria in the setting of prior parenchymal loss, this pattern is considered resectable with a parenchymal-sparing or thermo-ablative strategy, pending detailed vascular and volumetric assessment.

Step 2 – Recommended oncologic sequence
A. Mandatory preoperative vascular and volumetric assessment
• Perform high-resolution liver MRI and contrast-enhanced CT to define precise vascular and biliary relationships of segments IVa and VIII.
• Calculate the future liver remnant (current liver) and assess portal inflow and hepatic venous outflow.
• Given the high CEA level (250 ng/mL) and multifocal recurrence, perform high-resolution 18FDG PET-CT

B. Consider peri-operative systemic therapy
• Given the elevated CEA (250 ng/mL), no information about timing of recurrence and KRAS mutation, a short course (2–3 months) of peri-operative doublet chemotherapy (FOLFOX or FOLFIRI ± bevacizumab) is advisable to treat micrometastatic disease and assess tumor biology.

C. Choice of local treatment strategy
• Given prior resection and limited lesions, a combined approach is appropriate:
– Parenchymal-sparing wedge/segmental resection of the segment IVa lesion if safely achievable.
– Thermo-ablation (e.g., microwave/RFA) of the small segment VIII lesion if its location makes resection unnecessarily parenchyma-consuming.
• Intra-operative ultrasound is essential to guide both resection and ablation.
• Intra-operative ultrasound is essential.
• The goal is R0 resection while strictly preserving hepatic inflow/outflow.
• Ideally, consider minimally invasive approach (laparoscopic or robotic) for liver resection.
• Preoperative prehabilitation and ERAS (Enhanced Recovery After Surgery) protocols are evidence-based, multidisciplinary strategies designed to optimize patient health before surgery and accelerate recovery afterward.

D. Postoperative therapy and surveillance
• Pathology report : confirmation of tumor type and origin, immunohistochemistry with tumor markers, histological growth pattern, margin status (R0, R1, R2), tumor grade, differentiation, pathologic response score (TRG), necrosis/fibrosis
• Complete approximately 6 months of systemic therapy including pre-operative cycles if administered.
• Close follow-up with CEA and imaging every 3 months.

"
56,"Woman, 61 years old, extended right hepatectomy performed three years earlier. Surveillance: CEA 360 ng/mL. Liver MRI: single metastasis segment III (3.8 cm). KRAS mutated.
MDT Discussion: Contralateral liver recurrence, potentially resectable depending on future liver remnant.","Step 1 – Resectability Assessment  
- Classification: Potentially resectable only after advanced hypertrophy techniques; technically unresectable in the current anatomic setting.  
- Rationale:  
  • Prior extended right hepatectomy has left only the left lateral sector (segments II‑III) as functional liver.  
  • The recurrent metastasis occupies segment III; resection would leave a single segment (II) – below the required minimum of two contiguous segments with adequate inflow/outflow and biliary drainage.  
  • Future liver remnant (FLR) would fall well under the accepted 30 % volume threshold for a normal liver (and under 40 % for a liver previously exposed to chemotherapy).  
  • Oncologic criteria (single lesion, metachronous, no documented extra‑hepatic disease) are favorable, but KRAS mutation and markedly elevated CEA (360 ng/mL) indicate aggressive biology, increasing the need for careful patient selection.  

Step 2 – Recommended strategy  
A. Restaging and functional assessment  
   - Obtain high‑resolution contrast‑enhanced MRI with liver volumetry, chest CT or PET‑CT to exclude occult extra‑hepatic disease, and full liver function panel (bilirubin, INR, albumin, platelet count, indocyanine‑green clearance if available).  
   - Document performance status (ECOG/ASA) and comorbidities.  

B. Systemic therapy and biological “proof of time”  
   - Initiate modern doublet or triplet chemotherapy (e.g., FOLFOXIRI) with anti‑VEGF (bevacizumab) given KRAS‑mutant status, aiming for disease control and assessment of tumor kinetics.  
   - Re‑measure CEA after 2–3 cycles; a falling trend supports proceeding with local therapy.  

C. Local ablative control of the segment III lesion  
   - Because an anatomic resection would leave an inadequate FLR, schedule percutaneous image‑guided radiofrequency or microwave ablation of the 3.8 cm lesion, ensuring a ≥5 mm ablative margin.  
   - Consider stereotactic body radiotherapy (SBRT) if ablation is contraindicated (e.g., proximity to major vessels).  

D. Evaluation for hypertrophy‑based surgical conversion (optional, high‑risk)  
   - If systemic therapy yields excellent response and the patient remains fit, discuss portal vein embolization (PVE) of the left portal branches or a modified ALPPS approach to induce rapid hypertrophy of the remaining segment II (and caudate).  
   - Proceed to repeat hepatectomy only if post‑PVE volumetry shows FLR ≥ 30 % (or ≥ 40 % if chemotherapy‑associated liver injury is present) and the patient tolerates the procedure.  

E. Surveillance  
   - Monitor CEA and cross‑sectional imaging every 3 months for the first 2 years, then every 6 months thereafter.  
   - Re‑evaluate resectability at each imaging point; repeat local therapy or surgery if new isolated lesions appear and FLR criteria can be met.  

","Step 1 – Resectability assessment
The patient presents with a single metachronous liver metastasis in segment III (3.8 cm) occurring after a prior extended right hepatectomy, without evidence of extrahepatic disease. The lesion is located in the only remaining left lateral liver. Resection is technically feasible but must strictly preserve adequate inflow/outflow and functional reserve. According to hepatobiliary oncologic criteria in the setting of previous major hepatectomy, this pattern is considered potentially resectable, pending precise volumetric and vascular assessment.

Step 2 – Recommended oncologic sequence
A. Mandatory preoperative volumetric and vascular assessment
• Perform high-resolution liver MRI and contrast-enhanced CT to define precise vascular and biliary relationships.
• Calculate the future liver remnant (current liver) and assess portal inflow and hepatic venous outflow to ensure safe resection.

B. Consider short peri-operative systemic therapy
• Given the elevated CEA (360 ng/mL) and recurrence, a short course (2–3 months) of peri-operative doublet chemotherapy (FOLFOX or FOLFIRI ± bevacizumab) is advisable.
• KRAS mutation excludes anti-EGFR therapy.
• This period allows assessment of tumor biology.

C. Surgical management (strict parenchymal-sparing)
• If resectability is confirmed, proceed with an ultrasound-guided wedge/segmental resection or a ablation of segment III aiming for R0 margins while preserving maximal functional parenchyma.
• Avoid any formal left hepatectomy.
• Intra-operative ultrasound is essential.
• The goal is R0 resection while strictly preserving hepatic inflow/outflow.
• Ideally, consider minimally invasive approach (laparoscopic or robotic) for liver resection.
• Preoperative prehabilitation and ERAS (Enhanced Recovery After Surgery) protocols are evidence-based, multidisciplinary strategies designed to optimize patient health before surgery and accelerate recovery afterward.

D. Postoperative therapy and surveillance
• Pathology report : confirmation of tumor type and origin, immunohistochemistry with tumor markers, histological growth pattern, margin status (R0, R1, R2), tumor grade, differentiation, pathologic response score (TRG), necrosis/fibrosis
• Complete a total of 6 months of systemic chemotherapy including pre-operative cycles if administered.
• Close surveillance with CEA and imaging every 3 months.

"
57,"Man, 71 years old, history of segment VII resection. Liver MRI: local recurrence at resection site (2.5 cm) and additional nodule segment V. No other lesion at the thoraco CT scan CEA 410 ng/mL.
MDT Discussion: Localized recurrence on resection scar, complex technical feasibility.","Step 1 – Resectability Assessment  
- Classification: Potentially resectable (borderline).  
- Justification:  
  • Two intra‑hepatic lesions (2.5 cm recurrence at prior resection scar and a separate nodule in segment V) are limited in number and size, fulfilling the oncologic criterion that all visible disease can be removed.  
  • No extra‑hepatic disease on thoracic CT, satisfying the oncologic requirement for an R0 resection of all disease sites.  
  • Prior segment VII resection reduces overall liver volume; however, the remaining liver (segments I‑VI, VIII) likely provides >20‑30 % future liver remnant (FLR) in a non‑cirrhotic liver, meeting the technical criterion of preserving at least two contiguous segments with adequate inflow/outflow and biliary drainage.  
  • High CEA (410 ng/mL) and early local recurrence suggest aggressive biology; therefore, a “proof‑of‑time” neoadjuvant approach is advisable before committing to major re‑resection.  

Step 2 – Recommended strategy  
A. Restaging and functional assessment  
   - Obtain a high‑resolution liver MRI with diffusion‑weighted imaging and contrast‑enhanced sequences; add PET‑CT if any doubt about occult extra‑hepatic disease.  
   - Perform volumetric CT or MRI to calculate FLR; assess liver function (bilirubin, INR, albumin, platelet count, indocyanine‑green clearance).  
   - Rationale: confirms true disease burden, quantifies remnant liver, and identifies any hidden metastases that would alter the plan.  

B. Neoadjuvant systemic therapy  
   - Initiate 2–3 months of peri‑operative chemotherapy (e.g., FOLFOX ± bevacizumab or anti‑EGFR depending on RAS/BRAF status).  
   - Rationale: treats micrometastatic disease, provides biologic “proof of time” given the elevated CEA, and may down‑size the lesions to facilitate a parenchyma‑sparing resection.  

C. Re‑evaluation after chemotherapy  
   - Repeat MRI (and PET‑CT if indicated) to assess tumor response and FLR volume.  
   - If disease is stable or responding and FLR remains adequate, proceed to surgery; if progression occurs, reconsider systemic‑only strategy or alternative locoregional therapies.  

D. Surgical plan  
   - Aim for an R0 resection:  
     • Anatomical segmentectomy of segment V (or non‑anatomic wedge if margin can be achieved).  
     • Local excision/wedge of the recurrence at the prior segment VII scar, preserving surrounding parenchyma.  
   - Use intra‑operative ultrasound to delineate lesion margins and vascular relationships.  
   - If calculated FLR after planned resection would be <30 % (or <20 % in a pristine liver), consider pre‑operative portal vein embolization (PVE) or a two‑stage hepatectomy; alternatively, treat one lesion with percutaneous ablation to spare liver tissue.  
   - Rationale: achieves complete macroscopic clearance while respecting the technical criteria of FLR, inflow/outflow, and biliary drainage.  

E. Post‑operative management  
   - Resume/adapt systemic chemotherapy for 3–6 months as adjuvant therapy.  
   - Serial CEA monitoring and imaging (CT or MRI) every 3–6 months for surveillance.  

","Step 1 – Resectability assessment
The patient presents with a 2.5 cm local recurrence at the prior segment VII resection site and an additional nodule in segment V, without reported extrahepatic disease. This represents localized intrahepatic recurrence in a previously operated posterior segment. Despite the scar location and technical complexity, both lesions appear amenable to local treatment while preserving adequate inflow/outflow and functional reserve. According to hepatobiliary oncologic criteria in the setting of prior liver resection, this pattern is considered potentially resectable, pending detailed vascular and volumetric assessment.

Step 2 – Recommended oncologic sequence
A. Mandatory preoperative vascular and anatomical assessment
• Perform high-resolution liver MRI and contrast-enhanced CT to define the relationship of the segment VII recurrence to hepatic veins, portal pedicles, and scar tissue.
• Calculate the future liver remnant (current liver) and assess inflow/outflow preservation.
• Given the high CEA level (410 ng/mL) and multifocal recurrence, perform high-resolution 18FDG PET-CT

B. Consider peri-operative systemic therapy
• Given the elevated CEA (410 ng/mL) and recurrence, a short course (2–3 months) of peri-operative doublet chemotherapy (FOLFOX or FOLFIRI ± bevacizumab) is advisable to treat micrometastatic disease and assess tumor biology.

B. Combined local treatment strategy
• Given the scar location and technical difficulty, a combined approach is appropriate:
– Either Parenchymal-sparing resection or thermo-ablation of the segment V lesion.
– Resection of the segment VII scar recurrence depending on its relationship to vascular structures and the extent of adhesions.
• Intra-operative ultrasound is essential to guide both approaches.
• The goal is R0 resection while strictly preserving hepatic inflow/outflow.
• Ideally, consider minimally invasive approach (laparoscopic or robotic) for liver resection.
• Preoperative prehabilitation and ERAS (Enhanced Recovery After Surgery) protocols are evidence-based, multidisciplinary strategies designed to optimize patient health before surgery and accelerate recovery afterward.

D. Postoperative therapy and surveillance
• Pathology report : confirmation of tumor type and origin, immunohistochemistry with tumor markers, histological growth pattern, margin status (R0, R1, R2), tumor grade, differentiation, pathologic response score (TRG), necrosis/fibrosis
• Complete approximately 6 months of systemic therapy including pre-operative cycles if administered.
• Close follow-up with CEA and imaging every 3 months.

"
58,"Woman, 55 years old, history of left hepatectomy for synchronous metastases. Surveillance: CEA 560 ng/mL. Liver MRI: multiple lesions in right and left lobes (up to 4.5 cm). RAS wild-type.
MDT Discussion: Diffuse liver recurrence, potentially non-curative.","Step 1 – Resectability Assessment  
- Classification: Potentially resectable (borderline)  
- Justification:  
  • Bilobar disease with multiple lesions up to 4.5 cm in both right and left lobes indicates a high tumor burden.  
  • Prior left hepatectomy reduces the available hepatic parenchyma, raising concern for an insufficient future liver remnant (FLR).  
  • No volumetric data are provided; without confirmation that an FLR ≥ 30 % (or liver‑to‑body‑weight ratio > 0.5 %) can be preserved, a single‑stage curative resection is technically unsafe.  
  • Elevated CEA (560 ng/mL) suggests aggressive biology, although RAS wild‑type is favorable.  
  • No documented extra‑hepatic disease, but its presence would shift the case to unresectable.  
  • According to current oncologic criteria (adequate inflow/outflow, negative margins, sufficient FLR), the case does not meet definitive resectability but may become resectable after down‑staging and liver hypertrophy strategies.

Step 2 - Recommended strategy  
A. Systemic conversion chemotherapy  
   - Initiate intensive first‑line regimen (e.g., FOLFOXIRI + cetuximab) given RAS wild‑type and high CEA, aiming for tumor shrinkage and control of micrometastatic disease.  
   - Rationale: Down‑staging can reduce lesion size/number and improve the chance of achieving an R0 resection; systemic therapy also addresses occult disease.  

B. Restaging and volumetric assessment (4–6 weeks after 2–3 cycles)  
   - Repeat liver MRI with volumetry, CT chest/abdomen, and CEA measurement.  
   - Determine FLR percentage; assess response per RECIST.  
   - Rationale: Objective response and adequate FLR are prerequisites for any surgical plan.  

C. Liver hypertrophy strategy (if FLR < 30 % but potentially augmentable)  
   - If FLR is borderline, perform portal vein embolization (PVE) of the diseased lobe or consider ALPPS/partial ALPPS in a high‑volume center.  
   - Rationale: Induces rapid hypertrophy of the future remnant, converting a borderline case to resectable.  

D. Surgical approach (contingent on response and FLR)  
   - If adequate down‑staging and FLR achieved, proceed with a staged hepatectomy (two‑stage or ALPPS) aiming for complete macroscopic clearance (R0/R1) while preserving ≥ 2 contiguous segments.  
   - If disease remains diffuse despite maximal down‑staging, abort curative surgery and continue systemic therapy (potentially with liver‑directed locoregional treatments such as radiofrequency ablation or Y‑90 radioembolization).  

E. Adjuvant/maintenance therapy  
   - Post‑operative systemic chemotherapy (e.g., 6 months of FOLFOX or CAPEOX) to eradicate residual microscopic disease.  
   - Ongoing CEA surveillance and imaging every 3–6 months.  

","Step 1 – Resectability assessment
The patient presents with multiple bilobar liver recurrences (up to 4.5 cm) after a prior left hepatectomy, without reported extrahepatic disease. The tumor burden, bilobar distribution in a previously reduced liver, and multiplicity of lesions make a complete R0 resection with preservation of an adequate future liver remnant not feasible. According to hepatobiliary oncologic criteria, this situation is considered unresectable in the current setting.

Step 2 – Recommended oncologic sequence
A. Mandatory preoperative vascular and anatomical assessment
• Given the high CEA level (560 ng/mL) and multifocal recurrence, perform high-resolution 18FDG PET-CT

B. Systemic therapy as primary strategy (mandatory)
• Initiate or adapt systemic chemotherapy according to MDT decision.
• RAS wild-type status allows consideration of anti-EGFR therapy.
• The objective is disease control rather than immediate curative intent.
• Monitor CEA kinetics as a marker of treatment effect.

C. Close radiologic reassessment
• Perform high-resolution liver MRI every 2-3 months to evaluate response and detect any potential reduction in tumor burden that could open a limited local treatment window.

C. Consideration of selective local treatment only if major response occurs
• If significant tumor downsizing occurs, reassess feasibility of parenchymal-sparing resections or ablative strategies for dominant lesions.
• Any surgical consideration would be secondary to systemic disease control.

D. If disease remains diffuse
• Continue second-line systemic therapy and/or consider alternative regimens (such as intra-arterial chemotherapy after resection of the primary tumor).
• If disease remains diffuse, consider palliative or symptom-oriented local approaches as appropriate.

"
59,"Man, 68 years old, right hepatectomy in 2021 for three KRAS mutated metastases. Liver MRI 2025: two new lesions segments IVb and II (2.7 and 3.2 cm).No other lesion at the thoraco-abdominal CT scan. CEA 300 ng/mL.
MDT Discussion: Bilobar liver recurrence, sufficient liver volume.","Step 1 – Resectability Assessment  
- Classification: Potentially resectable (borderline).  
- Technical justification:  
  • Prior right hepatectomy has left a left liver remnant that includes segments II, III, IVa, IVb and caudate; the two new lesions are confined to segment II (3.2 cm) and segment IVb (2.7 cm).  
  • Both lesions are amenable to parenchyma‑sparing non‑anatomic or segmental resections while preserving at least two contiguous segments (e.g., segments III and IVa) with adequate inflow/outflow and biliary drainage.  
  • Imaging indicates sufficient future liver remnant (>30 % of total liver volume), satisfying the technical criteria for safe hepatectomy.  
- Oncologic justification:  
  • KRAS‑mutated disease, high CEA (300 ng/mL) and prior hepatic recurrence indicate aggressive tumor biology, which places the case in a high‑risk category.  
  • No extra‑hepatic disease on thoraco‑abdominal CT, but the high tumor marker and bilobar recurrence argue for systemic disease control (“proof of time”) before definitive surgery.  
  • Therefore, while technically feasible, the case is best regarded as potentially resectable pending response to neoadjuvant therapy.

Step 2 – Recommended strategy  
A. Neoadjuvant systemic therapy (2–3 months)  
   • Regimen: FOLFOXIRI ± bevacizumab (or FOLFOX + bevacizumab if tolerability is a concern).  
   • Goal: achieve radiologic stability or response, treat occult micrometastases, and obtain a dynamic assessment of tumor biology (CEA trend, RECIST).  

B. Restaging after chemotherapy  
   • Repeat liver MRI with hepatobiliary contrast and chest CT (or PET‑CT) to confirm absence of new lesions and to re‑measure the two hepatic metastases.  
   • Re‑calculate future liver remnant; if FLR remains adequate, proceed; if FLR is marginal, consider portal vein embolization of the right portal branch (already resected) or left portal embolization of the segment to be preserved.  

C. Surgical resection (once disease control is documented)  
   • Perform a left‑lateral segmentectomy (or wedge resection) of segment II and a non‑anatomic resection of segment IVb with intra‑operative ultrasound guidance to achieve R0 margins (≥1 mm).  
   • Preserve segments III and IVa (and caudate) to maintain ≥2 contiguous segments and adequate inflow/outflow.  
   • If the primary colorectal tumor has not yet been resected and is resectable, consider a simultaneous colorectal resection (e.g., low anterior resection) provided the patient’s physiologic reserve permits.  

D. Adjuvant/maintenance therapy  
   • Resume the same systemic regimen (or a suitable alternative) for 3–6 months post‑operatively, tailored to tolerability and postoperative recovery.  
   • Continue KRAS‑directed management (no EGFR‑targeted agents).  
   • Serial CEA monitoring every 6–8 weeks and imaging at 3‑month intervals for the first year.  

","Step 1 – Resectability assessment
The patient presents with two metachronous liver metastases in segments IVb and II (2.7 and 3.2 cm) after a prior right hepatectomy, without evidence of extrahepatic disease. The lesions are located in the remaining liver but appear peripherally accessible. With adequate residual liver volume and preserved inflow/outflow, a strict parenchymal-sparing approach can achieve R0 resection. According to hepatobiliary oncologic criteria in the setting of previous major hepatectomy, this pattern is considered resectable, pending detailed vascular and volumetric confirmation.

Step 2 – Recommended oncologic sequence
A. Mandatory preoperative vascular and volumetric assessment
• Perform high-resolution liver MRI and contrast-enhanced CT to define precise vascular and biliary relationships of segments IVb and VI.
• Calculate the future liver remnant (current liver) and confirm preservation of portal inflow and hepatic venous outflow.
• Given the high CEA level (300 ng/mL) and multifocal recurrence, perform high-resolution 18FDG PET-CT

B. Consider short peri-operative systemic therapy
• Given the elevated CEA (300 ng/mL) and recurrence, a short course (2–3 months) of peri-operative doublet chemotherapy (FOLFOX or FOLFIRI ± bevacizumab) is advisable.
• KRAS mutation excludes anti-EGFR therapy.
• This period allows assessment of tumor biology.

C. Close radiologic reassessment
• Perform high-resolution liver MRI every 2-3 months to evaluate response and detect any potential reduction in tumor burden that could open a limited local treatment window.

D. Surgical management (parenchymal-sparing mandatory)
• Proceed Either Parenchymal-sparing resection or thermo-ablation of the segment IVb and II aiming for R0 margins while preserving maximal functional parenchyma.
• Intra-operative ultrasound is essential to guide both approaches.
• The goal is R0 resection while strictly preserving hepatic inflow/outflow.
• Ideally, consider minimally invasive approach (laparoscopic or robotic) for liver resection.
• Preoperative prehabilitation and ERAS (Enhanced Recovery After Surgery) protocols are evidence-based, multidisciplinary strategies designed to optimize patient health before surgery and accelerate recovery afterward.

E. Postoperative therapy and surveillance
• Pathology report : confirmation of tumor type and origin, immunohistochemistry with tumor markers, histological growth pattern, margin status (R0, R1, R2), tumor grade, differentiation, pathologic response score (TRG), necrosis/fibrosis
• Complete a total of 6 months of systemic chemotherapy including pre-operative cycles if administered.
• Close surveillance with CEA and imaging every 3 months.

"
60,"Woman, 60 years old, history of segmental VI-VII resection. Liver MRI: new lesion segment III (2.4 cm) and micronodule segment II. BRAF wild-type.
MDT Discussion: Metachronous contralateral recurrence, possible minimally invasive approach depending on remnant volume.","Step 1 – Resectability Assessment  
- Classification: Potentially resectable  
- Justification:  
  • Technical criteria: disease is confined to segments II and III of the left liver; a parenchymal‑sparing resection of the 2.4 cm lesion in segment III with preservation of segments II and IV would leave at least two contiguous segments with inflow/outflow and biliary drainage.  
  • Oncologic criteria: metachronous recurrence, BRAF wild‑type, limited tumor burden (≤2 lesions), no reported extra‑hepatic disease – all favor a curative intent approach.  
  • Prior right posterior (VI‑VII) resection reduces overall liver volume; without volumetric data the future liver remnant (FLR) cannot be confirmed to exceed the generally accepted ≥30 % (or ≥0.5 % of body weight) threshold, hence the case remains “potentially” rather than definitively resectable.  

Step 2 – Recommended strategy  
A. Restaging and functional assessment  
   - Obtain high‑resolution hepatobiliary MRI with volumetric analysis of the FLR.  
   - Perform liver function testing (ICG clearance, bilirubin, albumin) and assess performance status (ECOG/ASA).  
   - Complete systemic staging (CT chest/abdomen/pelvis, PET‑CT if indicated) to exclude occult extra‑hepatic disease.  
   - Rationale: confirms that the FLR is sufficient and that no distant disease precludes curative surgery.  

B. Neoadjuvant systemic therapy (optional)  
   - If FLR is borderline (<30 % or functional reserve limited) or if there is concern about aggressive biology, give 2–3 cycles of an oxaliplatin‑based doublet (e.g., CAPOX) ± anti‑EGFR or anti‑VEGF biologic, depending on KRAS status.  
   - Re‑image after chemotherapy to assess tumor response (“proof of time”).  
   - Rationale: may down‑size the segment III lesion, treat micrometastatic disease, and provide a safety net against early progression.  

C. Surgical phase  
   - Primary procedure: minimally invasive (laparoscopic or robotic) anatomical or non‑anatomical resection of the segment III metastasis with ≥1 mm negative margin.  
   - Adjunctive local therapy: percutaneous image‑guided thermal ablation (RFA/MWA) of the micronodule in segment II.  
   - If intra‑operative FLR assessment remains inadequate, consider portal vein embolisation (PVE) of the right portal branches to hypertrophy the left lobe before definitive resection (two‑stage approach).  
   - Rationale: achieves R0 resection of the dominant lesion while preserving liver parenchyma; ablation treats the sub‑centimeter focus without further loss of volume.  

D. Post‑operative systemic therapy and surveillance  
   - Resume adjuvant chemotherapy (e.g., 6 months of FOLFOX) once wound healing is adequate, unless contraindicated.  
   - Schedule surveillance imaging (MRI or CT) every 3–4 months for the first 2 years, then every 6 months, with CEA monitoring.  
   - Rationale: high recurrence risk after hepatic metastasectomy; adjuvant therapy improves disease‑free survival.  

","Step 1 – Resectability assessment
The patient presents with two metachronous liver lesions after prior segment VI–VII resection: a 2.4 cm metastasis in segment III and a micronodule in segment II, without reported extrahepatic disease. Both lesions are located in the contralateral left liver and appear peripherally accessible. With preserved inflow/outflow and adequate remnant volume, a strict parenchymal-sparing approach is feasible. According to hepatobiliary oncologic criteria in the setting of prior limited hepatectomy, this pattern is considered resectable.

Step 2 – Recommended oncologic sequence
A. Preoperative vascular and volumetric assessment
• Perform high-resolution liver MRI and contrast-enhanced CT to define precise vascular and biliary relationships of segments II and III.
• Calculate the future liver remnant (current liver) and confirm preservation of portal inflow and hepatic venous outflow.

B. Consider peri-operative systemic therapy
• A short course (2–3 months) of peri-operative doublet chemotherapy (FOLFOX or FOLFIRI ± bevacizumab) may be considered to address potential micrometastatic disease.

C. Close radiologic reassessment
• Perform high-resolution liver MRI every 2-3 months to evaluate response and detect any potential reduction in tumor burden that could open a limited local treatment window.

D. Surgical management (minimally invasive, parenchymal-sparing)
• If anatomy allows, proceed with a minimally invasive (laparoscopic/robotic) approach.
• Perform wedge/segmental resection of segment III and wedge resection or thermo-ablation of the segment II micronodule.
• Intra-operative ultrasound is essential to guide both approaches.
• The goal is R0 resection while strictly preserving hepatic inflow/outflow.
• Ideally, consider minimally invasive approach (laparoscopic or robotic) for liver resection.
• Preoperative prehabilitation and ERAS (Enhanced Recovery After Surgery) protocols are evidence-based, multidisciplinary strategies designed to optimize patient health before surgery and accelerate recovery afterward.

E. Postoperative therapy and surveillance
• Pathology report : confirmation of tumor type and origin, immunohistochemistry with tumor markers, histological growth pattern, margin status (R0, R1, R2), tumor grade, differentiation, pathologic response score (TRG), necrosis/fibrosis
• Close follow-up with CEA and imaging every 3 months.

"
61,"Man, 66 years old, operated two years earlier with a left hepatectomy.Liver MRI: recurrence segment VIII (3.1 cm) in contact with the middle hepatic vein. CEA 200 ng/mL.
MDT Discussion: Isolated complex recurrence of the hepatic dome, technical assessment required.","Step 1 – Resectability Assessment  
- Classification: Potentially resectable.  
- Justification:  
  • Technically, a solitary 3.1 cm lesion in segment VIII can be removed with a parenchymal‑sparing segmentectomy; the middle hepatic vein is involved but preservation or limited reconstruction is often feasible when adequate inflow/outflow to the remaining right‑lobe segments (V, VI, VII) can be maintained.  
  • After a prior left hepatectomy, the future liver remnant (FLR) consists of the right‑lobe parenchyma; removal of segment VIII would still leave at least two contiguous segments (V and VI/VII) with presumed sufficient volume, but quantitative volumetry is required to confirm that the FLR will be ≥20‑30 % of total liver volume (adjusted for any chemotherapy‑associated liver injury).  
  • Oncologically, the disease is solitary, no extra‑hepatic lesions are reported, and an R0 resection is achievable; however, the markedly elevated CEA (200 ng/mL) and prior recurrence suggest aggressive biology, warranting confirmation of disease stability before definitive surgery.  

Step 2 – Recommended strategy  
A. Pre‑operative functional and volumetric assessment  
   - Obtain liver function tests, indocyanine‑green clearance (or LiMAx), and a contrast‑enhanced MRI/CT with 3‑D reconstruction to calculate FLR volume and delineate vascular anatomy, especially the relationship of the tumor to the middle hepatic vein.  
   - Rationale: ensures that the remaining liver will sustain postoperative function and defines whether portal vein embolization (PVE) or venous reconstruction is needed.  

B. Neoadjuvant systemic therapy  
   - Initiate 2–3 months of a standard peri‑operative regimen (e.g., FOLFOX ± bevacizumab) and monitor CEA trend.  
   - Rationale: high CEA indicates possible occult systemic disease; chemotherapy provides a test of tumor biology, may down‑size the lesion, and treats micrometastases.  

C. Restaging after chemotherapy  
   - Repeat MRI/CT and CEA measurement. Confirm that the lesion remains solitary, unchanged or reduced in size, and that no new intra‑ or extra‑hepatic disease has appeared.  
   - Rationale: progression would shift the plan toward non‑surgical systemic management; stability supports proceeding to resection.  

D. Surgical intervention  
   - Perform a parenchymal‑sparing segmentectomy of segment VIII with intent of R0 resection.  
   - If the middle hepatic vein is infiltrated, consider:  
     • Limited resection of the involved vein segment with primary repair or patch reconstruction, or  
     • Preservation of the vein by dissecting the tumor off the wall if negative margins can be achieved.  
   - In case FLR is borderline, combine the resection with intra‑operative portal vein embolization of the right portal branches to hypertrophy the left‑over segments, or use adjunctive ablation for marginal disease.  
   - Rationale: achieves complete tumor clearance while preserving at least two contiguous liver segments and adequate inflow/outflow, fulfilling technical resectability criteria.  

E. Post‑operative adjuvant therapy and surveillance  
   - Resume systemic chemotherapy (total 6 months peri‑operative) based on pathology and response.  
   - Schedule CEA and cross‑sectional imaging every 3–6 months for the first two years, then annually.  
   - Rationale: addresses residual microscopic disease and monitors for early recurrence, which is common after repeat hepatectomy.  

","Step 1 – Resectability assessment
The patient presents with a single metachronous liver recurrence in segment VIII (3.1 cm) after a prior left hepatectomy, without reported extrahepatic disease. The lesion is located in the hepatic dome and in contact with the middle hepatic vein, in the only remaining right liver. Although technically demanding, a parenchymal-sparing resection preserving venous outflow may be feasible. According to hepatobiliary oncologic criteria in the setting of previous major hepatectomy, this pattern is considered potentially resectable, pending precise vascular and volumetric assessment.

Step 2 – Recommended oncologic sequence
A. Mandatory preoperative vascular and volumetric assessment
• Perform expert liver MRI and contrast-enhanced CT to define the exact relationship of the lesion to the middle hepatic vein and right hepatic vein.
• Calculate the future liver remnant (current liver) and assess venous outflow preservation.

B. Consider short peri-operative systemic therapy
• Given the elevated CEA (200 ng/mL) and delay of recurrence, a short course (2–3 months) of peri-operative doublet chemotherapy (FOLFOX or FOLFIRI ± bevacizumab) may be considered to assess tumor biology and treat micrometastatic disease.

C. Close radiologic reassessment
• Perform high-resolution liver MRI every 2-3 months to evaluate response and detect any potential reduction in tumor burden that could open a limited local treatment window.

D. Surgical management (strict parenchymal-sparing)
• If resectability is confirmed, proceed with an ultrasound-guided parenchymal-sparing resection of segment VIII.
• Particular attention must be paid to preserving the middle hepatic vein or planning a limited venous resection/reconstruction if required.
• Intra-operative ultrasound is essential to guide both approaches.
• The goal is R0 resection while strictly preserving hepatic inflow/outflow.
• Ideally, consider minimally invasive approach (laparoscopic or robotic) for liver resection.
• Preoperative prehabilitation and ERAS (Enhanced Recovery After Surgery) protocols are evidence-based, multidisciplinary strategies designed to optimize patient health before surgery and accelerate recovery afterward.

E. Postoperative therapy and surveillance
• Pathology report : confirmation of tumor type and origin, immunohistochemistry with tumor markers, histological growth pattern, margin status (R0, R1, R2), tumor grade, differentiation, pathologic response score (TRG), necrosis/fibrosis
• Complete a total of 6 months of systemic chemotherapy including pre-operative cycles if administered.
• Close surveillance with CEA and imaging every 3 months.

"
62,"Woman, 58 years old, history of bisegmentectomy IV-V. Liver MRI: single lesion segment VII (3.9 cm). No other lesion at the thoraco-abdominal CT scan. KRAS mutated.
MDT Discussion: Late isolated recurrence, anatomically approachable.","Step 1 – Resectability Assessment  
- Classification: Resectable.  
- Technical justification: The patient has a solitary 3.9 cm metastasis in segment VII. After her previous bisegmentectomy (segments IV‑V) the remaining liver includes segments I, II, III, VI, VII, VIII. Resection of segment VII (anatomical segmentectomy or non‑anatomical wedge) would leave at least five intact segments, providing a future liver remnant well above the minimum 30 % (or >0.5 % body‑weight ratio) required for safe hepatic regeneration. Vascular inflow/outflow and biliary drainage can be preserved.  
- Oncologic justification: Metachronous isolated recurrence, no extra‑hepatic disease on thoraco‑abdominal CT, solitary lesion, and the disease is anatomically approachable. Although KRAS is mutated (a negative prognostic factor), mutation status does not preclude curative resection when the disease burden is limited.  

Step 2 – Recommended strategy  
A. Pre‑operative work‑up  
   - Obtain liver function tests, indocyanine‑green clearance or 99mTc‑mebrofenin scan, and volumetric CT/MRI to confirm FLR >30 %.  
   - Review performance status (ECOG), comorbidities, and baseline CEA.  
   - Multidisciplinary confirmation that no occult extra‑hepatic disease is present (consider PET‑CT if any doubt).  

B. Surgical phase  
   - Perform an R0 resection of the segment VII lesion, preferably an anatomical segmentectomy to respect vascular inflow/outflow, or a non‑anatomical wedge if technically safer.  
   - Intra‑operative ultrasound to verify lesion margins and exclude additional occult metastases.  
   - Preserve at least two contiguous segments with adequate inflow/outflow (e.g., segments VI‑VIII or left lateral segments II‑III).  

C. Adjuvant systemic therapy  
   - Initiate postoperative chemotherapy within 6–8 weeks (e.g., 6 months of FOLFOX ± bevacizumab, given KRAS‑mutated status).  
   - Rationale: KRAS mutation and prior recurrence increase the risk of systemic relapse; adjuvant therapy improves disease‑free survival in this setting.  

D. Surveillance  
   - Imaging (contrast‑enhanced MRI or CT) and CEA every 3–4 months for the first 2 years, then every 6 months up to 5 years.  
   - Early detection of further hepatic or extra‑hepatic recurrence to allow timely conversion or repeat resection.  

","Step 1 – Resectability assessment
The patient presents with a single metachronous liver metastasis in segment VII (3.9 cm) after a prior bisegmentectomy IV–V, without reported extrahepatic disease. The lesion is located in a posterior segment and appears anatomically accessible while preserving adequate inflow/outflow and functional reserve. According to hepatobiliary oncologic criteria in the setting of prior limited hepatectomy, this pattern is considered resectable.

Step 2 – Recommended oncologic sequence
A. Preoperative vascular and volumetric assessment
• Perform high-resolution liver MRI and contrast-enhanced CT to define precise vascular and biliary relationships of segment VII.
• Calculate the future liver remnant (current liver) and confirm preservation of portal inflow and hepatic venous outflow.

B. Consider peri-operative systemic therapy
• Given the KRAS mutation and recurrence, a short course (2–3 months) of peri-operative doublet chemotherapy (FOLFOX or FOLFIRI ± bevacizumab) may be considered to address potential micrometastatic disease.

C. Close radiologic reassessment
• Perform high-resolution liver MRI every 2-3 months to evaluate response and detect any potential reduction in tumor burden that could open a limited local treatment window.

D. Surgical management (parenchymal-sparing)
• Proceed with an ultrasound-guided wedge/segmental resection of segment VII aiming for R0 margins while preserving maximal functional parenchyma.
• Intra-operative ultrasound is essential to guide both approaches.
• The goal is R0 resection while strictly preserving hepatic inflow/outflow.
• Ideally, consider minimally invasive approach (laparoscopic or robotic) for liver resection.
• Preoperative prehabilitation and ERAS (Enhanced Recovery After Surgery) protocols are evidence-based, multidisciplinary strategies designed to optimize patient health before surgery and accelerate recovery afterward.

E. Postoperative therapy and surveillance
• Pathology report : confirmation of tumor type and origin, immunohistochemistry with tumor markers, histological growth pattern, margin status (R0, R1, R2), tumor grade, differentiation, pathologic response score (TRG), necrosis/fibrosis
• Complete approximately 6 months of systemic chemotherapy including pre-operative cycles if administered.
• Close follow-up with CEA and imaging every 3 months.

"
63,"Man, 72 years old, right hepatectomy 4 years ago. Current liver MRI: multiple nodules segment III, 1-2 cm. CEA 550 ng/mL, RAS wild-type.
MDT Discussion: Multifocal recurrence, assessment of resectability and local alternatives.","Step 1 – Resectability Assessment  
- Classification: Potentially resectable / borderline.  
- Justification:  
  • Disease is limited to multiple 1‑2 cm nodules confined to segment III of the left liver, satisfying the oncologic goal of complete (R0) extirpation.  
  • Prior right hepatectomy leaves only the left liver (segments II‑IV) as functional parenchyma; removal of segment III alone would preserve segments II and IV, meeting the technical requirement of at least two contiguous segments with inflow/outflow.  
  • However, the future liver remnant (FLR) after segment III resection may fall below the generally accepted 30 % of total liver volume for a non‑cirrhotic liver, especially in an elderly patient. Without volumetric data the FLR adequacy cannot be confirmed.  
  • High CEA (550 ng/mL) indicates aggressive biology; while RAS‑wild‑type permits anti‑EGFR therapy, the elevated marker raises concern for occult extra‑hepatic disease, which would downgrade resectability.  

Step 2 - Recommended strategy  
A. Restaging and functional assessment  
   - Obtain contrast‑enhanced MRI with hepatobiliary agent plus triphasic CT of chest/abdomen/pelvis; consider PET‑CT to exclude extra‑hepatic metastases.  
   - Perform liver volumetry (CT‑based) to calculate FLR after a hypothetical segment III resection.  
   - Evaluate liver function (bilirubin, AST/ALT, albumin, ICG clearance, platelet count) and patient performance status (ECOG).  

B. Neoadjuvant systemic therapy  
   - Initiate a conversion regimen (e.g., FOLFOXIRI + cetuximab) given RAS‑wild‑type status, aiming for tumor shrinkage and to test disease biology.  
   - Monitor CEA trend; a ≥50 % decline after 2–3 cycles suggests favorable biology.  

C. Re‑assessment after 2–3 months  
   - Repeat imaging and volumetry.  
   - If disease is stable or responding and FLR ≥30 % (or ≥40 % if chemotherapy‑associated liver injury is suspected), proceed to local therapy.  
   - If FLR remains insufficient, consider hypertrophy‑inducing strategies (e.g., left portal vein embolization – though limited by prior right hepatectomy – or ALPPS‑type staged approach if anatomy permits).  

D. Local definitive treatment  
   - Preferred: parenchymal‑sparing anatomical segment III resection (segmentectomy) with intra‑operative ultrasound to confirm negative margins.  
   - Alternative/complementary: percutaneous image‑guided ablation (RFA or microwave) of residual lesions in segment III if resection would jeopardize FLR.  
   - Aim for R0 margins; intra‑operative frozen section if needed.  

E. Adjuvant and surveillance  
   - Continue systemic therapy post‑operatively for a total of 6 months (or longer per oncologic protocol).  
   - Serial CEA measurements and imaging (CT/MRI) every 3–4 months for the first 2 years, then every 6 months.  

","Step 1 – Resectability assessment
The patient presents with multiple metachronous nodules (1–2 cm) in segment III after a prior right hepatectomy, without reported extrahepatic disease. Although confined to the left lateral section, the multifocal pattern in the only remaining liver raises concern for achieving complete clearance while preserving adequate functional parenchyma. According to hepatobiliary oncologic criteria in the setting of prior major hepatectomy, this situation is considered potentially resectable, but requires careful balance between parenchymal preservation and oncologic completeness.

Step 2 – Recommended oncologic sequence
A. Mandatory preoperative vascular and volumetric assessment
• Perform high-resolution liver MRI and contrast-enhanced CT to define the exact number, distribution, and vascular/biliary relationships of the nodules.
• Calculate the future liver remnant (current liver) and assess inflow/outflow preservation.
• Given the high CEA level (550 ng/mL) and multifocal recurrence, perform high-resolution 18FDG PET-CT

B. Consider peri-operative systemic therapy
• Given the high CEA (550 ng/mL), a short course (2–3 months) of peri-operative doublet chemotherapy (FOLFOX or FOLFIRI ± anti-EGFR given RAS wild-type status) may be considered to treat micrometastatic disease and assess tumor biology.

C. Close radiologic reassessment
• Perform high-resolution liver MRI every 2-3 months to evaluate response and detect any potential reduction in tumor burden that could open a limited local treatment window.

D. Surgical management (parenchymal-sparing)
• Given the small size and multiplicity of nodules in segment III, a combined approach is appropriate:
– Parenchymal-sparing wedge/limited resections for accessible lesions.
– Thermo-ablation (microwave/RFA) for deep or multiple small nodules to preserve parenchyma.
• Intra-operative ultrasound is essential to guide both resection and ablation.
• The goal is R0 resection while strictly preserving hepatic inflow/outflow.
• Ideally, consider minimally invasive approach (laparoscopic or robotic) for liver resection.
• Preoperative prehabilitation and ERAS (Enhanced Recovery After Surgery) protocols are evidence-based, multidisciplinary strategies designed to optimize patient health before surgery and accelerate recovery afterward.

E. Postoperative therapy and surveillance
• Pathology report : confirmation of tumor type and origin, immunohistochemistry with tumor markers, histological growth pattern, margin status (R0, R1, R2), tumor grade, differentiation, pathologic response score (TRG), necrosis/fibrosis
• Complete approximately 6 months of systemic therapy including pre-operative cycles if administered.
• Close follow-up with CEA and imaging every 3 months.

"
64,"Woman, 59 years old, left T4N2M1 colon cancer with three liver metastases (2-4 cm) and two bilateral pulmonary nodules at the thoraco-abdominal CT scan. KRAS mutated, CEA 620 ng/mL.
MDT Discussion: Synchronous hepato-pulmonary involvement, discussion of sequential strategy.","Step 1 – Resectability Assessment  
- Classification: Potentially resectable.  
- Rationale:  
  • Three hepatic metastases (2‑4 cm each) are limited in number and size, fitting conventional criteria for hepatic resection (≤5 cm, ≤5 lesions) provided an adequate future liver remnant (FLR ≥30 %).  
  • Bilobar distribution is not an absolute contraindication; staged hepatectomy or portal vein embolization (PVE) can be employed to achieve sufficient FLR.  
  • Presence of two bilateral pulmonary nodules represents limited extra‑hepatic disease (M1b). Current guidelines consider isolated, resectable lung metastases amenable to curative intent; however, resectability cannot be confirmed without size, location, and pulmonary reserve data. Hence the overall disease is not outright unresectable but remains borderline pending further thoracic assessment.  
  • High CEA (620 ng/mL) and KRAS mutation suggest aggressive biology, reinforcing the need for systemic therapy before definitive surgery.  

Step 2 – Recommended strategy  
A. Induction systemic chemotherapy (e.g., 6 cycles of FOLFOX ± bevacizumab).  
   - Goal: tumor burden reduction, biologic response assessment, and early treatment of micrometastatic disease.  

B. Restaging after induction (contrast‑enhanced liver MRI, high‑resolution chest CT or PET‑CT, pulmonary function tests).  
   - Determine hepatic response, FLR volume, and resectability of lung nodules.  

C. Liver‑first (reverse) surgical phase – if hepatic disease remains resectable:  
   - Perform major hepatectomy (e.g., right or extended right hepatectomy) or a two‑stage hepatectomy with PVE if FLR is insufficient.  
   - Rationale: early control of the dominant metastatic site and avoidance of progression that could preclude curative resection.  

D. Pulmonary metastasectomy (wedge resection or segmentectomy) after hepatic recovery (≈6–8 weeks), provided lesions are resectable and pulmonary reserve is adequate.  
   - If surgery is not feasible, consider stereotactic body radiotherapy (SBRT) or percutaneous ablation.  

E. Primary colon resection (left hemicolectomy) after confirming control of hepatic and pulmonary disease, typically 4–6 weeks after the last metastasectomy.  
   - Rationale: the primary tumor is asymptomatic; delaying its resection avoids a prolonged combined operation and allows patient recovery between major procedures.  

F. Adjuvant systemic therapy (completion of a total of 12 cycles or as per molecular profile) and surveillance (CEA, imaging at 3‑month intervals).  

","Step 1 – Resectability assessment
The patient presents with three liver metastases (2–4 cm) and two bilateral pulmonary nodules in the setting of a left T4N2 colon cancer, without other reported sites. The presence of limited, potentially resectable extrahepatic disease (lungs) does not preclude a curative-intent strategy if all sites can be cleared. From a hepatobiliary perspective, the liver disease appears technically resectable. This situation is considered potentially resectable in a multimodal, sequential curative strategy, provided both hepatic and pulmonary disease are amenable to complete treatment.

Step 2 – Recommended oncologic sequence
A. Comprehensive staging and multidisciplinary planning
• Perform high-resolution liver MRI and enhanced CT to confirm exact number, distribution, and resectability of both liver and lung lesions.
• Calculate the future liver remnant (FLR).
• Thoracic surgical assessment of pulmonary nodules is required.
• Given the high CEA level (620 ng/mL) and multifocal metastases, perform high-resolution 18FDG PET-CT

B. Initial systemic therapy (mandatory)
• Given synchronous extrahepatic disease and high CEA (620 ng/mL), initiate systemic douhlet or triplet chemotherapy (FOLFOX/FOLFIRI ± bevacizumab)
• KRAS mutation excludes anti-EGFR).
• The objective is to assess tumor biology and confirm disease control at all sites.

C. Close radiologic reassessment
• Perform high-resolution liver MRI and thoraco-abdominal enhanced CT-scan every 2-3 months to evaluate response and detect any potential reduction in tumor burden that could open a limited local treatment window.
• Monitor CEA kinetics as a marker of treatment effect.

D. Sequential surgical strategy after response
• If disease control or response is observed:
	1.	Address the primary colon tumor if symptomatic or locally advanced : left hemicolectomy (standard oncologic resection of the left colon primary) with lymphadectomy (at least 12 harvested lymph nodes) should be coordinated according to response and patient condition (ideally after liver surgery).
• Ideally, consider minimally invasive approach (laparoscopic or robotic) for colectomy.

	2.	Perform parenchymal-sparing liver resections guided by intra-operative ultrasound : 
• Intra-operative ultrasound is essential to guide both resection and ablation.
• The goal is R0 resection while strictly preserving hepatic inflow/outflow.
• Ideally, consider minimally invasive approach (laparoscopic or robotic) for liver resection.
• Preoperative prehabilitation and ERAS (Enhanced Recovery After Surgery) protocols are evidence-based, multidisciplinary strategies designed to optimize patient health before surgery and accelerate recovery afterward.
	3.	Plan pulmonary metastasectomy or ablative treatment in a staged manner.
• The sequence (liver-first vs lung-first) depends on response and technical considerations.

E. Postoperative therapy and surveillance
• Pathology report : confirmation of tumor type and origin, immunohistochemistry with tumor markers, histological growth pattern, margin status (R0, R1, R2), tumor grade, differentiation, pathologic response score (TRG), necrosis/fibrosis
• Complete approximately 6 months of systemic therapy including pre-operative cycles.
• Close follow-up with CEA and imaging of both liver and lungs.

"
65,"Man, 68 years old, right colon adenocarcinoma, four liver metastases (1.5-3.8 cm) and nodular peritoneal involvement at the thoraco-abdominal CT scan. CEA 950 ng/mL.
MDT Discussion: Hepato-peritoneal disease, not curable upfront, discussion of induction chemotherapy.","Step 1 – Resectability Assessment  
- Classification: Potentially resectable (borderline)  
- Justification:  
  • Four liver metastases (1.5‑3.8 cm) are within size limits that can be technically resected; bilobar distribution may be addressed with parenchyma‑sparing or staged hepatectomy provided an adequate future liver remnant (FLR ≥ 30 %).  
  • Presence of nodular peritoneal disease represents extra‑hepatic metastasis. Current oncologic criteria allow resection only when extra‑hepatic disease is limited and amenable to complete removal (e.g., low PCI, resectable peritoneal implants). The description “nodular peritoneal involvement” suggests diffuse carcinomatosis, which presently makes curative surgery unsafe.  
  • Very high CEA (950 ng/mL) and synchronous presentation indicate aggressive biology, further supporting a need for systemic down‑staging before any operative attempt.  
  • Therefore the case is not outright resectable but may become resectable after effective induction therapy and reassessment.

Step 2 – Recommended strategy  
A. Induction systemic therapy  
   - Initiate an intensive doublet or triplet regimen (e.g., FOLFOXIRI ± bevacizumab) for 8–12 weeks.  
   - Rationale: aims to downsize hepatic lesions, assess tumor biology, and potentially reduce peritoneal tumor burden; also provides an early test of disease control.  

B. Restaging and comprehensive assessment  
   - Perform contrast‑enhanced liver MRI with hepatobiliary contrast, chest‑abdomen‑pelvis CT, and diagnostic laparoscopy with peritoneal cancer index (PCI) scoring.  
   - Rationale: precise volumetric calculation of FLR, evaluation of response of liver lesions, and determination of whether peritoneal disease is limited enough for cytoreductive surgery + HIPEC.  

C. Decision point based on response  
   - If favorable response (≤2 liver lesions, FLR ≥ 30 % or achievable with portal vein embolization, PCI ≤ 10, all disease resectable):  
        1. Liver‑first approach – perform parenchyma‑sparing hepatectomy (or two‑stage hepatectomy with PVE if needed).  
        2. Concurrent or subsequent primary colon resection – either simultaneous (if patient’s physiologic reserve permits) or delayed after hepatic recovery.  
        3. Peritoneal cytoreduction with HIPEC – if intra‑operative assessment confirms resectable peritoneal implants.  
   - Rationale: prioritizes hepatic control (most likely cause of early mortality), preserves oncologic margins, and addresses all disease sites in a curative‑intent sequence.  

D. If inadequate response or progression  
   - Continue systemic therapy (consider second‑line regimen or targeted agents based on molecular profile).  
   - Evaluate eligibility for clinical trials (e.g., conversion protocols, liver‑directed therapies).  
   - Shift focus to best supportive care when disease becomes clearly unresectable.  

","Step 1 - The patient presents with four liver metastases (1.5–3.8 cm) associated with nodular peritoneal involvement on CT. The presence of peritoneal carcinomatosis indicates systemic dissemination beyond the liver and precludes a curative hepatobiliary surgical approach at this stage. According to oncologic criteria, this situation is considered unresectable from a hepatobiliary perspective in the current setting.

Step 2 – Recommended oncologic sequence
A. Comprehensive staging and multidisciplinary planning
• Perform high-resolution liver MRI and enhanced CT to confirm exact number, distribution, and resectability of both liver and peritoneal lesions.
• Calculate the future liver remnant (FLR).
• Given the high CEA level (950 ng/mL) and multifocal metastases, perform high-resolution 18FDG PET-CT

B. Induction systemic therapy (mandatory)
• Administer 2–3 months of peri-operative doublet or triplet chemotherapy (FOLFOX or FOLFIRI ± bevacizumab) according to MDT decision to assess tumor biology and optimize oncologic control according to patient tolerance.
• This allows treatment of potential micrometastatic disease and assessment of tumor biology before surgery.
• The goal is to evaluate tumor biology and potential response at both hepatic and peritoneal sites.

C. Close radiologic reassessment
• Perform high-resolution liver MRI and thoraco-abdominal enhanced CT-scan every 2-3 months to evaluate response and detect any potential reduction in tumor burden that could open a limited local treatment window.
• Monitor CEA kinetics as a marker of treatment effect.

D. Criteria for reconsidering surgical strategy
• Surgical re-evaluation may be considered only in the rare situation of major response with near-complete control of peritoneal disease and limited residual liver lesions.
• If disease control or response is observed:
	1.	Perform parenchymal-sparing liver resections guided by intra-operative ultrasound : 
• Intra-operative ultrasound is essential to guide both resection and ablation.
• The goal is R0 resection while strictly preserving hepatic inflow/outflow.
• Ideally, consider minimally invasive approach (laparoscopic or robotic) for liver resection.
• Preoperative prehabilitation and ERAS (Enhanced Recovery After Surgery) protocols are evidence-based, multidisciplinary strategies designed to optimize patient health before surgery and accelerate recovery afterward.
2. Address the primary colon tumor if symptomatic or locally advanced : start with laparoscopic assessment to evaluate PCI score and consider en-bloc right hemicolectomy (standard oncologic resection of the right colon primary) with D2 lymphadectomy (at least 12 harvested lymph nodes) with cytoreductive surgery (i.e. excision of all peritoneal nodules) with or without HIPEC according to response and patient condition.
• The sequence (primary first vs liver-first) depends on technical considerations and necessity of HIPEC.

E. Postoperative therapy and surveillance
• Pathology report : confirmation of tumor type and origin, immunohistochemistry with tumor markers, histological growth pattern, margin status (R0, R1, R2), tumor grade, differentiation, pathologic response score (TRG), necrosis/fibrosis
• Complete approximately 6 months of systemic therapy including pre-operative cycles.
• Close follow-up with CEA and imaging of both liver and lungs.

F. If disease remains disseminated
• Continue systemic second-line chemotherapy and consider palliative or symptom-oriented strategies according to MDT.

"
66,"Woman, 54 years old, mid-rectal T3N1 tumor with five bilobar liver metastases and a right lung metastasis at the thoraco-abdominal CT scan. RAS wild-type, CEA 330 ng/mL.
MDT Discussion: Limited hepato-pulmonary involvement, evaluation of a possible combined approach.","Step 1 – Resectability Assessment  
- Classification: Potentially resectable (borderline)  
- Justification:  
  • Five bilobar liver metastases – number alone does not preclude resection if they can be cleared with parenchymal‑sparing techniques or a staged approach and an adequate future liver remnant (≥30 % or >0.5 % body weight) can be preserved.  
  • Presence of a solitary right‑lung metastasis – limited extra‑hepatic disease that is technically resectable (wedge resection) and therefore does not automatically render the case unresectable.  
  • No data on lesion size, segmental distribution, or volumetry; without this information the technical feasibility cannot be confirmed, hence the “potentially” qualifier.  
  • High CEA (330 ng/mL) and synchronous disease suggest aggressive biology; neoadjuvant systemic therapy is recommended to test disease control before committing to surgery.  

Step 2 – Recommended strategy  
A. Neoadjuvant systemic therapy (2–3 months)  
   – Regimen: FOLFOXIRI + anti‑EGFR monoclonal antibody (cetuximab) given RAS wild‑type status.  
   – Rationale: Downsize liver lesions, treat micrometastatic disease, assess tumor biology, and potentially convert borderline lesions to resectable status; also address the lung metastasis.  

B. Restaging work‑up (after chemotherapy)  
   – Multiphasic liver MRI with hepatocyte‑specific contrast for precise lesion mapping and volumetric analysis of future liver remnant.  
   – High‑resolution chest CT (or PET‑CT) to confirm resectability of the right‑lung nodule and exclude additional pulmonary disease.  
   – Pelvic MRI to reassess the mid‑rectal primary and plan radiotherapy.  
   – Rationale: Determine response, confirm that no new lesions have appeared, and obtain data needed for surgical planning.  

C. Multimodal surgical sequencing (chosen according to restaging results)  
   1. If liver disease becomes technically resectable and FLR is adequate:  
      – Perform a liver‑first approach: parenchymal‑sparing or two‑stage hepatectomy (including portal vein embolisation if FLR <30 %).  
      – Follow with short‑course radiotherapy (5 × 5 Gy) for the rectal tumor, then low anterior resection with a protective diverting stoma.  
      – Perform wedge resection of the right‑lung metastasis either synchronously with the liver operation (if pulmonary reserve permits) or in a separate thoracic stage within 4–6 weeks.  
   2. If liver disease remains borderline after chemotherapy:  
      – Consider combined simultaneous resection (low anterior resection + limited parenchymal‑sparing liver resections) only if the planned hepatic resection is minor (≤2 segments) and the patient’s physiologic reserve is high.  
   – Rationale: Liver‑first strategy minimizes the risk of hepatic progression while the rectal tumor can be safely down‑staged with short‑course RT; staged pulmonary resection reduces operative stress.  

D. Adjuvant/maintenance therapy  
   – Complete a total of 6 months of systemic chemotherapy (including the neoadjuvant course).  
   – Continue anti‑EGFR therapy for the remainder of the adjuvant period if the tumor remains RAS wild‑type and no contraindications develop.  
   – Serial CEA monitoring and imaging surveillance every 3–4 months for the first 2 years.  

","Step 1 – Resectability assessment
The patient presents with five bilobar liver metastases and a single right lung metastasis in the setting of a mid-rectal T3N1 tumor, without other reported sites. Limited, potentially resectable extrahepatic disease (lung) does not contraindicate a curative-intent strategy if all sites can be completely treated. From a hepatobiliary perspective, the liver disease may be amenable to parenchymal-sparing resections provided adequate future liver remnant is preserved. This situation is considered potentially resectable within a multimodal, sequential curative strategy.

Step 2 – Recommended oncologic sequence
A. Comprehensive staging and multidisciplinary planning
• Perform high-resolution liver and pelvic MRI and chest CT to confirm exact number, distribution, and resectability of both liver and lung lesions.
• Calculate the future liver remnant (FLR).
• Thoracic surgical assessment of the lung metastasis is required.
• Pelvic MRI to integrate rectal treatment planning.
• Given the high CEA level (330 ng/mL) and multifocal metastases, perform high-resolution 18FDG PET-CT

B. Initial systemic therapy (mandatory)
• Start systemic doublet or triplet chemotherapy (FOLFOX/FOLFIRI ± anti-EGFR given RAS wild-type status).
• The objective is to assess tumor biology and confirm disease control at hepatic and pulmonary sites.

C. Close radiologic reassessment
• Perform high-resolution liver and pelvic MRI, and thoraco-abdominal enhanced CT-scan every 2-3 months to evaluate response and detect any potential reduction in tumor burden that could open a limited local treatment window.
• Monitor CEA kinetics as a marker of treatment effect.

D. Criteria for secondary resectability
• Surgery can be considered only if chemotherapy induces:
– Significant reduction in lesion size and number in both liver and lung.
– Feasibility of staged or parenchymal-sparing resections with adequate future liver remnant.

E. Potential surgical strategies for liver metastases if response is favorable
• Two-stage hepatectomy or combined parenchymal-sparing resections depending on response pattern.
• Portal vein embolization / venous deprivation / ALPPS may be required if major hepatectomy becomes necessary.
• Ideally, consider minimally invasive approach (laparoscopic or robotic) for liver resection.
• Preoperative prehabilitation and ERAS (Enhanced Recovery After Surgery) protocols are evidence-based, multidisciplinary strategies designed to optimize patient health before surgery and accelerate recovery afterward.

F. Management of the rectal primary
• Local pelvic treatment (radiotherapy with chemotherapy ± surgery) should be coordinated during the systemic therapy period according to rectal oncologic principles.
• After restaging with high-resolution pelvic MRI,
-	If complete morphological rectal tumor response : follow up of primary tumor
-	If near complete morphological rectal tumor response : strict follow up of primary tumor
-	If incomplete morphological rectal tumor response : rectal resection after appropriate recovery: oncologic resection of the upper rectum (low anterior resection with TME principles).
• Ideally, consider minimally invasive approach (laparoscopic or robotic) for rectal resection.
• Preoperative prehabilitation and ERAS (Enhanced Recovery After Surgery) protocols are evidence-based, multidisciplinary strategies designed to optimize patient health before surgery and accelerate recovery afterward.

G. Management of the single lung metastase
• Plan pulmonary metastasectomy or ablative treatment in a staged manner.
• Preoperative evaluation of respiratory function

I. If insufficient response and if disease remains disseminated
• Continue second-line systemic therapy or adapt regimen (such as intra-arterial chemotherapy after resection of the primary tumor) according to MDT, with possible consideration of local ablative techniques.
• Continue systemic third-line chemotherapy and consider palliative or symptom-oriented strategies according to MDT.

J. Postoperative therapy and surveillance
• Pathology report : confirmation of tumor type and origin, immunohistochemistry with tumor markers, histological growth pattern, margin status (R0, R1, R2), tumor grade, differentiation, pathologic response score (TRG), necrosis/fibrosis
• Complete approximately 6 months of systemic therapy including pre-operative cycles.
• Close follow-up with CEA and imaging of both liver and lungs.

"
67,"Man, 62 years old, left colon cancer with six liver metastases and lymph node involvement of the hepatic pedicle at the abdominal CT scan. KRAS mutated, CEA 780 ng/mL.
MDT Discussion: Liver involvement associated with extra-hepatic lymph nodes, unfavorable prognosis.","Step 1 – Resectability Assessment  
- Classification: Potentially resectable (borderline)  
- Justification:  
  • Six hepatic metastases do not automatically preclude resection if an R0 margin can be achieved and an adequate future liver remnant (FLR ≥ 20‑30 % of healthy liver) can be preserved.  
  • Presence of hepatic‑pedicle (hilar) lymph node involvement represents extra‑hepatic disease; limited nodal disease may be resected, but its extent and relationship to the common hepatic artery/celiac axis are unknown, making definitive resectability uncertain.  
  • KRAS mutation and very high CEA (780 ng/mL) are adverse biological factors, suggesting aggressive disease and the need for systemic therapy to test tumor biology before surgery.  
  • No data on lesion size, bilobar distribution, proximity to major vessels, or FLR volume; therefore the case cannot be declared outright resectable but may become resectable after down‑staging and functional assessment.  

Step 2 - Recommended strategy  
A. Systemic conversion chemotherapy  
   - Initiate an intensive regimen (e.g., FOLFOXIRI + bevacizumab) because KRAS is mutated (anti‑EGFR agents are ineffective).  
   - Goal: tumor shrinkage, control of hepatic‑pedicle nodes, and biological selection (response vs. progression).  

B. Restaging after 2–3 months  
   - Perform high‑resolution liver MRI with liver‑specific contrast and PET‑CT to reassess: number, size, distribution of liver lesions; response of hilar nodes; detection of any occult extra‑hepatic disease.  
   - Calculate FLR using CT volumetry; assess liver function (ICG clearance, bilirubin, AST/ALT, platelet count).  

C. Decision point based on restaging  
   - If disease is stable or responding and FLR ≥ 30 % (or ≥ 40 % if chemotherapy‑associated liver injury is present): proceed to curative surgery.  
   - If FLR is insufficient, consider:  
        • Portal vein embolization (PVE) to hypertrophy the future remnant, or  
        • Two‑stage hepatectomy (resect lesions in one lobe first, allow hypertrophy, then complete resection), or  
        • ALPPS if rapid hypertrophy is required and patient fitness permits.  

D. Surgical phase  
   - Aim for R0 resection of all hepatic metastases and en‑bloc removal of resectable hepatic‑pedicle nodes (limited to hepatoduodenal‑retropancreatic region).  
   - Preserve at least two contiguous liver segments with intact inflow/outflow and biliary drainage.  
   - Sequence of organ resection:  
        • If the primary left‑sided colon tumor is asymptomatic and patient is fit, perform simultaneous colon resection and liver resection (combined approach).  
        • If the primary tumor is symptomatic or the liver operation is extensive, adopt a staged approach (colon first → liver later, or liver‑first if hepatic disease threatens resectability).  
   - Post‑operative: resume/adapt systemic chemotherapy (adjuvant) based on pathology and postoperative recovery.  

","Step 1 – Resectability assessment
The patient presents with six liver metastases associated with lymph node involvement of the hepatic pedicle. The presence of extrahepatic nodal disease at the hepatic hilum reflects systemic dissemination and markedly unfavorable tumor biology. Even if the liver lesions were technically resectable, the oncologic context precludes a curative hepatobiliary surgical approach at this stage. This situation is therefore considered potentially resectable from a hepatobiliary perspective.

Step 2 – Recommended oncologic sequence
A. Comprehensive staging and multidisciplinary planning
• Perform high-resolution liver MRI and thoraco-abdominal CT to confirm exact number, distribution, and resectability of liver lesions and other para-aortic enlarged lymph nodes
• Calculate the future liver remnant (FLR).
• Given the high CEA level (780 ng/mL) and multifocal metastases, perform high-resolution 18FDG PET-CT

B. Systemic therapy as primary strategy (mandatory)
• Initiate or adapt systemic chemotherapy according to MDT decision (FOLFOX/FOLFIRI ± bevacizumab;
• KRAS mutation excludes anti-EGFR).
• The objective is global disease control and assessment of tumor biology.

C. Radiologic reassessment after treatment
• Perform high-quality liver MRI and abdominal CT after 2–3 months to reassess liver disease and nodal involvement.
• Monitor CEA kinetics as a marker of response.

D. Criteria for reconsidering surgery (highly exceptional)
• Surgical re-evaluation could be considered only in case of major response with major regression of nodal disease and significant downsizing of liver lesions.
• Any surgical strategy would remain highly selected and dependent on sustained disease control.

E. Surgical management of liver metastases (parenchymal-sparing strategy)
• If stability or response is observed, perform multiple wedge/segmental resections or ablation guided by intra-operative ultrasound:
• The goal is R0 resection while preserving maximal functional liver parenchyma and avoiding major hepatectomy.
• Perform en-bloc lymphadenectomy of the hepatic pedicles 
• Use intra operative ultrasound to verify lesion location and margins. 
• Ideally, consider minimally invasive approach (laparoscopic or robotic) for liver resection.
• Preoperative prehabilitation and ERAS (Enhanced Recovery After Surgery) protocols are evidence-based, multidisciplinary strategies designed to optimize patient health before surgery and accelerate recovery afterward.

F. Management of the primary tumor
• If the sigmoid tumor has not yet been resected, a simultaneous sigmoid colectomy with adequate oncologic margins and oncological lymphadenectomy with primary anastomosis can be considered, provided the patient’s condition allows combined surgery.
• Otherwise, a staged approach with colectomy first is acceptable.
• Ideally, consider minimally invasive approach (laparoscopic or robotic) for primary cancer resection.

G. Postoperative therapy and surveillance
• Pathology report : confirmation of tumor type and origin, immunohistochemistry with tumor markers, histological growth pattern, margin status (R0, R1, R2), tumor grade, differentiation, pathologic response score (TRG), necrosis/fibrosis
• Complete approximately 6 months of systemic therapy including pre-operative cycles.
• Close follow-up with CEA and imaging of both liver and lungs.

"
68,"Woman, 70 years old, right T4N2M1 colon cancer, multiple bilobar liver metastases and a single cerebellar metastasis at the total body CT scan. CEA 860 ng/mL.
MDT Discussion: Systemic disease with brain involvement, neurological priority indication.","Step 1 – Resectability Assessment  
- Classification: potentially resectable.  
- Rationale:  
  • Technical criteria cannot be confirmed because the volume of future liver remnant (FLR), exact number and size of hepatic lesions, and vascular/biliary involvement are not provided; therefore a definitive “resectable” label cannot be assigned.  
  • Oncologic criteria: the disease is not limited to the liver; a single cerebellar metastasis constitutes extra‑hepatic disease. Current guidelines allow hepatic resection when extra‑hepatic disease is limited and amenable to definitive local therapy, but this requires confirmation that the brain lesion can be controlled and that systemic disease is responsive to chemotherapy.  
  • High CEA (860 ng/mL) and T4N2 primary suggest aggressive biology, reinforcing the need for a “test‑of‑time” with systemic therapy before committing to major surgery.  

Step 2 – Recommended strategy  
A. Control of the cerebellar metastasis – urgent neurosurgical resection or stereotactic radiosurgery (SRS) followed by postoperative steroids as indicated, to prevent neurologic deterioration and to achieve local control of the only extra‑hepatic site.  
B. Systemic induction therapy – start an intensive chemotherapy regimen (e.g., FOLFOXIRI ± anti‑VEGF or anti‑EGFR based on molecular profile) for 2–3 months to (1) treat occult systemic disease, (2) assess tumor biology (“test of time”), and (3) attempt downsizing of hepatic lesions.  
C. Restaging and multidisciplinary reassessment – repeat high‑quality liver MRI (or contrast‑enhanced CT) and brain imaging after induction therapy; calculate FLR, evaluate response of liver lesions, and confirm control of the brain lesion. If hepatic disease now meets technical criteria (≥30 % FLR or >0.5 % liver‑body‑weight ratio) and all lesions are resectable with negative margins, proceed to hepatic surgery. Options include:  
   • Single‑stage major hepatectomy if FLR is adequate, or  
   • Two‑stage hepatectomy / portal vein embolization / ALPPS if FLR is insufficient.  
D. Management of the primary colon tumor – after hepatic clearance and once the patient has recovered from liver surgery, perform a right hemicolectomy. If the primary tumor is asymptomatic and the patient’s performance status permits, a simultaneous colon‑liver resection can be considered; otherwise a delayed (bowel‑first) approach is preferred.  

","Step 1 – Resectability assessment
The patient presents with multiple bilobar liver metastases associated with a cerebellar metastasis in the context of a right T4N2 colon cancer and markedly elevated CEA (860 ng/mL). The presence of brain metastasis indicates advanced systemic dissemination and excludes any curative hepatobiliary surgical strategy at this stage. From a hepatobiliary perspective, this situation is considered unresectable.

Step 2 – Recommended oncologic sequence
A. Neurological priority (mandatory)
• Immediate neurosurgical and/or radiotherapy assessment of the cerebellar metastasis is required as the first therapeutic step.
• The objective is neurological control and symptom prevention.

B. Comprehensive staging and multidisciplinary planning
• Perform high-resolution liver MRI and thoraco-abdominal CT to confirm exact number, distribution, and resectability of liver lesions
• Calculate the future liver remnant (FLR).
• Given the high CEA level (860 ng/mL) and multifocal metastases, perform high-resolution 18FDG PET-CT

C. Systemic therapy after neurological stabilization
• Initiate or adapt systemic chemotherapy according to MDT decision once neurological status is stabilized.
• The objective is global disease control.

D. Radiologic reassessment
• Perform high-quality liver MRI and full-body imaging after 2–3 months to evaluate response.
• Monitor CEA kinetics.

E. Criteria for reconsidering liver-directed therapy (exceptional)
• Hepatobiliary surgical re-evaluation would be considered only in the rare situation of complete neurological control and major hepatic response, which remains highly unlikely.

"
69,"Man, 55 years old, rectosigmoid tumor, four liver metastases and pelvic peritoneal implants at the abdominal CT scan. BRAF wild-type, CEA 320 ng/mL.
MDT Discussion: Hepato-peritoneal involvement, possible multimodal strategy to be discussed.","Step 1 – Resectability Assessment  
- Classification: Potentially resectable (borderline)  
- Justification:  
  • Four hepatic metastases are not an absolute contraindication; technical resectability depends on ability to achieve R0 margins and preserve ≥30 % future liver remnant (FLR). Size and segmental distribution are not provided, so technical feasibility cannot be confirmed.  
  • Presence of synchronous disease, very high CEA (320 ng/mL), and pelvic peritoneal implants constitute unfavorable oncologic criteria that usually prompt neoadjuvant therapy (“proof of time”) before definitive surgery.  
  • BRAF wild‑type status is favorable, but other molecular data (RAS, MSI) are missing.  
  • Pelvic peritoneal disease may be resectable if limited (low PCI) but this has not been quantified; therefore extra‑hepatic disease precludes upfront curative hepatectomy alone.  

Step 2 – Recommended strategy  
A. Neoadjuvant systemic therapy  
   - Initiate intensive chemotherapy (e.g., FOLFOXIRI ± anti‑VEGF or anti‑EGFR based on RAS status) for 3–4 months.  
   - Goal: downsize liver lesions, assess biologic response, and obtain “proof of time” given synchronous disease and high tumor marker.  

B. Restaging and detailed assessment  
   - Perform contrast‑enhanced liver MRI with hepatobiliary agent, CT chest/abdomen/pelvis, and PET‑CT if available.  
   - Evaluate FLR volumetrically; consider portal vein embolization (PVE) if FLR <30 %.  
   - Diagnostic laparoscopy with peritoneal cancer index (PCI) scoring to define extent of pelvic peritoneal implants and to look for occult hepatic lesions.  

C. Surgical sequencing (liver‑first or staged approach)  
   - If post‑chemotherapy imaging shows resectable liver disease and limited peritoneal disease (PCI ≤10–12), proceed with a liver‑first strategy:  
        • Stage 1 – Hepatectomy (anatomical or non‑anatomic resections, possibly two‑stage if bilobar). Aim for R0 margins, use intra‑operative ultrasound.  
        • Stage 2 – After hepatic recovery (4–6 weeks), address the rectosigmoid primary (low anterior resection or APR) and perform cytoreductive surgery with HIPEC if PCI remains low.  
   - If peritoneal disease is extensive, consider systemic therapy continuation and defer hepatic surgery, or pursue palliative intent.  

D. Adjuvant/maintenance therapy  
   - Post‑operative systemic chemotherapy (same regimen or adapted) for 3–6 months to treat microscopic disease.  
   - Consider targeted agents according to final molecular profile (RAS, MSI‑H).  

","Step 1 – Resectability assessment
The patient presents with four liver metastases associated with pelvic peritoneal implants in the setting of a rectosigmoid tumor. The presence of peritoneal carcinomatosis indicates extrahepatic dissemination and precludes a standard curative hepatobiliary surgical approach at this stage. From a hepatobiliary perspective, this situation is considered potentially resectable in the current setting.

Step 2 – Recommended oncologic sequence
A. Comprehensive staging and multidisciplinary planning
• Perform high-resolution liver MRI and enhanced CT to confirm exact number, distribution, and resectability of both liver and peritoneal lesions.
• Calculate the future liver remnant (FLR).
• Given the high CEA level (320 ng/mL) and multifocal metastases, perform high-resolution 18FDG PET-CT

B. Induction systemic therapy (mandatory)
• Administer 2–3 months of peri-operative doublet or triplet chemotherapy (FOLFOX or FOLFIRI ± bevacizumab) according to MDT decision to assess tumor biology and optimize oncologic control according to patient tolerance.
• This allows treatment of potential micrometastatic disease and assessment of tumor biology before surgery.
• The goal is to evaluate tumor biology and potential response at both hepatic and peritoneal sites.

C. Close radiologic reassessment
• Perform high-resolution liver MRI and thoraco-abdominal enhanced CT-scan every 2-3 months to evaluate response and detect any potential reduction in tumor burden that could open a limited local treatment window.
• Monitor CEA kinetics as a marker of treatment effect.

D. Criteria for reconsidering surgical strategy
• Surgical re-evaluation may be considered only in the rare situation of major response with near-complete control of peritoneal disease and limited residual liver lesions.
• If disease control or response is observed:
	1.	Perform parenchymal-sparing liver resections guided by intra-operative ultrasound : 
• Intra-operative ultrasound is essential to guide both resection and ablation.
• The goal is R0 resection while strictly preserving hepatic inflow/outflow.
• Ideally, consider minimally invasive approach (laparoscopic or robotic) for liver resection.
• Preoperative prehabilitation and ERAS (Enhanced Recovery After Surgery) protocols are evidence-based, multidisciplinary strategies designed to optimize patient health before surgery and accelerate recovery afterward.
2. Address the primary colon tumor if symptomatic or locally advanced : start with laparoscopic assessment to evaluate PCI score and consider en-bloc left hemicolectomy (standard oncologic resection of the left colon primary) with lymphadectomy (at least 12 harvested lymph nodes) with cytoreductive surgery (i.e. excision of all peritoneal nodules) with or without HIPEC according to response and patient condition.
• The sequence (primary first vs liver-first) depends on technical considerations and necessity of HIPEC.

E. Postoperative therapy and surveillance
• Pathology report : confirmation of tumor type and origin, immunohistochemistry with tumor markers, histological growth pattern, margin status (R0, R1, R2), tumor grade, differentiation, pathologic response score (TRG), necrosis/fibrosis
• Complete approximately 6 months of systemic therapy including pre-operative cycles.
• Close follow-up with CEA and imaging of both liver and lungs.

F. If disease remains disseminated
• Continue systemic second-line chemotherapy and consider palliative or symptom-oriented strategies according to MDT.

"
70,"Woman, 66 years old, T3N1M1 transverse colon cancer, five liver metastases and two pulmonary nodules at the thoraco-abdominal CT scan. RAS wild-type, CEA 420 ng/mL.
MDT Discussion: Bilateral hepato-pulmonary involvement, potentially treatable sequentially.","Step 1 – Resectability Assessment  
- Classification: Potentially resectable.  
- Justification:  
  • Five hepatic metastases are bilateral; technical resectability depends on whether an R0 resection can be achieved while preserving at least two contiguous liver segments with adequate inflow, outflow and biliary drainage, and leaving a sufficient future liver remnant (FLR). No data on lesion size, proximity to major vessels, or calculated FLR are provided.  
  • Two pulmonary nodules represent extra‑hepatic disease (M1b). Current consensus allows curative intent surgery when extra‑hepatic disease is limited and amenable to resection or durable local control; however, resectability of the lung lesions has not been confirmed.  
  • High CEA (420 ng/mL) and synchronous presentation suggest aggressive biology, reinforcing the need for systemic therapy to test disease control before committing to surgery.  

Step 2 – Recommended strategy  
A. Induction systemic therapy  
   - Initiate a doublet chemotherapy (e.g., FOLFOX or FOLFIRI) combined with an anti‑EGFR agent (cetuximab) given RAS‑wild‑type status.  
   - Goal: tumor shrinkage, assessment of biological behavior, and potential conversion of borderline lesions to resectable status.  

B. Restaging after 2–3 months of chemotherapy  
   - Perform high‑resolution contrast‑enhanced liver MRI (or triphasic CT) and chest CT/PET‑CT.  
   - Re‑evaluate: number, size, and vascular involvement of liver mets; calculate FLR volume; assess response of pulmonary nodules; obtain pulmonary function tests (FEV1, DLCO).  

C. Multidisciplinary decision point  
   - If hepatic disease is now technically resectable with an FLR ≥30 % (or ≥40 % in steatotic liver) and pulmonary lesions are resectable with adequate pulmonary reserve, proceed to a liver‑first (reverse) strategy.  
   - If FLR is insufficient, consider portal vein embolization (PVE) or a two‑stage hepatectomy (including possible ALPPS) before definitive liver resection.  

D. Surgical sequence  
   1. Stage 1 – Hepatic clearance  
      - Perform planned hepatectomy (anatomic or non‑anatomic) aiming for R0 margins; use intra‑operative ultrasound to detect occult lesions.  
   2. Stage 2 – Primary colorectal resection  
      - After hepatic recovery (typically 4–6 weeks), resect the transverse colon primary (segmental colectomy with adequate lymphadenectomy).  
   3. Stage 3 – Pulmonary metastasectomy  
      - Once the patient has recovered from the abdominal surgery, address the lung nodules (wedge resection or segmentectomy) or, if surgery is contraindicated, consider SBRT/thermal ablation.  
   - Rationale: liver‑first approach minimizes risk of hepatic progression while the primary tumor is asymptomatic; staged resections reduce operative time, allow assessment of postoperative hepatic function, and permit optimal pulmonary reserve for thoracic surgery.  

","Step 1 – Resectability assessment
The patient presents with five liver metastases and two pulmonary nodules in the setting of a T3N1 transverse colon cancer, without other reported sites. Limited, potentially resectable extrahepatic disease (lungs) does not preclude a curative-intent strategy if all sites can be completely treated. From a hepatobiliary perspective, the liver disease may be amenable to parenchymal-sparing resections provided an adequate future liver remnant is preserved. This situation is considered potentially resectable within a multimodal, sequential curative strategy.

Step 2 – Recommended oncologic sequence
A. Comprehensive staging and multidisciplinary planning
• Perform high-resolution liver MRI and chest CT to confirm exact number, distribution, and resectability of both liver and lung lesions.
• Calculate the future liver remnant (FLR).
• Thoracic surgical assessment of pulmonary nodules is required.
• Given the high CEA level (420 ng/mL) and multifocal metastases, perform high-resolution 18FDG PET-CT

B. Initial systemic therapy (mandatory)
• Start systemic chemotherapy (FOLFOX/FOLFIRI ± anti-EGFR given RAS wild-type status).
• The objective is to assess tumor biology and confirm disease control at hepatic and pulmonary sites.

C. Close radiologic reassessment
• Perform high-resolution liver MRI, and thoraco-abdominal enhanced CT-scan every 2-3 months to evaluate response and detect any potential reduction in tumor burden that could open a limited local treatment window.
• Monitor CEA kinetics as a marker of treatment effect.

D. Criteria for secondary resectability
• Surgery can be considered only if chemotherapy induces:
– Significant reduction in lesion size and number in both liver and lung.
– Feasibility of staged or parenchymal-sparing resections with adequate future liver remnant.

E. Potential surgical strategies for liver metastases if response is favorable
• Two-stage hepatectomy or combined parenchymal-sparing resections depending on response pattern.
• Portal vein embolization / venous deprivation / ALPPS may be required if major hepatectomy becomes necessary.
• Ideally, consider minimally invasive approach (laparoscopic or robotic) for liver resection.
• Preoperative prehabilitation and ERAS (Enhanced Recovery After Surgery) protocols are evidence-based, multidisciplinary strategies designed to optimize patient health before surgery and accelerate recovery afterward.

F. Management of the primary tumor
• Extended right hemicolectomy (standard oncologic resection of the right colon primary) with D2 lymphadectomy (at least 12 harvested lymph nodes) should be coordinated according to response and patient condition (ideally after liver surgery).
• Ideally, consider minimally invasive approach (laparoscopic or robotic) for colectomy.
• Preoperative prehabilitation and ERAS (Enhanced Recovery After Surgery) protocols are evidence-based, multidisciplinary strategies designed to optimize patient health before surgery and accelerate recovery afterward.

G. Management of the lung metastases
• Plan pulmonary metastasectomy or ablative treatment in a staged manner.
• Preoperative evaluation of respiratory function

I. If insufficient response and if disease remains disseminated
• Continue second-line systemic therapy or adapt regimen (such as intra-arterial chemotherapy after resection of the primary tumor) according to MDT, with possible consideration of local ablative techniques.
• Continue systemic third-line chemotherapy and consider palliative or symptom-oriented strategies according to MDT.

J. Postoperative therapy and surveillance
• Pathology report : confirmation of tumor type and origin, immunohistochemistry with tumor markers, histological growth pattern, margin status (R0, R1, R2), tumor grade, differentiation, pathologic response score (TRG), necrosis/fibrosis
• Complete approximately 6 months of systemic therapy including pre-operative cycles.
• Close follow-up with CEA and imaging of both liver and lungs.

"
71,"Man, 61 years old, right colon adenocarcinoma with three liver metastases and mediastinal lymph node involvement on PET FDG. CEA 680 ng/mL, KRAS mutated.
MDT Discussion: Systemic disease with extra-hepatic extension, palliative approach.","Step 1 – Resectability Assessment  
- Classification: Unresectable (curative intent)  
- Justification:  
   Presence of extra‑hepatic disease (PET‑positive mediastinal lymph node) that is not amenable to safe surgical resection or definitive local therapy, fulfilling the “significant extra‑hepatic extension” criterion for unresectability.  
   KRAS‑mutated tumor and markedly elevated CEA (680 ng/mL) indicate aggressive biology, reducing the likelihood of durable control after limited surgery.  
   No data on future liver remnant (FLR) or hepatic volumetry; even if the three hepatic lesions were technically resectable, the extra‑hepatic disease precludes an R0 curative strategy under current oncologic standards.  

Step 2 - Recommended strategy  
A. Systemic induction therapy – Initiate an intensive first‑line regimen (e.g., FOLFOXIRI + bevacizumab) because anti‑EGFR agents are ineffective in KRAS‑mutated disease. Goal: disease control, possible down‑staging of hepatic lesions, and assessment of extra‑hepatic disease biology.  
B. Re‑assessment after 2–3 months – Perform repeat high‑quality contrast‑enhanced CT/MRI of the liver and PET‑CT of the chest/mediastinum. Evaluate:  
   - Response of liver metastases (size reduction, number).  
   - Stability or regression of mediastinal node(s).  
   - FLR calculation if hepatic resection becomes technically feasible.  
   If all disease becomes resectable (including mediastinal node amenable to surgical or stereotactic radiotherapy), proceed to multidisciplinary discussion for curative intent surgery.  
C. Conversion or continuation –  
   - If hepatic disease becomes resectable but mediastinal disease remains active, consider a liver‑first approach with curative hepatectomy followed by definitive local therapy (e.g., mediastinal radiotherapy) only in highly selected patients with excellent performance status.  
   - If disease remains unresectable or progresses, switch to second‑line systemic therapy (e.g., FOLFIRI + aflibercept or regorafenib) per standard algorithms.  
D. Palliative and supportive care – Throughout treatment, maintain optimal symptom control, nutritional support, and psychosocial care. Discuss goals of care early, given the high tumor burden and limited curative options.  

","Step 1 – Resectability assessment
The patient presents with three liver metastases associated with mediastinal lymph node involvement on PET in the context of a right colon adenocarcinoma and elevated CEA (680 ng/mL). The presence of distant extrahepatic nodal disease reflects systemic dissemination but does not exclude any curative hepatobiliary surgical strategy. From a hepatobiliary perspective, this situation is considered potentially resectable.

Step 2 – Recommended oncologic sequence
A. Comprehensive staging and multidisciplinary planning
• Perform high-resolution liver MRI and chest CT to confirm exact number, distribution, and resectability of both liver and mediastinal lymph nodes.
• Calculate the future liver remnant (FLR).
• Thoracic surgical assessment of lymph nodes is required.
• Given the high CEA level (680 ng/mL) and multiple metastases, perform high-resolution 18FDG PET-CT

B. Initial systemic therapy (mandatory)
• Start systemic chemotherapy (FOLFOX/FOLFIRI ± anti-bevacizumab given RAS mutated-type status).
• KRAS mutation excludes anti-EGFR
• The objective is to assess tumor biology and confirm disease control at hepatic and mediastinal sites.

C. Close radiologic reassessment
• Perform high-resolution liver MRI, and thoraco-abdominal enhanced CT-scan every 2-3 months to evaluate response and detect any potential reduction in tumor burden that could open a limited local treatment window.
• Monitor CEA kinetics as a marker of treatment effect.

D. Criteria for secondary resectability
• Surgery can be considered only if chemotherapy induces:
– Significant reduction in lesion size and number in both liver and lung.
– Feasibility of staged or parenchymal-sparing resections with adequate future liver remnant.

E. Potential surgical strategies for liver metastases if response is favorable
• Two-stage hepatectomy or combined parenchymal-sparing resections depending on response pattern.
• Portal vein embolization / venous deprivation / ALPPS may be required if major hepatectomy becomes necessary.
• Ideally, consider minimally invasive approach (laparoscopic or robotic) for liver resection.
• Preoperative prehabilitation and ERAS (Enhanced Recovery After Surgery) protocols are evidence-based, multidisciplinary strategies designed to optimize patient health before surgery and accelerate recovery afterward.

F. Management of the primary tumor
• Right hemicolectomy (standard oncologic resection of the right colon primary) with D2 lymphadectomy (at least 12 harvested lymph nodes) should be coordinated according to response and patient condition (ideally after liver surgery).
• Ideally, consider minimally invasive approach (laparoscopic or robotic) for colectomy.
• Preoperative prehabilitation and ERAS (Enhanced Recovery After Surgery) protocols are evidence-based, multidisciplinary strategies designed to optimize patient health before surgery and accelerate recovery afterward.

G. Management of the mediastinal metastases
• Plan mediatinal lymphadenectomy in a staged manner.
• Ideally, consider minimally invasive approach (laparoscopic or robotic) for colectomy.

I. If insufficient response and if disease remains disseminated
• Continue second-line systemic therapy or adapt regimen according to MDT, with possible consideration of local ablative techniques.

J. Postoperative therapy and surveillance
• Pathology report : confirmation of tumor type and origin, immunohistochemistry with tumor markers, histological growth pattern, margin status (R0, R1, R2), tumor grade, differentiation, pathologic response score (TRG), necrosis/fibrosis
• Complete approximately 6 months of systemic therapy including pre-operative cycles.
• Close follow-up with CEA and imaging of both liver and lungs.

"
72,"Woman, 60 years old, T4N2 rectal tumor, six bilobar liver metastases, pulmonary micronodules at the thoraco-abdominal CT scan, CEA 1250 ng/mL, RAS wild-type.
MDT Discussion: Extensive hepato-pulmonary involvement, not resectable upfront.","Step 1 – Resectability Assessment  
- Classification: Potentially resectable (borderline)  
- Rationale:  
  • Six bilobar liver metastases exceed the simple “≤4 lesions” rule but modern criteria allow resection if an R0 margin can be achieved and an adequate future liver remnant (FLR ≥ 30 % in a normal liver, ≥ 40 % after chemotherapy) can be preserved.  
  • The current imaging does not demonstrate involvement of all three hepatic veins or both hepatic arterial/portal branches, but the bilateral distribution makes a single‑stage hepatectomy unlikely to leave sufficient FLR.  
  • Presence of pulmonary micronodules constitutes limited extra‑hepatic disease; according to contemporary oncologic criteria, limited and potentially resectable extra‑hepatic disease does not preclude hepatic surgery if both sites can be cleared with curative intent.  
  • High CEA (1250 ng/mL) and T4N2 primary suggest aggressive biology, reinforcing the need for systemic disease control before attempting surgery.  
  • Therefore, the disease is not resectable upfront but may become resectable after conversion therapy, FLR augmentation, and/or staged approaches.

Step 2 – Recommended strategy  
A. Conversion systemic therapy  
   – Initiate intensive doublet or triplet chemotherapy (e.g., FOLFOXIRI) combined with anti‑EGFR monoclonal antibody (cetuximab) given RAS wild‑type status.  
   – Goal: tumor down‑staging, assessment of disease biology, and potential reduction of liver lesion size/number.  

B. Restaging after 2–3 months  
   – Perform high‑resolution liver MRI with hepatobiliary contrast and thin‑slice chest CT.  
   – Re‑calculate FLR using volumetry; assess response of liver and lung lesions (RECIST and morphologic criteria).  

C. Decision point based on response  
   – If ≥ 30 % reduction in liver tumor burden and FLR ≥ 30 % (or ≥ 40 % after chemotherapy), proceed to hepatic surgery.  
   – If FLR remains insufficient, schedule portal vein embolization (PVE) or consider associating liver partition and portal vein ligation for staged hepatectomy (ALPPS) to induce hypertrophy.  

D. Hepatic resection  
   – Preferred: two‑stage hepatectomy (first stage: clearance of lesions in one hemi‑liver plus PVE of the contralateral side; second stage 6–8 weeks later after hypertrophy).  
   – Alternative: ALPPS if rapid hypertrophy is required and patient fitness permits.  
   – Aim for R0 resection of all hepatic disease while preserving at least two contiguous segments with intact inflow/outflow and biliary drainage.  

E. Management of pulmonary metastases  
   – After hepatic clearance and recovery, reassess lung nodules.  
   – If ≤ 3 nodules ≤ 2 cm and pulmonary reserve adequate, perform video‑assisted thoracoscopic wedge resections or stereotactic body radiotherapy (SBRT).  
   – If lesions are too numerous or diffuse, continue systemic therapy and consider ablative modalities.  

F. Primary rectal tumor  
   – If the rectal primary remains locally advanced after systemic therapy, deliver long‑course chemoradiation (or short‑course radiotherapy followed by consolidation chemo) followed by definitive surgery (low anterior resection or abdominoperineal resection with partial prostatectomy as needed).  
   – Timing: either “liver‑first” (complete hepatic surgery before rectal resection) or “combined” (simultaneous liver and rectal resection) depending on patient’s operative risk and response.  

G. Adjuvant/maintenance therapy  
   – Continue postoperative systemic therapy (e.g., maintenance fluoropyrimidine ± anti‑EGFR) for at least 6 months, tailored to pathologic response and residual disease.  

","Step 1 – Resectability assessment
The patient presents with six bilobar liver metastases and pulmonary micronodules in the context of a T4N2 rectal tumor and very high CEA (1250 ng/mL). The combination of extensive bilobar hepatic disease and extrahepatic pulmonary involvement reflects advanced systemic dissemination. From a hepatobiliary perspective, this situation is considered unresectable upfront.

Step 2 – Recommended oncologic sequence
A. Comprehensive staging and multidisciplinary planning
• Perform high-resolution liver and pelvic MRI and chest CT to confirm exact number, distribution, and resectability of both liver and lung lesions.
• Thoracic surgical assessment of pulmonary nodules is required.
• Given the high CEA level (1250 ng/mL) and multifocal metastases, perform high-resolution 18FDG PET-CT

B. Initial systemic therapy (mandatory)
• Start systemic chemotherapy (FOLFOX/FOLFIRI ± anti-EGFR given RAS wild-type status).
• The objective is to assess tumor biology and confirm disease control at hepatic and pulmonary sites.

C. Close radiologic reassessment
• Perform high-resolution liver MRI, and thoraco-abdominal enhanced CT-scan every 2-3 months to evaluate response and detect any potential reduction in tumor burden that could open a limited local treatment window.
• Monitor CEA kinetics as a marker of treatment effect.

D. Criteria for secondary resectability
• Surgery can be considered only if chemotherapy induces:
– Significant reduction in lesion size and number in both liver and lung.
– Feasibility of staged or parenchymal-sparing resections with adequate future liver remnant.

E. Potential surgical strategies for liver metastases if response is favorable
• Hepatobiliary surgical re-evaluation would be considered only in the rare case of major response with significant reduction of both hepatic and pulmonary disease, allowing complete clearance of all sites.
• Two-stage hepatectomy or combined parenchymal-sparing resections depending on response pattern.
• Portal vein embolization / venous deprivation / ALPPS may be required if major hepatectomy becomes necessary.

F. Pelvic management integration
• Plan rectal treatment (short-course radiotherapy or chemoradiotherapy) according the MDT discussion if the primary tumor is symptomatic

G. If insufficient response and if disease remains disseminated
• Continue second-line systemic therapy according to MDT, and consider palliative or symptom-oriented strategies according to MDT.

H. Postoperative therapy and surveillance
• If resection, analysis ofpathology report : confirmation of tumor type and origin, immunohistochemistry with tumor markers, histological growth pattern, margin status (R0, R1, R2), tumor grade, differentiation, pathologic response score (TRG), necrosis/fibrosis
• Complete approximately 6 months of systemic therapy including pre-operative cycles.
• Close follow-up with CEA and imaging of both liver and lungs.

"
73,"Man, 58 years old, left colon cancer, liver metastases (segments IV, V, VIII) and confirmed right iliac bone metastasis at the abdominal CT scan. KRAS mutated.
MDT Discussion: Hepato-osseous involvement, priority systemic management.","Step 1 – Resectability Assessment  
- Classification: potentially resectable (borderline).  
- Justification:  
  • Liver disease involves segments IV, V, VIII – a combination of left‑medial and right‑lobe segments that would require a major hepatectomy (≥4 segments). Preservation of an adequate future liver remnant (FLR) is uncertain; left lateral segments II‑III alone may be <30 % of total liver volume, which is below the safe threshold, especially after chemotherapy.  
  • Presence of a solitary right iliac bone metastasis constitutes limited extra‑hepatic disease. Current oncologic criteria allow hepatic resection when extra‑hepatic lesions are few, stable, and amenable to local control (e.g., radiotherapy). However, the bone lesion is not surgically resectable, so systemic therapy must be used first to assess disease biology.  
  • KRAS mutation predicts a more aggressive pattern and higher likelihood of further metastatic spread, reinforcing the need for a test‑of‑time approach before committing to major liver surgery.  

Step 2 – Recommended strategy  
A. Induction systemic therapy (e.g., FOLFOXIRI + bevacizumab) for 2–3 months.  
   - Rationale: controls both hepatic and osseous disease, reveals tumor biology, and may downsize liver lesions to allow a less extensive resection or enable FLR hypertrophy strategies.  

B. Restaging imaging (triphasic CT or MRI of liver, PET‑CT for bone, volumetric CT for FLR) after induction.  
   - Rationale: determines response of liver mets, assesses stability of bone lesion, and calculates FLR to decide if a single‑stage resection is feasible.  

C. If liver disease becomes technically resectable and FLR ≥ 30 % (≥ 40 % if prior chemotherapy), proceed with curative intent surgery:  
   1. Portal vein embolization (PVE) of the right portal branches if FLR is insufficient, followed by repeat volumetry in 2–4 weeks.  
   2. Stage 1: PVE‑induced hypertrophy, then Stage 2: right hepatectomy including segment IV (extended right hepatectomy) with negative margins (R0).  
   3. Primary colon tumor: if asymptomatic, defer colectomy until after hepatic resection (interval surgery). If symptomatic (obstruction/bleeding), consider simultaneous colon resection (right hemicolectomy) with liver resection only if patient’s physiologic reserve permits; otherwise, address colon first.  

D. Adjuvant/maintenance systemic therapy (continue same regimen or switch to second‑line based on response) for 3–6 months post‑hepatectomy, plus local radiotherapy (e.g., stereotactic body radiotherapy) to the right iliac bone lesion for durable control.  

E. If restaging shows progression or inadequate response (new liver lesions, growth of bone metastasis, or FLR remains inadequate despite PVE), maintain systemic therapy and consider palliative locoregional options (RFA, Y‑90 radioembolisation, or best‑supportive care).  

","Step 1 – Resectability assessment
The patient presents with liver metastases in segments IV, V, and VIII associated with a confirmed right iliac bone metastasis in the context of a left colon cancer. The presence of osseous metastatic disease indicates systemic dissemination beyond the liver and excludes any curative hepatobiliary surgical strategy. From a hepatobiliary perspective, this situation is considered unresectable.

Step 2 – Recommended oncologic sequence
A. Systemic therapy as primary strategy (mandatory)
• Initiate or adapt systemic chemotherapy according to MDT decision (FOLFOX/FOLFIRI ± bevacizumab; KRAS mutation excludes anti-EGFR).
• The objective is global disease control.

B. Management of bone metastasis
• Integrate radiotherapy and/or orthopedic evaluation for the right iliac lesion depending on symptoms and fracture risk.

C. Radiologic reassessment
• Perform periodic liver MRI and whole-body imaging to monitor response.
• Monitor CEA kinetics as a marker of treatment effect.

D. Role of liver-directed therapy
• Liver surgery is not indicated unless an exceptional systemic response with control of bone disease occurs, which remains unlikely.

E. If insufficient response and if disease remains disseminated
• Continue second-line systemic therapy according to MDT, and consider palliative or symptom-oriented strategies according to MDT.

"
74,"Woman, 69 years old, T3N1 rectal tumor with two liver metastases and an isolated left pulmonary nodule at the thoraco-abdominal CT scan. RAS wild-type, CEA 210 ng/mL.
MDT Discussion: Limited hepato-pulmonary involvement, possibility of a combined approach depending on response.","Step 1 – Resectability Assessment  
- Classification: Potentially resectable.  
- Rationale:  
  • Two hepatic metastases are limited in number; technical resectability can be achieved with segmental or left lateral resection while preserving ≥2 contiguous liver segments and an adequate future liver remnant (>30% or >0.5 % body weight).  
  • The isolated left‑sided pulmonary nodule represents limited extra‑hepatic disease that is amenable to curative‑intent wedge resection or segmentectomy.  
  • Current oncologic criteria accept patients with resectable extra‑hepatic disease provided an R0 resection of all sites is feasible.  
  • No evidence of diffuse bilobar disease, vascular invasion, or insufficient liver reserve is provided; therefore the case remains borderline and requires confirmation of technical feasibility and disease control after systemic therapy.  

Step 2 – Recommended strategy  
A. Neoadjuvant phase – administer systemic chemotherapy (e.g., FOLFOX ± bevacizumab or FOLFOX + cetuximab given RAS‑wild type) for 3–6 cycles together with short‑course radiotherapy (or long‑course chemoradiation) for the rectal primary.  
   - Goal: down‑size liver lesions, assess biologic behavior, and treat micrometastatic disease; also provide tumor‑downstaging of the rectal tumor.  

B. Restaging phase – repeat high‑resolution liver MRI (or contrast‑enhanced CT) and chest CT (or PET‑CT) after neoadjuvant therapy.  
   - Decision point: if hepatic lesions have responded (≥30 % shrinkage) and the pulmonary nodule remains solitary and non‑progressive, proceed to curative surgery; if progression or new lesions appear, reconsider systemic options.  

C. Surgical phase – adopt a “liver‑first” (reverse) or simultaneous approach based on operative risk and multidisciplinary consensus:  
   1. Perform left‑lateral segmentectomy (or non‑anatomic wedge) of the liver lesions ensuring negative margins (≥1 mm) and preservation of ≥2 contiguous segments with adequate inflow/outflow.  
   2. Conduct video‑assisted thoracoscopic wedge resection of the left lung nodule in the same operative session if cardiopulmonary reserve permits; otherwise stage the lung resection within 4–6 weeks.  
   3. After recovery (≈4–6 weeks), complete low anterior resection of the rectal tumor with a protective diverting ileostomy as indicated.  

D. Adjuvant phase – resume postoperative systemic chemotherapy (e.g., CAPOX or FOLFOX) for 3–6 months; consider continuation of targeted therapy (cetuximab) if not used pre‑operatively.  
   - Rationale: eradicate residual microscopic disease and improve disease‑free survival.  

","Step 1 – Resectability assessment
The patient presents with two liver metastases and a single left pulmonary nodule in the setting of a T3N1 rectal tumor, without other reported sites. Limited, potentially resectable extrahepatic disease (lung) does not preclude a curative-intent strategy if all sites can be completely treated. From a hepatobiliary perspective, the liver disease appears technically amenable to parenchymal-sparing resection with preservation of an adequate future liver remnant. This situation is considered potentially resectable within a multimodal, sequential curative strategy.

Step 2 – Recommended oncologic sequence
A. Comprehensive staging and multidisciplinary planning
• Perform high-resolution liver and pelvic MRI and chest CT to confirm exact number, distribution, and resectability of both liver and lung lesions.
• Calculate the future liver remnant (FLR).
• Thoracic surgical assessment of the lung metastasis is required.
• Pelvic MRI to integrate rectal treatment planning.
• Given the high CEA level (210 ng/mL) and multifocal metastases, perform high-resolution 18FDG PET-CT

B. Initial systemic therapy (mandatory)
• Start systemic doublet or triplet chemotherapy (FOLFOX/FOLFIRI ± anti-EGFR given RAS wild-type status).
• The objective is to assess tumor biology and confirm disease control at hepatic and pulmonary sites.

C. Close radiologic reassessment
• Perform high-resolution liver and pelvic MRI, and thoraco-abdominal enhanced CT-scan every 2-3 months to evaluate response and detect any potential reduction in tumor burden that could open a limited local treatment window.
• Monitor CEA kinetics as a marker of treatment effect.

D. Criteria for secondary resectability
• Surgery can be considered only if chemotherapy induces:
– Significant reduction in lesion size and number in both liver and lung.
– Feasibility of staged or parenchymal-sparing resections with adequate future liver remnant.

E. Potential surgical strategies for liver metastases if response is favorable
• Parenchymal-sparing resections or ablation depending on response pattern.
• Ideally, consider minimally invasive approach (laparoscopic or robotic) for liver resection.
• Preoperative prehabilitation and ERAS (Enhanced Recovery After Surgery) protocols are evidence-based, multidisciplinary strategies designed to optimize patient health before surgery and accelerate recovery afterward.

F. Management of the rectal primary
• Local pelvic treatment (radiotherapy with chemotherapy ± surgery) should be coordinated during the systemic therapy period according to rectal oncologic principles.
• After restaging with high-resolution pelvic MRI,
-	If complete morphological rectal tumor response : follow up of primary tumor
-	If near complete morphological rectal tumor response : strict follow up of primary tumor
-	If incomplete morphological rectal tumor response : rectal resection after appropriate recovery: oncologic resection of the upper rectum (low anterior resection with TME principles).
• Ideally, consider minimally invasive approach (laparoscopic or robotic) for rectal resection.
• Preoperative prehabilitation and ERAS (Enhanced Recovery After Surgery) protocols are evidence-based, multidisciplinary strategies designed to optimize patient health before surgery and accelerate recovery afterward.

G. Management of the single lung metastase
• Plan pulmonary metastasectomy or ablative treatment in a staged manner.
• Preoperative evaluation of respiratory function

I. If insufficient response and if disease remains disseminated
• Continue second-line systemic therapy or adapt regimen according to MDT, with possible consideration of local ablative techniques.

J. Postoperative therapy and surveillance
• Pathology report : confirmation of tumor type and origin, immunohistochemistry with tumor markers, histological growth pattern, margin status (R0, R1, R2), tumor grade, differentiation, pathologic response score (TRG), necrosis/fibrosis
• Complete approximately 6 months of systemic therapy including pre-operative cycles.
• Close follow-up with CEA and imaging of both liver and lungs.

"
75,"Man, 65 years old, right T4N2 colon cancer, eight bilobar liver metastases and moderate peritoneal carcinomatosis at the abdominal CT scan. CEA 970 ng/mL.
MDT Discussion: Extensive hepato-peritoneal disease, goal of systemic control.","Step 1 – Resectability Assessment  
- Classification: Unresectable at this time.  
- Justification:  
  • Eight bilobar liver metastases exceed the typical threshold for straightforward R0 resection and would likely require removal of >70 % of functional liver parenchyma, jeopardizing the future liver remnant (FLR).  
  • Moderate peritoneal carcinomatosis represents disseminated extra‑hepatic disease that is not limited to a few resectable sites; current oncologic criteria consider such extensive extra‑hepatic disease a contraindication to curative hepatic surgery.  
  • Very high CEA (970 ng/mL) and T4N2 primary tumor suggest aggressive biology, increasing the risk of rapid progression during any prolonged surgical plan.  
  • No data are provided on FLR volume, liver function, or performance status to support a technically feasible hepatectomy.  

Step 2 – Recommended strategy  
A. Systemic induction therapy – Start an intensive first‑line regimen (e.g., FOLFOXIRI + bevacizumab or FOLFIRI + bevacizumab) aiming for maximal tumor shrinkage and to assess tumor biology. Rationale: conversion chemotherapy is the primary tool to downsize both hepatic and peritoneal disease and to identify patients with favorable response.  

B. Restaging after 2–3 months – Repeat high‑resolution liver MRI with hepatobiliary contrast and a CT‑PET scan of the abdomen/pelvis. Evaluate:  
   • Number, size, and distribution of liver lesions;  
   • Peritoneal disease burden (PCI score);  
   • Response of the primary colon tumor.  
   Rationale: objective assessment determines whether the disease has become potentially resectable or remains unresectable.  

C. Decision point based on response  
   • If major response (e.g., ≤4 liver lesions, FLR ≥30 % after planned resection, PCI ≤6, and primary tumor resectable):  
        – Consider a multimodal curative approach:  
            – Primary colon resection (segmental colectomy) first if symptomatic or at risk of obstruction/bleeding.  
            – Two‑stage hepatectomy or PVE‑induced hypertrophy followed by definitive liver resection, ensuring preservation of ≥2 contiguous liver segments with adequate inflow/outflow.  
            – If peritoneal disease is limited (low PCI), add cytoreductive surgery with HIPEC in the same or subsequent stage.  
   • If insufficient response (persistent extensive bilobar disease, high PCI, or progression):  
        – Continue systemic therapy (switch to second‑line regimen, consider targeted agents based on molecular profile).  
        – Evaluate eligibility for clinical trials (e.g., novel immunotherapy, liver‑directed therapies).  
        – Maintain best supportive care and symptom control.  

D. Long‑term surveillance – After any intervention, schedule imaging every 3 months for the first year, then every 6 months, with serial CEA monitoring to detect early recurrence.  

","Step 1 – Resectability assessment
The patient presents with eight bilobar liver metastases associated with moderate peritoneal carcinomatosis in the context of a right T4N2 colon cancer and markedly elevated CEA (970 ng/mL). The presence of peritoneal dissemination combined with extensive bilobar hepatic disease excludes any curative hepatobiliary surgical approach at this stage. From a hepatobiliary perspective, this situation is considered unresectable.

Step 2 – Recommended oncologic sequence
A. Comprehensive staging and multidisciplinary planning
• Perform high-resolution liver MRI and enhanced CT to confirm exact number, distribution, and resectability of both liver and peritoneal lesions.
• Given the high CEA level (970 ng/mL) and multifocal metastases, perform high-resolution 18FDG PET-CT

B. Induction systemic therapy (mandatory)
• Administer 2–3 months of peri-operative doublet or triplet chemotherapy (FOLFOX or FOLFIRI ± bevacizumab) according to MDT decision to assess tumor biology and optimize oncologic control according to patient tolerance.
• This allows treatment of potential micrometastatic disease and assessment of tumor biology before surgery.

C. Close radiologic reassessment
• Perform high-resolution liver MRI and thoraco-abdominal enhanced CT-scan every 2-3 months to evaluate response and detect any potential reduction in tumor burden that could open a limited local treatment window.
• Monitor CEA kinetics as a marker of treatment effect.

D. Criteria for reconsidering surgical strategy
• Surgical re-evaluation may be considered only in the rare situation of major response with near-complete control of peritoneal disease and limited residual liver lesions.
• If disease control or response is observed:
	1.	Perform parenchymal-sparing liver resections guided by intra-operative ultrasound : 
• The goal is R0 resection while strictly preserving hepatic inflow/outflow.
2. Address the primary colon tumor if symptomatic or locally advanced : start with laparoscopic assessment to evaluate PCI score and consider en-bloc right hemicolectomy (standard oncologic resection of the right colon primary) with D2 lymphadectomy (at least 12 harvested lymph nodes) with cytoreductive surgery (i.e. excision of all peritoneal nodules) with or without HIPEC according to response and patient condition.
• The sequence (primary first vs liver-first) depends on technical considerations and necessity of HIPEC.

E. Postoperative therapy and surveillance
• Pathology report : confirmation of tumor type and origin, immunohistochemistry with tumor markers, histological growth pattern, margin status (R0, R1, R2), tumor grade, differentiation, pathologic response score (TRG), necrosis/fibrosis
• Complete approximately 6 months of systemic therapy including pre-operative cycles.
• Close follow-up with CEA and imaging of both liver and lungs.

F. If disease remains disseminated
• Continue systemic second-line chemotherapy and consider palliative or symptom-oriented strategies according to MDT.

"
76,"Man, 59 years old, left T3N1M1 colon tumor, five bilobar liver metastases (1.5-3.5 cm). CEA 1150 ng/mL. KRAS mutated, BRAF wild-type.Liver MRI: contact of segment VIII lesion with middle hepatic vein.
MDT Discussion: Technically resectable disease, high tumor marker suggests systemic risk.","Step 1 – Resectability Assessment  
- Classification: potentially resectable (borderline).  
- Technical factors supporting feasibility: five metastases ≤ 3.5 cm, bilobar distribution, no overt vascular invasion beyond contact of the segment VIII lesion with the middle hepatic vein, and MDT judgement that a curative‑intent hepatectomy is technically possible.  
- Oncologic/biologic factors that downgrade to “potentially resectable”:  
  • Synchronous disease (T3 N1 M1) with a left‑sided primary, indicating aggressive biology.  
  • KRAS mutation – associated with lower response rates to anti‑EGFR agents and poorer prognosis.  
  • Extremely high CEA (1150 ng/mL) – a surrogate of high tumor burden and systemic risk.  
  • Bilobar disease and five lesions exceed the classic “favorable” profile (≤ 3 lesions, unilobar).  
- Because the future liver remnant (FLR) volume, liver function, and performance status are not provided, a definitive R0 resection cannot be confirmed without further assessment; therefore the case is best described as potentially resectable pending down‑staging and FLR confirmation.  

Step 2 – Recommended strategy  
A. Neoadjuvant systemic therapy  
   - Initiate 6 cycles of a doublet (FOLFOX or FOLFIRI) combined with bevacizumab (anti‑VEGF) – appropriate for KRAS‑mutated disease.  
   - Goal: tumor shrinkage, CEA reduction, and biological “test of time” to identify rapid progressors.  

B. Restaging and functional liver assessment (≈ 4–6 weeks after chemotherapy)  
   - Repeat high‑resolution liver MRI (or contrast‑enhanced CT) to evaluate response of all lesions, especially the segment VIII lesion’s relationship to the middle hepatic vein.  
   - Calculate FLR using volumetry; if FLR < 30 % of total liver volume, plan portal vein embolization (PVE) or consider a two‑stage hepatectomy/ALPPS.  

C. Surgical resection (once oncologic and technical criteria are met)  
   - Perform curative‑intent liver resection aiming for R0 margins; options include:  
     • Single‑stage anatomic/segmental resections if FLR is adequate, or  
     • Two‑stage hepatectomy (right‑sided resection first, then left‑sided completion) or ALPPS if FLR is marginal.  
   - Simultaneous resection of the primary colon tumor (left‑sided colectomy) is preferred if the patient’s physiologic reserve allows; otherwise, stage the colon resection within 4–6 weeks after liver surgery.  

D. Adjuvant/maintenance systemic therapy  
   - Resume postoperative chemotherapy (e.g., 3–6 months of FOLFOX ± bevacizumab) to eradicate micrometastatic disease.  
   - Serial CEA monitoring and imaging every 3 months for the first 2 years.  

","Step 1 – Resectability assessment
The patient presents with five bilobar liver metastases (1.5–3.5 cm), including a segment VIII lesion in contact with the middle hepatic vein, without reported extrahepatic disease. From a technical standpoint, complete clearance with parenchymal-sparing resections appears feasible while preserving an adequate future liver remnant. According to hepatobiliary oncologic criteria, this pattern is resectable. However, the very high CEA level (1150 ng/mL) suggests aggressive tumor biology and a high systemic risk.

Step 2 – Recommended oncologic sequence
A. Preoperative staging
• Perform high-resolution liver MRI and contrast-enhanced CT to confirm the relationship of the 5 lesions to segment VIII vascular and biliary structures. Precise anatomical mapping is required to plan a safe parenchymal-sparing resection.
• Given the high CEA level (1150 ng/mL), perform high-resolution 18FDG PET-CT

B. Preoperative systemic therapy
• The elevated CEA level (1150 ng/mL) and multiplicity of lesions suggest biologically active disease.
• Give 3 months of peri operative doublet chemotherapy (FOLFOX ± bevacizumab) to treat potential micrometastatic disease and assess tumor biology.
• KRAS mutation excludes anti-EGFR therapy.
• This period treats micrometastatic disease and evaluates tumor biology.

C. Restaging before surgery
• Perform high-resolution liver MRI and contrast-enhanced CT after chemotherapy to confirm maintained resectability and evaluate vascular/biliary relationships.
• Calculate the future liver remnant (FLR).

D. Surgical management (staged strategy)
• If restaging confirms continued resectability, perform a first multiple atypical resection for the 5 lesions and/or segmentectomy 8 with en-bloc partial resection a the middle hepatic veine removing the 5 metastases, or a formal right hepatectomy if anatomically more appropriate, and if volume of the remnant liver is sufficient, aiming for ≥1 mm R0 margin .
• Use intra operative ultrasound to verify lesion location and margins. 
• Ideally, consider minimally invasive approach (laparoscopic or robotic) for both liver resection and colectomy.
• Preoperative prehabilitation and ERAS (Enhanced Recovery After Surgery) protocols are evidence-based, multidisciplinary strategies designed to optimize patient health before surgery and accelerate recovery afterward.
• After recovery, perform left hemicolectomy (standard oncologic resection of the left colon cancer) with lymphadectomy (at least 12 harvested lymph nodes) with primary anastomosis 

E. Postoperative therapy
• Pathology report : confirmation of tumor type and origin, immunohistochemistry with tumor markers, histological growth pattern, margin status (R0, R1, R2), tumor grade, differentiation, pathologic response score (TRG), necrosis/fibrosis
• Complete a total of 6 months of systemic chemotherapy (including the pre operative cycles). 
• Monitor CEA and imaging at 3 month intervals given the elevated initial tumor marker (CEA 1150 ng/mL).

"
77,"Woman, 62 years old, right T4aN2M1 colon cancer, seven liver metastases (2-5 cm) at the thoraco-abdominal CT scan. CEA 1600 ng/mL. BRAF V600E mutation, MSS.
MDT Discussion: Extensive liver disease, poor prognosis linked to molecular profile.","Step 1 – Resectability Assessment  
- Classification: Potentially resectable (borderline)  
- Justification:  
  • Seven liver metastases ranging 2‑5 cm exceed the traditional “≤4 lesions” rule but current criteria allow resection if an R0 margin and adequate future liver remnant (FLR) can be achieved.  
  • Bilobar distribution is likely (seven lesions), which makes a single‑stage hepatectomy technically challenging and may require FLR augmentation (PVE, two‑stage or ALPPS).  
  • High‑risk biologic features – T4 primary, N2 nodes, synchronous disease, BRAF V600E mutation, CEA 1600 ng/mL – indicate aggressive tumor biology and lower likelihood of long‑term cure without systemic control.  
  • No data on FLR volume, liver function, performance status, or extra‑hepatic disease; therefore the case cannot be deemed outright resectable at this time, but conversion to resectability is feasible with appropriate neoadjuvant therapy and hepatic hypertrophy strategies.  

Step 2 - Recommended strategy  
A. Neoadjuvant systemic therapy  
   - Initiate an intensive regimen tailored to BRAF‑mutant mCRC (e.g., FOLFOXIRI + bevacizumab or a BRAF/MEK inhibitor + anti‑EGFR antibody per current guidelines).  
   - Goal: tumor down‑staging, assessment of disease biology (“proof of time”), and treatment of occult micrometastases.  

B. Re‑assessment after 2–3 months  
   - Perform high‑resolution liver MRI (or contrast‑enhanced CT) with volumetric analysis to calculate FLR.  
   - Evaluate radiologic response (RECIST) and CEA trend.  
   - Confirm absence of new extra‑hepatic sites (lung, peritoneum, bone).  

C. Hepatic hypertrophy / staged approach if needed  
   - If FLR < 30 % (or < 40 % in the setting of chemotherapy‑associated liver injury), proceed with portal vein embolization (PVE) or, in selected fit patients, ALPPS/two‑stage hepatectomy to induce hypertrophy.  
   - Repeat volumetry 4–6 weeks post‑PVE to confirm adequate remnant.  

D. Surgical phase  
   - Aim for R0 resection of all hepatic lesions; combine anatomical resections with intra‑operative ablation (RFA/SBRT) for lesions in unfavorable locations.  
   - Decide on sequencing of primary‑tumor resection:  
        • If the colon primary is asymptomatic, adopt a liver‑first strategy to avoid loss of resectability while systemic therapy is ongoing.  
        • If symptomatic or obstructive, perform simultaneous or staged right colectomy with appropriate diversion.  
   - Preserve at least two contiguous hepatic segments with adequate inflow/outflow and biliary drainage.  

E. Post‑operative systemic therapy  
   - Resume or switch to an adjuvant regimen (e.g., continuation of the BRAF‑targeted combination or FOLFOX‑based therapy) for a total of ≥ 6 months.  
   - Consider enrollment in a clinical trial for BRAF‑mutant mCRC (e.g., adding a BRAF inhibitor or immunotherapy if MSI‑H were present).  

","Step 1 – Resectability assessment
The patient presents with seven liver metastases (2–5 cm) in the setting of a right T4aN2 colon cancer and a BRAF V600E mutation with very high CEA (1600 ng/mL). Despite the disease being confined to the liver, the number of lesions, their size, and especially the unfavorable molecular profile indicate highly aggressive systemic tumor biology. From a hepatobiliary oncologic perspective, this situation is considered unresectable upfront, as surgery would not provide meaningful oncologic benefit at this stage.

Step 2 – Recommended oncologic sequence
A. Preoperative staging
• Perform high-resolution liver MRI and contrast-enhanced CT to confirm the relationship of the 7 lesions to vascular and biliary structures. Precise anatomical mapping is required to plan a safe parenchymal-sparing resection.
• Given the high CEA level (1600 ng/mL), perform high-resolution 18FDG PET-CT

B. Systemic therapy as primary strategy (mandatory)
• The elevated CEA level (1600 ng/mL) and multiplicity of lesions suggest biologically active disease.
• Initiate intensive systemic therapy adapted to the BRAF V600E profile according to MDT decision : give 3-6 months of peri operative doublet chemotherapy (FOLFOX ± bevacizumab) to treat potential micrometastatic disease and assess tumor biology.
• KRAS status is unknow but BRAF V600E profile is poor prognostic factor
• The objective is global disease control and assessment of tumor biology.

C. Restaging before surgery
• Perform high-resolution liver MRI and contrast-enhanced CT after chemotherapy to confirm maintained resectability and evaluate vascular/biliary relationships.
• Calculate the future liver remnant (FLR).

D. Criteria for reconsidering surgery
• Surgical re-evaluation could be considered only in the rare situation of major radiologic and biologic response with marked reduction in number and size of lesions. 
• In this situation, first multiple atypical resections and ablation guided by ultrasound with the aim to obtain R0 margins.
• Any surgical consideration would remain highly selective.

E. If disease remains extensive
• Continue systemic therapy and consider palliative or symptom-oriented management according to MDT.

"
78,"Man, 66 years old, T3N2 upper rectal cancer with four liver metastases at the thoraco-abdominal CT scan. CEA 980 ng/mL, RAS wild-type, MSI-H.
MDT Discussion: Bilobar metastases with MSI-H profile opening discussion for first-line immunotherapy.","Step 1 – Resectability Assessment  
- Classification: Potentially resectable (borderline)  
- Justification:  
  • Bilobar distribution of four metastases is technically feasible to clear if an adequate future liver remnant (FLR ≥ 30 % of total liver volume or ≥ 0.5 % body‑weight) can be preserved; modern series show no absolute cut‑off on number or size when FLR is sufficient.  
  • No extra‑hepatic disease has been reported on the CT, satisfying the oncologic requirement of “liver‑limited” disease.  
  • High pre‑treatment CEA (980 ng/mL) and synchronous T3N2 rectal primary are adverse prognostic factors, suggesting the need for disease control before definitive surgery.  
  • MSI‑H status predicts a high response rate to checkpoint‑inhibitor therapy, offering a realistic chance of down‑staging the liver lesions.  
  • Absence of reported vascular encasement, biliary invasion, or insufficient FLR prevents labeling the case as outright resectable; therefore it remains “potentially resectable” pending response to systemic therapy and detailed volumetric assessment.

Step 2 – Recommended strategy  
A. Systemic induction therapy – Start first‑line anti‑PD‑1 immunotherapy (e.g., pembrolizumab) ± a fluoropyrimidine‑oxaliplatin doublet (FOLFOX) given the high tumour burden and need for rapid control of the rectal primary. Rationale: MSI‑H tumours respond dramatically to checkpoint blockade; adding chemotherapy can improve response depth and address possible microsatellite‑stable microscopic disease.  

B. Restaging after 2–3 months – Perform high‑resolution liver MRI with hepatocyte‑specific contrast, repeat thoraco‑abdominal CT, and calculate FLR using volumetry. Assess RECIST response of hepatic lesions and re‑evaluate CEA trend. Rationale: Objective response will determine whether a curative‑intent hepatic resection is feasible and will guide the need for hypertrophy strategies.  

C. Hepatic surgical plan –  
   • If FLR is ≥30 % after response, proceed with a single‑stage, parenchyma‑sparing hepatectomy (non‑anatomic or segmental resections) aiming for R0 margins.  
   • If FLR would be <30 % or lesions remain bilobar with insufficient margin, employ a two‑stage hepatectomy: first stage – resection of lesions in the future liver remnant (or portal vein embolisation of the diseased lobe) to induce hypertrophy; second stage – completion hepatectomy of the contralateral side after hypertrophy (typically 4–6 weeks).  
   • Consider ALPPS only if hypertrophy is inadequate and the patient’s performance status permits. Rationale: These strategies maximize curative potential while preserving liver function.  

D. Management of the rectal primary –  
   • If the primary remains unresected after hepatic surgery, deliver neoadjuvant long‑course chemoradiotherapy (or short‑course RT if time‑critical) followed by total mesorectal excision (TME) 6–8 weeks later.  
   • If the primary is already down‑staged (no threatening mesorectal fascia involvement) and the patient is fit, a simultaneous low anterior resection with the hepatic procedure can be considered, but only after confirming adequate hepatic reserve. Rationale: Prioritizing the liver first reduces the risk of progression of liver disease while the rectal tumour is being down‑staged.  

E. Adjuvant/continuation therapy – Resume or continue immunotherapy (or switch to maintenance pembrolizumab) for at least 12 months total, and consider postoperative chemotherapy based on final pathology (margin status, nodal burden). Rationale: Consolidates systemic control and exploits the durable responses seen in MSI‑H disease.

","Step 1 – Resectability assessment
The patient presents with four bilobar liver metastases in the setting of a T3N2 upper rectal cancer. Although technically the liver disease may be amenable to parenchymal-sparing resection, the very high CEA (980 ng/mL) and, most importantly, the MSI-H profile indicate a tumor biology that is highly responsive to immunotherapy. From a hepatobiliary oncologic perspective, this situation is considered potentially resectable, but surgery is not the first step given the expected efficacy of systemic immunotherapy.

Step 2 – Recommended oncologic sequence
A. Preoperative staging
• Perform high-resolution liver MRI and contrast-enhanced CT to confirm the relationship of the 4 lesions to vascular and biliary structures. Precise anatomical mapping is required to plan a safe parenchymal-sparing resection.
• Given the high CEA level (980 ng/mL), perform high-resolution 18FDG PET-CT

B. First-line systemic immunotherapy (mandatory)
• Initiate immunotherapy according to MDT decision as first-line treatment for MSI-H metastatic colorectal cancer.
• The objective is major tumor regression and assessment of tumor biology.

C. Radiologic reassessment
• Perform high-quality liver MRI after 2–3 months to evaluate response.
• Monitor CEA kinetics.

D. Surgical re-evaluation after response
• If a major radiologic response occurs, reassess segmental resectability.
• Plan biopsy of the primary rectal tumor and liver metastases to assess tumor response to immunotherapy
• Consider parenchymal-sparing, ultrasound-guided liver resections only if residual lesions persist and complete clearance is feasible with adequate future liver remnant.

E. Postoperative therapy
• Pathology report : confirmation of tumor type and origin, immunohistochemistry with tumor markers, histological growth pattern, margin status (R0, R1, R2), tumor grade, differentiation, pathologic response score (TRG), necrosis/fibrosis
• Complete a total of 6 months of systemic immunotherapy (including the pre operative cycles). 
• Monitor CEA and imaging at 3 month intervals given the elevated initial tumor marker (CEA 1150 ng/mL).

"
79,"Woman, 70 years old, left T3N1M1 colon tumor, two liver metastases segments II and III (3.2 and 4.0 cm) at the abdominal CT scan. CEA 320 ng/mL, BRAF wild-type, HER2 positive.
MDT Discussion: Limited involvement but HER2 mutation may influence systemic therapeutic strategy.","Step 1 – Resectability Assessment  
- Classification: Potentially resectable (borderline)  
- Technical criteria met:  
  • Two metastases confined to left lateral segments II and III, each ≤ 5 cm.  
  • Resection of segments II‑III (left lateral segmentectomy) would leave a right‑lobe remnant > 60 % of total liver volume, satisfying the ≥ 30 % FLR requirement.  
  • No radiologic evidence of vascular invasion or biliary involvement.  
- Oncologic criteria raising concern:  
  • Synchronous presentation (primary T3N1M1).  
  • Very high pre‑operative CEA (320 ng/mL) – associated with higher recurrence risk.  
  • HER2‑positive disease may indicate a more aggressive biology and influences systemic therapy choice.  
- Patient‑related factors (age 70) are not prohibitive if performance status and comorbidities are acceptable.  
- Therefore, while technically resectable, the combination of high‑risk biologic features justifies a “potentially resectable” designation pending neoadjuvant systemic therapy and reassessment.

Step 2 – Recommended strategy  
A. Comprehensive pre‑treatment work‑up  
   - Obtain ECOG/ASA score, detailed comorbidity assessment (Charlson index).  
   - Full liver function panel, indocyanine‑green clearance if indicated.  
   - Volumetric CT or MRI to confirm future liver remnant (FLR) > 30 % (or > 0.5 % body weight).  
   - High‑resolution liver MRI with hepatobiliary contrast and PET‑CT to exclude occult extra‑hepatic disease (lung, peritoneum, lymph nodes).  
   - RAS (KRAS/NRAS) and MSI/dMMR testing if not already performed.  

B. Neoadjuvant systemic therapy tailored to HER2‑positive, BRAF‑wild‑type disease  
   - Preferred regimen: HER2‑directed doublet (e.g., trastuzumab + pertuzumab or trastuzumab + lapatinib) combined with a standard doublet chemotherapy (FOLFOX or CAPOX) for 3–4 cycles.  
   - Goal: tumor down‑staging, early assessment of disease biology (“proof of time”), and treatment of micrometastatic disease.  

C. Restaging after neoadjuvant therapy  
   - Repeat multiphase liver MRI (or CT) and PET‑CT.  
   - Evaluate RECIST response; confirm that both lesions remain resectable with adequate FLR.  
   - If progression or new extra‑hepatic sites appear, reconsider systemic strategy (second‑line therapy, clinical trial, or palliative approach).  

D. Surgical resection  
   - Liver phase: Anatomical left lateral segmentectomy (segments II‑III) aiming for R0 margins (≥ 1 mm). Intra‑operative ultrasound to verify no additional lesions.  
   - Primary colon phase:  
        • If the primary tumor is asymptomatic and patient is fit, consider simultaneous colon resection (e.g., left‑sided colectomy) with liver surgery.  
        • If the primary is symptomatic or patient’s condition favors staged approach, perform colon resection first (classical strategy) followed by liver surgery after recovery.  
   - Ensure preservation of at least two contiguous liver segments with intact inflow/outflow and biliary drainage.  

E. Post‑operative (adjuvant) therapy  
   - Resume HER2‑targeted therapy combined with chemotherapy for an additional 3–6 months, contingent on postoperative recovery and pathology (margin status, nodal involvement).  
   - Serial CEA monitoring and imaging surveillance every 3–6 months for the first two years.  

","Step 1 – Resectability assessment
The patient presents with two liver metastases in segments II and III (3.2 and 4.0 cm) without reported extrahepatic disease. Both lesions are located in the left lateral section and are technically amenable to parenchymal-sparing resection with preservation of an adequate future liver remnant. According to hepatobiliary oncologic criteria, this pattern is considered resectable.

Step 2 – Recommended oncologic sequence
A. Preoperative staging and vascular assessment
• Perform high-resolution liver MRI and contrast-enhanced CT to define precise vascular and biliary relationships.
• Given the high CEA level (320 ng/mL), perform high-resolution 18FDG PET-CT

B. Consider short peri-operative systemic therapy
• Given the elevated CEA (320 ng/mL) and HER2 positivity, a short course (2–3 months) of peri-operative systemic therapy adapted to the molecular profile should be considered to treat micrometastatic disease and assess tumor biology.
• HER2-positive colorectal cancer (CRC), found in 2–6% of cases (mainly RAS wild-type and left-sided), is treated with targeted therapies like trastuzumab combined with tucatinib or trastuzumab deruxtecan. 

C. Radiologic reassessment
• Perform high-quality liver MRI after 2–3 months to evaluate response.
• Monitor CEA kinetics.

D. Surgical management after restaging
• If disease remains controlled, perform ultrasound-guided left lateral sectoriectomy (rection of segments II and III) aiming for R0 margins.
• Intra-operative ultrasound is essential.
• Ideally, consider minimally invasive approach (laparoscopic or robotic) for liver resection.
• Preoperative prehabilitation and ERAS (Enhanced Recovery After Surgery) protocols are evidence-based, multidisciplinary strategies designed to optimize patient health before surgery and accelerate recovery afterward.

E. Surgical management of the primary tumor
• After recovery, perform left hemicolectomy (standard oncologic resection of the left colon cancer) with lymphadectomy (at least 12 harvested lymph nodes) with primary anastomosis 
• Ideally, consider minimally invasive approach (laparoscopic or robotic) for both liver resection and colectomy.
• Preoperative prehabilitation and ERAS (Enhanced Recovery After Surgery) protocols are evidence-based, multidisciplinary strategies designed to optimize patient health before surgery and accelerate recovery afterward.

F. Postoperative therapy and surveillance
• Pathology report : confirmation of tumor type and origin, immunohistochemistry with tumor markers, histological growth pattern, margin status (R0, R1, R2), tumor grade, differentiation, pathologic response score (TRG), necrosis/fibrosis
• Complete a total of approximately 6 months of systemic therapy including pre-operative cycles.
• Close surveillance with CEA and imaging every 3 months.

"
80,"Man, 55 years old, right T4N2M1 colon cancer, nine bilobar metastases at the thoraco-abdominal CT scan. CEA 2500 ng/mL, KRAS mutated.Liver  MRI: infiltration of the right portal pedicle.
MDT Discussion: Major liver involvement, vascular invasion compromising resectability.","Step 1 – Resectability Assessment  
- Classification: initially unresectable (potentially convertible)  
- Justification:  
  • Nine bilobar metastases exceed the simple technical threshold for a single‑stage R0 resection while preserving at least two contiguous liver segments.  
  • MRI demonstrates infiltration of the right portal pedicle, violating the essential criterion of preserving vascular inflow/outflow to the future liver remnant (FLR).  
  • Bilobar distribution and likely insufficient FLR (<20‑30 % of total liver volume) make an immediate curative hepatectomy unsafe.  
  • According to current criteria, resectability requires (a) R0 clearance of all disease, (b) preservation of two contiguous segments with intact inflow/outflow, and (c) adequate FLR; these conditions are not met at presentation.  
  • However, modern conversion strategies (systemic chemotherapy, portal vein embolization, two‑stage or ALPPS procedures) can convert a subset of such patients to resectable status, therefore the disease is deemed “potentially resectable after down‑staging.”

Step 2 – Recommended strategy  
A. Systemic conversion chemotherapy  
   – Initiate an intensive regimen (e.g., FOLFOXIRI + bevacizumab) because KRAS is mutated (anti‑EGFR agents are ineffective).  
   – Goal: tumor shrinkage, assessment of disease biology, and potential clearance of microscopic disease.  

B. Restaging and functional assessment (2–3 months after chemotherapy)  
   – Perform contrast‑enhanced liver MRI with volumetry, triphasic CT of chest/abdomen, and PET‑CT to rule out additional extra‑hepatic sites.  
   – Calculate FLR; if FLR remains <30 % and right portal pedicle involvement persists, plan adjunctive hypertrophy techniques.  

C. Hypertrophy induction and staged hepatic resection  
   – If disease response is adequate and portal pedicle invasion is limited to a resectable segment, consider portal vein embolization (PVE) of the contralateral lobe to induce hypertrophy of the future remnant.  
   – Alternatively, for rapid hypertrophy, an ALPPS approach may be employed, provided the patient’s performance status and comorbidities allow.  
   – After sufficient FLR hypertrophy (target ≥30 % functional liver), proceed with a two‑stage hepatectomy or single‑stage extended resection aiming for R0 margins; intra‑operative ultrasound to guide lesion clearance and possible adjunctive ablation for lesions in difficult locations.  

D. Management of the primary colon tumor  
   – If the primary is asymptomatic and the patient tolerates major liver surgery, adopt a “liver‑first” strategy: complete hepatic clearance first, then perform an oncologic right hemicolectomy (T4N2) with adequate lymphadenectomy.  
   – If the primary is symptomatic (obstruction, bleeding) or there is concern for rapid progression, consider simultaneous resection (if liver surgery is limited) or a “colon‑first” approach followed by hepatic surgery after recovery.  

E. Adjuvant systemic therapy  
   – Following R0 hepatic and colorectal resections, resume systemic chemotherapy (e.g., FOLFOX or CAPOX) for a total of 6‑12 months, tailored to response and tolerability, to address micrometastatic disease.  

","Step 1 – Resectability assessment
The patient presents with nine bilobar liver metastases associated with infiltration of the right portal pedicle and a very high CEA (2500 ng/mL) in the context of a right T4N2 colon cancer. The combination of extensive bilobar disease and portal pedicle involvement precludes the possibility of achieving a complete R0 resection while preserving an adequate future liver remnant. From a hepatobiliary oncologic perspective, this situation is considered unresectable at this stage.

Step 2 – Recommended oncologic sequence
A. Preoperative staging and vascular assessment
• Perform high-resolution liver MRI and contrast-enhanced CT to define precise vascular and biliary relationships.
• Given the high CEA level (2500 ng/mL), perform high-resolution 18FDG PET-CT

B. Systemic therapy as primary strategy (mandatory)
• Initiate intensive systemic chemotherapy according to MDT decision (FOLFOX/FOLFIRI ± bevacizumab; KRAS mutation excludes anti-EGFR).
• The objective is tumor downsizing and assessment of tumor biology.

C. Radiologic reassessment after treatment
• Perform high-quality liver MRI after 3-6 months to evaluate response and reassess vascular relationships.
• Calculate the future liver remnant (FLR) and evaluate venous outflow preservation or need for reconstruction.
• Monitor CEA kinetics.

D. Criteria for reconsidering surgery (exceptional)
• Surgical re-evaluation could be considered only if a major response occurs with regression of portal pedicle involvement and significant reduction in tumor burden.
• Any surgical consideration would remain highly selective and dependent on restoration of clear vascular anatomy.

E. If disease remains extensive
• Continue second-line systemic therapy and/or consider alternative regimens (such as intra-arterial chemotherapy after resection of the primary tumor).
• If disease remains extensive, consider palliative or symptom-oriented strategies according to MDT.

"
81,"Woman, 61 years old, T3N1M1 rectal tumor, three liver metastases (segments IVa, VI, VIII). CEA 680 ng/mL. KRAS mutated, BRAF wild-type. Liver MRI: extension to the hepatic vein confluence.
MDT Discussion: Metastases near venous confluence, high surgical risk.","Step 1 – Resectability Assessment  
- Classification: Potentially resectable (borderline).  
- Rationale:  
  • Three metastases (segments IVa, VI, VIII) are technically resectable but are located at the hepatic‑vein confluence, a high‑risk vascular area requiring complex resection or reconstruction.  
  • No extra‑hepatic disease is reported, satisfying the oncologic criterion of disease limited to the liver.  
  • Adequate future liver remnant (FLR) cannot be confirmed from the data; central lesions often leave <30 % FLR without pre‑operative augmentation, thus the case is borderline.  
  • KRAS‑mutated, high CEA (680 ng/mL) and synchronous presentation are adverse prognostic factors that favor a neoadjuvant “proof‑of‑time” approach before definitive surgery.  
  • The MDT notes “high surgical risk,” supporting the need for down‑staging or volumetric augmentation before a curative resection.

Step 2 – Recommended strategy  
A. Systemic induction chemotherapy (e.g., FOLFOXIRI + bevacizumab) for 2–3 months.  
   – Rationale: aims to reduce tumor burden, assess tumor biology, and potentially convert central lesions to a safer resection plane; anti‑EGFR agents are contraindicated because of KRAS mutation.  

B. Restaging imaging (triphasic CT or liver‑specific MRI) after induction therapy, including volumetric analysis of the FLR and assessment of vascular involvement.  
   – Rationale: determines response, confirms whether a margin‑negative (R0) resection is feasible, and quantifies the need for liver‑volume augmentation.  

C. Pre‑operative liver‑volume augmentation if FLR < 30 % (e.g., portal vein embolization or associating liver partition and portal vein ligation for staged hepatectomy – ALPPS).  
   – Rationale: improves postoperative liver function and reduces risk of hepatic insufficiency in a patient already deemed high‑risk.  

D. Definitive hepatic resection (likely extended right hepatectomy or central hepatectomy with hepatic‑vein reconstruction) performed first (liver‑first strategy) once adequate FLR is secured and disease is controlled.  
   – Rationale: the liver surgery is the more technically demanding component; addressing it before rectal surgery avoids delay caused by potential postoperative complications of a major hepatectomy.  

E. Rectal cancer management – after hepatic recovery (≈4–6 weeks):  
   1. Neoadjuvant long‑course chemoradiotherapy (if not already given) to down‑stage the T3N1 rectal lesion.  
   2. Restaging of the pelvis; proceed to curative‑intent rectal resection (low anterior resection with total mesorectal excision) or, if sphincter involvement mandates, abdominoperineal resection.  
   – Rationale: standard of care for locally advanced rectal cancer; sequencing after liver surgery prevents interruption of systemic therapy and allows full recovery from the major hepatic operation.  

F. Adjuvant systemic therapy (e.g., continuation of oxaliplatin‑based regimen ± bevacizumab) for 3–6 months post‑both surgeries, tailored to response and tolerability.  
   – Rationale: addresses micrometastatic disease and improves disease‑free survival, especially important given KRAS mutation and high pre‑operative CEA.  

","Step 1 – Resectability assessment
The patient presents with three liver metastases (segments IVa, VI, VIII) with MRI showing extension toward the hepatic vein confluence. Although the number of lesions is limited, their proximity to the venous outflow confluence makes a safe R0 resection with preservation of adequate hepatic venous drainage technically uncertain. From a hepatobiliary oncologic perspective, this situation is considered potentially resectable, but only after careful vascular assessment and likely tumor downsizing.

Step 2 – Recommended oncologic sequence
A. Preoperative staging and vascular assessment
• Perform high-resolution liver MRI and contrast-enhanced CT to define precise vascular and biliary relationships.
• Given the high CEA level (680 ng/mL), perform high-resolution 18FDG PET-CT

B. Mandatory induction systemic therapy
• Given the high CEA (680 ng/mL), KRAS mutation, and complex vascular location, initiate 3–6 months of induction chemotherapy (FOLFOX or FOLFIRI ± bevacizumab).
• The objective is tumor downsizing and assessment of tumor biology.

C. Expert vascular restaging
• Perform high-resolution liver MRI and contrast-enhanced CT after chemotherapy to reassess the relationship of lesions to the hepatic vein confluence.
• Calculate the future liver remnant (FLR) and evaluate venous outflow preservation or need for reconstruction.

D. Surgical management if feasibility is confirmed
• If sufficient tumor regression occurs, plan an ultrasound-guided parenchymal-sparing resection.
• Anticipate possible venous reconstruction or complex vascular control.
• Intra-operative ultrasound is essential.
• Perform ultrasound-guided parenchymal-sparing resections, or standard anatomic major hepatectomy with or without vascular reconstruction aiming for R0 margins.

E. Management of the rectal primary
• Local pelvic treatment (radiotherapy ± surgery) should be coordinated during the systemic therapy period according to rectal oncologic principles.

F. Postoperative therapy and surveillance
• Complete approximately 6 months of systemic therapy including pre-operative cycles.
• Close follow-up with CEA and imaging every 3 months.

"
82,"Man, 64 years old, left colon adenocarcinoma with four bilobar liver metastases. CEA 900 ng/mL, RAS wild-type. Liver MRI: segment VII lesion invading the IVC over 1 cm.
MDT Discussion: Caval invasion requiring multidisciplinary surgical evaluation.","Step 1 – Resectability Assessment  
- Classification: Potentially resectable (borderline)  
- Justification:  
   Technical factors – four bilobar metastases can be addressed if an adequate future liver remnant (FLR) can be preserved (≥30% of total liver volume or >0.5 FLR/body‑weight ratio).  
   Vascular factor – one lesion in segment VII invades the inferior vena cava (IVC) over 1 cm; IVC involvement is not an absolute contraindication but requires complex vascular reconstruction and increases peri‑operative risk, thus moving the case from “up‑front resectable” to “potentially resectable” pending down‑staging and detailed vascular planning.  
   Oncologic factors – high CEA (900 ng/mL) suggests aggressive biology; however, RAS wild‑type and left‑sided primary allow use of anti‑EGFR therapy, supporting a neoadjuvant approach to assess disease biology.  
   No documented extra‑hepatic disease, but its presence would shift classification to unresectable; therefore, current data are insufficient to declare outright resectability.  

Step 2 - Recommended strategy  
A. Induction systemic therapy  
   - Regimen: FOLFOXIRI + anti‑EGFR monoclonal antibody (cetuximab or panitumumab) for 8–12 weeks, given RAS wild‑type left‑sided tumor.  
   - Rationale: maximize tumor shrinkage, potentially reduce IVC invasion, and serve as a “test‑of‑time” to gauge tumor biology.  

B. Restaging and functional assessment  
   - Repeat high‑resolution liver MRI with hepatobiliary contrast, CT‑angiography of the IVC, and volumetric CT to calculate FLR.  
   - Include chest CT/PET‑CT to exclude occult extra‑hepatic metastases.  
   - Rationale: determine response, re‑evaluate IVC involvement, and confirm that an FLR ≥30% (or >350 g) can be achieved.  

C. Pre‑operative liver hypertrophy strategy (if FLR insufficient)  
   - Perform portal vein embolization (PVE) of the liver segments planned for resection, or consider ALPPS if rapid hypertrophy is needed and patient fitness permits.  
   - Rationale: increase FLR to meet safety thresholds before major hepatectomy.  

D. Surgical phase – liver‑first approach  
   - If post‑chemotherapy imaging shows adequate downsizing and FLR is sufficient, proceed with curative‑intent liver resection:  
      En bloc resection of segment VII lesion with IVC segment resection and reconstruction (using PTFE or autologous graft) while preserving at least two contiguous liver segments with intact inflow/outflow.  
      Combine with non‑anatomic or anatomical resections of the remaining three metastases to achieve R0 margins (≥1 mm).  
   - Rationale: address the most technically demanding component first; ensures that any postoperative hepatic insufficiency does not compromise subsequent colorectal surgery.  

E. Colorectal primary management  
   - After hepatic recovery (typically 4–6 weeks), perform definitive resection of the left‑sided colon cancer (segmental colectomy with adequate lymphadenectomy).  
   - If intra‑operative assessment shows the primary is asymptomatic and liver surgery was limited, a simultaneous resection could be considered, but staged approach is preferred given the complexity of the liver operation.  

F. Adjuvant systemic therapy  
   - Resume/continue chemotherapy (e.g., FOLFOX or CAPOX) with anti‑EGFR for an additional 3–6 months, tailored to postoperative recovery and pathology.  
   - Rationale: eradicate microscopic disease and address the high pre‑operative CEA level, which correlates with recurrence risk.  

","Step 1 – Resectability assessment
The patient presents with four bilobar liver metastases, including a segment VII lesion invading the IVC over ~1 cm, without reported extrahepatic disease. While the number of lesions is limited, true caval invasion makes a standard parenchymal-sparing R0 resection unlikely without complex vascular resection/reconstruction and carries high operative risk. From a hepatobiliary oncologic perspective, this situation is considered potentially resectable only in a highly selected setting, after tumor downsizing and multidisciplinary vascular assessment.

Step 2 – Recommended oncologic sequence
A. Preoperative staging
• Obtain high resolution liver MRI to define exact segmental distribution of all lesions with detailed vascular and biliary relationships. 
• Given the high CEA level (900 ng/mL), perform high-resolution 18FDG PET-CT

B. Intensive conversion systemic therapy (mandatory)
• Initiate FOLFOXIRI combined with anti-EGFR therapy given RAS wild-type status as discussed in MDT.
• BRAF wild-type does not modify the surgical indication.
• The objective is significant tumor downsizing, reduction in number/volume of lesions, and clearance from the IVC to enable potential surgical planning.

C. Close radiologic monitoring
• Perform high-resolution liver MRI every 2-3 months to assess response, particularly:
– Relationship of lesions to the IVC.
– Global reduction of liver tumor burden.
• Monitor CEA kinetics as an indicator of treatment response.

D. Criteria for secondary resectability
• Surgery can be considered only if chemotherapy induces:
– Marked reduction in lesion size and number.
– Separation from the IVC.
– Feasibility of R0 resection with or without partial IVC resection with acceptable future liver remnant, potentially requiring staged hepatectomy with or without portal vein embolization.
• Multidisciplinary evaluation with vascular surgery is required to assess feasibility of partial IVC resection/reconstruction if needed.

C. Surgical management if feasibility is confirmed
• One or two-stage hepatectomy or extensive parenchymal-sparing resections depending on response pattern.
• If regression of caval invasion occurs or reconstruction is deemed feasible, plan an ultrasound-guided parenchymal-sparing resection of all lesions.
• Anticipate possible IVC tangential resection or graft reconstruction.
• Intra-operative ultrasound is essential.
• Ideally, consider minimally invasive approach (laparoscopic or robotic) for liver resection.
• Preoperative prehabilitation and ERAS (Enhanced Recovery After Surgery) protocols are evidence-based, multidisciplinary strategies designed to optimize patient health before surgery and accelerate recovery afterward.

F. Surgical management of the primary tumor
• After recovery, perform left hemicolectomy (standard oncologic resection of the left colon cancer) with lymphadectomy (at least 12 harvested lymph nodes) with primary anastomosis 
• Ideally, consider minimally invasive approach (laparoscopic or robotic) for both liver resection and colectomy.
• Preoperative prehabilitation and ERAS (Enhanced Recovery After Surgery) protocols are evidence-based, multidisciplinary strategies designed to optimize patient health before surgery and accelerate recovery afterward.

G. If insufficient response
• Continue systemic therapy or adapt regimen (such as intra-arterial chemotherapy after resection of the primary tumor) according to MDT, with possible consideration of local ablative techniques.

"
83,"Woman, 58 years old, right T4N2M1 colon cancer, five liver metastases including one 8.5 cm in segment IVb at the thoraco-abdominal CT scan. CEA 870 ng/mL, KRAS mutated.
MDT Discussion: Large central metastasis with bilateral portal contact, complex technical discussion.","Step 1 – Resectability Assessment  
- Classification: potentially resectable (borderline)  
- Justification:  
  • Five hepatic metastases, including an 8.5 cm central lesion in segment IVb with bilateral portal vein contact – technically challenging but not an absolute contraindication under current criteria.  
  • No documented extra‑hepatic disease, fulfilling the oncologic requirement that all known disease can be cleared.  
  • Resectability hinges on ability to preserve ≥2 contiguous liver segments with adequate inflow/outflow, biliary drainage and a future liver remnant (FLR) of ≥30 % (or FLR/body‑weight ratio > 0.5). The size and central location raise concern for insufficient FLR and vascular margins, thus requiring volumetric assessment and possibly hypertrophy strategies.  
  • High CEA (870 ng/mL) and KRAS mutation suggest aggressive biology; neoadjuvant chemotherapy is needed to test disease control before committing to surgery.  

Step 2 – Recommended strategy  
A. Neoadjuvant systemic therapy  
   - Initiate intensive chemotherapy (e.g., FOLFOXIRI + bevacizumab) given KRAS mutation (anti‑EGFR agents ineffective).  
   - Goal: tumor down‑staging, assess tumor biology, and potentially reduce the 8.5 cm lesion.  

B. Restaging and functional assessment (4–6 weeks after 2–3 cycles)  
   - Repeat high‑resolution liver MRI with hepatobiliary contrast and CT chest/abdomen/pelvis to confirm absence of new extra‑hepatic lesions.  
   - Perform volumetric CT or MRI to calculate FLR; if FLR < 30 % (or <0.5 g/kg), plan hypertrophy.  

C. Hypertrophy strategy (if needed)  
   - If FLR insufficient, consider portal vein embolization (PVE) of the lobe bearing the majority of disease, or a two‑stage hepatectomy (TSH) with clearance of the future remnant liver in the first stage.  
   - ALPPS may be an option in highly selected patients with rapid hypertrophy need, but only after multidisciplinary consensus given its higher morbidity.  

D. Surgical resection  
   - Aim for R0 resection of all hepatic lesions while preserving at least two contiguous segments with intact inflow/outflow.  
   - Preferred approach: anatomic right or extended right hepatectomy combined with segment IVb/IVa resection, contingent on FLR adequacy; otherwise, staged or parenchymal‑sparing resections with intra‑operative ultrasound guidance.  
   - Simultaneous resection of the primary colon tumor can be considered if the patient’s performance status permits and the colon lesion is resectable without increasing operative risk; otherwise, adopt a “liver‑first” sequence to avoid progression of hepatic disease.  

E. Post‑operative management  
   - Resume/adapt systemic chemotherapy (e.g., continuation of the pre‑operative regimen) for 3–6 months as adjuvant therapy.  
   - Serial CEA monitoring and imaging every 3–4 months for the first two years.  

","Step 1 – Resectability assessment
The patient presents with five liver metastases, including a large 8.5 cm lesion in segment IVb with bilateral portal contact, in the context of a right T4N2 colon cancer and elevated CEA (870 ng/mL). The central location, size, and bilateral portal involvement make a safe R0 resection with preservation of an adequate future liver remnant technically uncertain at this stage. From a hepatobiliary oncologic perspective, this situation is considered potentially resectable only after tumor downsizing.

Step 2 – Recommended oncologic sequence
A. Preoperative staging
• Obtain high resolution liver MRI to define exact segmental distribution of all lesions with detailed vascular and biliary relationships. 
• Given the high CEA level (870 ng/mL), perform high-resolution 18FDG PET-CT

B. Mandatory induction systemic therapy
• Initiate 2–3 months of induction chemotherapy (FOLFOX or FOLFIRI ± bevacizumab; KRAS mutation excludes anti-EGFR).
• The objective is tumor downsizing and assessment of tumor biology, particularly reduction of portal contact.

C. Expert vascular restaging
• Repeat high-resolution liver MRI and contrast-enhanced CT after chemotherapy to reassess the relationship of the segment IVb lesion to both portal branches.
• Calculate the future liver remnant (FLR).

D. Surgical strategy if feasibility is confirmed
• If significant regression occurs, plan a complex parenchymal-sparing resection guided by intra-operative ultrasound.
• Anticipate possible portal vein control or reconstruction depending on residual contact.
• Address additional lesions with wedge/segmental resections.

E. Surgical management of the primary tumor
• After recovery, perform right hemicolectomy (standard oncologic resection of the right colon cancer) with D2 lymphadectomy (at least 12 harvested lymph nodes) with primary anastomosis 
• Ideally, consider minimally invasive approach (laparoscopic or robotic) for both liver resection and colectomy.
• Preoperative prehabilitation and ERAS (Enhanced Recovery After Surgery) protocols are evidence-based, multidisciplinary strategies designed to optimize patient health before surgery and accelerate recovery afterward.

F. If insufficient response
• Continue systemic therapy or adapt regimen (such as intra-arterial chemotherapy after resection of the primary tumor) according to MDT, with possible consideration of local ablative techniques.

G. Postoperative therapy and surveillance
• Pathology report : confirmation of tumor type and origin, immunohistochemistry with tumor markers, histological growth pattern, margin status (R0, R1, R2), tumor grade, differentiation, pathologic response score (TRG), necrosis/fibrosis
• Complete approximately 6 months of systemic therapy including pre-operative cycles.
• Close follow-up with CEA and imaging every 3 months.

"
84,"Man, 73 years old, transverse colon tumor, two liver metastases (4.2 and 4.8 cm) at the thoraco-abdominal CT scan. CEA 70 ng/mL. BRAF wild-type, RAS wild-type.
MDT Discussion: Normal CEA despite high volume, question regarding biological sensitivity for follow-up.","Step 1 – Resectability Assessment  
- Classification: Potentially resectable (borderline)  
- Justification:  
  • Two liver metastases measuring 4.2 cm and 4.8 cm are within the size limits that can be removed with curative intent, provided an adequate future liver remnant (FLR ≥ 30 % of total liver volume) can be preserved.  
  • RAS‑wild‑type and BRAF‑wild‑type status are favorable biologic predictors for response to conversion chemotherapy and for long‑term survival after resection.  
  • No documented extra‑hepatic disease, but imaging confirmation is required.  
  • Age 73 y alone does not preclude surgery, yet performance status, comorbidities, and hepatic functional reserve are not provided; these factors could shift the case to unresectable if poor.  

Step 2 – Recommended strategy  
A. Comprehensive restaging  
   - Obtain high‑resolution liver MRI with hepatobiliary contrast and a PET‑CT to (i) delineate exact segmental location of each metastasis, (ii) calculate FLR, and (iii) exclude occult extra‑hepatic disease (lung, peritoneum, lymph nodes).  
   - Perform a full clinical assessment: ECOG performance status, Charlson comorbidity index, baseline liver function tests, and cardiopulmonary evaluation.  

B. Neoadjuvant systemic therapy (conversion/intention‑to‑cure)  
   - Initiate a doublet chemotherapy (e.g., FOLFOX or FOLFIRI) combined with an anti‑EGFR monoclonal antibody (cetuximab or panitumumab) given the RAS/BRAF wild‑type profile.  
   - Duration: 2–3 months (≈ 4–6 cycles) to assess tumor biology (“proof of time”) and to potentially downsize lesions, improving the chance of an R0 resection and allowing a margin‑sparing approach.  

C. Restaging after neoadjuvant therapy  
   - Repeat MRI/PET‑CT to evaluate response (RECIST) and re‑calculate FLR.  
   - If disease remains confined to the liver, lesions are still resectable, and FLR is adequate, proceed to curative‑intent surgery.  

D. Surgical sequencing  
   - Option 1 – Simultaneous resection: If the primary transverse colon tumor is resectable with low operative risk and the liver resection can be performed with ≤ 2‑stage hepatectomy, consider a combined colon and liver operation.  
   - Option 2 – Staged approach: Prefer a “liver‑first” strategy when the liver disease is the dominant threat to survival or when the colon surgery may delay hepatic resection. Perform liver resection first (segmental or lobar resection achieving R0 margins), followed by colon resection 4–6 weeks later after recovery.  
   - Choose the approach based on intra‑operative assessment of FLR, patient’s physiological reserve, and multidisciplinary consensus.  

E. Post‑operative management  
   - Resume adjuvant systemic therapy (same regimen or a fluoropyrimidine‑based regimen) for 3–6 months, tailored to pathological response and margin status.  
   - Enroll in surveillance protocol: CEA every 3 months, contrast‑enhanced CT or MRI of the liver every 6 months for the first 2 years, then annually.  

","Step 1 – Resectability assessment
The patient presents with two liver metastases (4.2 and 4.8 cm) without reported extrahepatic disease. Both lesions are limited in number and appear technically amenable to parenchymal-sparing resection with preservation of an adequate future liver remnant. According to hepatobiliary oncologic criteria, this pattern is considered resectable.

Step 2 – Recommended oncologic sequence
A. Preoperative staging and vascular assessment
• Perform high-resolution liver MRI and contrast-enhanced CT to define precise vascular and biliary relationships.
• Calculate the future liver remnant (FLR).

B. Preoperative systemic therapy (strongly recommended)
• Administer 2–3 months of peri-operative doublet or triplet chemotherapy (FOLFOX or FOLFIRI ± cetuximab) to assess tumor biology and optimize oncologic control according to patient tolerance.
• This allows treatment of potential micrometastatic disease and assessment of tumor biology before surgery.

C. Restaging before surgery
• Perform high-resolution liver MRI and contrast-enhanced CT after chemotherapy to reassess the relationship of the lesions to the right portal branch and confirm maintained resectability.
• Evaluate future liver remnant (FLR) if major hepatectomy is considered.

D. Surgical management (parenchymal-sparing strategy)
• If stability or response is observed, perform combined parenchymal-sparing resections guided by intra-operative ultrasound:
• The goal is R0 resection while preserving maximal functional liver parenchyma and avoiding major hepatectomy.
• Use intra operative ultrasound to verify lesion location and margins. 
• Ideally, consider minimally invasive approach (laparoscopic or robotic) for liver resection.
• Preoperative prehabilitation and ERAS (Enhanced Recovery After Surgery) protocols are evidence-based, multidisciplinary strategies designed to optimize patient health before surgery and accelerate recovery afterward.

E. Management of the primary tumor
• Either combined or staged transverse colectomy of extended right colectomy with adequate oncologic margins and oncological lymphadenectomy with primary anastomosis.
• Ideally, consider minimally invasive approach (laparoscopic or robotic) for primary cancer resection.
• Otherwise, a staged approach with colectomy first is acceptable.

E. Postoperative therapy
• Pathology report : confirmation of tumor type and origin, immunohistochemistry with tumor markers, histological growth pattern, margin status (R0, R1, R2), tumor grade, differentiation, pathologic response score (TRG), necrosis/fibrosis
• Complete a total of 6 months of systemic chemotherapy including pre-operative cycles.
• Close surveillance with CEA and imaging every 3 months

"
85,"Woman, 60 years old, left T4N1M1 colon cancer, six liver metastases (up to 5.6 cm) at the abdominal CT scan. CEA 1400 ng/mL. KRAS G12C mutation confirmed.
MDT Discussion: Specific molecular profile, may benefit from a later targeted strategy.","Step 1 – Resectability Assessment  
The patient is classified as potentially resectable (borderline‑resectable). Rationale:  
- Six hepatic metastases (≥5 cm total burden) exceed the classic “≤4 lesions” rule, but modern criteria allow resection if an R0 margin can be achieved and an adequate future liver remnant (FLR ≥ 20‑30 % of total liver volume or ≥0.5 % of body weight) can be preserved.  
- No imaging data are provided on the lobar distribution, proximity to major vessels/ biliary structures, or calculated FLR, so technical feasibility cannot be confirmed.  
- The primary tumor is T4N1, indicating locally advanced disease that will also require oncologic resection; this adds to the surgical burden.  
- High CEA (1400 ng/mL) and KRAS G12C mutation suggest aggressive biology, favoring a neoadjuvant (down‑staging) approach before definitive surgery.  
- No explicit extra‑hepatic metastases are described; if present, they would shift the case toward unresectable unless limited and amenable to curative treatment.  

Step 2 – Recommended strategy  
A. Induction systemic therapy (conversion chemotherapy) – Start a KRAS‑mutant‑appropriate regimen (e.g., FOLFOX ± bevacizumab or FOLFOXIRI + bevacizumab) for 2‑3 months, aiming for tumor shrinkage and biological response assessment. Anti‑EGFR agents are contraindicated because of KRAS mutation.  

B. Restaging and functional liver assessment – After 2‑3 months repeat high‑resolution contrast‑enhanced CT or MRI with liver‑specific contrast, and calculate FLR (volumetry). Evaluate response (RECIST) and check for new extra‑hepatic disease.  

C. Decision point  
   • If sufficient tumor regression and FLR ≥ 30 % (or ≥0.5 % body weight) with clear vascular and biliary margins → proceed to curative‑intent surgery.  
   • If FLR is inadequate but disease is otherwise resectable → plan portal vein embolization (PVE) or associating liver partition and portal vein ligation for staged hepatectomy (ALPPS) to induce hypertrophy, followed by re‑assessment.  
   • If disease remains extensive or progresses → continue systemic therapy, consider locoregional options (Y‑90 radioembolisation, hepatic arterial infusion, or percutaneous ablation) and reassess for possible later conversion.  

D. Surgical sequence –  
   1. Primary tumor resection (left‑sided colon) – either simultaneous with liver resection if patient fitness permits, or staged (colon first) to control the T4 primary and allow recovery before major hepatectomy.  
   2. Liver resection – aim for R0 removal of all metastases using an anatomic or parenchymal‑sparing approach; preserve at least two contiguous liver segments with adequate inflow/outflow and biliary drainage. If lesions are bilobar, a two‑stage hepatectomy (resect one lobe, allow hypertrophy, then resect the second) may be required.  

E. Adjuvant/maintenance therapy – Complete a total of 6 months of peri‑operative chemotherapy (including the induction cycles). Consider enrollment in a clinical trial of KRAS‑G12C targeted agents (e.g., sotorasib) or add postoperative bevacizumab if not used pre‑operatively, based on multidisciplinary consensus.  

","Step 1 – Resectability assessment
The patient presents with six liver metastases (up to 5.6 cm) in the context of a left T4N1 colon cancer and very high CEA (1400 ng/mL). The number, size, and likely bilobar distribution of lesions make a safe R0 resection with preservation of an adequate future liver remnant unlikely at this stage. From a hepatobiliary oncologic perspective, this situation is considered unresectable upfront.

Step 2 – Recommended oncologic sequence
A. Preoperative staging and vascular assessment
• Perform high-resolution liver MRI and contrast-enhanced CT to define precise vascular and biliary relationships.
• Given the high CEA level (1400 ng/mL), perform high-resolution 18FDG PET-CT

B. Systemic therapy as primary strategy (mandatory)
• Initiate intensive systemic chemotherapy according to MDT decision (FOLFOX/FOLFIRI ± bevacizumab).
• The presence of a KRAS G12C mutation is poor prognostic factor and may allow consideration of targeted strategies in later lines of therapy. 
• The objective is tumor downsizing and assessment of tumor biology.

C. Radiologic reassessment after treatment
• Perform high-quality liver MRI after 3-6 months to evaluate response.
• Monitor CEA kinetics.

D. Criteria for reconsidering surgery (exceptional)
• Surgical re-evaluation could be considered only if a major radiologic and biologic response occurs with significant reduction in number and size of lesions allowing parenchymal-sparing resections.

E. Management of the primary tumor
• Consider transverse colectomy of right colectomy with adequate oncologic margins and oncological lymphadenectomy with primary anastomosis if the tumor is symptomatic of if MDT propose intra-arterial chemotherapy.

F. If disease remains extensive
• Continue second-line systemic therapy and/or consider alternative regimens (such as intra-arterial chemotherapy after resection of the primary tumor).
• If disease remains extensive, consider palliative or symptom-oriented strategies according to MDT.

"
86,"Man, 57 years old, low T3N2M1 rectal cancer, four peripheral liver metastases (2-3.5 cm) at the thoraco-abdominal CT scan. CEA 90 ng/mL. RAS wild-type, MSS, positive circulating tumor cells.
MDT Discussion: Presence of circulating cells despite low volume, prognostic significance discussed.","Step 1 – Resectability Assessment  
• Classification: Potentially resectable (borderline resectable)  
• Technical justification: four peripheral liver metastases, each ≤ 3.5 cm, amenable to anatomic or non‑anatomic resections; likely to preserve ≥ 30 % future liver remnant (FLR) provided adequate volumetry. No major vascular or biliary involvement described.  
• Oncologic justification: synchronous presentation, T3 N2 primary, elevated CEA (90 ng/mL) and presence of circulating tumor cells indicate aggressive biology; however RAS‑wild type and MSS are favorable. These high‑risk features argue for neoadjuvant systemic therapy (“proof of time”) before committing to curative surgery.  

Step 2 – Recommended strategy  
A. Induction systemic therapy – 2–3 months of a doublet (FOLFOX or FOLFIRI) combined with anti‑EGFR monoclonal antibody (cetuximab) given RAS‑wild type. Goal: tumor‑size reduction, assessment of chemosensitivity, and eradication of micrometastases.  
B. Neoadjuvant radiotherapy for the rectal primary – short‑course (5 × 5 Gy) or long‑course chemoradiation depending on sphincter involvement and distance from mesorectal fascia; performed either concurrently with chemotherapy (if using short‑course) or sequentially after induction chemotherapy.  
C. Restaging (6–8 weeks after systemic therapy) – high‑resolution liver MRI with liver volumetry, repeat pelvic MRI, and chest CT to confirm absence of new extra‑hepatic disease and to calculate FLR.  
 • If all lesions remain resectable with adequate FLR → proceed to curative surgery.  
 • If FLR would be < 30 % → consider portal vein embolization (PVE) or a two‑stage hepatectomy (TSH) before definitive resection.  
D. Surgical phase – preferred reverse (liver‑first) approach because the liver disease dictates the oncologic timeline and the rectal tumor is low‑lying but can be controlled with radiotherapy.  
 1. Hepatic resection – perform parenchymal‑sparing resections (segmental or non‑anatomic) to remove all four metastases with R0 margins, preserving ≥ 2 contiguous segments and adequate inflow/outflow.  
 2. Rectal surgery – 6–8 weeks after liver operation (or after recovery from PVE/TSH if performed), perform low anterior resection with a protective diverting loop ileostomy; if sphincter involvement is confirmed, consider abdominoperineal resection.  
E. Adjuvant therapy – postoperative continuation of systemic chemotherapy (total 6 months) and consider maintenance anti‑EGFR therapy based on postoperative pathology and response.  

","Step 1 – Resectability assessment
The patient presents with four peripheral liver metastases (2–3.5 cm) without reported extrahepatic disease. The lesions are limited in number and anatomically amenable to parenchymal-sparing resections with preservation of an adequate future liver remnant. According to hepatobiliary oncologic criteria, this pattern is resectable. The presence of circulating tumor cells suggests higher systemic risk but does not alter technical resectability.

Step 2 – Recommended oncologic sequence
A. Preoperative staging and integration with rectal management
• Perform high-resolution liver MRI and contrast-enhanced CT to define vascular and biliary relationships and calculate the future liver remnant (FLR).
• Pelvic MRI to plan rectal treatment (chemoradiotherapy).

B. Mandatory peri-operative systemic therapy
• Given the presence of circulating tumor cells indicating systemic dissemination risk, administer 2–3 months of induction chemotherapy (FOLFOX/FOLFIRI ± anti-EGFR given RAS wild-type status).
• The objective is treatment of micrometastatic disease and assessment of tumor biology.

C. Radiologic reassessment after treatment
• Perform high-quality liver MRI after 2-3 months to evaluate response.
• Monitor CEA kinetics.

D. Surgical management after restaging : management of the rectal primary (oncologic priority)
• Given the T3N2 rectal cancer, long-course radiotherapy is appropriate to optimize local control and allow coordinated surgical planning.

E. Coordinated surgical strategy
• Initiate doublet chemotherapy (FOLFOX or CAPOX) during the waiting period following radiotherapy. This period treats potential micrometastatic disease and tests tumor biology.
• Consider either parenchymal-sparing wedge/segmentectomy or ablation if no biliary or large vessels proximity) aiming for ≥1 mm R0 margin.
• Use intra operative ultrasound to verify lesion location and margins.
• Ideally, consider minimally invasive approach (laparoscopic or robotic) for liver resection.
• After restaging with high-resolution pelvis MRI,
-	If complete morphological rectal tumor response : follow up of primary tumor
-	If near complete morphological rectal tumor response : with strict follow up of primary tumor
-	If incomplete morphological rectal tumor response : rectal resection after appropriate recovery, using a staged or synchronous strategy : oncologic resection of the upper rectum (low anterior resection with TME principles).
• Ideally, consider minimally invasive approach (laparoscopic or robotic) for rectal resection.
• Preoperative prehabilitation and ERAS (Enhanced Recovery After Surgery) protocols are evidence-based, multidisciplinary strategies designed to optimize patient health before surgery and accelerate recovery afterward.

D. Postoperative therapy and surveillance
• Pathology report : confirmation of tumor type and origin, immunohistochemistry with tumor markers, histological growth pattern, margin status (R0, R1, R2), tumor grade, differentiation, pathologic response score (TRG), necrosis/fibrosis
• Complete a total of approximately 6 months of systemic therapy including pre-operative cycles.
• Close surveillance with CEA and imaging every 3 months.

"
87,"Woman, 68 years old, right T4N2 colon cancer, multiple liver metastases (≥10 lesions) at the thoraco-abdominal CT scan. CEA 2700 ng/mL, KRAS mutated.
MDT Discussion: Massive liver disease with high marker elevation, unfavorable prognosis.","Step 1 – Resectability Assessment  
- Current classification: Potentially resectable (borderline/unresectable at presentation but convertible)  
- Rationale:  
  • ≥10 hepatic lesions, most likely bilobar, would require resection of >70 % of liver parenchyma to achieve R0, violating the technical criteria of preserving at least two contiguous segments and an adequate future liver remnant (FLR ≥ 30 % in normal liver).  
  • No volumetric data are provided; without confirmation that an FLR of ≥30 % can be preserved, an upfront hepatectomy is not feasible.  
  • High CEA (2700 ng/mL) and KRAS mutation indicate aggressive tumor biology, supporting the need for systemic down‑staging before any surgical attempt.  
  • No documented extra‑hepatic disease, but the absence of a thorough extra‑hepatic work‑up (lung, peritoneum) precludes a definitive “resectable” label.  

Step 2 – Recommended strategy  
A. Systemic conversion chemotherapy  
   – Initiate an intensive regimen (e.g., FOLFOXIRI ± bevacizumab) for 2–3 months to assess tumor biology and attempt downsizing of hepatic disease.  
   – Rationale: improves resectability rates, provides a “test‑of‑time” for disease aggressiveness, and may reveal occult extra‑hepatic sites.  

B. Comprehensive restaging  
   – Perform contrast‑enhanced MRI of the liver (or liver‑specific MRI) plus chest CT/PET‑CT to evaluate response, lesion size, distribution, and to rule out extra‑hepatic metastases.  
   – Obtain volumetric CT to calculate FLR.  
   – Rationale: determines whether sufficient hepatic reserve exists and whether a curative‑intent resection is technically possible.  

C. If adequate down‑staging and FLR ≥30 %  
   – Portal vein embolization (PVE) or Associating Liver Partition and Portal vein Ligation for Staged hepatectomy (ALPPS) to induce hypertrophy of the future liver remnant, followed by a two‑stage hepatectomy (or single‑stage extended resection if FLR becomes adequate).  
   – Rationale: allows safe removal of extensive bilobar disease while preserving liver function.  

D. Management of the primary colon tumor  
   – If the primary lesion is symptomatic or at risk of obstruction/bleeding, consider simultaneous colon resection during the second hepatic stage (or a staged colon resection after hepatic clearance).  
   – Rationale: eliminates the source of further metastatic seeding and aligns with oncologic principles for synchronous disease.  

E. Post‑operative/adjuvant therapy  
   – Continue systemic chemotherapy (potentially with targeted agents) for 3–6 months after hepatic and colonic surgery, tailored to response and tolerability.  
   – Rationale: eradicates microscopic residual disease and addresses systemic risk.  

","Step 1 – Resectability assessment
The patient presents with ≥10 liver metastases in the context of a right T4N2 colon cancer and very high CEA (2700 ng/mL). The tumor burden, multiplicity of lesions, and likely bilobar distribution preclude the possibility of achieving a complete R0 resection while preserving an adequate future liver remnant. From a hepatobiliary oncologic perspective, this situation is considered unresectable.

Step 2 – Recommended oncologic sequence
A. Preoperative staging and vascular assessment
• Perform high-resolution liver MRI and contrast-enhanced CT to define precise vascular and biliary relationships.
• Given the high CEA level (2700 ng/mL), perform high-resolution 18FDG PET-CT

B. Systemic therapy as primary strategy (mandatory)
• Initiate intensive systemic chemotherapy according to MDT decision (FOLFOX/FOLFIRI ± bevacizumab; KRAS mutation excludes anti-EGFR).
• The objective is global disease control and assessment of tumor biology.

C. Radiologic reassessment after treatment
• Perform high-quality liver MRI after 3-6 months to evaluate response.
• Monitor CEA kinetics.

D. Criteria for reconsidering surgery (exceptional)
• Surgical re-evaluation could be considered only in the rare situation of major radiologic and biologic response with significant reduction in number and size of lesions allowing parenchymal-sparing resections.

D. If disease remains extensive
• Continue second-line systemic therapy and consider palliative or symptom-oriented management according to MDT.

"
88,"Man, 63 years old, left T3N1M1 colon cancer at the abdominal CT scan, three liver metastases (2-3 cm) and confirmed left portal invasion on liver MRI. CEA 310 ng/mL.
MDT Discussion: Unilateral portal involvement, potentially approachable depending on volume.","Step 1 – Resectability Assessment  
- Classification: Potentially resectable (borderline)  
- Justification:  
  • Three hepatic metastases (2‑3 cm) are limited in number and size, which meets technical criteria for resection.  
  • All lesions are unilateral and appear confined to the left hepatic lobe; preservation of the right lobe would satisfy the requirement of at least two contiguous segments and an adequate future liver remnant (FLR > 30 %).  
  • Confirmed left portal vein invasion introduces a vascular involvement that may necessitate portal vein resection/ligation or pre‑operative portal vein embolization (PVE) to hypertrophy the right lobe; this makes the case borderline rather than outright resectable.  
  • No extra‑hepatic disease is reported, but a full staging work‑up (chest imaging, PET/CT) is still required to confirm liver‑only disease.  

Step 2 – Recommended strategy  
A. Induction systemic therapy – Administer 2–3 months of intensive doublet or triplet chemotherapy (e.g., FOLFOXIRI ± bevacizumab) to assess tumor biology, achieve possible downsizing of hepatic lesions, and treat occult micrometastatic disease.  
B. Restaging and functional assessment – Repeat high‑resolution liver MRI with volumetry and CT of chest/abdomen; calculate FLR volume. If FLR remains <30 % after anticipated resection, proceed to portal vein embolization of the right portal branch to induce hypertrophy of the left lobe (or vice‑versa depending on final surgical plan).  
C. Surgical sequencing –  
   • If the primary left‑sided colon tumor is symptomatic or high‑risk, perform a staged approach: first a curative colon resection (laparoscopic or open), followed by liver surgery after systemic therapy and FLR optimization.  
   • If the primary is asymptomatic and the patient is fit, a simultaneous resection (colon + right hepatectomy) can be considered, provided operative time and physiologic stress are acceptable.  
   • Liver surgery: aim for right hepatectomy (removing left‑lobe disease) with en‑bloc portal vein resection/reconstruction if tumor involves the left portal branch, ensuring negative (R0) margins.  
D. Adjuvant/maintenance therapy – Resume postoperative systemic chemotherapy (potentially with targeted agents based on molecular profile) for 3–6 months, and monitor CEA and imaging every 3–6 months.  

","Step 1 – Resectability assessment
The patient presents with three liver metastases (2–3 cm) associated with confirmed left portal vein invasion on MRI, without reported extrahepatic disease. Although the number of lesions is limited, portal involvement compromises the feasibility of a safe R0 resection while preserving an adequate future liver remnant at this stage. From a hepatobiliary oncologic perspective, this situation is considered potentially resectable only after tumor downsizing and precise volumetric reassessment.

Step 2 – Recommended oncologic sequence
A. Preoperative staging
• Perform high-resolution liver MRI and contrast-enhanced CT to confirm the relationship of the 3 lesions to vascular and biliary structures. Precise anatomical mapping is required to plan a safe parenchymal-sparing resection.
• Given the high CEA level (310 ng/mL), perform high-resolution 18FDG PET-CT

B. Preoperative systemic therapy
• The elevated CEA level (310 ng/mL) and multiplicity of lesions suggest biologically active disease.
• Give 2–3 months of peri operative doublet chemotherapy (FOLFOX ± bevacizumab) to treat potential micrometastatic disease and assess tumor biology.
• KRAS status is unknown
• This period treats micrometastatic disease and evaluates tumor biology.

C. Restaging before surgery
• Perform high-resolution liver MRI and contrast-enhanced CT after chemotherapy to confirm maintained resectability and evaluate vascular/biliary relationships.

D. Surgical management of liver metastases
• If restaging confirms continued resectability, perform a first left hepatectomy with parenchymal-sparing liver resection of the remaining lesions aiming for ≥1 mm R0 margin.
• Use intra operative ultrasound to verify lesion location and margins. 
• Ideally, consider minimally invasive approach (laparoscopic or robotic) for both liver resection and colectomy.
• Preoperative prehabilitation and ERAS (Enhanced Recovery After Surgery) protocols are evidence-based, multidisciplinary strategies designed to optimize patient health before surgery and accelerate recovery afterward.

E. Management of primary tumor
• After recovery, perform left hemicolectomy (standard oncologic resection of the left colon cancer) with lymphadectomy (at least 12 harvested lymph nodes) with primary anastomosis.
• Ideally, consider minimally invasive approach (laparoscopic or robotic) for both liver resection and colectomy.
• Preoperative prehabilitation and ERAS (Enhanced Recovery After Surgery) protocols are evidence-based, multidisciplinary strategies designed to optimize patient health before surgery and accelerate recovery afterward.

E. Postoperative therapy
• Pathology report : confirmation of tumor type and origin, immunohistochemistry with tumor markers, histological growth pattern, margin status (R0, R1, R2), tumor grade, differentiation, pathologic response score (TRG), necrosis/fibrosis
• Complete a total of 6 months of systemic chemotherapy (including the pre operative cycles). 
• Monitor CEA and imaging at 3 month intervals given the elevated initial tumor marker (CEA 150 ng/mL).

"
89,"Woman, 72 years old, right T3N0M1 colon tumor, single 5.6 cm metastasis in segment VIII, in close contact with IVC at the thoraco-abdominal CT scan. CEA 540 ng/mL, RAS wild-type.
MDT Discussion: Large central metastasis, major technical question regarding surgical approach.","Step 1 – Resectability Assessment  
- Classification: potentially resectable (borderline).  
- Rationale:  
  • Single lesion, solitary, therefore no limitation by number.  
  • Size 5.6 cm exceeds the historic 5 cm cut‑off but current criteria prioritize R0 resection and adequate future liver remnant (FLR) rather than absolute size limits.  
  • Lesion is in segment VIII, a right‑lobe segment; a non‑anatomic or segmental resection would preserve > 50 % of liver volume, satisfying the technical requirement of ≥ 30 % FLR (or liver‑to‑body‑weight ratio > 0.5).  
  • Proximity to the inferior vena cava (IVC) raises concern for vascular involvement; if the tumor merely abuts the IVC without true invasion, a parenchymal‑sparing resection with vascular control is feasible. If invasion is present, vascular reconstruction would be required, moving the case toward “potentially resectable” pending response to systemic therapy.  
  • No documented extra‑hepatic disease; therefore, oncologic criteria are not violated.  

Step 2 – Recommended strategy  

A. Neoadjuvant systemic therapy (3–4 months)  
   - Regimen: FOLFOXIRI ± cetuximab (RAS wild‑type) or FOLFOX + cetuximab.  
   - Goals: (i) assess tumor biology (CEA trend, radiologic response), (ii) attempt downsizing of the lesion away from the IVC, (iii) treat micrometastatic disease.  

B. Restaging work‑up after chemotherapy  
   - Multiphasic liver MRI with hepatobiliary contrast and intra‑operative ultrasound planning.  
   - High‑resolution CT angiography to delineate IVC involvement.  
   - Volumetric analysis of FLR; calculate liver‑to‑body‑weight ratio.  
   - Full extra‑hepatic staging (chest CT/PET) to confirm absence of distant disease.  

C. Surgical sequencing  
   - If the primary right‑colon tumor is asymptomatic (no obstruction or bleeding), adopt a liver‑first approach:  
        • Segment VIII anatomical/segmental resection aiming for R0 margins.  
        • If the tumor contacts but does not invade the IVC, use vascular control (Pringle, IVC clamping) and perform a wedge resection with negative margins; reconstruct IVC only if full‑thickness invasion is confirmed intra‑operatively.  
        • Employ intra‑operative ultrasound to confirm clearance and to detect occult lesions.  
   - After hepatic recovery (≈ 4–6 weeks), perform definitive right‑hemicolectomy (standard oncologic resection with adequate lymphadenectomy).  

D. Adjuvant therapy  
   - Post‑operative systemic chemotherapy (6 months) tailored to pathology (margin status, response).  
   - Consider continuation of anti‑EGFR therapy if the tumor remained RAS wild‑type and responded.  

E. Contingency plan  
   - If restaging shows progression, invasion of IVC, or insufficient FLR, shift to non‑surgical local control (e.g., percutaneous ablation, stereotactic body radiotherapy) combined with systemic therapy, rather than proceeding to high‑risk hepatectomy.  

","Step 1 – Resectability assessment
The patient presents with a single 5.6 cm liver metastasis in segment VIII in close contact with the IVC, without reported extrahepatic disease. Although solitary, the central location and caval proximity make a standard parenchymal-sparing R0 resection technically demanding and potentially unsafe without prior tumor downsizing or vascular planning. From a hepatobiliary oncologic perspective, this situation is considered potentially resectable, but only after careful vascular assessment and likely induction therapy.

Step 2 – Recommended oncologic sequence
A. Preoperative staging
• Obtain high resolution liver MRI to define exact segmental distribution of the lesion with detailed vascular and biliary relationships. 
• Given the high CEA level (540 ng/mL), perform high-resolution 18FDG PET-CT

B. Intensive conversion systemic therapy (mandatory)
• Initiate 2–3 months of induction chemotherapy (FOLFOX/FOLFIRI ± anti-EGFR given RAS wild-type status).
• The objective is significant tumor downsizing, reduction in number/volume of lesions, and clearance from the IVC to enable potential surgical planning.

C. Close radiologic monitoring
• Perform high-resolution liver MRI every 2-3 months to assess response, particularly:
– Relationship of lesions to the IVC.
– Global reduction of liver tumor burden.
• Calculate the future liver remnant (FLR).
• Monitor CEA kinetics as an indicator of treatment response.

D. Surgical management if feasibility is confirmed
• Repeat high-resolution liver MRI and contrast-enhanced CT after chemotherapy to reassess the relationship of the lesion to the IVC and hepatic veins.
• If regression occurs or vascular control is deemed feasible, plan an ultrasound-guided parenchymal-sparing resection of segment VIII, aiming for ≥1 mm R0 margin.
• Anticipate possible IVC tangential resection or reconstruction with multidisciplinary discussion with vascular surgery to assess feasibility of tangential IVC resection if needed.
• Use intra operative ultrasound to verify lesion location and margins. 
• Preoperative prehabilitation and ERAS (Enhanced Recovery After Surgery) protocols are evidence-based, multidisciplinary strategies designed to optimize patient health before surgery and accelerate recovery afterward.

E. Management of primary tumor
• After recovery, perform right hemicolectomy (standard oncologic resection of the right colon cancer) with D2 lymphadectomy (at least 12 harvested lymph nodes) with primary anastomosis.
• Ideally, consider minimally invasive approach (laparoscopic or robotic) for both liver resection and colectomy.
• Preoperative prehabilitation and ERAS (Enhanced Recovery After Surgery) protocols are evidence-based, multidisciplinary strategies designed to optimize patient health before surgery and accelerate recovery afterward.

F. If insufficient response
• Continue systemic therapy or adapt regimen (such as intra-arterial chemotherapy after resection of the primary tumor) according to MDT, with possible consideration of local ablative techniques.

G. Postoperative therapy and surveillance
• Pathology report : confirmation of tumor type and origin, immunohistochemistry with tumor markers, histological growth pattern, margin status (R0, R1, R2), tumor grade, differentiation, pathologic response score (TRG), necrosis/fibrosis
• Complete approximately 6 months of systemic therapy including pre-operative cycles.
• Close follow-up with CEA and imaging every 3 months.

"
90,"Man, 69 years old, left colon adenocarcinoma, six liver metastases (1.5-4 cm) at the thoraco-abdominal CT scan, CEA 850 ng/mL, BRAF V600E mutation.
MDT Discussion: Unfavorable molecular profile, bilobar liver involvement with systemic potential.","Step 1 – Resectability Assessment  
- Classification: potentially resectable  
- Rationale:  
  • Technical criteria: six metastases ranging 1.5‑4 cm, bilobar distribution – number and size alone do not preclude resection if a future liver remnant (FLR) of ≥30 % (or ≥0.5 % body‑weight) can be preserved.  
  • Oncologic criteria: BRAF V600E mutation, markedly elevated CEA (850 ng/mL), and synchronous presentation are adverse prognostic factors that favor a neoadjuvant approach (“proof of time”) before committing to major hepatectomy.  
  • No explicit information on extra‑hepatic disease, performance status, comorbidities, or liver function; therefore a definitive “resectable” label cannot be given at this stage.  

Step 2 – Recommended strategy  
A. Induction systemic therapy  
   – Initiate an intensive regimen (e.g., FOLFOXIRI + bevacizumab or a BRAF‑directed triplet such as encorafenib + binimetinib + cetuximab) for 2–3 months.  
   – Goal: tumor down‑staging, assess disease biology, and obtain early systemic control of occult micrometastases.  

B. Restaging and volumetric assessment  
   – Perform contrast‑enhanced CT and liver‑specific MRI after induction therapy.  
   – Re‑measure each lesion, calculate FLR volume, and reassess CEA trend.  
   – If FLR is borderline (<30 % but >20 %), plan portal vein embolization (PVE) or associating liver partition and portal vein ligation for staged hepatectomy (ALPPS) to augment remnant.  

C. Curative‑intent liver surgery  
   – If all lesions are now ≤5 cm, limited in number, and a ≥30 % FLR is achievable, proceed with an R0 resection strategy:  
        • Consider a two‑stage hepatectomy (right‑sided resection first, then left‑sided after hypertrophy) or a single extended hepatectomy if FLR permits.  
        • Use intra‑operative ultrasound to detect occult lesions; apply thermal ablation (RFA/MWA) for lesions in locations that would compromise vascular inflow/outflow or render the resection unsafe.  
   – Aim for negative margins (≥1 mm) and preservation of at least two contiguous liver segments.  

D. Management of the primary colon tumor and adjuvant therapy  
   – If the primary left‑sided colon cancer has not yet been resected, schedule a simultaneous or staged colectomy after hepatic resection, depending on patient recovery and operative risk.  
   – Post‑operative systemic therapy tailored to BRAF‑mutant disease (e.g., continuation of BRAF/MEK inhibition plus anti‑VEGF) for 3–6 months, followed by surveillance with CEA and imaging every 3–6 months.  

","Step 1 – Resectability assessment
The patient presents with six bilobar liver metastases (1.5–4 cm) in the context of a left colon adenocarcinoma with a BRAF V600E mutation and elevated CEA (850 ng/mL). Although the number and distribution of lesions might be technically approachable in selected settings, the unfavorable molecular profile and systemic potential indicate aggressive tumor biology. From a hepatobiliary oncologic perspective, this situation is considered potentially resectable.

Step 2 – Recommended oncologic sequence
A. Preoperative staging
• Perform high-resolution liver MRI and contrast-enhanced CT to confirm the relationship of the 6 lesions to vascular and biliary structures. Precise anatomical mapping is required to plan a safe parenchymal-sparing resection.
• Given the high CEA level (850 ng/mL) and the BRAF V600E mutation, perform high-resolution 18FDG PET-CT

B. Preoperative systemic therapy
• Initiate intensive systemic therapy adapted to the BRAF V600E profile according to MDT decision : doublet chemotherapy (FOLFOX ± bevacizumab) to treat potential micrometastatic disease and assess tumor biology.
• KRAS status is unknown
• This period treats micrometastatic disease and evaluates tumor biology.

C. Restaging before surgery
• Perform high-resolution liver MRI and contrast-enhanced CT after chemotherapy to confirm maintained resectability and evaluate vascular/biliary relationships.

D. Criteria for reconsidering surgery (unusual)
• Surgical re-evaluation could be considered only in the rare situation of major radiologic and biologic response with significant reduction in number and size of lesions allowing parenchymal-sparing resections.

E. Management of primary tumor
• After recovery, perform left hemicolectomy (standard oncologic resection of the left colon cancer) with lymphadectomy (at least 12 harvested lymph nodes) with primary anastomosis.
• Ideally, consider minimally invasive approach (laparoscopic or robotic) for both liver resection and colectomy.
• Preoperative prehabilitation and ERAS (Enhanced Recovery After Surgery) protocols are evidence-based, multidisciplinary strategies designed to optimize patient health before surgery and accelerate recovery afterward.

F. If insufficient response
• Continue systemic therapy or adapt regimen (such as intra-arterial chemotherapy after resection of the primary tumor) according to MDT, with possible consideration of local ablative techniques.

G. Postoperative therapy and surveillance
• Pathology report : confirmation of tumor type and origin, immunohistochemistry with tumor markers, histological growth pattern, margin status (R0, R1, R2), tumor grade, differentiation, pathologic response score (TRG), necrosis/fibrosis
• Complete approximately 6 months of systemic therapy including pre-operative cycles.
• Close follow-up with CEA and imaging every 3 months.

"
91,"Woman, 65 years old, T4N1M1 rectal tumor, four liver metastases at the abdominal CT scan, CEA 60 ng/mL, RAS wild-type, MSI-H.
MDT Discussion: Immuno-sensitive profile, discussion on optimal therapeutic sequence.","Step 1 – Resectability Assessment  
- Classification: potentially resectable (borderline).  
- Rationale:  
  • Four hepatic lesions are present; number alone does not preclude resection if adequate future liver remnant (FLR) can be preserved.  
  • No extra‑hepatic disease is reported, satisfying the oncologic criterion for curative intent.  
  • Technical feasibility cannot be confirmed without data on lesion size, segmental distribution, proximity to major vessels/ducts, and volumetric assessment of the FLR.  
  • Given the need for a major hepatectomy (likely >2 segments) to clear four metastases, pre‑operative strategies such as portal vein embolisation (PVE) or a two‑stage hepatectomy may be required, placing the case in the “potentially resectable” category.

Step 2 – Recommended strategy  
A. Comprehensive restaging  
   – Perform high‑resolution liver MRI with hepatocyte‑specific contrast, chest CT, and liver volumetry to define lesion anatomy, FLR percentage, and to exclude occult extra‑hepatic disease.  
   – Assess baseline hepatic function (bilirubin, INR, albumin) and patient performance status (ECOG, comorbidities).  

B. Systemic therapy with immunotherapy‑based regimen  
   – Initiate pembrolizumab (or nivolumab) as first‑line for MSI‑H metastatic CRC, combined with FOLFOX (or FOLFOX‑bevacizumab) if rapid tumor shrinkage is desired.  
   – Goal: achieve disease control, obtain “proof of time,” and possibly down‑size liver metastases to facilitate R0 resection.  

C. Neoadjuvant radiotherapy for the rectal primary  
   – Deliver short‑course radiotherapy (5 × 5 Gy) or long‑course chemoradiation depending on sphincter involvement and patient tolerance.  
   – This addresses the T4 lesion, reduces local recurrence risk, and allows the liver‑first approach without delaying definitive rectal surgery.  

D. Re‑assessment of hepatic resectability (6–8 weeks after systemic therapy and radiotherapy)  
   – If FLR ≥30 % (or ≥0.5 % body weight) and all lesions are amenable to R0 resection, proceed with hepatic surgery:  
        • Preferred: liver‑first (reverse) strategy – perform hepatectomy first (single‑stage if FLR sufficient, otherwise PVE or two‑stage approach).  
        • If major hepatectomy required and FLR insufficient, schedule PVE followed by delayed resection.  
   – After hepatic clearance, complete rectal surgery (low anterior resection with total mesorectal excision, or abdominoperineal resection if sphincter involvement) within 6–12 weeks.  

E. Adjuvant/maintenance therapy  
   – Continue immunotherapy (or switch to maintenance pembrolizumab) post‑operatively for at least 12 months, per MSI‑H guidelines.  
   – Consider postoperative FOLFOX for 3–6 months if high‑risk features persist (e.g., positive nodes, T4).  

","Step 1 – Resectability assessment
The patient presents with four liver metastases in the setting of a T4N1 rectal tumor. Although the liver disease may be technically amenable to parenchymal-sparing resection, the MSI-H profile indicates a high likelihood of major response to immunotherapy. From a hepatobiliary oncologic perspective, this situation is potentially resectable, but surgery is not the first step given the expected efficacy of systemic immunotherapy.

Step 2 – Recommended oncologic sequence
A. Preoperative staging
• Perform high-resolution liver MRI and contrast-enhanced CT to confirm the relationship of the 4 lesions to vascular and biliary structures. Precise anatomical mapping is required to plan a safe parenchymal-sparing resection.

B. First-line systemic immunotherapy (mandatory)
• Initiate immunotherapy according to MDT decision as first-line treatment for MSI-H metastatic colorectal cancer.
• The objective is major tumor regression and assessment of tumor biology.

C. Radiologic reassessment
• Perform high-quality liver MRI after 2–3 months to evaluate response.
• Monitor CEA kinetics.

D. Surgical re-evaluation after response
• If a major radiologic response occurs, reassess segmental resectability.
• Plan biopsy of the primary rectal tumor and liver metastases to assess tumor response to immunotherapy
• Consider parenchymal-sparing, ultrasound-guided liver resections only if residual lesions persist and complete clearance is feasible with adequate future liver remnant.

E. Postoperative therapy
• Pathology report : confirmation of tumor type and origin, immunohistochemistry with tumor markers, histological growth pattern, margin status (R0, R1, R2), tumor grade, differentiation, pathologic response score (TRG), necrosis/fibrosis
• Complete a total of 6 months of systemic immunotherapy (including the pre operative cycles). 
• Monitor CEA and imaging at 3 month intervals 

"
92,"Man, 60 years old, right T4N2M1 colon cancer, eight bilobar liver metastases at the thoraco-abdominal CT scan, CEA 1300 ng/mL, KRAS mutated. Liver MRI: contact with right hepatic vein.
MDT Discussion: Superior vascular invasion, significant operative risk.","Step 1 – Resectability Assessment  
- Classification: Potentially resectable (borderline)  
- Justification:  
  • Technical criteria – eight bilobar lesions, contact with the right hepatic vein and superior vascular invasion make an R0 resection while preserving at least two contiguous liver segments and adequate inflow/outflow unlikely with a single‑stage hepatectomy.  
  • Functional criteria – no volumetric data are provided, but with multiple bilateral lesions the future liver remnant (FLR) would probably be <30 % of total liver volume, which is below the safety threshold for major resection.  
  • Oncologic criteria – T4 primary, N2 nodal disease, KRAS mutation, very high CEA (1300 ng/mL) indicate aggressive biology; these factors favor a neoadjuvant approach to test disease control before committing to extensive liver surgery.  
  • Therefore, the disease is not outright unresectable (conversion strategies exist) but cannot be resected safely at present without down‑staging and/or hypertrophy techniques.

Step 2 – Recommended strategy  
A. Induction systemic therapy  
   - Start intensive conversion chemotherapy (e.g., FOLFOXIRI + bevacizumab) for 2–3 months.  
   - Rationale: aims to shrink tumor burden, assess tumor biology (“test of time”), and potentially convert lesions away from major vessels; KRAS‑mutated disease still responds to oxaliplatin/irinotecan‑based regimens.  

B. Restaging and functional assessment  
   - Repeat high‑resolution liver MRI with hepatobiliary contrast and triphasic CT; include volumetric analysis of FLR.  
   - Perform PET‑CT to exclude occult extra‑hepatic disease (lung, peritoneum).  
   - Evaluate liver function (bilirubin, ICG clearance, ALBI score) and patient performance status (ASA, cardiopulmonary reserve).  
   - Rationale: determines whether sufficient down‑staging and FLR have been achieved to proceed to surgery or whether further conversion is needed.  

C. Hypertrophy‑inducing procedure and staged hepatic resection (if imaging shows residual bilobar disease but FLR remains inadequate)  
   - Options: portal vein embolization (PVE) of the liver segments to be resected, or a two‑stage hepatectomy (TSH) with right‑portal vein ligation/embolization followed by interval hypertrophy; ALPPS can be considered only in highly selected patients with limited operative risk.  
   - Combine resection with local ablative modalities (RFA or microwave) for lesions abutting the right hepatic vein that are not amenable to safe transection.  
   - Rationale: creates a safe FLR (>30 % in chemotherapy‑treated liver) while allowing complete clearance of all visible disease with negative margins.  

D. Management of the primary colon tumor  
   - If the primary is asymptomatic and the liver‑first approach is adopted, proceed with hepatic clearance first, then perform a curative‑intent right hemicolectomy after hepatic recovery (typically 4–6 weeks).  
   - If the primary is obstructive or symptomatic, consider simultaneous resection only after confirming that the hepatic procedure will be limited (e.g., after successful down‑staging to a minor hepatectomy).  
   - Rationale: liver‑first sequencing reduces the risk that progression of liver disease will preclude curative surgery; it also avoids a prolonged combined operation in a patient with high operative risk.  

E. Adjuvant/maintenance systemic therapy  
   - After complete (R0) hepatic and colorectal resections, resume systemic therapy (e.g., maintenance capecitabine ± bevacizumab) for at least 6 months, tailored to molecular profile and postoperative recovery.  
   - Rationale: high recurrence risk in KRAS‑mutated, high‑CEA, T4 disease; adjuvant therapy improves disease‑free survival.  

","Step 1 – Resectability assessment
The patient presents with eight bilobar liver metastases with MRI showing contact with the right hepatic vein, in the context of a right T4N2 colon cancer and markedly elevated CEA (1300 ng/mL). The tumor burden, bilobar distribution, and venous contact make a safe R0 resection with preservation of adequate venous outflow and future liver remnant not achievable at this stage. From a hepatobiliary oncologic perspective, this situation is considered unresectable upfront.

Step 2 – Recommended oncologic sequence
A. Preoperative staging
• Perform high-resolution liver MRI and contrast-enhanced CT to confirm the relationship of the 4 lesions to vascular and biliary structures. Precise anatomical mapping is required to plan a safe parenchymal-sparing resection.
• Given the high CEA level (1300 ng/mL) and the BRAF V600E mutation, perform high-resolution 18FDG PET-CT

B. Systemic therapy as primary strategy (mandatory)
• Initiate intensive systemic chemotherapy according to MDT decision (FOLFOX/FOLFIRI ± bevacizumab;
• KRAS mutation excludes anti-EGFR).
• The objective is tumor downsizing and assessment of tumor biology.

C. Radiologic reassessment after treatment
• Perform high-quality liver MRI after 2–3 months to evaluate response and reassess the relationship to the right hepatic vein.
• Monitor CEA kinetics.

D. Criteria for reconsidering surgery (exceptional)
• Surgical re-evaluation could be considered only if a major radiologic response occurs with regression of venous contact and significant reduction in tumor burden allowing parenchymal-sparing resections with preserved venous drainage.

E. Management of primary tumor
• After recovery, perform right hemicolectomy (standard oncologic resection of the right colon cancer) with D2 lymphadectomy (at least 12 harvested lymph nodes) with primary anastomosis.
• Ideally, consider minimally invasive approach (laparoscopic or robotic) for both liver resection and colectomy.
• Preoperative prehabilitation and ERAS (Enhanced Recovery After Surgery) protocols are evidence-based, multidisciplinary strategies designed to optimize patient health before surgery and accelerate recovery afterward.

F. Postoperative therapy
• Pathology report : confirmation of tumor type and origin, immunohistochemistry with tumor markers, histological growth pattern, margin status (R0, R1, R2), tumor grade, differentiation, pathologic response score (TRG), necrosis/fibrosis
• Complete a total of 6 months of systemic immunotherapy (including the pre operative cycles). 
• Monitor CEA and imaging at 3 month intervals 

"
93,"Woman, 55 years old, left colon cancer, multiple bilobar metastases at the abdominal CT scan. CEA 2100 ng/mL, BRAF wild-type, HER2 amplified.
MDT Discussion: Particular molecular profile, possible sensitivity to an anti-HER2 approach.","Step 1 – Resectability Assessment  
- Classification: Potentially resectable (borderline)  
- Justification:  
  • Bilobar distribution and multiple lesions are technically challenging but not an absolute contraindication when an adequate future liver remnant (FLR ≥ 30 % in a normal liver) can be preserved.  
  • The patient is relatively young (55 y) and has a left‑sided primary, both factors associated with higher conversion and resection rates.  
  • BRAF wild‑type status is favorable for achieving resectability.  
  • No data are provided on FLR volume, lesion size, number, vascular involvement, liver function, performance status, or extra‑hepatic disease; therefore a definitive “resectable” label cannot be assigned without further work‑up.  

Step 2 – Recommended strategy  
A. Comprehensive baseline assessment  
   - Obtain high‑resolution liver MRI with hepatocyte‑specific contrast to define number, size, and relationship of all metastases.  
   - Calculate FLR using volumetric CT or MRI; consider portal vein embolization (PVE) if FLR is <30 % (or <40 % after extensive chemotherapy).  
   - Perform full staging (CT chest, PET‑CT if indicated) to exclude or characterize extra‑hepatic disease.  
   - Record ECOG/ASA, comorbidities, liver biochemistry, and baseline CEA.  

B. Neoadjuvant systemic therapy tailored to molecular profile  
   - Initiate HER2‑directed regimen (e.g., trastuzumab + pertuzumab or trastuzumab + lapatinib/tucatinib) combined with a doublet chemotherapy backbone (FOLFOX or CAPOX).  
   - Rationale: HER2 amplification predicts sensitivity to anti‑HER2 therapy; combining with chemotherapy maximizes tumor shrinkage and provides “biologic proof‑of‑time.”  
   - Plan for 3–4 months (≈6–8 cycles) of therapy, monitoring CEA trend and radiologic response.  

C. Re‑assessment of resectability after neoadjuvant therapy  
   - Repeat MRI/CT to evaluate tumor burden reduction, FLR adequacy, and any new lesions.  
   - If sufficient down‑staging achieved and FLR acceptable, proceed to curative‑intent liver surgery; if not, consider additional cycles, alternative systemic options, or locoregional therapies (Y‑90 radioembolization, hepatic arterial infusion).  

D. Surgical phase  
   - Option 1 – Single‑stage hepatectomy (if disease becomes amenable to R0 resection with adequate FLR).  
   - Option 2 – Two‑stage or ALPPS (if lesions are dispersed and FLR needs augmentation). Include intra‑operative ultrasound, use of parenchymal‑sparing techniques, and consider adjunctive thermal ablation for lesions in difficult locations.  
   - Perform simultaneous or staged resection of the primary left‑sided colon cancer based on symptomatology and oncologic timing (e.g., “liver‑first” approach if primary is asymptomatic).  

E. Post‑operative management  
   - Continue HER2‑targeted therapy in the adjuvant setting (e.g., trastuzumab ± pertuzumab) for at least 6 months, combined with standard adjuvant chemotherapy (FOLFOX) as tolerated.  
   - Serial CEA and imaging surveillance every 3–4 months for the first 2 years, then every 6 months.  

","Step 1 – Resectability assessment
The patient presents with multiple bilobar liver metastases and very high CEA (2100 ng/mL) in the context of a left colon cancer with HER2 amplification and BRAF wild-type status. The tumor burden and bilobar distribution preclude the possibility of achieving a complete R0 resection while preserving an adequate future liver remnant at this stage. From a hepatobiliary oncologic perspective, this situation is considered unresectable upfront.

Step 2 – Recommended oncologic sequence
A. Preoperative staging and vascular assessment
• Perform high-resolution liver MRI and contrast-enhanced CT to define precise vascular and biliary relationships.
• Given the high CEA level (2100 ng/mL), perform high-resolution 18FDG PET-CT

B. Consider short peri-operative systemic therapy
• Given the elevated CEA (2100 ng/mL) and HER2 positivity, a short course (2–3 months) of peri-operative systemic therapy adapted to the molecular profile should be considered to treat micrometastatic disease and assess tumor biology.
• HER2-positive colorectal cancer (CRC), found in 2–6% of cases (mainly RAS wild-type and left-sided), is treated with targeted therapies like trastuzumab combined with tucatinib or trastuzumab deruxtecan. 

C. Radiologic reassessment
• Perform high-quality liver MRI after 2–3 months to evaluate response.
• Monitor CEA kinetics.

D. Surgical management after restaging
• If disease remains controlled, perform ultrasound-guided left lateral sectoriectomy (rection of segments II and III) aiming for R0 margins.
• Intra-operative ultrasound is essential.
• Ideally, consider minimally invasive approach (laparoscopic or robotic) for liver resection.
• Preoperative prehabilitation and ERAS (Enhanced Recovery After Surgery) protocols are evidence-based, multidisciplinary strategies designed to optimize patient health before surgery and accelerate recovery afterward.

E. Surgical management of the primary tumor
• After recovery, perform left hemicolectomy (standard oncologic resection of the left colon cancer) with lymphadectomy (at least 12 harvested lymph nodes) with primary anastomosis 
• Ideally, consider minimally invasive approach (laparoscopic or robotic) for both liver resection and colectomy.
• Preoperative prehabilitation and ERAS (Enhanced Recovery After Surgery) protocols are evidence-based, multidisciplinary strategies designed to optimize patient health before surgery and accelerate recovery afterward.

F. Postoperative therapy and surveillance
• Pathology report : confirmation of tumor type and origin, immunohistochemistry with tumor markers, histological growth pattern, margin status (R0, R1, R2), tumor grade, differentiation, pathologic response score (TRG), necrosis/fibrosis
• Complete a total of approximately 6 months of systemic therapy including pre-operative cycles.
• Close surveillance with CEA and imaging every 3 months.

G. If disease remains extensive
• Continue systemic and targeted therapy and consider palliative or symptom-oriented management according to MDT.

"
94,"Man, 62 years old, T3N1M1 upper rectal tumor, liver metastases (3-5 cm) with contact with IVC and right hepatic vein at the thoraco-abdominal CT scan. CEA 580 ng/mL.
MDT Discussion: Complex central metastases, discussion on combined approach or venous reconstruction.","Step 1 – Resectability Assessment  
- Classification: Potentially resectable.  
- Justification:  
  • Oncologic factors – synchronous T3N1 rectal cancer, high CEA (580 ng/mL), and central liver lesions abutting the IVC and right hepatic vein indicate high‑risk disease but do not constitute absolute contraindications.  
  • Technical factors – contact with major vascular structures makes a standard anatomic resection unsafe without vascular control; however, modern hepatic surgery permits IVC/RHV resection and reconstruction when a negative margin can be obtained and adequate inflow/outflow preserved.  
  • Future liver remnant (FLR) is not reported; if ≥30 % of functional liver can be preserved after a right‑sided or extended right hepatectomy, the case remains technically feasible.  
  • No extra‑hepatic disease is described; absence of distant metastases would satisfy the oncologic criterion for resection.  

Step 2 – Recommended strategy  
A. Induction systemic therapy (e.g., 3–4 cycles of FOLFOXIRI ± bevacizumab).  
   - Rationale: assess tumor biology, achieve possible down‑staging of vascular involvement, and treat micrometastatic disease.  

B. Restaging and volumetric assessment (contrast‑enhanced liver MRI, CT chest/abdomen, and liver volumetry).  
   - Rationale: determine response of the hepatic lesions, quantify FLR, and confirm absence of occult extra‑hepatic disease.  

C. Pre‑operative liver optimization (if FLR <30–35 %):  
   - Portal vein embolization (PVE) of the right portal branches or associating liver partition and portal vein ligation for staged hepatectomy (ALPPS) to induce hypertrophy of the left liver.  
   - Rationale: ensure sufficient postoperative liver function for a major right‑sided resection.  

D. Definitive hepatic resection (liver‑first approach).  
   - Perform right or extended right hepatectomy with en‑bloc resection of the involved segment of IVC and right hepatic vein, followed by vascular reconstruction (prosthetic graft or autologous patch) as needed.  
   - Rationale: early control of the dominant metastatic burden; vascular reconstruction is feasible in experienced centers and preserves oncologic clearance.  

E. Rectal cancer management (after hepatic recovery, typically 4–6 weeks).  
   - Long‑course chemoradiotherapy (if not already given) followed by low anterior resection with total mesorectal excision.  
   - Rationale: allows completion of systemic therapy, avoids delay of liver surgery, and addresses the primary tumor once the patient has recovered from the major hepatectomy.  

F. Adjuvant systemic therapy (post‑operative FOLFOX or similar) for at least 6 months.  
   - Rationale: consolidate response, treat residual microscopic disease, and improve disease‑free survival.  

","Step 1 – Resectability assessment
The patient presents with centrally located liver metastases (3–5 cm) in contact with the IVC and the right hepatic vein in the setting of an upper rectal T3N1 tumor, without reported extrahepatic disease. Although the number of lesions is not specified as excessive, the venous involvement makes a standard parenchymal-sparing R0 resection unsafe without complex vascular control or reconstruction. From a hepatobiliary oncologic perspective, this situation is considered potentially resectable only after tumor downsizing and expert HPB / vascular reassessment.

Step 2 – Recommended oncologic sequence
A. Preoperative staging and vascular assessment
• Perform high-resolution liver and pelvis MRI and contrast-enhanced CT to define precise vascular and biliary relationships.
• Given the high CEA level (580 ng/mL), perform high-resolution 18FDG PET-CT

B. Mandatory induction systemic therapy
• Initiate 2–3 months of induction chemotherapy (FOLFOX/FOLFIRI ± bevacizumab).
• The objective is tumor downsizing and reduction of venous contact.

C. Expert vascular restaging
• Repeat high-resolution liver MRI and contrast-enhanced CT after chemotherapy to reassess the relationship of lesions to the IVC and right hepatic vein.
• Calculate the future liver remnant (FLR).
• Multidisciplinary evaluation with complex surgery to assess feasibility of venous reconstruction if required or right hepatomy including en-bloc resection of the right hepatic vein according to the future liver remnant.

D. Surgical management if feasibility is confirmed
• If regression occurs or venous reconstruction is deemed feasible, plan an ultrasound-guided parenchymal-sparing resection with the aim of R0 margin.
• Anticipate possible IVC and/or hepatic vein reconstruction.
• Intra-operative ultrasound is essential.

E. Surgical management after restaging : management of the rectal primary (oncologic priority)
• Given the T3N1 rectal cancer, long-course radiotherapy is appropriate to optimize local control and allow coordinated surgical planning.
• After restaging with high-resolution pelvis MRI,
-	If complete morphological rectal tumor response : follow up of primary tumor
-	If near complete morphological rectal tumor response : with strict follow up of primary tumor
-	If incomplete morphological rectal tumor response : rectal resection after appropriate recovery, using a staged or synchronous strategy : oncologic resection of the upper rectum (low anterior resection with TME principles).
• Ideally, consider minimally invasive approach (laparoscopic or robotic) for rectal resection.
• Preoperative prehabilitation and ERAS (Enhanced Recovery After Surgery) protocols are evidence-based, multidisciplinary strategies designed to optimize patient health before surgery and accelerate recovery afterward.

E. Postoperative therapy and surveillance
• Pathology report : confirmation of tumor type and origin, immunohistochemistry with tumor markers, histological growth pattern, margin status (R0, R1, R2), tumor grade, differentiation, pathologic response score (TRG), necrosis/fibrosis
• Complete approximately 6 months of systemic therapy including pre-operative cycles.
• Close follow-up with CEA and imaging every 3 months.

F. If disease remains extensive
• Continue systemic and targeted therapy and consider palliative or symptom-oriented management according to MDT.

"
95,"Woman, 67 years old, right T4N2M1 colon cancer, multiple liver metastases at the thoraco-abdominal CT scan and normal CEA at 3 ng/mL. KRAS mutated, BRAF wild-type.
MDT Discussion: Biological discordance, question regarding the utility of CEA follow-up in this profile.","Step 1 – Resectability Assessment  
- Classification: Potentially resectable (borderline)  
- Rationale:  
  • Multiple liver metastases are present, but the exact number, size, and lobar distribution are not provided; technically, CRLM can be resected if a ≥30 % future liver remnant (FLR) can be preserved.  
  • No documented extra‑hepatic disease, but the M1 designation warrants confirmation that disease is limited to the liver.  
  • High‑risk primary (T4 N2) and KRAS mutation suggest aggressive biology, favoring a neoadjuvant approach before definitive surgery.  
  • Normal CEA does not alter resectability but indicates limited utility for surveillance in this molecular context.  

Step 2 - Recommended strategy  
A. Comprehensive restaging (1–2 weeks)  
   - Obtain liver‑specific MRI with hepatobiliary contrast to define lesion size, number, bilobar involvement, and calculate FLR.  
   - Perform PET‑CT or high‑resolution chest CT to exclude occult extra‑hepatic metastases (lung, peritoneum, lymph nodes).  
   - Baseline labs: liver function tests, bilirubin, INR, albumin, CA 19‑9, MSI/dMMR status, and performance status (ECOG).  

B. Conversion systemic therapy (2–3 months)  
   - Initiate an intensive doublet or triplet regimen appropriate for KRAS‑mutated disease, e.g., FOLFOXIRI + bevacizumab, aiming for ≥30 % radiologic response and tumor down‑staging.  
   - Monitor toxicity, liver function, and tumor markers (CEA, CA 19‑9) every 2 weeks.  

C. Re‑assessment after chemotherapy  
   - Repeat liver MRI and CT to evaluate response, residual disease burden, and FLR.  
   - If FLR remains <30 % but sufficient after hypertrophy, consider portal vein embolization (PVE) or associating liver partition and portal vein ligation for staged hepatectomy (ALPPS) as needed.  

D. Surgical phase (curative intent)  
   - If FLR adequate and disease confined to liver: proceed with R0 hepatectomy; choose a liver‑first (reverse) strategy if the primary tumor is asymptomatic, otherwise simultaneous resection if patient fitness permits.  
   - If extra‑hepatic disease is limited and resectable (e.g., solitary lung nodule): incorporate metastasectomy into the operative plan or schedule staged resection.  
   - Aim for negative margins (≥1 mm) and preserve ≥30 % functional liver parenchyma.  

E. Post‑operative systemic therapy  
   - Resume or modify the pre‑operative regimen for 3–6 months as adjuvant treatment, guided by pathological response and residual disease risk.  
   - Consider enrollment in a clinical trial for KRAS‑mutated mCRC if available.  

","Step 1 – Resectability assessment
The patient presents with multiple liver metastases in the context of a right T4N2 colon cancer, despite a normal CEA level (3 ng/mL). The multiplicity and likely bilobar distribution of lesions preclude the possibility of achieving a complete R0 resection while preserving an adequate future liver remnant at this stage. From a hepatobiliary oncologic perspective, this situation is considered unresectable upfront. The normal CEA reflects biological discordance and does not modify technical resectability.

Step 2 – Recommended oncologic sequence
A. Preoperative staging and vascular assessment
• Perform high-resolution liver and pelvis MRI and contrast-enhanced CT to define precise vascular and biliary relationships.
• Given the biological discordance of CEA level (3 ng/mL), perform high-resolution 18FDG PET-CT

B. Systemic therapy as primary strategy (mandatory)
• Initiate systemic chemotherapy according to MDT decision (FOLFOX/FOLFIRI ± bevacizumab; KRAS mutation excludes anti-EGFR).
• The objective is tumor control and assessment of tumor biology.

C. Radiologic reassessment after treatment
• Perform high-quality liver MRI after 2–3 months to evaluate response.
• Follow-up should rely primarily on imaging rather than CEA kinetics given the biological discordance.

D. Criteria for reconsidering surgery (exceptional)
• Surgical re-evaluation could be considered only if a major radiologic response occurs with significant reduction in tumor burden allowing parenchymal-sparing resections.

E. Surgical management of the primary tumor
• Perform right hemicolectomy (standard oncologic resection of the right colon cancer) with lymphadectomy (at least 12 harvested lymph nodes) with primary anastomosis 
• Ideally, consider minimally invasive approach (laparoscopic or robotic) for both liver resection and colectomy.
• Preoperative prehabilitation and ERAS (Enhanced Recovery After Surgery) protocols are evidence-based, multidisciplinary strategies designed to optimize patient health before surgery and accelerate recovery afterward.

F. Postoperative therapy 
• Pathology report : confirmation of tumor type and origin, immunohistochemistry with tumor markers, histological growth pattern, margin status (R0, R1, R2), tumor grade, differentiation, pathologic response score (TRG), necrosis/fibrosis
• Complete a total of approximately 6 months of systemic therapy including pre-operative cycles.

G. Surveillance considerations
• Imaging-based surveillance is essential, as CEA is not a reliable marker in this patient.

"
96,"Man, 58 years old, left T3N1M1 colon cancer, bilobar metastases (1.5-3 cm) at the thoraco-abdominal CT scan, CEA 400 ng/mL. RAS wild-type, POLE mutation detected.
MDT Discussion: Hypermutated profile, rare, may justify immunotherapy in some strategies.","Step 1 – Resectability Assessment  
- Classification: Potentially resectable.  
- Justification:  
  • Bilobar disease with lesions 1.5‑3 cm meets modern technical criteria for resection (size <5 cm, number not prohibitive).  
  • No documented extra‑hepatic metastases; therefore disease is confined to liver.  
  • Current guidelines define resectability by ability to preserve ≥2 contiguous liver segments with adequate inflow/outflow, biliary drainage and an FLR of ≥30 % (≥40 % after chemotherapy). These parameters cannot be confirmed with the data provided; thus the case remains “potentially” rather than definitively resectable.  
  • High CEA (400 ng/mL) and synchronous presentation suggest aggressive biology, supporting the need for neoadjuvant therapy before definitive surgery.  

Step 2 – Recommended strategy  
A. Comprehensive restaging  
   – Obtain liver‑specific MRI with hepatobiliary contrast, PET‑CT, and volumetric CT to calculate FLR, assess vascular involvement, and exclude occult extra‑hepatic disease.  
   – Review performance status (ECOG), liver function tests, and comorbidities.  

B. Neoadjuvant systemic therapy  
   – Initiate intensive doublet chemotherapy (FOLFOX or FOLFIRI) combined with anti‑EGFR antibody (cetuximab) because the tumor is RAS wild‑type.  
   – Consider adding a PD‑1 inhibitor (e.g., pembrolizumab) given the POLE hypermutated phenotype, even though MSI status is not reported, because hypermutation predicts immunotherapy responsiveness.  
   – Aim for 2–3 months (≈4–6 cycles) to achieve tumor shrinkage and to obtain a “test of time” for disease biology.  

C. Re‑assessment after neoadjuvant therapy  
   – Repeat MRI and volumetry; evaluate radiologic response (RECIST) and CEA trend.  
   – If FLR ≥30 % (or ≥40 % after chemotherapy) and all lesions are amenable to R0 resection, proceed to curative surgery.  
   – If FLR is insufficient, plan portal vein embolization (PVE) or a two‑stage hepatectomy (with interval chemotherapy) to induce hypertrophy.  

D. Surgical phase  
   – Liver‑first approach (preferred when hepatic disease is the dominant burden): perform parenchymal‑sparing hepatectomy or combined resection/ablation to achieve R0 margins, preserving at least two contiguous segments.  
   – Primary tumor resection: either simultaneous left hemicolectomy (if operative risk acceptable) or staged resection after hepatic recovery, based on intra‑operative assessment and patient fitness.  
   – Use intra‑operative ultrasound to refine margins; consider adjunctive thermal ablation for lesions in difficult locations.  

E. Post‑operative/adjuvant management  
   – Continue systemic therapy (same regimen) for 3–6 months post‑op, adjusting to response and tolerability.  
   – Maintain anti‑EGFR therapy or immunotherapy as maintenance if disease remains controlled and toxicity is acceptable.  
   – Schedule surveillance with CEA and imaging (CT/MRI) every 3–6 months for the first two years.  

","Step 1 – Resectability assessment
The patient presents with bilobar liver metastases (1.5–3 cm) without reported extrahepatic disease. From a purely technical hepatobiliary standpoint, the number and size of lesions could allow parenchymal-sparing resections with preservation of an adequate future liver remnant. This situation is therefore technically potentially resectable. However, the presence of a POLE mutation indicates a hypermutated, potentially immuno-sensitive tumor biology that strongly influences the therapeutic sequence.

Step 2 – Recommended oncologic sequence
A. Preoperative staging and vascular assessment
• Perform high-resolution liver MRI and contrast-enhanced CT to define precise vascular and biliary relationships.
• Given the biological discordance of CEA level (400 ng/mL), perform high-resolution 18FDG PET-CT

B. First-line systemic immunotherapy (preferred strategy)
• Given the POLE mutation and hypermutated profile, initiate immunotherapy according to MDT decision.
• The objective is major tumor regression and assessment of tumor biology before considering surgery.

C. Radiologic reassessment
• Perform high-quality liver MRI after 2–3 months to evaluate response.
• Monitor CEA kinetics.

D. Surgical re-evaluation after response
• If residual lesions persist after a major response, reassess segmental resectability.
• Plan ultrasound-guided parenchymal-sparing resections only if complete clearance is feasible with adequate future liver remnant.

E. Surgical management of the primary tumor
• Perform left hemicolectomy (standard oncologic resection of the left colon cancer) with lymphadectomy (at least 12 harvested lymph nodes) with primary anastomosis 
• Ideally, consider minimally invasive approach (laparoscopic or robotic) for both liver resection and colectomy.
• Preoperative prehabilitation and ERAS (Enhanced Recovery After Surgery) protocols are evidence-based, multidisciplinary strategies designed to optimize patient health before surgery and accelerate recovery afterward.

F. Postoperative therapy 
• Pathology report : confirmation of tumor type and origin, immunohistochemistry with tumor markers, histological growth pattern, margin status (R0, R1, R2), tumor grade, differentiation, pathologic response score (TRG), necrosis/fibrosis
• Complete a total of approximately 6 months of systemic therapy including pre-operative cycles.

"
97,"Woman, 69 years old, T4N2M1 transverse colon cancer, seven liver metastases at the abdominal CT scan, CEA 1150 ng/mL, NRAS Q61R mutation.
MDT Discussion: Specific NRAS molecular profile, no sensitivity to anti-EGFR.","Step 1 – Resectability Assessment  
- Classification: potentially resectable (borderline)  
- Justification:  
  • Seven hepatic lesions exceed the traditional “≤ 4 lesions” threshold for outright resectability, placing the case in the borderline‑resectable category.  
  • No data are provided on lesion size, lobar distribution, vascular involvement, or future liver remnant (FLR) volume; these factors could convert the disease to resectable after down‑staging.  
  • High CEA (1150 ng/mL) and NRAS Q61R mutation are adverse biological markers but are not absolute contraindications to surgery.  
  • No information on extra‑hepatic disease; absence of such disease would be required to pursue curative intent.  

Step 2 – Recommended strategy  
A. Comprehensive restaging  
   - Perform contrast‑enhanced liver MRI (or triphasic CT) with volumetric analysis to define lesion size, segmental location, vascular proximity and calculate FLR.  
   - Obtain a high‑resolution thoracic CT and an 18F‑FDG PET‑CT to exclude occult extra‑hepatic metastases.  
   - Review performance status (ECOG), liver function tests, and comorbidity indices.  

B. Conversion systemic therapy  
   - Initiate a RAS‑mutant‑appropriate regimen: oxaliplatin‑based doublet (e.g., mFOLFOX6) combined with bevacizumab.  
   - Plan 6–8 cycles (approximately 3–4 months), monitoring CEA trends and toxicity.  
   - Rationale: aims to downsize lesions, assess tumor biology, and increase the likelihood of achieving an R0 resection while avoiding anti‑EGFR agents that are ineffective in NRAS‑mutant disease.  

C. Re‑assessment of resectability  
   - Repeat liver MRI/CT and FLR calculation after systemic therapy.  
   - Criteria for proceeding to surgery:  
     • All visible disease can be resected with negative margins (≥ 1 mm).  
     • Predicted FLR ≥ 30 % (or ≥ 40 % if liver quality is compromised).  
     • No new extra‑hepatic lesions.  

D. Surgical plan (curative intent)  
   - If FLR is adequate: consider a single‑stage anatomic or non‑anatomic liver resection encompassing all lesions, aiming for R0 margins.  
   - If FLR is insufficient: employ portal vein embolization (PVE) or a two‑stage hepatectomy (initial clearance of lesions in one lobe, PVE, then completion hepatectomy).  
   - Primary tumor management:  
     • Simultaneous colon resection if patient fitness permits and operative time is acceptable, or  
     • Staged colorectal resection after hepatic surgery once the patient has recovered.  
   - Post‑operative: resume the same systemic regimen (or an appropriate adjuvant protocol) for a total of 6 months, and continue surveillance with serial CEA and imaging every 3–6 months.  

E. If still unresectable after conversion  
   - Continue systemic therapy (potentially switch to FOLFIRI + bevacizumab).  
   - Evaluate locoregional options: radiofrequency ablation, stereotactic body radiotherapy, or hepatic arterial infusion.  
   - Consider enrollment in clinical trials or palliative care pathways based on patient goals.  

","Step 1 – Resectability assessment
The patient presents with seven liver metastases in the setting of a T4N2 transverse colon cancer and markedly elevated CEA (1150 ng/mL). The number of lesions and likely bilobar distribution make a complete R0 resection with preservation of an adequate future liver remnant not feasible at this stage. From a hepatobiliary oncologic perspective, this situation is considered unresectable upfront.

Step 2 – Recommended oncologic sequence
A. Preoperative staging and vascular assessment
• Perform high-resolution liver MRI and contrast-enhanced CT to define precise vascular and biliary relationships of all lesions.
• Given the high CEA level (1150 ng/mL), perform high-resolution 18FDG PET-CT

B. Systemic therapy as primary strategy (mandatory)
• Initiate systemic chemotherapy according to MDT decision (FOLFOX/FOLFIRI ± bevacizumab).
• The NRAS Q61R mutation excludes anti-EGFR therapy.
• The objective is tumor downsizing and assessment of tumor biology.

C. Radiologic reassessment after treatment
• Perform high-quality liver MRI after 2–3 months to evaluate response.
• Monitor CEA kinetics.

D. Criteria for reconsidering surgery (exceptional)
• Surgical re-evaluation could be considered only if a major radiologic and biologic response occurs with significant reduction in number and size of lesions allowing parenchymal-sparing resections with R0 margin.

E. Management of primary tumor
• If symptomatic or if consideration of intra arterial chemotherapy, perform extended right hemicolectomy (standard oncologic resection of the right and transverse colon cancer) with lymphadectomy (at least 12 harvested lymph nodes) with primary anastomosis.
• Ideally, consider minimally invasive approach (laparoscopic or robotic) for both liver resection and colectomy.
• Preoperative prehabilitation and ERAS (Enhanced Recovery After Surgery) protocols are evidence-based, multidisciplinary strategies designed to optimize patient health before surgery and accelerate recovery afterward.

F. Postoperative therapy and surveillance
• Pathology report : confirmation of tumor type and origin, immunohistochemistry with tumor markers, histological growth pattern, margin status (R0, R1, R2), tumor grade, differentiation, pathologic response score (TRG), necrosis/fibrosis
• Complete a total of approximately 6 months of systemic therapy including pre-operative cycles.
• Close surveillance with CEA and imaging every 3 months.

G. If disease remains extensive
• Continue systemic therapy and consider palliative or symptom-oriented management according to MDT.

"
98,"Man, 70 years old, left colon tumor, three liver metastases at the thoraco-abdominal CT scan, CEA 200 ng/mL, RAS wild-type, MSS. MRI: invasion of the hepatic vein confluence.
MDT Discussion: Superior vascular involvement, significant technical risk, volume to be assessed.","Step 1 – Resectability Assessment  
- Classification: potentially resectable (borderline)  
- Rationale:  
  • Oncologic criteria are met – three liver metastases, no documented extra‑hepatic disease, RAS wild‑type, MSS, and primary located in the left colon (favorable for curative intent).  
  • Technical criteria are compromised – MRI shows invasion of the hepatic vein confluence, indicating loss of outflow for at least one hepatic sector. Preservation of adequate venous drainage is essential for R0 resection.  
  • The ability to preserve two contiguous liver segments with adequate inflow/outflow and to achieve an FLR ≥ 30 % cannot be confirmed without volumetric data.  
  • Therefore, the case is not outright resectable but may become resectable after down‑staging, vascular reconstruction, or staged hypertrophy strategies.

Step 2 - Recommended strategy  
A. Neoadjuvant systemic therapy  
   - Initiate an intensive regimen (e.g., FOLFOXIRI + anti‑EGFR antibody) given RAS wild‑type status.  
   - Goals: tumor shrinkage, assessment of disease biology (“proof of time”), and potential conversion of vascular involvement to a resectable pattern.  

B. Restaging and functional assessment  
   - Perform contrast‑enhanced CT and liver‑specific MRI with volumetry to calculate future liver remnant (FLR) and delineate the exact extent of hepatic vein invasion.  
   - Evaluate liver function (ICG clearance, bilirubin, AST/ALT, platelet count) and patient performance status (ECOG/ASA).  

C. Pre‑operative liver augmentation if needed  
   - If FLR is <30 % after anticipated resection, schedule portal vein embolization (PVE) or consider associating liver partition and portal vein ligation for staged hepatectomy (ALPPS) to induce hypertrophy.  

D. Surgical resection  
   - Once adequate FLR and disease control are confirmed, proceed to curative‑intent hepatectomy with en‑bloc resection of involved hepatic vein(s) and reconstruction (e.g., interpositional graft or patch).  
   - Decide between simultaneous colon and liver resection versus staged approach based on intra‑operative risk and patient fitness; a staged approach is preferred if major vascular reconstruction is required.  

E. Adjuvant/maintenance systemic therapy  
   - Resume postoperative chemotherapy (same regimen or adapted) for 3–6 months to eradicate microscopic disease.  

F. Surveillance  
   - Serial CEA measurements and imaging (CT/MRI) every 3–6 months for the first two years, then at increasing intervals.

","Step 1 – Resectability assessment
The patient presents with three liver metastases and MRI evidence of invasion of the hepatic vein confluence, without reported extrahepatic disease. Although the number of lesions is limited, involvement of the venous outflow confluence makes a safe R0 resection with preservation of adequate hepatic venous drainage technically uncertain at this stage. From a hepatobiliary oncologic perspective, this situation is considered potentially resectable only after tumor downsizing and expert vascular reassessment.

Step 2 – Recommended oncologic sequence
A. Preoperative staging and vascular assessment
• Perform high-resolution liver MRI and contrast-enhanced CT to define precise vascular and biliary relationships of all lesions.
• Given the high CEA level (200 ng/mL), perform high-resolution 18FDG PET-CT

B. Mandatory induction systemic therapy
• Initiate 2–3 months of induction chemotherapy (FOLFOX/FOLFIRI ± anti-EGFR given RAS wild-type status).
• The objective is tumor downsizing and potential reduction of venous involvement.

C. Radiologic reassessment after treatment
• Perform high-quality liver MRI after 2-3 months to evaluate response.
• Monitor CEA kinetics.

D. Expert HPB/vascular and volumetric restaging
• Repeat high-resolution liver MRI and contrast-enhanced CT after chemotherapy to reassess the relationship of lesions to the hepatic vein confluence.
• Calculate the future liver remnant (FLR) and evaluate feasibility of venous preservation or need for reconstruction.

E. Surgical management if feasibility is confirmed
• If significant regression occurs, plan an ultrasound-guided parenchymal-sparing resection with the aim of R0 margin.
• Anticipate possible venous reconstruction or complex vascular control.
• Intra-operative ultrasound is essential.

F. Management of primary tumor
• If symptomatic or if consideration of intra arterial chemotherapy, perform left hemicolectomy (standard oncologic resection of the left colon cancer) with lymphadectomy (at least 12 harvested lymph nodes) with primary anastomosis.
• Ideally, consider minimally invasive approach (laparoscopic or robotic) for both liver resection and colectomy.
• Preoperative prehabilitation and ERAS (Enhanced Recovery After Surgery) protocols are evidence-based, multidisciplinary strategies designed to optimize patient health before surgery and accelerate recovery afterward.

G. Postoperative therapy and surveillance
• Pathology report : confirmation of tumor type and origin, immunohistochemistry with tumor markers, histological growth pattern, margin status (R0, R1, R2), tumor grade, differentiation, pathologic response score (TRG), necrosis/fibrosis
• Complete a total of approximately 6 months of systemic therapy including pre-operative cycles.
• Close surveillance with CEA and imaging every 3 months.

"
99,"Woman, 56 years old, right T3N1M1 colon cancer, four liver metastases (3-5 cm) at the thoraco-abdominal CT scan, CEA 780 ng/mL, non-V600E BRAF mutation (D594G).
MDT Discussion: Atypical BRAF mutation, intermediate prognosis, bilobar liver involvement.","Step 1 – Resectability Assessment  
- Classification: Potentially resectable.  
- Technical justification: Four metastases (3‑5 cm) are bilobar but number and size alone do not preclude resection if a future liver remnant (FLR) of ≥30 % can be preserved; parenchymal‑sparing resections or staged hepatectomy are feasible.  
- Oncologic/biologic justification:  
  • Synchronous disease, right‑sided primary, N1 nodal status, very high CEA (780 ng/mL) and a non‑V600E BRAF D594G mutation are adverse prognostic factors that favor initial systemic therapy to test tumor biology (“proof of time”).  
  • No documented extra‑hepatic disease, but this must be confirmed.  
- Therefore, while a curative‑intent liver resection is technically possible, the case is best regarded as borderline/potentially resectable pending response to neoadjuvant therapy and confirmation of adequate FLR.

Step 2 – Recommended strategy  
A. Comprehensive restaging  
   - Perform liver‑specific MRI with hepatobiliary contrast, chest‑CT or PET‑CT, and baseline laboratory panel (including liver function, bilirubin, albumin, coagulation).  
   - Calculate FLR volume (CT volumetry) and assess portal venous anatomy.  

B. Neoadjuvant systemic therapy (4–6 cycles)  
   - Preferred regimen: FOLFOXIRI + bevacizumab (triplet chemotherapy with anti‑VEGF) given the aggressive biology; consider adding a BRAF‑targeted agent (e.g., encorafenib + cetuximab) if a clinical trial is available, recognizing that D594G is atypical and may respond to EGFR inhibition.  
   - Goal: tumor down‑staging, assess treatment response, and allow observation of disease kinetics.  

C. Re‑assessment after neoadjuvant therapy  
   - Repeat MRI/CT to evaluate size reduction, number of viable lesions, and FLR.  
   - If FLR is insufficient, plan portal vein embolization (PVE) or associating liver partition and portal vein ligation for staged hepatectomy (ALPPS) as needed.  

D. Surgical phase  
   - Primary tumor: Right hemicolectomy (open or laparoscopic) performed either simultaneously with liver resection if patient fitness permits, or as a staged procedure (primary first, then liver).  
   - Liver: Parenchymal‑sparing, anatomic or non‑anatomic resections to achieve R0 margins; consider a two‑stage hepatectomy or combined liver‑first approach if FLR is borderline.  
   - Use intra‑operative ultrasound to confirm lesion clearance; apply intra‑operative ablation (RFA/MWA) for lesions that are technically unresectable but amenable to local control.  

E. Adjuvant/maintenance therapy  
   - Resume systemic therapy post‑operatively for 3–6 months (same backbone, possibly de‑escalated).  
   - Enroll in a BRAF‑directed clinical trial if available; consider immunotherapy only if mismatch repair deficiency is identified.  

F. Surveillance  
   - CEA every 3 months, cross‑sectional imaging (CT or MRI) every 6 months for the first 2 years, then annually.

","Step 1 – Resectability assessment
The patient presents with four bilobar liver metastases (3–5 cm) in the setting of a right T3N1 colon cancer and elevated CEA (780 ng/mL). Despite bilobar distribution, the limited number of lesions suggests that parenchymal-sparing resections could achieve R0 margins while preserving an adequate future liver remnant. The presence of a non-V600E BRAF D594G mutation is associated with a more indolent biology compared with V600E and does not contraindicate surgical intent. From a hepatobiliary oncologic perspective, this situation is considered resectable.

Step 2 – Recommended oncologic sequence
A. Preoperative staging and vascular assessment
• Perform high-resolution liver MRI and contrast-enhanced CT to define precise vascular and biliary relationships of all lesions.
• Calculate the future liver remnant (FLR).

B. Short peri-operative systemic therapy (recommended)
• Given the high CEA and bilobar disease, administer 2–3 months of induction chemotherapy (FOLFOX/FOLFIRI ± bevacizumab).
• The objective is treatment of micrometastatic disease and assessment of tumor biology.

C. Radiologic reassessment after treatment
• Perform high-quality liver MRI after 2-3 months to evaluate response.
• Monitor CEA kinetics.

D. Surgical management after restaging
• If disease remains controlled, perform ultrasound-guided parenchymal-sparing resections of all four lesions.
• Intra-operative ultrasound is essential to optimize margins and preserve parenchyma.
• Ideally, consider minimally invasive approach (laparoscopic or robotic) for liver resection.

E. Management of primary tumor
• Perform right hemicolectomy (standard oncologic resection of the right colon cancer) with D2 lymphadectomy (at least 12 harvested lymph nodes) with primary anastomosis.
• Ideally, consider minimally invasive approach (laparoscopic or robotic) for colectomy.
• Preoperative prehabilitation and ERAS (Enhanced Recovery After Surgery) protocols are evidence-based, multidisciplinary strategies designed to optimize patient health before surgery and accelerate recovery afterward.

F. Postoperative therapy and surveillance
• Pathology report : confirmation of tumor type and origin, immunohistochemistry with tumor markers, histological growth pattern, margin status (R0, R1, R2), tumor grade, differentiation, pathologic response score (TRG), necrosis/fibrosis
• Complete a total of approximately 6 months of systemic therapy including pre-operative cycles.
• Close surveillance with CEA and imaging every 3 months.

"
100,"Man, 65 years old, left T4N2M1 colon cancer, six liver metastases (2-4 cm)at the thoraco-abdominal CT scan, CEA 320 ng/mL, RAS wild-type, MSS. Positive circulating tumor cells detected.
MDT Discussion: Presence of circulating tumor cells despite no visible extension, prognostic value discussed.","Step 1 – Resectability Assessment  
- Classification: Potentially resectable (borderline‑resectable)  
- Rationale:  
  • Six hepatic metastases (2–4 cm) do not exceed technical limits; modern techniques allow resection of multiple, bilobar lesions provided an adequate future liver remnant (FLR ≥ 30 % or FLR/body‑weight > 0.5).  
  • No radiologically evident extra‑hepatic disease, satisfying the oncologic criterion of complete macroscopic clearance.  
  • High‑risk biological features (T4 primary, N2 nodes, CEA 320 ng/mL, circulating tumor cells positive) suggest aggressive disease, favoring a neoadjuvant “proof‑of‑time” approach before definitive surgery.  
  • Without volumetric data or clear segmental distribution, a single‑stage resection cannot be confirmed; therefore the case remains potentially resectable pending further assessment and possible liver‑hypertrophy strategies (PVE, two‑stage hepatectomy, ALPPS).

Step 2 - Recommended strategy  
A. Induction systemic therapy (8–12 weeks)  
   - Regimen: FOLFOXIRI + cetuximab (RAS‑wild type) or FOLFOX + cetuximab if tolerability is a concern.  
   - Goal: tumor shrinkage, assess disease biology (“proof of time”), and potentially downsize lesions to facilitate R0 resection.  

B. Restaging and functional assessment (after induction)  
   - High‑resolution liver MRI with hepatobiliary contrast plus triphasic CT.  
   - Volumetric calculation of FLR; if FLR < 30 % consider portal vein embolization (PVE) or associating liver partition and portal vein ligation for staged hepatectomy (ALPPS).  
   - Re‑evaluate CEA and circulating tumor cells to gauge response.  

C. Surgical plan (based on restaging)  
   - If all lesions become resectable with adequate FLR: proceed to single‑stage anatomic/segmental hepatectomy aiming for R0 margins (≥1 mm acceptable) while preserving ≥2 contiguous liver segments.  
   - If FLR remains insufficient or lesions are still bilobar: adopt a two‑stage hepatectomy – first stage resect left‑sided lesions (or perform PVE), allow hypertrophy (4–6 weeks), then complete right‑sided resection.  
   - Intra‑operative ultrasound to detect occult lesions; consider adjunctive thermal ablation for lesions in difficult locations.  

D. Adjuvant/maintenance therapy  
   - Resume or continue systemic therapy for an additional 3–6 months post‑resection, tailored to response and tolerability.  
   - Serial CEA and circulating tumor cell monitoring every 3 months; imaging surveillance (CT/MRI) every 6 months for the first 2 years.  

","Step 1 – Resectability assessment
The patient presents with six liver metastases (2–4 cm) without reported extrahepatic disease. Despite the bilobar distribution, the number and size of lesions suggest that parenchymal-sparing resections could achieve R0 margins while preserving an adequate future liver remnant. The detection of circulating tumor cells reflects increased systemic risk but does not alter technical resectability. From a hepatobiliary oncologic perspective, this situation is considered resectable.

Step 2 – Recommended oncologic sequence
A. Preoperative staging and vascular assessment
• Perform high-resolution liver MRI and contrast-enhanced CT to define precise vascular and biliary relationships and calculate the future liver remnant (FLR).

B. Mandatory peri-operative systemic therapy
• Given the presence of circulating tumor cells indicating systemic dissemination risk, administer 2–3 months of induction chemotherapy (FOLFOX/FOLFIRI ± anti-EGFR given RAS wild-type status).
• The objective is treatment of micrometastatic disease and assessment of tumor biology.

C. Radiologic reassessment after treatment
• Perform high-quality liver MRI after 2-3 months to evaluate response.
• Monitor CEA kinetics.

D. Surgical management after restaging
• If disease remains controlled, perform ultrasound-guided parenchymal-sparing resections of all six lesions.
• Intra-operative ultrasound is essential.

E. Management of primary tumor
• If symptomatic or if consideration of intra arterial chemotherapy, perform left hemicolectomy (standard oncologic resection of the left colon cancer) with lymphadectomy (at least 12 harvested lymph nodes) with primary anastomosis.
• Ideally, consider minimally invasive approach (laparoscopic or robotic) for both liver resection and colectomy.
• Preoperative prehabilitation and ERAS (Enhanced Recovery After Surgery) protocols are evidence-based, multidisciplinary strategies designed to optimize patient health before surgery and accelerate recovery afterward.

F. Postoperative therapy and surveillance
• Pathology report : confirmation of tumor type and origin, immunohistochemistry with tumor markers, histological growth pattern, margin status (R0, R1, R2), tumor grade, differentiation, pathologic response score (TRG), necrosis/fibrosis
• Complete a total of approximately 6 months of systemic therapy including pre-operative cycles.
• Close surveillance with CEA and imaging every 3 months.

"
